Algorithm: Betweenness Centrality
Vertex Centrality
0 74330.97
1 76528.42
2 11343.76
3 53747.31
4 65169.73
5 108690.63
6 37697.43
7 42710.29
8 38529.55
9 103170.92
10 51859.67
11 86900.38
12 34791.46
13 2744.01
14 60787.35
15 30664.99
16 56802.79
17 90962.76
18 51852.52
19 71727.04
20 76260.53
21 87661.39
22 55997.81
23 18182.27
24 12197.28
25 29053.84
26 69769.12
27 17072.80
28 36982.82
29 74694.76
30 154358.05
31 22381.55
32 45439.04
33 68729.62
34 65519.52
35 26478.34
36 26490.60
37 21956.18
38 44939.22
39 72869.52
40 2400.23
41 37385.99
42 6063.44
43 21716.31
44 20631.33
45 21528.17
46 21787.77
47 20032.63
48 48020.57
49 51003.72
50 14619.46
51 16095.90
52 116052.84
53 53606.57
54 25615.74
55 42704.23
56 17508.06
57 63194.36
58 41803.27
59 71431.76
60 46192.10
61 99231.36
62 36091.06
63 54732.83
64 16471.64
65 37750.64
66 18479.73
67 20895.32
68 51152.92
69 114267.13
70 105206.94
71 80699.18
72 58320.72
73 65377.91
74 17570.77
75 22611.27
76 48504.66
77 61757.31
78 7501.36
79 14146.55
80 88626.56
81 43724.94
82 56375.99
83 35526.21
84 47499.20
85 19708.90
86 78160.75
87 17565.15
88 42617.75
89 23198.74
90 39130.60
91 40078.54
92 67375.71
93 73081.83
94 16683.85
95 39248.77
96 40639.17
97 58459.79
98 6171.35
99 9558.41
100 82538.01
101 42024.65
102 91382.96
103 29797.28
104 65147.61
105 29993.89
106 68917.02
107 25811.66
108 6271.31
109 18014.21
110 31739.17
111 11785.09
112 19285.21
113 47734.25
114 20177.81
115 37858.86
116 7158.74
117 7820.10
118 15165.82
119 31766.84
120 73808.53
121 85342.25
122 68899.43
123 66585.66
124 93867.80
125 8200.40
126 25718.46
127 72443.88
128 39727.66
129 73998.67
130 38854.10
131 145896.25
132 63340.60
133 98461.32
134 153844.87
135 109295.36
136 112973.18
137 26199.07
138 52576.82
139 39466.46
140 45108.34
141 15329.24
142 15150.53
143 15775.10
144 26686.34
145 12141.70
146 26192.32
147 22276.11
148 36933.65
149 68532.27
150 48660.21
151 36968.10
152 7467.02
153 54514.94
154 20486.80
155 14344.85
156 12730.65
157 9684.92
158 119486.39
159 38573.19
160 29338.18
161 115040.33
162 23904.34
163 35633.21
164 87154.07
165 83096.12
166 130752.73
167 27278.54
168 25108.14
169 31641.28
170 24750.24
171 29446.09
172 51448.75
173 8130.68
174 13727.51
175 28519.99
176 121098.53
177 29428.70
178 39719.95
179 104409.72
180 15098.66
181 13190.81
182 7300.71
183 20225.45
184 46220.88
185 83122.75
186 19019.40
187 6335.14
188 25089.51
189 29024.43
190 42256.28
191 56983.65
192 40124.88
193 53559.00
194 28220.41
195 78070.52
196 51371.27
197 112291.02
198 45521.28
199 48282.82
200 18726.46
201 11484.82
202 7287.86
203 45372.26
204 70840.50
205 72912.10
206 60904.28
207 49702.12
208 72412.99
209 49609.67
210 47223.71
211 24351.14
212 18702.91
213 83572.49
214 107627.06
215 17584.79
216 16371.56
217 78383.39
218 53415.83
219 42599.31
220 44995.59
221 141947.71
222 88112.96
223 52285.09
224 42482.77
225 47029.14
226 95655.84
227 17185.02
228 46220.54
229 32733.40
230 28323.18
231 107278.62
232 67018.97
233 9618.26
234 48254.99
235 20505.75
236 108242.12
237 53506.28
238 25263.04
239 26686.10
240 102638.76
241 81045.00
242 99970.70
243 7547.16
244 25239.50
245 22615.90
246 58524.19
247 41263.17
248 39567.58
249 107910.34
250 85596.98
251 22580.94
252 90980.96
253 8027.34
254 8019.12
255 80285.00
256 48289.16
257 29769.06
258 50045.44
259 6336.57
260 31700.65
261 30977.11
262 93661.04
263 60078.45
264 50572.07
265 37778.54
266 7237.08
267 28649.08
268 24008.43
269 7395.53
270 54118.74
271 58395.17
272 60835.20
273 87627.20
274 6278.59
275 14340.84
276 34099.86
277 14287.11
278 38392.07
279 72600.14
280 15385.98
281 26157.94
282 84886.03
283 36748.60
284 137733.87
285 57620.35
286 121278.52
287 25052.02
288 20765.77
289 28492.18
290 92646.03
291 16345.79
292 25882.67
293 2457.26
294 106008.69
295 24695.36
296 37561.61
297 70410.68
298 94687.59
299 97606.36
300 10481.96
301 36600.57
302 58396.19
303 26073.37
304 47658.71
305 34929.72
306 49320.31
307 10485.04
308 19832.41
309 12854.48
310 17993.80
311 67173.36
312 1592.31
313 11035.09
314 104989.13
315 39256.91
316 36239.09
317 92940.15
318 77770.10
319 45927.71
320 48677.85
321 40817.26
322 98996.00
323 19490.77
324 49461.82
325 10491.28
326 106411.37
327 40149.01
328 22076.77
329 39940.04
330 44656.43
331 15166.09
332 11319.93
333 23164.00
334 39000.86
335 36245.71
336 17072.03
337 107202.67
338 66607.85
339 75086.08
340 16066.05
341 19275.68
342 21841.45
343 24668.28
344 22382.87
345 1695.43
346 19423.73
347 32157.54
348 88600.04
349 16752.09
350 13190.24
351 5948.58
352 40824.23
353 18383.20
354 58668.38
355 2661.58
356 18854.54
357 15372.28
358 41131.58
359 40448.56
360 6138.21
361 21140.19
362 50807.38
363 45924.21
364 25726.95
365 5880.54
366 16175.86
367 38142.16
368 15343.90
369 35060.21
370 46283.91
371 72966.11
372 70516.00
373 25286.03
374 14031.75
375 5826.84
376 18615.25
377 10578.73
378 26351.70
379 6145.66
380 13861.03
381 39333.96
382 19016.94
383 2402.49
384 64495.18
385 12320.86
386 78275.12
387 35640.38
388 18930.17
389 20308.54
390 42681.06
391 14192.55
392 59191.06
393 28104.91
394 15991.91
395 56584.55
396 16676.04
397 2263.13
398 31293.15
399 57848.83
400 63524.37
401 39445.64
402 80958.28
403 34075.76
404 45026.67
405 11080.34
406 52635.36
407 74659.04
408 67913.99
409 15795.96
410 32592.83
411 33738.37
412 46233.82
413 144151.90
414 80754.47
415 24157.89
416 7872.84
417 57104.50
418 41444.63
419 25256.12
420 24134.13
421 31220.42
422 42924.85
423 45287.01
424 126416.27
425 59066.52
426 29001.50
427 144464.19
428 32273.28
429 19747.89
430 34272.54
431 61353.61
432 21743.25
433 36931.92
434 106192.58
435 57490.45
436 9078.77
437 68927.29
438 47401.59
439 75768.17
440 75816.96
441 27241.59
442 74709.45
443 45597.94
444 49498.27
445 175884.47
446 56996.25
447 32169.40
448 44635.68
449 31881.29
450 30815.65
451 87737.09
452 19353.81
453 21326.93
454 18837.22
455 36478.26
456 13273.02
457 41642.72
458 68750.18
459 38425.44
460 8770.82
461 50247.39
462 9056.95
463 53727.16
464 7639.96
465 49638.47
466 22082.56
467 23732.65
468 52572.24
469 47655.96
470 74236.17
471 14473.54
472 21871.35
473 31872.07
474 8920.04
475 83765.20
476 8067.86
477 21898.72
478 31024.99
479 12658.45
480 12336.78
481 59910.18
482 3520.19
483 52287.82
484 57096.05
485 8273.80
486 50414.86
487 97552.43
488 104797.45
489 19061.90
490 39873.29
491 62209.64
492 129324.69
493 32718.95
494 5619.20
495 12238.35
496 32950.71
497 53274.79
498 34214.06
499 6611.16
500 41047.73
501 102267.62
502 30392.54
503 88165.78
504 48350.71
505 36120.86
506 44607.45
507 34303.82
508 71732.72
509 27537.08
510 13195.62
511 67024.44
512 8537.77
513 22033.05
514 15987.94
515 24583.58
516 28647.73
517 61862.46
518 73969.73
519 38568.08
520 11345.04
521 55309.27
522 53236.16
523 29887.48
524 59943.08
525 74654.66
526 43851.16
527 18035.39
528 13858.78
529 51997.16
530 44586.49
531 87115.07
532 85602.71
533 25413.29
534 24669.06
535 25044.86
536 25896.34
537 41415.55
538 54245.28
539 29600.67
540 57191.66
541 15281.87
542 23540.96
543 14432.44
544 7952.37
545 48416.96
546 70866.97
547 18394.97
548 53793.17
549 26599.97
550 26337.93
551 55015.13
552 125398.52
553 88580.63
554 25320.12
555 48540.44
556 27665.62
557 63490.25
558 27344.12
559 52094.41
560 45523.31
561 28357.23
562 93123.28
563 61127.35
564 38853.24
565 34188.73
566 13777.75
567 44105.59
568 71671.30
569 52467.62
570 44195.95
571 19079.49
572 82209.25
573 40469.56
574 92774.10
575 97838.65
576 52186.74
577 62539.80
578 14651.29
579 30403.98
580 33769.17
581 39034.71
582 36861.85
583 40713.57
584 67286.14
585 43145.21
586 56669.26
587 15624.43
588 53514.42
589 20519.64
590 21776.85
591 15647.17
592 7677.77
593 110421.93
594 43278.57
595 29862.24
596 18565.28
597 49594.12
598 31408.84
599 18129.38
600 81129.94
601 107927.58
602 60043.06
603 28519.19
604 69234.65
605 18137.85
606 55887.73
607 26060.23
608 10181.64
609 84688.17
610 19681.63
611 6590.13
612 40013.36
613 31010.46
614 37692.54
615 91113.82
616 18200.12
617 58032.90
618 58962.90
619 18437.97
620 58185.82
621 28984.49
622 24745.94
623 28399.23
624 62534.75
625 214258.10
626 47474.40
627 44367.69
628 78176.88
629 17760.42
630 26107.03
631 62465.21
632 40260.00
633 27336.70
634 38239.33
635 35020.84
636 6999.20
637 51106.65
638 9282.75
639 27856.53
640 57289.23
641 31927.23
642 143361.47
643 28680.00
644 8433.52
645 20990.15
646 49925.65
647 73992.98
648 43899.32
649 23176.75
650 40003.69
651 21812.24
652 18344.57
653 134719.51
654 59345.19
655 56811.46
656 12701.97
657 18088.40
658 32025.03
659 28087.45
660 25418.52
661 84783.01
662 71959.27
663 24765.07
664 67509.36
665 19944.15
666 41735.83
667 57842.59
668 43852.90
669 76110.82
670 83886.61
671 18848.33
672 59851.29
673 51606.64
674 23613.34
675 12059.91
676 20935.16
677 8376.99
678 69366.45
679 48783.60
680 22863.27
681 31764.00
682 5850.75
683 14272.86
684 23847.63
685 45448.21
686 76921.85
687 21445.73
688 103797.77
689 46464.15
690 56698.57
691 36310.97
692 34323.70
693 13501.42
694 9068.40
695 32201.49
696 67418.41
697 18135.47
698 29449.76
699 119826.01
700 43836.28
701 36930.21
702 8863.91
703 16314.86
704 13720.73
705 15883.21
706 45533.17
707 32345.66
708 103151.15
709 63186.66
710 52649.88
711 36715.28
712 55123.55
713 54513.13
714 60636.63
715 98778.63
716 88004.12
717 47628.35
718 33082.79
719 18269.86
720 65179.96
721 107942.19
722 15288.51
723 23723.06
724 74879.78
725 98602.48
726 71700.91
727 19167.44
728 54563.20
729 42661.31
730 26104.70
731 35265.71
732 16618.77
733 53268.29
734 56742.08
735 49892.62
736 77974.16
737 44177.47
738 69387.42
739 76432.94
740 24896.92
741 60374.20
742 124701.84
743 28508.05
744 14876.43
745 32382.39
746 65457.76
747 47552.49
748 75186.34
749 9721.73
750 6758.50
751 41082.32
752 83563.58
753 73084.92
754 41806.63
755 14970.87
756 69626.23
757 140557.38
758 81815.02
759 48558.93
760 13255.45
761 80556.42
762 60984.64
763 71537.95
764 19220.16
765 91942.64
766 68338.68
767 43135.53
768 6761.14
769 13027.04
770 52935.14
771 37757.73
772 61115.03
773 12617.27
774 15026.72
775 76551.03
776 9119.92
777 45986.80
778 51497.64
779 30389.09
780 17985.26
781 73928.02
782 61991.76
783 6350.92
784 12844.57
785 16546.31
786 47447.05
787 6790.74
788 22712.06
789 49941.50
790 34876.69
791 19742.40
792 84401.99
793 37964.21
794 50611.75
795 28482.25
796 13783.02
797 24483.90
798 53713.04
799 22154.38
800 50211.22
801 21918.28
802 49871.26
803 38225.81
804 23926.93
805 30864.78
806 6810.72
807 23262.89
808 11514.38
809 22939.46
810 39750.30
811 74183.93
812 111030.50
813 41585.30
814 72537.07
815 71684.90
816 57125.26
817 22716.59
818 46453.42
819 35598.10
820 8454.48
821 11604.47
822 50025.10
823 88184.35
824 91311.22
825 34011.66
826 21247.46
827 51620.41
828 19745.54
829 42541.55
830 98743.12
831 66554.08
832 49488.22
833 28793.07
834 16074.16
835 75291.68
836 233842.91
837 53987.45
838 61085.36
839 117207.20
840 59584.76
841 26431.05
842 80625.65
843 23880.89
844 14340.84
845 17939.51
846 18007.09
847 50886.89
848 62486.66
849 31740.33
850 89359.57
851 107859.95
852 36438.78
853 7301.18
854 41722.73
855 25490.65
856 61749.76
857 79764.30
858 105008.72
859 79144.41
860 54657.13
861 48456.58
862 7265.00
863 24311.39
864 22032.54
865 32357.10
866 78767.85
867 64150.20
868 26456.90
869 25228.75
870 24498.13
871 68494.01
872 43746.19
873 44773.34
874 23691.84
875 31658.39
876 87913.54
877 88329.65
878 42667.23
879 44680.39
880 11569.52
881 85900.71
882 36929.55
883 18329.46
884 23237.30
885 46310.27
886 24681.98
887 41067.07
888 36014.70
889 55381.46
890 26164.84
891 12922.32
892 21473.64
893 23251.99
894 74602.80
895 26986.49
896 102213.72
897 14790.81
898 14425.30
899 17680.94
900 88867.21
901 82162.23
902 69169.62
903 23608.27
904 13615.03
905 56655.21
906 25536.00
907 47848.80
908 47159.47
909 8095.65
910 18067.06
911 32113.37
912 2194.75
913 29209.24
914 14410.62
915 35935.26
916 95139.66
917 12617.53
918 147799.64
919 17313.64
920 16965.25
921 92014.99
922 26928.09
923 48161.53
924 13493.77
925 41570.18
926 30850.56
927 7724.16
928 17763.83
929 1888.70
930 23266.60
931 6644.93
932 26257.90
933 20295.58
934 189166.55
935 81955.88
936 100622.85
937 68852.71
938 64509.04
939 17284.20
940 2126.17
941 47655.34
942 9053.41
943 46523.63
944 91075.19
945 149095.29
946 93519.68
947 65793.07
948 40349.46
949 42587.09
950 44274.97
951 9123.37
952 39470.42
953 8829.81
954 4575.65
955 19406.40
956 42630.74
957 50794.06
958 64277.60
959 85460.54
960 42090.23
961 70716.65
962 111244.14
963 29713.39
964 42073.41
965 26352.55
966 59602.67
967 35587.62
968 27848.35
969 83670.56
970 8562.03
971 70192.07
972 56789.84
973 14054.29
974 23899.20
975 30087.26
976 110023.51
977 30294.72
978 14694.56
979 29186.89
980 46936.02
981 9535.99
982 56915.47
983 69631.27
984 66332.61
985 3408.21
986 41775.26
987 25200.77
988 29270.61
989 13459.31
990 41110.23
991 17186.34
992 64960.04
993 56788.80
994 78878.21
995 42227.06
996 51719.61
997 10895.71
998 58344.98
999 82926.38
1000 95549.24
1001 45274.14
1002 17064.46
1003 74430.59
1004 21903.47
1005 66205.09
1006 173126.32
1007 11360.36
1008 14061.77
1009 114368.98
1010 16889.29
1011 47673.52
1012 75878.38
1013 44882.81
1014 96918.18
1015 54321.23
1016 82824.36
1017 53835.51
1018 97163.17
1019 35828.66
1020 64690.34
1021 7303.04
1022 6373.20
1023 43890.72
1024 71742.83
1025 93603.28
1026 55085.87
1027 64825.37
1028 36586.06
1029 17362.54
1030 77260.43
1031 84284.70
1032 61236.90
1033 80188.61
1034 55142.59
1035 39468.55
1036 15133.06
1037 48623.37
1038 40911.22
1039 18935.81
1040 96039.16
1041 29959.84
1042 24293.33
1043 34182.02
1044 39584.58
1045 32293.77
1046 79256.84
1047 15854.19
1048 34440.61
1049 28781.42
1050 37502.30
1051 29188.50
1052 8086.48
1053 52896.06
1054 45460.28
1055 167072.22
1056 71603.17
1057 10224.16
1058 5684.51
1059 19260.81
1060 38652.32
1061 53013.75
1062 13148.74
1063 12656.58
1064 26515.53
1065 41864.38
1066 86408.46
1067 37153.78
1068 17956.56
1069 49699.10
1070 45907.01
1071 58259.64
1072 44999.95
1073 12928.60
1074 22670.94
1075 37684.29
1076 16292.45
1077 19764.20
1078 13048.12
1079 11507.41
1080 73712.29
1081 8379.05
1082 14764.61
1083 56768.65
1084 37648.93
1085 67105.05
1086 66042.37
1087 97356.10
1088 126030.67
1089 64809.48
1090 27167.54
1091 12810.67
1092 36125.79
1093 8796.61
1094 119432.81
1095 20178.54
1096 30901.54
1097 51506.35
1098 9465.16
1099 40890.89
1100 89126.53
1101 54637.53
1102 7193.48
1103 38825.09
1104 39129.47
1105 22175.57
1106 48468.63
1107 14130.27
1108 51579.78
1109 54617.46
1110 58368.67
1111 42236.19
1112 164397.69
1113 54301.86
1114 138180.65
1115 60851.99
1116 41314.63
1117 49706.35
1118 76876.34
1119 31604.06
1120 15805.12
1121 12219.77
1122 38517.31
1123 32909.58
1124 30536.85
1125 28876.36
1126 29795.73
1127 54684.24
1128 21133.62
1129 14306.65
1130 55939.60
1131 127398.42
1132 102569.32
1133 9395.34
1134 25846.17
1135 13771.15
1136 80180.84
1137 45201.52
1138 50736.08
1139 39494.71
1140 42845.41
1141 85389.50
1142 41216.08
1143 23510.67
1144 17522.66
1145 74228.59
1146 36173.45
1147 8989.22
1148 24647.75
1149 42931.76
1150 158235.86
1151 44945.73
1152 39150.14
1153 21371.11
1154 13649.77
1155 50339.84
1156 67801.43
1157 62220.76
1158 22110.29
1159 31000.13
1160 40434.69
1161 45964.14
1162 14932.45
1163 14807.02
1164 47026.21
1165 39236.22
1166 29815.10
1167 29697.23
1168 35421.17
1169 50962.03
1170 43094.57
1171 52126.79
1172 15576.31
1173 11573.51
1174 12255.95
1175 28141.77
1176 145157.23
1177 21550.06
1178 112447.34
1179 17018.70
1180 36151.10
1181 15693.02
1182 50875.63
1183 2202.94
1184 9380.80
1185 65639.78
1186 76950.55
1187 72033.52
1188 32278.02
1189 47956.22
1190 48732.67
1191 22874.41
1192 19895.89
1193 36296.70
1194 7150.53
1195 22705.51
1196 39939.24
1197 33950.45
1198 22894.75
1199 80004.08
1200 15984.50
1201 31736.28
1202 7753.51
1203 59395.21
1204 50053.00
1205 53997.18
1206 40808.25
1207 61812.64
1208 54205.85
1209 94202.81
1210 122003.38
1211 42092.81
1212 2333.40
1213 29042.08
1214 2375.08
1215 30314.42
1216 29054.36
1217 44351.95
1218 72413.55
1219 84127.10
1220 24464.31
1221 45762.17
1222 133469.62
1223 47579.89
1224 39948.53
1225 1891.65
1226 13423.46
1227 85776.08
1228 73518.17
1229 26715.69
1230 46005.20
1231 59751.41
1232 9106.95
1233 35475.12
1234 18431.38
1235 143822.29
1236 9203.37
1237 19427.67
1238 105951.86
1239 136675.54
1240 16023.50
1241 14253.36
1242 6206.31
1243 45799.52
1244 51524.32
1245 7657.47
1246 21499.69
1247 22525.60
1248 55566.40
1249 86174.67
1250 100863.58
1251 42958.87
1252 38022.77
1253 23112.13
1254 7116.58
1255 42884.16
1256 21040.11
1257 31355.73
1258 26538.55
1259 16369.18
1260 23795.07
1261 39829.66
1262 112442.46
1263 105334.45
1264 44112.32
1265 23683.32
1266 51399.15
1267 31496.90
1268 105870.36
1269 44217.63
1270 24647.12
1271 10814.09
1272 31125.85
1273 27289.92
1274 19124.59
1275 96499.05
1276 44160.60
1277 55754.86
1278 24431.80
1279 47804.24
1280 74605.95
1281 39403.58
1282 16050.58
1283 40600.19
1284 11020.82
1285 127250.64
1286 29819.37
1287 8716.65
1288 89205.83
1289 87972.39
1290 68923.99
1291 38033.87
1292 105957.15
1293 49141.66
1294 111408.29
1295 72119.55
1296 17432.95
1297 16981.28
1298 24373.42
1299 1628.81
1300 13036.01
1301 61262.10
1302 7747.70
1303 14867.79
1304 14759.80
1305 7061.36
1306 25674.23
1307 13127.32
1308 15271.10
1309 32182.05
1310 34217.85
1311 44668.50
1312 24768.45
1313 25711.35
1314 9767.30
1315 14229.55
1316 27722.09
1317 80929.57
1318 34287.67
1319 20024.20
1320 65569.56
1321 64574.80
1322 20159.30
1323 23062.99
1324 8769.36
1325 73394.22
1326 19802.24
1327 35719.40
1328 19231.26
1329 27488.95
1330 64171.81
1331 48117.52
1332 76035.61
1333 36841.82
1334 39438.55
1335 52524.34
1336 51527.50
1337 115886.64
1338 26191.72
1339 37697.33
1340 37842.02
1341 82820.76
1342 58923.09
1343 25699.19
1344 21744.78
1345 34574.30
1346 14091.04
1347 86197.51
1348 96586.36
1349 28852.95
1350 21949.89
1351 50550.35
1352 52080.41
1353 44613.91
1354 40722.07
1355 60793.39
1356 18467.33
1357 88862.66
1358 44693.29
1359 2322.35
1360 29680.35
1361 28367.36
1362 62208.77
1363 86251.00
1364 142789.57
1365 29772.80
1366 2356.35
1367 69865.36
1368 84746.61
1369 45701.92
1370 13192.32
1371 44280.37
1372 79049.42
1373 9431.13
1374 25431.08
1375 2126.16
1376 22506.76
1377 29064.63
1378 8158.80
1379 60600.98
1380 74648.71
1381 91981.52
1382 23262.00
1383 16332.91
1384 33972.20
1385 46116.17
1386 72860.73
1387 25110.67
1388 43576.23
1389 16597.80
1390 23884.72
1391 35203.64
1392 24229.85
1393 23643.77
1394 54860.00
1395 115666.20
1396 23793.42
1397 18886.96
1398 100009.18
1399 31640.38
1400 20025.80
1401 44573.46
1402 147839.92
1403 39386.59
1404 13940.06
1405 34333.51
1406 17441.10
1407 101433.24
1408 90116.96
1409 82742.29
1410 27210.58
1411 13809.39
1412 26175.80
1413 6675.33
1414 12750.77
1415 28485.15
1416 37403.95
1417 38664.29
1418 80571.75
1419 50299.05
1420 17899.06
1421 87610.88
1422 21618.72
1423 1473.19
1424 19281.30
1425 61272.13
1426 68865.49
1427 23914.11
1428 26235.90
1429 37183.23
1430 44995.49
1431 6960.29
1432 29113.92
1433 24509.36
1434 16382.49
1435 26289.11
1436 47799.43
1437 14835.68
1438 52782.22
1439 2625.22
1440 55877.11
1441 69182.40
1442 15360.72
1443 22212.11
1444 42796.80
1445 16066.08
1446 30885.59
1447 96894.28
1448 26824.18
1449 54491.35
1450 46140.54
1451 83570.57
1452 33063.54
1453 34395.20
1454 1862.45
1455 15814.01
1456 49263.27
1457 49961.43
1458 13169.69
1459 8035.13
1460 45629.40
1461 58739.25
1462 82081.97
1463 3003.19
1464 42154.89
1465 73391.88
1466 77859.43
1467 15925.58
1468 25854.30
1469 6233.05
1470 16820.02
1471 42424.12
1472 19218.36
1473 10952.50
1474 4922.86
1475 18003.53
1476 28597.89
1477 1839.57
1478 18368.40
1479 45044.67
1480 30637.33
1481 52662.52
1482 88403.03
1483 33542.47
1484 67996.36
1485 59701.42
1486 99182.25
1487 39743.75
1488 108495.87
1489 18216.58
1490 15029.54
1491 30534.42
1492 13319.35
1493 36142.67
1494 15724.91
1495 25516.21
1496 6246.82
1497 7712.32
1498 6759.95
1499 38815.32
1500 23909.78
1501 33156.02
1502 40447.39
1503 52722.45
1504 22011.44
1505 5244.45
1506 31252.38
1507 9469.07
1508 128249.78
1509 56116.90
1510 52311.53
1511 31207.49
1512 50670.51
1513 14364.94
1514 25877.14
1515 26393.75
1516 55288.94
1517 20369.96
1518 27625.97
1519 20645.90
1520 56306.20
1521 56345.74
1522 7394.66
1523 56223.99
1524 78004.34
1525 38000.72
1526 21027.37
1527 37977.81
1528 13400.95
1529 24728.98
1530 13859.69
1531 18715.64
1532 20676.61
1533 97454.87
1534 71642.33
1535 27069.37
1536 64041.57
1537 25274.05
1538 7059.44
1539 32671.23
1540 41414.26
1541 68288.11
1542 28135.45
1543 60233.46
1544 78475.75
1545 11673.41
1546 41775.57
1547 81557.28
1548 67041.03
1549 115805.25
1550 43021.49
1551 74935.16
1552 13481.35
1553 24881.94
1554 43864.30
1555 24072.50
1556 25101.33
1557 6130.52
1558 28191.18
1559 22894.01
1560 30733.82
1561 35168.53
1562 21712.64
1563 6842.00
1564 39593.75
1565 55056.27
1566 33895.47
1567 59440.28
1568 21867.54
1569 49211.46
1570 27281.16
1571 111174.59
1572 131324.54
1573 140647.13
1574 35845.77
1575 18336.19
1576 52873.49
1577 10869.53
1578 1688.42
1579 23443.43
1580 17808.15
1581 30508.31
1582 8201.08
1583 56698.49
1584 74547.27
1585 39729.68
1586 130747.59
1587 30510.86
1588 20353.00
1589 22547.42
1590 23857.08
1591 31779.69
1592 56530.18
1593 57955.65
1594 26200.91
1595 25109.37
1596 25092.12
1597 22161.65
1598 35532.18
1599 23849.84
1600 36206.36
1601 12634.01
1602 15898.21
1603 62625.05
1604 8609.21
1605 62142.32
1606 44410.12
1607 17801.50
1608 16054.45
1609 49116.55
1610 32764.17
1611 80815.30
1612 27106.49
1613 54425.58
1614 43217.23
1615 66716.21
1616 41525.73
1617 14515.55
1618 50696.78
1619 39137.66
1620 28280.63
1621 18228.24
1622 56753.35
1623 89950.64
1624 36662.27
1625 23577.57
1626 44020.24
1627 60530.60
1628 8481.09
1629 40018.54
1630 16116.40
1631 24717.66
1632 67468.27
1633 9643.20
1634 20341.91
1635 25019.05
1636 41393.44
1637 24856.99
1638 27367.68
1639 103532.89
1640 11464.57
1641 15298.89
1642 48931.07
1643 75367.95
1644 122068.63
1645 5824.85
1646 51398.19
1647 3355.32
1648 3412.99
1649 30531.52
1650 17878.63
1651 59861.84
1652 42148.85
1653 36827.74
1654 67468.94
1655 138800.21
1656 26239.73
1657 6175.98
1658 45549.78
1659 16144.39
1660 69453.67
1661 9075.98
1662 19385.00
1663 194035.66
1664 20681.12
1665 49701.89
1666 71897.44
1667 108197.17
1668 81909.60
1669 87468.03
1670 46113.88
1671 56583.27
1672 80870.95
1673 36781.07
1674 120510.80
1675 27315.49
1676 67851.69
1677 33231.29
1678 39263.30
1679 41731.41
1680 42219.30
1681 25806.84
1682 62960.31
1683 64289.74
1684 66384.55
1685 45358.50
1686 13320.40
1687 42222.40
1688 47974.22
1689 16600.65
1690 55539.02
1691 15398.64
1692 38754.01
1693 46143.17
1694 32394.17
1695 17490.98
1696 12913.06
1697 5489.76
1698 18097.65
1699 71791.09
1700 30593.30
1701 17538.17
1702 55032.21
1703 61941.73
1704 40167.03
1705 23564.17
1706 47364.54
1707 43684.96
1708 45500.54
1709 74693.67
1710 73213.55
1711 25571.85
1712 37968.06
1713 35460.56
1714 38139.01
1715 54383.14
1716 27447.63
1717 45022.41
1718 58749.37
1719 6179.98
1720 22342.18
1721 23341.44
1722 114018.90
1723 7811.22
1724 35449.10
1725 26126.91
1726 39610.30
1727 46607.11
1728 10192.29
1729 90434.91
1730 66960.82
1731 113528.21
1732 70737.05
1733 23172.37
1734 30144.02
1735 48893.87
1736 91421.97
1737 11800.57
1738 83777.13
1739 42595.20
1740 8686.75
1741 66078.24
1742 7519.67
1743 8962.57
1744 43101.81
1745 124613.57
1746 63375.67
1747 23439.59
1748 23669.20
1749 19116.96
1750 38550.53
1751 29908.34
1752 12964.04
1753 8146.04
1754 29446.36
1755 45899.05
1756 133182.20
1757 11536.38
1758 86067.12
1759 30899.03
1760 29906.83
1761 50352.77
1762 39170.51
1763 27922.66
1764 25493.89
1765 15627.39
1766 35944.96
1767 42270.58
1768 47291.74
1769 14547.13
1770 49481.26
1771 32615.75
1772 51401.81
1773 10007.73
1774 57558.69
1775 38944.47
1776 47678.39
1777 34461.63
1778 18730.42
1779 27191.70
1780 47973.84
1781 72028.53
1782 76210.50
1783 64730.10
1784 56375.25
1785 53274.66
1786 25725.33
1787 41356.20
1788 67225.76
1789 41262.84
1790 25186.89
1791 28439.13
1792 34621.66
1793 13266.80
1794 17068.88
1795 63114.24
1796 37106.10
1797 50137.09
1798 41109.53
1799 54758.69
1800 7917.79
1801 24680.95
1802 42897.08
1803 30463.06
1804 96558.81
1805 102115.71
1806 64770.97
1807 7657.46
1808 14646.97
1809 17913.95
1810 84026.91
1811 46174.42
1812 8063.87
1813 50238.23
1814 45184.97
1815 52909.01
1816 94492.71
1817 25589.54
1818 90648.87
1819 39751.22
1820 19618.24
1821 12930.42
1822 23263.93
1823 30014.54
1824 92152.35
1825 52623.25
1826 13707.99
1827 40520.14
1828 79135.39
1829 57458.22
1830 39828.71
1831 49133.04
1832 38062.90
1833 25034.94
1834 14001.38
1835 25088.22
1836 2404.33
1837 54005.96
1838 39258.99
1839 64650.28
1840 105906.74
1841 69287.28
1842 32773.09
1843 119111.51
1844 24336.93
1845 161039.55
1846 66478.94
1847 25810.55
1848 89011.87
1849 113132.78
1850 65493.17
1851 171265.44
1852 27816.94
1853 17823.22
1854 61811.59
1855 9068.93
1856 67698.20
1857 74619.33
1858 47746.30
1859 44519.51
1860 159188.42
1861 5224.18
1862 81750.25
1863 17765.54
1864 117661.76
1865 39177.71
1866 2657.54
1867 53319.15
1868 9849.56
1869 47505.42
1870 22631.82
1871 18035.82
1872 40683.51
1873 44882.79
1874 13287.37
1875 39670.30
1876 37771.54
1877 73916.65
1878 29132.39
1879 52912.47
1880 27328.58
1881 6601.58
1882 76129.85
1883 96102.96
1884 119850.98
1885 4511.63
1886 67565.11
1887 99894.18
1888 13377.45
1889 24386.43
1890 24391.76
1891 19338.52
1892 82632.96
1893 28475.18
1894 80394.76
1895 17444.75
1896 47199.45
1897 24866.82
1898 6741.45
1899 34005.03
1900 61927.34
1901 17496.80
1902 75267.50
1903 39965.83
1904 17562.44
1905 44811.13
1906 5382.22
1907 15121.44
1908 50736.04
1909 39720.94
1910 81061.47
1911 78168.33
1912 10439.55
1913 56989.47
1914 45395.65
1915 9155.42
1916 5777.75
1917 24530.84
1918 15102.33
1919 31936.26
1920 140135.57
1921 10562.52
1922 86842.03
1923 41097.44
1924 15411.50
1925 38289.88
1926 30657.10
1927 40773.72
1928 27132.24
1929 65811.17
1930 22994.14
1931 41165.95
1932 34108.87
1933 7154.85
1934 25954.67
1935 50936.51
1936 77549.28
1937 55453.98
1938 38934.52
1939 33549.44
1940 17839.55
1941 14114.69
1942 23486.56
1943 58012.76
1944 51502.18
1945 36825.31
1946 80926.58
1947 88332.32
1948 20182.01
1949 61069.02
1950 80630.98
1951 72805.74
1952 52692.18
1953 17310.46
1954 27820.52
1955 15689.35
1956 37352.12
1957 18642.10
1958 25736.51
1959 57739.23
1960 82013.17
1961 25665.10
1962 57957.37
1963 26891.93
1964 60802.58
1965 50638.44
1966 19915.33
1967 109310.54
1968 29209.44
1969 60738.31
1970 7140.24
1971 21776.97
1972 13193.48
1973 61225.13
1974 80288.08
1975 47400.52
1976 46578.63
1977 9087.84
1978 47058.80
1979 94685.62
1980 48341.77
1981 44790.90
1982 56588.17
1983 25362.23
1984 11709.19
1985 7861.07
1986 45211.74
1987 134484.43
1988 43691.85
1989 40642.09
1990 22529.10
1991 25804.09
1992 21181.87
1993 73864.87
1994 44422.95
1995 50327.60
1996 51835.81
1997 15544.99
1998 53945.23
1999 83838.09
2000 41782.25
2001 60396.93
2002 76399.65
2003 26790.90
2004 8658.10
2005 12474.75
2006 19681.61
2007 79370.33
2008 14766.24
2009 20949.98
2010 96156.16
2011 30536.31
2012 25127.62
2013 21204.62
2014 38693.30
2015 40148.16
2016 50486.86
2017 91489.08
2018 51678.60
2019 7936.23
2020 44370.64
2021 29145.62
2022 122091.81
2023 78965.78
2024 20844.96
2025 72931.42
2026 162604.42
2027 50658.24
2028 28410.20
2029 55164.82
2030 34723.49
2031 31843.23
2032 35466.58
2033 2249.74
2034 39696.44
2035 2957.07
2036 92472.92
2037 27705.97
2038 22228.77
2039 23596.54
2040 25187.80
2041 20185.41
2042 24997.35
2043 21405.12
2044 55593.19
2045 35898.46
2046 14020.50
2047 13031.79
2048 32674.18
2049 73459.28
2050 32781.50
2051 24083.33
2052 11924.69
2053 6769.83
2054 23638.48
2055 19521.76
2056 10590.91
2057 171358.72
2058 33674.15
2059 55854.85
2060 64785.98
2061 58192.07
2062 26380.06
2063 50157.55
2064 59760.81
2065 31485.20
2066 7557.97
2067 68270.71
2068 47803.89
2069 27378.37
2070 27901.85
2071 13429.37
2072 13083.86
2073 17641.13
2074 60707.80
2075 6726.01
2076 29763.18
2077 19675.23
2078 42543.49
2079 79004.14
2080 19293.31
2081 71158.36
2082 24127.59
2083 16580.01
2084 60369.70
2085 4740.43
2086 2373.11
2087 35689.02
2088 45069.00
2089 57179.94
2090 25008.04
2091 14506.20
2092 6232.31
2093 48972.24
2094 47830.87
2095 17656.62
2096 58064.59
2097 86773.09
2098 70834.10
2099 48287.26
2100 34758.42
2101 89629.74
2102 63720.25
2103 49707.76
2104 60829.06
2105 7947.63
2106 26854.66
2107 25907.11
2108 20262.86
2109 2916.78
2110 93576.98
2111 139358.34
2112 10197.20
2113 88980.43
2114 99291.10
2115 16866.31
2116 38316.03
2117 6736.74
2118 7516.13
2119 48720.83
2120 77474.11
2121 30823.89
2122 68566.20
2123 41736.24
2124 97165.59
2125 73547.51
2126 59698.70
2127 50653.38
2128 63712.78
2129 9562.71
2130 47079.79
2131 69509.65
2132 69189.13
2133 43757.61
2134 81060.68
2135 56424.35
2136 28345.34
2137 69570.31
2138 15856.77
2139 11544.16
2140 23001.62
2141 21414.99
2142 30217.33
2143 7622.22
2144 13379.34
2145 48257.78
2146 50687.43
2147 35798.55
2148 97899.17
2149 43464.38
2150 25448.89
2151 77309.43
2152 41701.19
2153 35263.49
2154 86005.14
2155 56618.18
2156 21712.64
2157 39022.46
2158 58179.60
2159 77753.88
2160 16426.63
2161 22441.88
2162 16479.11
2163 29891.89
2164 127629.47
2165 10769.87
2166 13236.94
2167 53584.35
2168 22106.94
2169 32994.03
2170 35200.50
2171 7185.04
2172 56529.15
2173 46387.57
2174 90011.33
2175 42508.07
2176 105298.86
2177 32692.69
2178 34461.01
2179 42982.43
2180 64271.53
2181 52370.96
2182 69271.07
2183 20321.94
2184 57006.33
2185 16287.57
2186 37107.03
2187 53470.28
2188 51119.95
2189 88925.82
2190 7544.10
2191 15061.01
2192 48914.98
2193 20699.33
2194 26179.70
2195 149373.83
2196 11822.43
2197 60472.80
2198 28673.47
2199 29837.93
2200 5944.99
2201 32686.42
2202 20650.70
2203 26588.99
2204 6857.56
2205 33722.88
2206 12374.27
2207 2841.94
2208 66864.70
2209 48236.07
2210 104025.62
2211 77708.39
2212 46786.95
2213 178648.16
2214 19682.34
2215 16089.30
2216 15025.32
2217 50250.09
2218 51857.11
2219 81211.71
2220 101309.84
2221 73901.21
2222 48804.09
2223 153262.05
2224 67911.71
2225 43801.58
2226 82066.60
2227 26303.93
2228 6384.83
2229 38615.78
2230 54688.19
2231 75769.70
2232 36344.17
2233 68477.76
2234 17662.63
2235 13211.24
2236 53405.79
2237 69819.90
2238 8992.56
2239 15933.32
2240 50026.86
2241 15350.77
2242 15303.70
2243 7446.18
2244 51309.62
2245 99789.52
2246 85483.14
2247 33235.29
2248 27691.85
2249 14975.97
2250 47265.23
2251 69238.58
2252 50208.29
2253 2178.86
2254 8522.09
2255 81452.31
2256 94654.77
2257 27772.76
2258 5910.86
2259 12066.87
2260 20201.83
2261 133491.28
2262 46723.38
2263 50680.11
2264 26431.59
2265 14313.07
2266 55992.97
2267 27805.94
2268 47889.81
2269 29121.86
2270 43044.60
2271 65390.25
2272 78307.88
2273 14388.82
2274 6944.75
2275 36623.92
2276 102616.23
2277 9464.16
2278 30271.69
2279 72298.29
2280 7744.67
2281 27639.37
2282 77629.80
2283 81576.51
2284 32937.51
2285 141614.89
2286 44591.65
2287 47599.64
2288 29503.83
2289 48034.74
2290 29670.15
2291 26724.09
2292 23594.20
2293 56167.47
2294 38015.89
2295 21504.63
2296 16803.67
2297 36335.44
2298 71324.81
2299 41404.90
2300 39120.03
2301 50419.61
2302 24057.48
2303 14241.24
2304 24035.03
2305 7430.50
2306 23657.61
2307 46480.94
2308 26192.45
2309 64918.22
2310 40717.73
2311 27553.47
2312 53512.46
2313 87575.43
2314 39734.67
2315 19870.95
2316 13522.64
2317 55605.66
2318 19078.11
2319 69256.48
2320 69075.68
2321 19154.10
2322 32842.13
2323 30522.42
2324 38606.80
2325 26888.10
2326 20465.71
2327 36059.40
2328 24562.30
2329 24984.99
2330 38974.52
2331 19384.70
2332 2071.53
2333 24933.71
2334 15149.34
2335 36323.74
2336 8324.69
2337 78388.73
2338 49808.30
2339 21479.23
2340 22240.79
2341 40828.60
2342 30572.35
2343 49069.12
2344 43240.83
2345 108052.15
2346 47007.47
2347 109910.35
2348 49110.42
2349 69208.03
2350 58840.99
2351 38038.94
2352 65244.85
2353 39694.18
2354 58515.52
2355 16733.60
2356 58286.15
2357 22791.01
2358 48194.85
2359 34054.14
2360 14991.28
2361 30245.32
2362 88033.20
2363 72659.28
2364 44252.89
2365 43912.77
2366 37179.45
2367 36603.38
2368 19174.16
2369 83950.75
2370 18731.45
2371 59357.41
2372 27485.40
2373 77425.68
2374 92597.67
2375 62411.30
2376 49373.76
2377 26380.29
2378 109216.53
2379 65391.87
2380 61503.14
2381 17296.17
2382 16465.23
2383 14048.27
2384 53307.68
2385 25774.10
2386 50973.49
2387 107259.87
2388 20494.10
2389 69580.32
2390 43063.17
2391 85475.01
2392 50312.38
2393 24720.06
2394 57627.58
2395 50974.79
2396 60333.08
2397 32947.68
2398 24459.57
2399 9318.95
2400 70158.50
2401 37636.12
2402 17070.41
2403 81907.49
2404 28367.16
2405 30935.30
2406 7689.30
2407 39170.12
2408 67863.32
2409 23238.33
2410 20497.68
2411 39002.22
2412 74179.53
2413 57552.19
2414 39253.36
2415 37657.13
2416 23475.43
2417 14392.79
2418 44947.54
2419 62025.51
2420 28475.55
2421 14068.30
2422 38427.24
2423 5257.20
2424 23383.60
2425 34780.30
2426 62129.16
2427 72125.99
2428 95385.82
2429 33488.34
2430 32987.67
2431 71459.12
2432 3255.95
2433 32438.59
2434 1947.25
2435 15515.34
2436 23670.64
2437 19500.58
2438 133392.59
2439 27486.23
2440 41656.33
2441 35897.48
2442 25858.28
2443 22137.48
2444 54630.85
2445 40319.64
2446 15304.05
2447 58219.94
2448 45823.59
2449 66758.93
2450 42053.46
2451 42884.01
2452 2088.56
2453 35078.42
2454 13673.59
2455 34306.49
2456 14987.72
2457 19649.58
2458 25401.80
2459 39007.00
2460 91321.70
2461 88813.46
2462 95786.51
2463 41148.76
2464 76904.57
2465 43445.53
2466 67447.55
2467 14695.78
2468 13557.57
2469 17329.98
2470 24372.27
2471 17234.39
2472 2128.27
2473 27922.21
2474 46507.83
2475 29395.49
2476 28083.68
2477 28284.19
2478 16587.70
2479 114754.18
2480 110013.57
2481 46309.34
2482 51263.42
2483 14954.30
2484 29770.40
2485 33565.21
2486 48165.96
2487 33460.77
2488 12227.63
2489 31750.47
2490 74483.02
2491 38075.37
2492 55171.34
2493 44870.00
2494 172522.10
2495 21628.63
2496 102707.24
2497 26045.27
2498 25097.90
2499 49193.45
2500 76938.44
2501 16209.75
2502 44793.82
2503 96570.12
2504 53448.96
2505 2518.56
2506 12725.12
2507 15582.43
2508 31372.39
2509 52206.98
2510 43480.14
2511 30466.87
2512 26690.38
2513 12526.75
2514 6457.23
2515 26891.18
2516 85221.74
2517 68385.14
2518 79798.65
2519 123195.60
2520 9383.82
2521 14819.22
2522 124534.87
2523 55310.49
2524 52180.13
2525 91962.70
2526 74308.75
2527 8088.30
2528 7286.46
2529 13559.01
2530 51628.33
2531 21969.66
2532 95815.19
2533 26226.13
2534 43796.76
2535 190607.02
2536 60551.81
2537 17719.19
2538 63280.63
2539 44552.38
2540 97090.73
2541 57180.63
2542 52301.86
2543 25342.22
2544 35293.41
2545 45424.79
2546 21904.41
2547 142229.04
2548 52619.52
2549 34274.81
2550 108887.38
2551 24050.32
2552 3256.83
2553 160150.81
2554 42057.84
2555 20978.26
2556 26148.95
2557 38380.11
2558 43571.03
2559 35931.08
2560 23919.50
2561 14612.81
2562 6843.73
2563 43954.22
2564 48229.08
2565 9229.61
2566 38481.48
2567 6627.69
2568 3355.20
2569 46707.51
2570 75474.37
2571 27874.63
2572 25793.87
2573 53929.36
2574 43636.31
2575 8361.01
2576 60500.71
2577 14408.05
2578 44999.07
2579 11430.90
2580 15653.49
2581 71155.33
2582 25365.52
2583 23462.55
2584 17151.46
2585 31299.38
2586 19200.76
2587 6217.09
2588 50562.69
2589 63936.81
2590 16533.40
2591 53396.17
2592 20107.66
2593 16346.13
2594 30662.93
2595 67617.95
2596 52545.21
2597 26207.09
2598 79063.67
2599 38513.79
2600 72221.52
2601 42336.83
2602 23795.01
2603 26854.73
2604 46994.02
2605 8162.19
2606 46819.08
2607 25350.63
2608 27005.37
2609 54439.17
2610 30370.97
2611 75700.96
2612 23374.02
2613 26284.81
2614 27514.47
2615 64911.61
2616 149038.74
2617 75843.62
2618 93364.43
2619 80890.76
2620 96197.98
2621 86823.88
2622 17306.71
2623 72244.10
2624 84889.50
2625 64038.62
2626 23748.93
2627 27703.45
2628 7988.93
2629 44326.93
2630 64949.92
2631 67432.59
2632 102874.20
2633 69114.16
2634 75250.40
2635 8935.26
2636 77589.34
2637 28893.05
2638 6601.46
2639 4259.93
2640 165457.02
2641 79540.00
2642 31465.31
2643 40794.99
2644 39458.19
2645 120091.93
2646 17911.16
2647 24885.63
2648 23128.05
2649 28854.39
2650 60818.61
2651 35655.68
2652 16079.64
2653 21643.65
2654 47778.80
2655 32418.69
2656 27645.35
2657 2018.67
2658 26823.70
2659 16758.65
2660 22546.45
2661 25478.91
2662 47621.09
2663 41721.41
2664 15437.47
2665 38312.77
2666 35940.36
2667 34362.11
2668 69706.17
2669 33187.81
2670 13431.91
2671 57549.62
2672 78402.64
2673 64537.55
2674 73389.48
2675 73798.67
2676 108467.99
2677 86955.39
2678 38590.59
2679 68284.47
2680 49268.59
2681 72006.62
2682 63565.15
2683 33186.89
2684 78236.30
2685 43975.21
2686 93713.86
2687 89633.32
2688 9066.23
2689 19618.40
2690 20905.61
2691 27070.51
2692 41123.94
2693 82109.95
2694 37696.06
2695 43194.05
2696 6880.92
2697 31323.86
2698 18307.35
2699 94800.42
2700 37880.29
2701 14487.51
2702 31211.93
2703 75963.18
2704 19479.98
2705 6421.05
2706 45352.98
2707 10487.43
2708 57403.61
2709 20123.59
2710 60229.43
2711 47580.50
2712 5693.86
2713 7815.85
2714 79511.62
2715 112111.65
2716 89719.81
2717 65206.13
2718 10755.54
2719 1824.65
2720 30494.08
2721 16566.31
2722 27481.32
2723 55353.87
2724 37515.21
2725 13832.33
2726 38375.15
2727 53220.91
2728 14642.52
2729 10151.14
2730 71949.68
2731 65799.85
2732 28795.40
2733 6647.98
2734 29613.23
2735 48458.10
2736 56490.47
2737 38774.41
2738 70768.91
2739 37492.33
2740 53658.51
2741 73064.26
2742 57151.11
2743 9445.39
2744 10955.62
2745 29763.81
2746 56548.96
2747 37880.39
2748 34989.78
2749 8461.12
2750 17542.90
2751 5491.22
2752 26991.05
2753 56583.48
2754 17690.10
2755 11660.58
2756 64270.92
2757 7413.48
2758 35033.93
2759 51970.85
2760 41524.26
2761 89008.49
2762 29873.16
2763 36538.02
2764 21600.78
2765 18020.63
2766 63528.46
2767 35407.86
2768 10798.59
2769 160284.27
2770 56120.46
2771 6998.16
2772 74187.83
2773 44201.44
2774 78011.01
2775 58716.50
2776 41569.99
2777 67904.77
2778 94326.16
2779 87664.63
2780 44498.12
2781 27652.17
2782 62220.41
2783 14305.17
2784 21814.19
2785 25916.24
2786 6295.54
2787 35472.59
2788 48130.47
2789 24531.38
2790 16459.09
2791 21153.94
2792 24182.44
2793 55484.28
2794 92590.70
2795 104406.06
2796 18993.96
2797 23089.22
2798 15110.18
2799 15014.04
2800 33222.31
2801 39409.87
2802 164482.77
2803 41273.92
2804 9503.65
2805 26083.04
2806 8420.98
2807 35317.01
2808 40360.38
2809 19568.19
2810 118540.94
2811 110393.26
2812 62697.51
2813 31449.81
2814 16593.21
2815 67624.51
2816 55267.95
2817 17624.92
2818 16953.29
2819 85675.38
2820 164069.24
2821 144502.91
2822 124277.72
2823 43216.29
2824 42025.86
2825 12440.81
2826 21583.96
2827 56322.62
2828 111948.23
2829 32792.85
2830 76975.31
2831 28829.92
2832 35359.67
2833 23570.20
2834 10634.01
2835 19647.51
2836 25098.99
2837 138659.66
2838 70945.11
2839 15488.11
2840 17686.29
2841 146319.22
2842 94815.86
2843 72181.82
2844 40700.23
2845 48275.62
2846 18341.49
2847 46591.99
2848 21267.11
2849 32717.33
2850 43944.42
2851 8727.33
2852 15685.05
2853 27232.08
2854 23261.95
2855 41578.16
2856 104577.96
2857 73284.96
2858 92748.30
2859 58086.06
2860 45786.39
2861 11420.35
2862 117895.05
2863 56130.89
2864 24577.78
2865 18800.89
2866 78588.77
2867 64642.19
2868 15169.55
2869 44997.57
2870 15343.84
2871 6658.63
2872 24818.33
2873 40358.92
2874 4970.77
2875 9700.78
2876 36809.44
2877 38390.42
2878 16824.02
2879 14081.97
2880 31233.50
2881 15500.03
2882 31837.52
2883 60750.01
2884 67664.71
2885 58763.65
2886 29240.53
2887 38805.43
2888 62752.05
2889 46254.73
2890 122494.71
2891 28867.28
2892 58019.70
2893 146700.66
2894 18879.22
2895 71291.55
2896 39191.87
2897 41727.60
2898 75156.13
2899 113369.09
2900 41572.21
2901 68765.64
2902 39791.13
2903 100488.75
2904 15289.58
2905 24999.77
2906 24680.61
2907 35159.11
2908 26487.45
2909 46853.96
2910 37828.65
2911 47074.17
2912 47087.71
2913 26617.81
2914 34564.75
2915 56409.32
2916 7692.59
2917 22170.60
2918 49703.35
2919 7557.92
2920 22113.98
2921 97924.49
2922 33492.47
2923 138051.86
2924 17213.75
2925 35011.10
2926 56766.95
2927 61729.03
2928 7938.43
2929 21963.74
2930 31231.93
2931 12525.61
2932 7713.96
2933 14339.08
2934 39671.08
2935 41373.15
2936 35060.91
2937 42818.55
2938 28960.29
2939 44815.37
2940 60106.28
2941 44679.70
2942 15689.05
2943 22564.62
2944 75590.74
2945 44856.38
2946 38462.79
2947 35083.47
2948 31331.58
2949 25267.90
2950 38503.93
2951 73649.76
2952 62121.07
2953 9147.92
2954 53723.15
2955 35134.47
2956 25545.01
2957 57044.28
2958 25531.51
2959 26578.87
2960 67559.61
2961 51226.80
2962 76435.29
2963 56250.10
2964 54632.62
2965 85764.01
2966 11666.26
2967 55545.28
2968 10464.97
2969 78209.80
2970 37808.52
2971 14109.82
2972 54627.95
2973 94914.60
2974 31634.64
2975 57672.05
2976 24583.74
2977 15309.26
2978 108763.71
2979 68787.17
2980 17518.46
2981 55857.47
2982 53760.52
2983 42001.70
2984 15016.44
2985 41781.52
2986 95408.82
2987 33794.47
2988 94056.96
2989 13535.76
2990 13492.64
2991 54733.72
2992 49891.51
2993 14058.88
2994 66477.79
2995 191036.95
2996 100947.45
2997 38816.10
2998 25776.80
2999 38816.86
3000 53991.54
3001 7592.40
3002 14075.65
3003 44771.55
3004 7207.72
3005 45956.52
3006 78044.81
3007 7233.35
3008 37821.54
3009 26991.33
3010 130866.15
3011 25500.24
3012 8327.50
3013 64743.39
3014 49041.33
3015 2631.20
3016 7374.45
3017 40075.88
3018 28228.93
3019 34589.09
3020 138391.80
3021 79215.35
3022 15849.78
3023 6049.46
3024 43690.88
3025 58498.27
3026 55404.50
3027 18420.10
3028 78431.16
3029 43039.71
3030 12523.61
3031 2554.89
3032 67014.59
3033 17779.43
3034 39684.54
3035 69710.48
3036 52771.76
3037 56259.52
3038 26472.89
3039 23061.13
3040 30186.41
3041 25572.27
3042 42182.39
3043 20040.88
3044 11156.79
3045 23544.02
3046 28061.21
3047 17956.25
3048 14194.36
3049 124562.60
3050 120438.43
3051 41993.33
3052 31044.55
3053 6128.17
3054 25262.06
3055 50480.25
3056 16336.37
3057 13701.49
3058 18025.42
3059 33384.51
3060 31908.46
3061 26833.98
3062 31906.27
3063 21743.95
3064 8228.19
3065 29306.36
3066 14457.19
3067 24612.86
3068 90151.54
3069 48248.48
3070 14623.57
3071 68929.34
3072 84346.34
3073 46293.95
3074 179310.22
3075 49177.35
3076 43320.70
3077 6020.64
3078 18340.79
3079 120430.00
3080 28675.38
3081 24385.82
3082 7030.53
3083 18186.43
3084 44401.41
3085 52625.70
3086 52537.84
3087 16541.08
3088 40465.02
3089 44379.87
3090 104625.51
3091 19852.57
3092 60370.05
3093 136424.33
3094 138314.75
3095 113506.56
3096 65862.74
3097 25657.80
3098 74866.77
3099 72970.32
3100 95528.33
3101 16313.92
3102 36818.20
3103 24601.88
3104 55660.54
3105 7667.19
3106 17185.87
3107 83814.58
3108 50244.15
3109 95735.02
3110 9101.55
3111 28296.86
3112 66545.10
3113 42125.88
3114 37628.14
3115 5132.25
3116 12241.95
3117 136763.97
3118 33965.17
3119 60125.46
3120 31024.30
3121 93270.91
3122 12117.64
3123 131119.63
3124 46244.34
3125 46347.18
3126 7161.32
3127 35644.70
3128 144402.09
3129 26994.17
3130 8677.26
3131 28122.08
3132 25521.64
3133 34893.73
3134 13919.54
3135 24593.56
3136 48454.56
3137 69877.97
3138 63858.90
3139 9272.82
3140 23994.64
3141 32386.08
3142 14963.50
3143 43057.87
3144 82280.12
3145 10202.63
3146 68994.81
3147 38869.28
3148 64082.14
3149 145847.98
3150 30337.01
3151 33683.61
3152 14920.68
3153 29235.52
3154 36805.51
3155 63041.96
3156 22076.85
3157 102366.83
3158 17444.24
3159 60236.36
3160 29454.69
3161 85007.68
3162 16868.10
3163 20970.16
3164 55034.25
3165 25217.93
3166 34868.20
3167 95570.24
3168 17721.47
3169 36273.48
3170 31925.46
3171 40502.26
3172 123577.45
3173 46501.57
3174 51325.96
3175 14905.32
3176 68616.92
3177 78627.24
3178 16575.78
3179 6203.23
3180 20182.01
3181 37045.81
3182 99788.34
3183 32739.27
3184 34299.50
3185 17143.53
3186 58139.52
3187 68659.17
3188 21100.78
3189 36417.37
3190 15161.78
3191 67649.95
3192 2691.81
3193 20827.44
3194 72280.15
3195 124623.94
3196 111299.78
3197 64784.02
3198 25904.50
3199 37098.04
3200 16911.37
3201 27275.21
3202 57875.78
3203 24048.64
3204 55728.38
3205 62846.95
3206 32928.26
3207 86815.73
3208 18370.86
3209 32196.71
3210 44948.82
3211 21026.76
3212 30940.76
3213 46987.17
3214 43693.84
3215 24914.68
3216 48047.25
3217 24445.09
3218 27654.79
3219 35180.99
3220 17498.14
3221 11870.06
3222 16665.81
3223 17930.39
3224 69084.31
3225 52687.38
3226 142088.92
3227 13949.53
3228 61039.12
3229 38507.02
3230 31177.49
3231 41806.58
3232 106204.55
3233 133098.04
3234 35352.87
3235 26850.04
3236 23328.21
3237 9476.83
3238 40368.18
3239 6916.32
3240 15277.52
3241 36807.73
3242 67087.39
3243 69524.75
3244 118391.59
3245 31516.84
3246 74520.55
3247 57003.40
3248 42474.46
3249 32636.72
3250 9743.41
3251 39829.68
3252 190350.22
3253 22819.02
3254 28076.76
3255 32771.18
3256 12314.28
3257 10029.78
3258 56939.68
3259 67308.68
3260 43041.78
3261 35955.35
3262 70249.41
3263 33400.55
3264 25032.15
3265 61944.28
3266 23298.96
3267 2933.21
3268 34604.02
3269 70078.81
3270 8433.52
3271 58638.40
3272 40135.85
3273 67821.37
3274 21986.37
3275 27430.89
3276 14804.92
3277 46763.52
3278 8782.44
3279 41534.42
3280 80451.95
3281 40337.86
3282 28210.60
3283 16614.63
3284 18290.20
3285 75637.68
3286 29229.40
3287 48529.38
3288 14686.40
3289 26297.58
3290 13822.41
3291 28761.26
3292 6387.49
3293 13303.56
3294 13474.68
3295 32440.49
3296 39417.53
3297 73198.07
3298 25300.20
3299 41443.93
3300 24029.52
3301 39077.10
3302 46510.17
3303 29191.59
3304 76135.60
3305 107696.50
3306 58535.79
3307 23693.63
3308 6638.54
3309 42093.89
3310 57712.98
3311 2414.26
3312 28876.18
3313 43599.95
3314 28013.57
3315 28064.56
3316 84752.89
3317 62046.98
3318 148289.60
3319 27274.52
3320 26239.18
3321 75079.05
3322 21938.20
3323 17168.88
3324 73067.15
3325 29289.98
3326 87185.18
3327 50957.88
3328 15634.49
3329 36298.52
3330 54565.85
3331 9552.28
3332 48799.21
3333 75510.63
3334 29323.84
3335 41500.82
3336 14830.64
3337 24369.00
3338 54446.20
3339 16353.57
3340 59341.27
3341 9542.89
3342 89997.22
3343 42033.28
3344 38732.34
3345 55039.25
3346 50610.74
3347 26399.23
3348 23991.79
3349 32286.37
3350 32637.25
3351 41508.20
3352 62922.86
3353 38750.31
3354 12242.33
3355 32199.49
3356 24939.67
3357 17959.25
3358 73060.25
3359 94867.03
3360 69258.27
3361 33754.80
3362 31398.49
3363 24275.93
3364 6145.39
3365 39815.26
3366 17879.47
3367 99411.20
3368 39002.29
3369 45608.93
3370 17440.23
3371 62806.43
3372 94555.57
3373 38677.88
3374 22151.36
3375 26164.37
3376 7415.53
3377 34579.81
3378 15001.78
3379 37829.47
3380 12869.54
3381 37779.97
3382 54479.85
3383 42016.71
3384 29336.20
3385 16550.44
3386 18554.35
3387 56405.91
3388 24085.49
3389 26611.83
3390 11365.02
3391 17064.18
3392 16438.42
3393 23056.23
3394 45805.02
3395 14266.00
3396 8210.17
3397 56485.35
3398 44705.63
3399 59752.16
3400 46688.73
3401 42129.88
3402 112473.89
3403 76315.01
3404 48622.32
3405 58678.01
3406 81327.09
3407 104083.54
3408 82047.06
3409 55808.71
3410 30916.38
3411 104358.28
3412 50988.40
3413 26398.93
3414 44323.44
3415 36099.93
3416 78445.03
3417 10342.63
3418 34165.17
3419 27940.55
3420 15328.08
3421 18739.57
3422 40613.01
3423 41661.71
3424 7989.11
3425 51887.31
3426 22009.28
3427 44834.54
3428 70673.75
3429 43966.57
3430 5857.78
3431 3401.44
3432 73518.84
3433 18776.58
3434 16570.12
3435 64942.25
3436 59268.53
3437 100685.46
3438 115138.35
3439 9623.20
3440 31114.23
3441 44772.05
3442 156144.39
3443 86525.90
3444 19206.01
3445 97223.16
3446 30287.24
3447 6278.63
3448 33500.82
3449 81000.74
3450 36471.99
3451 79813.19
3452 95816.44
3453 94689.04
3454 14901.45
3455 27061.14
3456 10864.21
3457 14794.06
3458 29531.21
3459 88731.48
3460 51460.39
3461 63212.35
3462 67307.67
3463 25898.65
3464 30262.02
3465 49335.35
3466 42817.46
3467 123999.85
3468 47359.96
3469 7722.18
3470 43591.40
3471 7476.29
3472 64874.18
3473 83996.53
3474 33657.29
3475 1707.70
3476 30623.28
3477 25101.98
3478 55381.12
3479 46799.77
3480 17186.25
3481 11581.38
3482 14985.90
3483 43767.51
3484 28885.51
3485 24489.87
3486 41043.18
3487 34501.27
3488 15224.56
3489 61655.95
3490 61732.19
3491 85911.43
3492 30820.17
3493 30916.33
3494 19845.54
3495 6460.00
3496 28856.21
3497 96485.33
3498 49932.33
3499 32175.48
3500 32961.94
3501 33174.62
3502 26253.18
3503 33347.46
3504 54567.11
3505 40961.81
3506 75701.74
3507 46814.59
3508 37955.99
3509 15915.24
3510 44308.39
3511 67021.66
3512 2732.06
3513 23055.47
3514 15117.87
3515 51799.76
3516 29200.76
3517 23824.23
3518 17377.81
3519 5441.05
3520 9085.29
3521 82118.62
3522 56698.18
3523 37958.96
3524 44001.73
3525 98466.78
3526 17657.14
3527 54836.37
3528 16186.08
3529 113942.60
3530 128167.52
3531 9761.37
3532 25635.10
3533 25462.16
3534 82599.16
3535 90850.12
3536 44137.42
3537 63885.56
3538 15974.61
3539 46798.09
3540 70181.81
3541 83378.66
3542 35244.60
3543 58082.90
3544 8777.94
3545 56212.49
3546 2289.90
3547 23986.85
3548 13392.21
3549 5717.95
3550 43745.90
3551 15238.34
3552 33312.03
3553 83383.76
3554 54651.88
3555 65224.33
3556 19082.62
3557 69449.87
3558 102666.68
3559 113791.83
3560 64481.52
3561 55654.37
3562 34092.30
3563 21783.62
3564 18174.02
3565 6112.47
3566 57340.86
3567 89484.94
3568 10507.08
3569 50480.48
3570 23842.48
3571 24042.79
3572 61885.69
3573 35159.68
3574 17352.91
3575 71795.88
3576 39286.56
3577 37308.62
3578 27728.89
3579 50036.69
3580 28522.10
3581 28645.09
3582 111941.08
3583 58165.98
3584 52631.65
3585 46225.58
3586 27562.24
3587 66159.86
3588 40977.23
3589 41443.44
3590 55637.84
3591 26738.27
3592 9759.75
3593 115700.63
3594 85537.20
3595 38941.79
3596 14435.10
3597 77740.94
3598 33584.33
3599 14956.33
3600 41546.19
3601 55217.98
3602 78727.30
3603 99936.26
3604 64129.65
3605 23493.00
3606 47828.19
3607 31224.02
3608 118492.97
3609 27920.78
3610 44915.05
3611 47940.87
3612 52522.84
3613 72517.62
3614 60886.98
3615 53487.42
3616 85054.87
3617 21438.17
3618 15096.26
3619 48163.16
3620 42434.68
3621 20796.20
3622 7807.84
3623 30952.02
3624 36583.11
3625 6995.92
3626 38989.15
3627 43412.24
3628 58789.19
3629 71955.67
3630 71671.10
3631 54546.10
3632 29288.49
3633 79040.74
3634 27326.74
3635 56363.33
3636 17079.28
3637 31628.65
3638 13422.87
3639 16541.38
3640 1862.85
3641 47539.50
3642 38987.84
3643 7538.68
3644 13018.83
3645 25793.92
3646 31373.81
3647 8613.74
3648 22031.17
3649 46643.25
3650 39651.10
3651 41343.51
3652 90181.15
3653 38471.37
3654 60164.54
3655 86914.84
3656 44857.44
3657 26775.58
3658 28736.93
3659 14853.73
3660 12700.39
3661 17758.38
3662 94269.38
3663 27932.14
3664 37679.20
3665 2176.68
3666 36545.73
3667 30371.38
3668 36626.16
3669 38643.24
3670 66531.64
3671 8214.28
3672 43384.55
3673 59244.07
3674 18387.93
3675 19262.92
3676 23857.39
3677 28143.88
3678 10105.17
3679 17284.92
3680 17168.76
3681 27627.41
3682 33946.03
3683 25550.73
3684 37497.60
3685 48818.56
3686 14345.02
3687 24426.41
3688 21413.10
3689 26550.81
3690 22428.21
3691 21196.93
3692 18882.82
3693 67379.06
3694 89269.93
3695 121394.54
3696 77189.11
3697 31812.47
3698 49240.70
3699 16344.75
3700 43298.01
3701 50350.94
3702 95684.42
3703 33964.85
3704 91758.34
3705 37503.99
3706 80587.68
3707 13627.76
3708 25531.10
3709 51407.02
3710 51498.79
3711 20879.40
3712 76576.18
3713 29979.32
3714 42181.31
3715 64597.40
3716 13809.73
3717 22407.78
3718 62162.12
3719 79527.00
3720 59181.49
3721 42961.98
3722 15525.25
3723 43354.57
3724 15884.72
3725 77189.67
3726 52655.04
3727 83943.44
3728 3324.18
3729 41170.99
3730 27515.29
3731 64108.45
3732 50834.47
3733 25733.58
3734 16476.54
3735 45048.70
3736 34635.49
3737 9391.09
3738 34718.34
3739 60558.05
3740 40538.15
3741 55236.80
3742 56011.87
3743 13756.16
3744 22220.45
3745 14037.87
3746 30457.58
3747 40675.78
3748 2360.03
3749 38470.57
3750 26197.38
3751 37355.85
3752 37568.34
3753 40054.82
3754 46690.07
3755 39220.39
3756 15822.70
3757 55683.75
3758 31540.71
3759 55851.85
3760 2044.02
3761 28313.07
3762 67606.58
3763 9216.87
3764 27961.57
3765 49983.44
3766 46338.76
3767 53653.59
3768 16582.60
3769 114126.72
3770 57026.95
3771 26888.30
3772 153458.26
3773 32306.91
3774 48496.87
3775 15104.92
3776 31475.87
3777 22235.72
3778 23872.37
3779 34847.56
3780 11125.53
3781 11533.46
3782 28848.92
3783 88253.10
3784 37155.79
3785 79407.51
3786 33596.18
3787 56435.18
3788 41950.73
3789 48888.69
3790 7809.43
3791 13320.05
3792 28594.43
3793 71993.79
3794 101347.48
3795 36562.43
3796 19845.12
3797 21172.32
3798 18557.31
3799 28425.75
3800 25322.28
3801 34383.58
3802 29474.34
3803 42365.08
3804 85567.71
3805 23782.02
3806 57880.59
3807 56590.88
3808 29011.20
3809 62343.55
3810 69911.99
3811 15099.03
3812 37448.31
3813 24296.42
3814 22345.47
3815 24691.23
3816 6069.50
3817 27933.43
3818 51435.97
3819 9683.71
3820 51409.33
3821 88851.45
3822 32121.73
3823 20482.29
3824 16057.54
3825 41726.78
3826 22284.17
3827 14426.24
3828 35469.31
3829 17313.34
3830 44757.23
3831 57190.01
3832 16201.92
3833 16804.73
3834 7889.39
3835 14594.24
3836 6132.36
3837 21774.52
3838 16363.93
3839 96298.68
3840 58806.62
3841 71123.64
3842 41713.75
3843 30793.23
3844 128544.18
3845 50365.80
3846 17422.45
3847 66215.05
3848 31121.14
3849 15271.58
3850 34336.11
3851 20517.14
3852 26524.80
3853 15731.17
3854 40721.23
3855 35907.82
3856 107548.06
3857 84125.99
3858 19516.60
3859 20706.14
3860 42872.82
3861 63914.96
3862 58628.80
3863 44017.13
3864 77299.27
3865 42668.75
3866 76940.13
3867 40804.10
3868 3360.32
3869 107045.04
3870 87628.46
3871 32155.55
3872 37124.05
3873 31541.60
3874 21875.70
3875 24747.88
3876 41539.88
3877 83865.35
3878 28505.37
3879 68874.36
3880 77113.38
3881 17722.20
3882 42367.46
3883 76947.53
3884 94724.06
3885 51355.88
3886 72906.88
3887 79463.38
3888 18784.57
3889 43866.18
3890 2675.25
3891 34754.01
3892 8180.83
3893 17958.54
3894 11780.58
3895 69286.89
3896 7740.11
3897 35222.06
3898 45552.17
3899 13622.37
3900 14578.79
3901 26596.10
3902 23055.44
3903 24332.38
3904 15144.71
3905 41609.98
3906 92086.98
3907 18477.04
3908 86421.69
3909 127755.17
3910 69175.18
3911 33751.50
3912 39689.94
3913 151221.35
3914 37969.87
3915 39127.44
3916 17040.48
3917 29897.99
3918 28430.41
3919 32021.02
3920 82536.56
3921 27360.91
3922 26020.58
3923 6410.75
3924 34729.05
3925 7589.46
3926 59123.89
3927 30080.43
3928 78061.99
3929 70482.08
3930 51493.78
3931 106539.37
3932 79796.28
3933 37909.56
3934 27454.41
3935 58396.52
3936 56548.98
3937 36735.56
3938 22972.24
3939 46305.54
3940 26930.11
3941 15375.84
3942 54910.99
3943 74254.50
3944 55117.37
3945 18461.32
3946 126062.53
3947 24160.79
3948 5697.70
3949 18696.33
3950 40386.70
3951 86743.46
3952 14480.28
3953 13717.60
3954 54559.05
3955 68009.51
3956 52731.66
3957 46163.43
3958 7690.98
3959 31500.71
3960 14454.99
3961 31798.82
3962 5722.49
3963 18531.46
3964 96999.16
3965 122558.49
3966 47185.22
3967 37705.46
3968 29573.88
3969 116606.02
3970 28391.58
3971 34760.03
3972 34797.24
3973 8838.07
3974 124034.62
3975 52747.38
3976 25938.20
3977 22433.18
3978 25021.64
3979 142284.45
3980 88678.78
3981 59172.56
3982 31023.38
3983 107998.69
3984 7288.67
3985 28401.04
3986 23323.26
3987 37405.82
3988 44660.55
3989 57179.60
3990 61111.49
3991 30488.84
3992 44014.16
3993 57065.31
3994 42593.03
3995 14125.38
3996 60039.85
3997 48024.79
3998 62114.49
3999 150213.43
4000 50306.47
4001 20915.74
4002 16197.19
4003 67697.43
4004 111716.63
4005 56597.42
4006 43066.73
4007 14864.54
4008 75642.07
4009 7719.40
4010 20874.58
4011 65167.27
4012 18551.47
4013 72254.35
4014 50762.46
4015 63754.81
4016 10120.26
4017 28811.80
4018 37685.87
4019 64890.70
4020 26908.23
4021 61957.57
4022 26654.66
4023 12245.08
4024 50277.83
4025 63334.49
4026 37311.45
4027 14662.71
4028 17757.01
4029 26932.81
4030 16903.96
4031 22002.13
4032 42188.06
4033 7601.64
4034 12898.48
4035 58606.03
4036 39882.02
4037 22490.58
4038 17729.97
4039 9342.02
4040 101708.03
4041 8267.56
4042 37981.03
4043 24741.09
4044 6607.51
4045 54322.27
4046 42411.97
4047 61758.08
4048 27204.70
4049 89713.24
4050 38684.06
4051 15737.62
4052 31401.25
4053 25784.90
4054 40446.33
4055 16907.81
4056 30969.78
4057 76918.62
4058 47016.42
4059 50766.48
4060 38170.98
4061 25104.35
4062 30266.12
4063 22086.68
4064 17939.05
4065 49807.92
4066 211940.89
4067 37448.28
4068 17853.51
4069 58793.51
4070 123068.46
4071 14596.24
4072 133422.81
4073 55261.69
4074 31335.39
4075 56463.17
4076 57868.59
4077 47630.98
4078 67874.43
4079 25019.96
4080 16193.17
4081 142638.30
4082 26856.86
4083 173089.49
4084 78365.68
4085 19510.33
4086 39463.53
4087 84896.82
4088 26467.20
4089 62870.85
4090 62461.76
4091 71631.66
4092 36259.22
4093 56808.05
4094 10987.73
4095 8691.53
4096 7584.72
4097 18273.53
4098 16390.13
4099 19212.46
4100 30029.74
4101 2574.97
4102 44637.74
4103 59514.52
4104 36219.43
4105 53689.87
4106 86355.24
4107 109429.44
4108 40817.99
4109 50699.63
4110 80031.01
4111 66484.18
4112 90896.33
4113 17158.41
4114 15607.65
4115 29956.32
4116 77101.31
4117 38369.53
4118 66710.90
4119 42209.09
4120 18421.35
4121 1503.23
4122 13332.91
4123 17189.70
4124 44579.29
4125 185554.23
4126 120647.24
4127 44693.25
4128 15701.50
4129 62820.14
4130 28519.61
4131 16163.87
4132 27474.80
4133 13309.50
4134 31388.54
4135 124346.79
4136 33250.97
4137 94920.11
4138 41429.70
4139 14595.30
4140 47767.32
4141 42186.31
4142 21594.86
4143 23626.49
4144 10314.79
4145 178446.00
4146 91141.11
4147 44199.13
4148 62664.84
4149 9140.66
4150 28785.54
4151 6881.71
4152 40255.82
4153 6789.68
4154 6551.30
4155 80181.34
4156 94929.38
4157 24094.08
4158 15983.15
4159 33063.77
4160 55078.69
4161 58647.45
4162 25437.23
4163 17297.81
4164 18234.98
4165 77036.07
4166 98485.77
4167 98354.63
4168 171695.69
4169 79048.05
4170 31116.29
4171 17080.50
4172 72774.16
4173 27406.98
4174 30236.09
4175 21900.81
4176 12669.83
4177 56679.01
4178 77064.13
4179 21051.60
4180 60966.47
4181 54439.75
4182 2224.47
4183 37082.06
4184 52934.72
4185 8852.77
4186 42486.80
4187 50470.48
4188 47909.07
4189 22636.30
4190 35803.44
4191 24564.88
4192 77447.75
4193 21997.66
4194 21855.20
4195 139923.05
4196 155289.29
4197 17807.15
4198 15197.26
4199 27884.59
4200 41580.87
4201 39165.94
4202 17093.55
4203 22872.18
4204 43882.13
4205 3696.89
4206 54141.73
4207 18492.02
4208 123811.77
4209 69151.31
4210 71604.44
4211 57593.14
4212 43298.44
4213 122962.59
4214 37858.76
4215 34431.20
4216 50358.84
4217 37321.77
4218 45280.92
4219 52076.92
4220 88871.04
4221 19648.15
4222 35989.66
4223 14883.84
4224 38013.53
4225 15795.31
4226 25084.49
4227 62295.70
4228 27081.82
4229 48055.10
4230 35288.35
4231 34556.26
4232 75921.26
4233 9200.08
4234 30614.76
4235 70658.45
4236 68386.30
4237 32907.06
4238 53055.91
4239 18730.18
4240 16531.72
4241 69975.56
4242 73795.34
4243 59602.47
4244 79000.91
4245 85235.03
4246 3719.23
4247 68259.05
4248 10292.20
4249 39507.08
4250 47818.18
4251 89396.58
4252 47954.00
4253 41656.31
4254 39592.98
4255 51244.02
4256 15956.16
4257 70233.30
4258 37977.40
4259 25920.89
4260 22322.20
4261 27142.66
4262 84927.29
4263 17307.49
4264 40951.37
4265 30692.83
4266 41409.45
4267 18555.92
4268 35498.10
4269 47040.32
4270 21546.42
4271 25357.59
4272 58000.95
4273 35294.68
4274 51945.68
4275 41478.53
4276 40034.29
4277 81676.15
4278 179447.60
4279 54097.97
4280 72794.02
4281 30547.71
4282 29724.63
4283 5644.84
4284 24730.92
4285 33577.34
4286 22771.20
4287 74797.99
4288 33183.32
4289 67259.58
4290 44900.97
4291 56560.64
4292 18136.12
4293 57956.60
4294 42273.53
4295 65051.47
4296 11986.72
4297 2307.17
4298 62596.35
4299 43705.92
4300 37234.56
4301 27745.30
4302 46245.40
4303 114259.81
4304 22111.69
4305 69930.83
4306 86186.59
4307 62202.11
4308 16595.46
4309 20454.15
4310 11704.18
4311 27625.06
4312 51143.00
4313 16348.18
4314 53570.98
4315 40910.47
4316 47176.89
4317 50157.77
4318 45947.78
4319 99858.37
4320 58425.32
4321 22626.25
4322 2579.47
4323 57708.29
4324 67905.77
4325 58976.55
4326 94094.19
4327 112923.44
4328 9675.45
4329 18809.85
4330 22329.64
4331 34388.19
4332 25825.08
4333 53575.67
4334 114711.45
4335 60839.43
4336 73114.24
4337 41819.63
4338 52713.24
4339 41480.82
4340 4381.11
4341 187462.47
4342 45009.03
4343 8149.71
4344 7033.10
4345 36725.57
4346 33887.21
4347 15754.83
4348 23450.02
4349 31999.46
4350 27816.77
4351 73678.02
4352 7171.28
4353 34050.31
4354 26288.71
4355 74357.26
4356 61426.22
4357 36626.73
4358 101545.17
4359 37613.40
4360 46352.42
4361 9481.60
4362 84920.57
4363 25958.82
4364 6295.12
4365 14616.50
4366 39871.01
4367 12362.86
4368 11511.54
4369 26234.26
4370 17722.80
4371 53858.70
4372 43347.89
4373 23265.24
4374 26934.34
4375 97817.47
4376 51525.05
4377 43160.23
4378 52596.34
4379 31989.03
4380 39345.37
4381 45719.44
4382 13924.18
4383 53924.23
4384 28664.50
4385 71641.87
4386 19437.72
4387 86832.40
4388 27915.95
4389 58698.09
4390 36340.72
4391 107357.18
4392 43660.37
4393 30013.63
4394 33504.60
4395 64057.20
4396 36605.90
4397 7290.63
4398 51165.51
4399 13027.96
4400 69162.10
4401 40838.17
4402 61691.04
4403 8995.86
4404 26308.16
4405 59001.95
4406 47215.90
4407 69850.54
4408 78303.93
4409 72420.28
4410 87741.53
4411 69549.37
4412 46892.91
4413 45490.61
4414 6684.84
4415 17622.88
4416 26852.63
4417 42562.80
4418 56038.49
4419 161047.19
4420 30370.43
4421 25123.27
4422 6779.67
4423 13659.01
4424 41057.33
4425 28656.54
4426 27388.54
4427 61505.52
4428 15947.93
4429 42489.57
4430 40853.86
4431 72358.59
4432 109421.61
4433 29129.64
4434 30063.85
4435 28959.92
4436 53529.06
4437 37269.01
4438 16436.90
4439 21643.22
4440 37487.19
4441 13244.07
4442 34672.46
4443 38500.32
4444 58390.64
4445 142065.07
4446 68173.29
4447 38999.77
4448 8451.37
4449 61302.99
4450 69211.41
4451 2218.98
4452 15799.98
4453 58642.62
4454 35800.92
4455 27902.52
4456 8092.61
4457 103236.90
4458 65757.11
4459 27728.45
4460 90826.27
4461 35296.17
4462 119462.97
4463 55850.14
4464 50811.53
4465 54975.37
4466 29172.02
4467 22074.76
4468 30649.49
4469 26587.21
4470 51248.64
4471 116748.79
4472 28819.71
4473 28042.85
4474 79960.49
4475 34736.30
4476 38178.85
4477 39212.67
4478 2691.35
4479 62390.58
4480 22272.25
4481 69380.95
4482 67553.23
4483 53267.35
4484 56143.34
4485 14996.14
4486 35173.99
4487 21630.48
4488 21341.17
4489 54120.84
4490 22642.89
4491 28700.78
4492 35505.85
4493 7551.94
4494 17377.19
4495 76515.56
4496 2781.67
4497 10057.74
4498 35257.34
4499 19096.24
4500 115776.24
4501 67122.69
4502 126234.92
4503 21072.89
4504 57220.69
4505 72635.76
4506 47741.38
4507 49506.59
4508 23762.09
4509 40180.74
4510 14413.01
4511 7262.32
4512 19850.54
4513 31868.63
4514 101850.40
4515 17283.13
4516 15965.23
4517 59737.86
4518 73945.22
4519 49469.33
4520 14706.89
4521 24601.19
4522 68027.21
4523 13312.02
4524 19655.76
4525 99995.41
4526 24678.84
4527 27456.57
4528 8773.63
4529 5521.44
4530 33963.48
4531 2032.28
4532 20948.61
4533 16841.20
4534 72416.13
4535 20134.41
4536 36457.72
4537 6994.11
4538 55979.26
4539 24620.40
4540 13525.90
4541 19891.98
4542 10495.86
4543 227545.00
4544 62540.27
4545 40985.15
4546 55024.15
4547 85101.04
4548 11309.43
4549 98748.54
4550 90005.71
4551 24067.96
4552 36670.59
4553 67229.30
4554 81141.35
4555 59592.74
4556 19910.46
4557 45528.03
4558 53326.33
4559 13410.29
4560 15856.69
4561 52545.62
4562 36276.07
4563 37186.60
4564 14670.00
4565 1810.59
4566 44433.54
4567 34944.04
4568 12244.67
4569 20053.31
4570 44357.90
4571 14990.49
4572 17442.50
4573 54837.38
4574 12537.83
4575 6329.39
4576 27626.55
4577 101213.41
4578 60324.74
4579 43274.60
4580 54498.04
4581 33686.09
4582 20851.26
4583 17161.65
4584 53838.37
4585 89253.36
4586 59631.86
4587 9913.37
4588 76725.06
4589 41811.36
4590 24726.45
4591 39543.03
4592 116481.50
4593 30364.25
4594 47083.06
4595 39774.92
4596 23571.67
4597 8564.01
4598 63543.89
4599 15093.07
4600 51783.49
4601 25880.33
4602 17975.53
4603 96587.90
4604 76484.16
4605 66870.28
4606 10109.71
4607 94501.33
4608 52494.24
4609 32952.57
4610 26908.39
4611 26086.07
4612 17086.42
4613 64406.08
4614 57724.47
4615 77505.25
4616 72088.32
4617 24638.73
4618 86945.28
4619 10656.52
4620 23414.25
4621 52436.38
4622 35224.99
4623 52570.55
4624 24878.56
4625 40084.09
4626 7282.84
4627 18910.20
4628 110498.09
4629 9274.33
4630 35090.64
4631 50124.65
4632 87220.78
4633 35752.93
4634 44334.18
4635 17047.51
4636 6616.04
4637 29317.67
4638 16973.88
4639 65820.39
4640 28758.60
4641 63921.85
4642 3273.15
4643 64691.37
4644 43368.88
4645 62343.95
4646 37325.72
4647 15862.51
4648 63514.30
4649 72167.67
4650 20682.85
4651 96745.07
4652 8957.92
4653 25003.16
4654 50525.89
4655 21021.68
4656 44889.60
4657 13220.06
4658 17279.37
4659 87063.56
4660 26819.66
4661 162946.79
4662 43000.62
4663 12290.78
4664 15336.89
4665 56972.77
4666 15887.98
4667 12862.85
4668 47057.33
4669 37256.32
4670 18311.87
4671 101763.37
4672 53853.14
4673 27707.25
4674 64190.22
4675 20230.61
4676 33795.46
4677 20191.69
4678 37353.20
4679 40597.15
4680 18064.86
4681 69858.89
4682 46697.98
4683 64512.87
4684 3999.11
4685 2824.47
4686 53253.07
4687 74275.39
4688 118679.13
4689 46908.66
4690 10109.36
4691 24678.10
4692 23494.72
4693 59829.86
4694 12718.39
4695 1316.38
4696 23679.94
4697 7407.81
4698 16149.85
4699 74324.01
4700 29669.05
4701 75085.93
4702 76670.58
4703 68701.83
4704 69832.32
4705 128533.30
4706 134313.65
4707 135302.16
4708 26941.89
4709 59376.13
4710 15055.17
4711 12641.30
4712 20201.97
4713 31399.44
4714 58970.74
4715 49957.22
4716 68269.33
4717 14093.87
4718 14885.47
4719 20643.23
4720 60781.14
4721 61719.98
4722 67815.36
4723 18918.77
4724 50530.87
4725 54035.72
4726 49521.28
4727 13643.81
4728 48829.48
4729 84139.23
4730 72180.24
4731 55253.39
4732 30633.29
4733 28585.79
4734 16317.75
4735 32440.14
4736 61248.30
4737 53435.71
4738 44932.58
4739 24761.93
4740 59249.51
4741 67034.95
4742 50273.18
4743 23446.18
4744 14069.33
4745 62345.98
4746 79873.63
4747 39301.71
4748 60063.28
4749 37184.91
4750 33799.12
4751 46049.11
4752 39656.77
4753 13837.18
4754 23553.44
4755 47685.69
4756 34893.35
4757 15374.16
4758 34692.00
4759 30011.48
4760 33756.73
4761 17051.99
4762 62732.44
4763 66693.89
4764 70304.40
4765 29213.67
4766 63931.44
4767 8013.52
4768 75287.19
4769 49291.73
4770 86055.83
4771 31401.86
4772 44233.29
4773 91939.47
4774 122849.88
4775 31986.07
4776 98101.41
4777 52623.69
4778 39831.61
4779 9850.60
4780 43496.42
4781 58125.83
4782 38276.39
4783 43919.87
4784 55671.13
4785 32153.24
4786 85272.12
4787 100620.27
4788 45833.75
4789 2675.69
4790 27257.14
4791 39356.31
4792 13291.93
4793 4590.46
4794 27689.47
4795 57231.45
4796 18502.22
4797 44362.37
4798 24748.00
4799 32827.11
4800 196627.20
4801 33721.90
4802 59519.08
4803 58098.76
4804 66676.97
4805 60864.84
4806 91443.66
4807 29527.66
4808 2268.25
4809 34204.66
4810 77761.83
4811 50522.62
4812 6569.72
4813 27253.17
4814 61782.06
4815 44256.55
4816 34793.36
4817 44669.03
4818 99397.87
4819 31275.59
4820 72692.78
4821 55909.76
4822 62970.41
4823 8261.68
4824 52592.10
4825 18301.06
4826 78244.86
4827 23895.21
4828 68758.27
4829 22467.41
4830 66489.86
4831 8702.41
4832 72157.50
4833 41065.88
4834 48311.91
4835 47010.30
4836 9976.15
4837 75851.50
4838 17938.03
4839 66339.07
4840 28982.69
4841 31918.60
4842 15759.91
4843 93176.23
4844 101282.27
4845 76657.82
4846 56620.45
4847 51836.81
4848 43751.07
4849 39852.34
4850 18742.78
4851 39027.97
4852 184641.24
4853 200058.17
4854 34416.25
4855 40785.84
4856 78758.09
4857 84269.03
4858 82569.49
4859 87781.77
4860 15688.85
4861 24022.12
4862 38507.53
4863 53225.21
4864 15444.55
4865 11343.38
4866 6866.17
4867 40718.78
4868 53087.10
4869 55636.43
4870 18257.27
4871 28292.31
4872 25880.60
4873 60146.10
4874 26792.52
4875 8213.56
4876 86016.63
4877 41143.92
4878 23051.60
4879 45449.95
4880 28542.29
4881 41821.25
4882 9405.64
4883 161893.87
4884 12836.87
4885 93153.86
4886 45351.83
4887 118647.98
4888 18019.87
4889 22459.08
4890 14191.73
4891 27798.38
4892 43746.78
4893 14636.68
4894 56060.42
4895 19635.18
4896 120326.88
4897 90599.93
4898 37579.58
4899 51555.04
4900 66800.03
4901 32204.14
4902 114370.80
4903 32798.20
4904 66974.23
4905 56386.19
4906 28890.75
4907 61384.27
4908 47113.06
4909 57909.93
4910 23507.26
4911 43283.60
4912 105941.37
4913 29954.11
4914 40686.19
4915 54719.68
4916 11088.18
4917 164258.12
4918 47162.48
4919 36545.92
4920 13809.49
4921 7968.28
4922 6957.94
4923 29791.08
4924 39650.71
4925 26037.61
4926 17921.91
4927 10874.59
4928 36064.01
4929 55765.33
4930 8117.26
4931 43949.35
4932 155101.27
4933 26324.02
4934 65344.66
4935 10804.99
4936 23939.56
4937 56778.53
4938 38073.86
4939 23915.45
4940 43759.40
4941 86612.19
4942 40871.53
4943 6527.43
4944 22278.79
4945 34588.35
4946 13795.52
4947 54141.31
4948 99166.32
4949 67749.47
4950 44954.57
4951 22680.18
4952 31820.60
4953 66794.65
4954 56196.43
4955 43981.26
4956 51520.13
4957 17422.97
4958 14934.95
4959 52433.75
4960 14597.38
4961 71250.69
4962 15553.37
4963 63324.55
4964 38862.39
4965 33986.15
4966 28700.10
4967 49786.61
4968 68613.92
4969 13030.66
4970 95020.72
4971 137273.70
4972 37659.83
4973 14542.99
4974 49548.01
4975 55650.77
4976 2742.21
4977 39150.90
4978 70112.03
4979 36779.88
4980 68934.24
4981 60612.28
4982 84095.69
4983 43298.94
4984 33664.82
4985 12408.11
4986 18439.56
4987 42415.09
4988 62358.15
4989 26424.61
4990 25825.28
4991 20025.26
4992 7464.72
4993 7615.39
4994 112561.31
4995 66126.96
4996 34792.88
4997 35509.36
4998 30993.22
4999 35765.88
5000 54568.74
5001 26807.97
5002 29732.57
5003 33411.81
5004 54109.53
5005 85271.97
5006 99955.13
5007 29370.56
5008 36248.14
5009 24967.26
5010 35569.55
5011 51515.51
5012 24340.43
5013 13986.18
5014 17098.50
5015 51323.83
5016 2114.80
5017 20386.81
5018 88565.56
5019 44714.33
5020 16247.13
5021 41641.92
5022 77832.15
5023 16160.59
5024 20573.92
5025 10235.36
5026 63719.99
5027 46837.77
5028 35775.43
5029 61438.81
5030 48827.10
5031 36871.66
5032 40057.87
5033 63343.43
5034 97145.82
5035 18472.17
5036 15358.18
5037 10076.21
5038 6871.98
5039 49131.43
5040 64514.42
5041 52242.57
5042 143143.57
5043 66798.60
5044 28395.74
5045 115989.41
5046 30608.54
5047 61827.53
5048 21847.18
5049 15612.05
5050 50381.24
5051 9135.96
5052 24697.60
5053 79315.41
5054 57524.82
5055 80676.54
5056 85746.58
5057 86144.66
5058 139314.83
5059 54525.85
5060 130832.75
5061 23496.78
5062 5537.54
5063 22184.63
5064 44414.03
5065 47976.62
5066 74286.21
5067 23112.58
5068 38516.81
5069 41782.09
5070 18204.98
5071 31982.16
5072 27133.74
5073 45824.35
5074 27183.37
5075 40573.10
5076 55500.65
5077 34737.21
5078 25482.65
5079 23999.30
5080 49595.49
5081 87649.72
5082 90574.39
5083 146262.57
5084 57110.46
5085 9760.86
5086 16839.01
5087 34555.77
5088 17282.77
5089 45844.69
5090 53798.45
5091 18425.00
5092 25075.26
5093 67390.74
5094 90628.27
5095 49340.73
5096 63438.85
5097 26880.59
5098 17845.87
5099 115003.41
5100 22852.60
5101 70684.75
5102 107749.11
5103 41152.47
5104 69634.99
5105 28704.20
5106 54729.99
5107 43747.39
5108 58749.27
5109 8884.69
5110 56078.61
5111 29267.53
5112 11735.62
5113 21973.07
5114 7789.46
5115 14429.94
5116 65867.27
5117 43731.82
5118 89663.09
5119 45157.22
5120 6685.69
5121 36760.39
5122 7686.17
5123 53410.47
5124 14273.45
5125 14863.52
5126 34613.95
5127 29387.97
5128 23264.85
5129 48531.89
5130 21476.93
5131 76091.38
5132 15442.25
5133 26052.68
5134 19897.27
5135 66181.19
5136 55055.51
5137 33442.45
5138 51490.44
5139 28267.78
5140 56522.24
5141 211665.96
5142 119032.48
5143 43505.80
5144 56845.71
5145 37476.60
5146 6940.00
5147 6517.15
5148 18718.56
5149 99618.55
5150 12599.21
5151 109426.68
5152 54991.04
5153 65336.74
5154 31277.47
5155 83670.18
5156 10272.43
5157 86255.10
5158 9806.84
5159 68837.65
5160 3238.66
5161 8380.16
5162 9120.30
5163 15664.17
5164 80027.84
5165 56319.68
5166 65431.11
5167 99463.95
5168 29215.92
5169 62075.61
5170 71385.67
5171 54945.32
5172 44858.44
5173 66842.29
5174 2845.96
5175 27515.45
5176 20482.51
5177 56209.60
5178 87659.57
5179 23358.48
5180 36863.05
5181 68380.17
5182 103994.23
5183 41946.73
5184 58456.98
5185 42511.85
5186 86218.52
5187 8458.52
5188 39968.20
5189 30580.66
5190 25206.03
5191 60883.50
5192 27629.96
5193 1924.87
5194 17227.41
5195 34493.94
5196 33969.02
5197 96444.89
5198 101752.55
5199 19301.70
5200 75349.30
5201 27754.20
5202 14319.33
5203 63930.34
5204 47373.96
5205 68960.58
5206 15970.84
5207 14516.90
5208 16011.44
5209 104680.72
5210 38823.72
5211 71677.56
5212 14390.38
5213 27282.53
5214 46125.81
5215 15703.82
5216 52159.25
5217 119503.40
5218 17639.11
5219 13815.16
5220 36928.18
5221 7690.51
5222 35863.76
5223 14277.65
5224 6828.24
5225 60180.98
5226 109541.41
5227 48410.42
5228 60679.52
5229 54127.16
5230 20520.32
5231 31552.27
5232 14157.76
5233 23820.66
5234 15119.69
5235 7220.52
5236 69876.48
5237 100673.78
5238 32197.55
5239 23417.44
5240 62842.60
5241 175462.53
5242 50418.84
5243 17103.21
5244 14349.69
5245 38075.48
5246 23302.88
5247 22864.11
5248 68352.11
5249 32549.82
5250 68291.53
5251 31578.93
5252 31691.79
5253 131593.21
5254 41277.07
5255 68873.20
5256 14064.56
5257 13529.79
5258 27950.92
5259 8190.07
5260 35204.76
5261 33320.82
5262 35770.90
5263 53437.99
5264 104928.91
5265 37161.34
5266 70324.36
5267 2949.13
5268 6171.66
5269 22024.70
5270 60786.83
5271 31389.76
5272 54980.90
5273 119664.23
5274 65212.61
5275 22409.68
5276 13942.16
5277 34038.67
5278 60909.25
5279 39878.15
5280 48171.61
5281 67400.06
5282 31379.20
5283 73166.77
5284 75934.65
5285 52173.12
5286 17243.73
5287 41381.56
5288 47537.82
5289 65238.02
5290 29487.50
5291 78687.70
5292 81493.77
5293 51092.72
5294 18213.78
5295 81684.65
5296 24185.60
5297 41174.85
5298 62508.47
5299 51396.40
5300 82698.58
5301 20343.19
5302 21885.79
5303 27126.58
5304 70784.65
5305 40963.55
5306 8030.70
5307 25742.81
5308 20989.63
5309 15585.22
5310 27229.22
5311 113570.80
5312 28896.52
5313 63985.82
5314 8729.91
5315 64450.14
5316 48822.29
5317 64831.20
5318 16420.54
5319 25472.83
5320 58222.66
5321 120821.18
5322 87209.07
5323 109554.72
5324 42786.00
5325 52551.70
5326 70099.67
5327 46651.14
5328 42248.39
5329 22373.94
5330 7787.11
5331 45051.91
5332 31085.07
5333 13984.73
5334 15811.50
5335 8361.18
5336 20926.39
5337 7411.47
5338 10562.46
5339 28639.47
5340 18628.26
5341 86032.43
5342 102313.78
5343 140596.78
5344 84537.27
5345 60603.03
5346 40936.23
5347 27537.68
5348 12872.62
5349 28702.62
5350 105826.27
5351 46605.92
5352 70484.46
5353 86389.23
5354 30017.81
5355 56466.22
5356 17244.61
5357 65313.03
5358 55711.44
5359 37195.61
5360 84743.41
5361 105966.06
5362 26255.72
5363 39570.16
5364 25328.15
5365 35774.32
5366 26222.86
5367 63788.86
5368 232415.83
5369 88505.33
5370 82482.21
5371 17103.02
5372 33884.08
5373 31633.75
5374 42282.89
5375 57132.44
5376 39882.38
5377 37839.56
5378 98231.26
5379 46822.90
5380 24913.16
5381 54047.12
5382 14943.59
5383 45064.14
5384 27596.85
5385 79210.79
5386 118750.47
5387 9922.84
5388 24879.81
5389 34207.01
5390 49084.19
5391 129705.96
5392 45834.99
5393 26184.25
5394 21222.94
5395 52661.50
5396 18436.66
5397 33429.26
5398 16206.47
5399 51667.69
5400 47045.00
5401 24944.56
5402 28153.39
5403 100669.05
5404 32332.41
5405 55001.61
5406 45649.73
5407 116745.17
5408 44345.33
5409 51206.93
5410 26244.13
5411 2430.44
5412 51923.86
5413 27180.34
5414 9856.37
5415 90471.15
5416 29195.11
5417 56373.11
5418 26659.54
5419 22849.00
5420 41087.78
5421 107167.61
5422 9781.16
5423 22921.43
5424 44080.30
5425 108192.09
5426 16584.81
5427 29634.95
5428 53023.06
5429 24374.65
5430 43903.74
5431 25091.14
5432 47482.79
5433 7041.86
5434 56158.81
5435 84560.08
5436 137696.90
5437 42864.77
5438 72923.05
5439 84609.01
5440 81270.63
5441 52914.04
5442 76116.84
5443 10680.78
5444 33981.67
5445 77573.25
5446 8475.48
5447 85519.61
5448 69512.36
5449 48798.01
5450 20104.65
5451 36050.99
5452 106397.04
5453 30636.53
5454 37743.53
5455 42276.97
5456 64368.91
5457 64018.90
5458 15067.91
5459 38765.80
5460 58248.22
5461 56212.50
5462 17405.04
5463 43949.40
5464 103726.25
5465 57095.20
5466 63615.77
5467 90918.84
5468 136883.26
5469 57955.47
5470 68185.94
5471 26335.64
5472 28524.48
5473 13643.39
5474 29196.00
5475 26006.02
5476 8147.46
5477 26262.86
5478 14728.11
5479 6046.34
5480 24689.82
5481 30397.63
5482 7941.71
5483 30367.13
5484 163373.66
5485 19137.93
5486 28028.01
5487 100215.53
5488 40832.40
5489 101603.36
5490 13897.35
5491 13846.62
5492 30506.54
5493 33394.60
5494 34589.07
5495 93695.84
5496 49365.04
5497 25759.23
5498 12781.57
5499 67848.18
5500 21911.58
5501 19732.64
5502 94383.05
5503 51371.51
5504 29931.33
5505 42065.86
5506 46254.78
5507 20185.17
5508 32302.29
5509 18875.92
5510 1791.69
5511 22711.93
5512 45099.76
5513 2886.12
5514 48039.41
5515 9600.40
5516 51900.98
5517 57084.17
5518 36350.56
5519 15386.28
5520 73802.82
5521 42429.82
5522 7138.86
5523 36647.91
5524 51866.00
5525 9430.71
5526 62420.27
5527 13847.95
5528 24251.40
5529 63776.82
5530 45692.41
5531 42503.92
5532 86468.11
5533 60530.64
5534 27031.68
5535 32858.13
5536 41862.80
5537 103696.78
5538 24885.07
5539 25942.97
5540 82971.29
5541 24548.28
5542 56997.10
5543 80122.89
5544 12277.26
5545 39685.23
5546 50274.53
5547 40228.69
5548 73165.67
5549 17087.32
5550 33561.14
5551 48300.85
5552 19956.79
5553 100890.11
5554 37739.09
5555 48185.25
5556 143328.88
5557 51729.66
5558 96880.28
5559 18646.21
5560 15461.05
5561 48354.95
5562 88330.97
5563 85136.08
5564 9020.05
5565 39885.96
5566 50236.88
5567 108399.79
5568 33291.55
5569 23557.88
5570 14474.90
5571 10834.28
5572 14475.83
5573 26193.15
5574 72784.23
5575 32885.79
5576 34513.42
5577 64493.11
5578 27993.27
5579 51992.79
5580 8454.42
5581 35426.94
5582 40630.07
5583 2256.14
5584 24414.90
5585 72384.49
5586 40281.72
5587 62696.12
5588 50754.65
5589 22114.41
5590 47610.48
5591 52612.72
5592 114870.50
5593 30114.03
5594 5830.45
5595 57427.76
5596 35313.54
5597 7616.37
5598 41297.24
5599 39484.36
5600 35338.13
5601 91499.25
5602 114710.78
5603 78802.30
5604 62155.17
5605 40596.69
5606 59631.36
5607 35469.60
5608 25223.00
5609 103479.71
5610 9777.94
5611 36352.44
5612 30628.64
5613 41876.67
5614 15598.16
5615 42924.99
5616 80087.62
5617 61623.41
5618 38661.25
5619 26866.15
5620 56810.15
5621 23480.79
5622 72191.37
5623 4827.45
5624 2462.65
5625 34772.22
5626 57082.64
5627 63089.50
5628 121359.42
5629 18950.94
5630 86364.50
5631 34783.95
5632 26709.23
5633 22951.65
5634 42642.26
5635 14664.35
5636 15968.14
5637 49090.65
5638 37117.04
5639 27557.74
5640 24807.17
5641 39343.24
5642 43947.71
5643 71104.49
5644 54501.27
5645 12927.84
5646 92836.06
5647 20262.27
5648 57370.84
5649 45580.87
5650 56454.63
5651 8247.83
5652 18439.76
5653 22400.60
5654 40968.35
5655 28782.50
5656 43941.96
5657 53460.59
5658 6674.50
5659 35289.82
5660 2685.86
5661 43059.00
5662 7077.59
5663 25015.64
5664 40897.75
5665 69748.69
5666 103065.61
5667 20392.25
5668 87618.69
5669 16706.26
5670 22387.42
5671 9738.75
5672 119543.85
5673 47294.85
5674 26149.97
5675 16527.33
5676 63091.33
5677 46869.06
5678 38899.09
5679 78330.85
5680 15495.92
5681 5727.21
5682 35300.28
5683 74805.29
5684 17525.85
5685 33495.50
5686 53205.98
5687 94192.02
5688 22203.19
5689 18571.24
5690 40170.89
5691 43058.31
5692 19971.00
5693 20198.09
5694 39199.29
5695 37679.04
5696 8343.91
5697 19551.68
5698 28498.82
5699 48558.84
5700 94133.48
5701 200486.17
5702 35016.03
5703 13056.83
5704 5312.14
5705 36481.47
5706 35598.15
5707 45276.16
5708 141449.60
5709 10459.62
5710 90239.29
5711 8937.37
5712 53480.01
5713 14424.91
5714 39747.82
5715 15998.64
5716 31856.06
5717 20455.29
5718 12121.48
5719 18489.34
5720 36983.40
5721 25689.75
5722 25867.45
5723 35988.18
5724 13598.07
5725 15352.44
5726 6372.43
5727 19500.17
5728 26141.35
5729 66317.75
5730 7557.52
5731 57349.35
5732 9264.40
5733 39643.12
5734 36874.01
5735 48219.63
5736 17820.06
5737 43748.56
5738 39809.48
5739 43288.44
5740 82187.98
5741 76003.16
5742 122154.22
5743 86835.12
5744 30714.81
5745 66592.15
5746 18307.40
5747 12141.56
5748 43913.46
5749 44865.92
5750 54963.00
5751 124760.75
5752 19988.24
5753 7391.66
5754 87354.26
5755 26732.87
5756 31888.37
5757 34817.62
5758 7482.03
5759 56898.27
5760 29863.64
5761 75326.82
5762 19596.77
5763 17281.77
5764 13898.11
5765 74243.04
5766 116197.50
5767 39823.98
5768 64516.05
5769 37493.66
5770 71959.92
5771 16664.87
5772 10617.25
5773 9039.89
5774 69119.74
5775 16778.09
5776 12339.98
5777 15649.31
5778 40846.29
5779 37886.31
5780 54576.36
5781 31853.94
5782 72436.45
5783 43011.74
5784 23516.19
5785 62044.52
5786 52047.12
5787 89029.13
5788 14090.84
5789 1802.06
5790 27870.51
5791 7521.81
5792 8105.01
5793 49962.49
5794 27871.57
5795 24599.44
5796 63802.12
5797 35977.88
5798 17574.28
5799 60894.10
5800 15646.28
5801 21327.82
5802 55377.87
5803 48330.21
5804 25400.32
5805 16149.57
5806 77708.66
5807 25808.26
5808 16415.53
5809 32726.20
5810 21522.04
5811 13426.03
5812 35993.95
5813 4864.76
5814 86107.36
5815 25419.89
5816 23570.88
5817 64977.32
5818 3464.13
5819 9752.13
5820 15795.61
5821 38038.85
5822 16844.11
5823 45554.93
5824 76330.76
5825 41971.26
5826 41280.41
5827 23126.22
5828 28506.16
5829 19812.23
5830 66947.14
5831 30553.75
5832 31948.40
5833 17376.57
5834 83042.60
5835 17333.67
5836 39084.97
5837 29437.72
5838 102090.36
5839 36127.83
5840 26164.57
5841 17863.33
5842 23832.50
5843 44813.31
5844 7275.02
5845 41320.02
5846 52265.07
5847 58076.95
5848 71139.53
5849 52668.17
5850 34598.13
5851 69251.93
5852 26544.25
5853 13708.80
5854 13349.81
5855 73244.25
5856 103562.69
5857 30373.21
5858 67345.56
5859 61752.26
5860 13005.78
5861 21567.71
5862 69930.22
5863 29042.56
5864 22702.45
5865 39918.94
5866 55241.31
5867 34503.03
5868 112454.50
5869 18323.52
5870 17411.59
5871 15585.92
5872 41024.89
5873 83153.87
5874 15238.40
5875 37284.34
5876 6387.89
5877 24211.42
5878 24631.37
5879 42194.75
5880 33596.36
5881 18224.94
5882 136943.73
5883 80429.15
5884 51638.79
5885 80991.83
5886 24492.69
5887 19376.40
5888 24368.23
5889 39440.07
5890 88410.29
5891 35160.64
5892 41492.01
5893 20535.48
5894 38629.17
5895 7773.05
5896 92495.60
5897 33271.76
5898 95289.12
5899 17112.85
5900 53793.84
5901 58109.22
5902 72603.96
5903 14347.35
5904 23154.60
5905 49984.25
5906 26763.38
5907 31123.68
5908 33730.09
5909 40762.83
5910 47879.78
5911 36905.88
5912 48862.42
5913 23104.00
5914 15338.79
5915 35716.30
5916 16971.31
5917 43144.38
5918 78037.17
5919 62380.13
5920 72565.34
5921 44833.25
5922 77293.73
5923 58388.13
5924 27509.35
5925 75773.19
5926 7506.96
5927 3603.57
5928 124232.91
5929 114350.07
5930 4021.82
5931 106662.06
5932 62540.41
5933 24967.76
5934 35322.76
5935 81336.00
5936 52386.85
5937 16707.84
5938 128224.91
5939 34515.48
5940 24983.47
5941 35203.44
5942 59463.73
5943 31916.78
5944 2126.64
5945 47067.89
5946 28698.61
5947 67258.69
5948 52096.76
5949 28161.00
5950 24864.27
5951 43963.90
5952 25331.43
5953 12284.05
5954 60461.72
5955 65995.64
5956 68476.33
5957 143116.09
5958 38918.93
5959 26559.78
5960 81752.34
5961 76227.19
5962 10989.15
5963 92827.62
5964 31709.81
5965 80708.54
5966 102790.04
5967 162078.58
5968 72724.45
5969 93794.31
5970 68776.77
5971 115286.32
5972 18809.62
5973 37547.80
5974 15226.81
5975 24911.43
5976 68701.24
5977 49449.35
5978 24524.40
5979 38507.80
5980 38178.69
5981 34702.48
5982 14946.16
5983 43676.93
5984 15803.96
5985 34518.15
5986 24305.41
5987 14458.46
5988 28279.78
5989 10104.04
5990 40046.96
5991 19243.04
5992 40760.86
5993 57429.09
5994 125458.57
5995 48129.32
5996 88902.81
5997 24310.90
5998 67216.76
5999 41006.89
6000 38591.73
6001 19261.02
6002 24799.41
6003 27908.09
6004 31619.66
6005 58580.61
6006 77713.30
6007 31100.34
6008 102230.76
6009 60612.92
6010 103708.20
6011 3404.35
6012 26855.65
6013 42559.71
6014 44289.89
6015 13518.12
6016 33838.28
6017 118015.16
6018 35110.29
6019 73902.49
6020 27785.54
6021 23954.98
6022 3373.21
6023 95683.53
6024 32611.74
6025 19058.00
6026 45075.65
6027 63828.00
6028 19278.78
6029 38243.19
6030 62007.49
6031 17977.95
6032 18139.62
6033 34590.03
6034 30658.99
6035 14874.59
6036 72794.41
6037 57067.47
6038 20797.86
6039 24007.78
6040 54673.40
6041 47611.51
6042 37456.26
6043 37366.86
6044 46645.20
6045 92223.52
6046 18951.83
6047 19583.19
6048 85796.21
6049 26606.02
6050 33363.80
6051 39020.03
6052 91306.10
6053 16769.35
6054 44962.12
6055 28479.99
6056 3518.45
6057 104178.85
6058 41854.17
6059 15475.02
6060 23983.26
6061 20564.38
6062 30243.51
6063 26845.27
6064 39437.36
6065 34492.33
6066 17892.09
6067 18979.85
6068 61355.44
6069 162636.12
6070 29754.47
6071 28039.29
6072 75014.06
6073 15862.75
6074 27229.39
6075 67301.44
6076 43522.77
6077 10691.13
6078 13459.05
6079 35283.70
6080 116183.91
6081 30032.77
6082 23265.28
6083 25989.62
6084 26454.97
6085 47410.94
6086 170488.09
6087 36046.22
6088 13863.44
6089 39623.68
6090 47234.93
6091 22704.52
6092 14332.23
6093 16262.17
6094 46242.66
6095 45508.75
6096 60817.75
6097 192310.78
6098 34366.00
6099 76905.43
6100 33832.10
6101 37303.20
6102 47061.49
6103 14534.00
6104 28459.52
6105 112844.30
6106 79584.06
6107 40916.81
6108 30004.16
6109 47010.84
6110 28850.63
6111 92097.46
6112 37753.37
6113 21084.06
6114 24202.31
6115 14425.75
6116 33200.87
6117 36747.90
6118 37232.07
6119 91296.11
6120 31621.22
6121 63257.45
6122 56062.97
6123 40294.41
6124 27265.40
6125 44710.99
6126 2023.11
6127 29232.15
6128 26762.00
6129 24790.90
6130 26166.20
6131 69014.91
6132 76492.63
6133 33649.85
6134 14399.92
6135 12391.35
6136 15232.78
6137 95950.70
6138 10436.61
6139 51339.11
6140 63285.42
6141 24979.10
6142 35359.32
6143 53298.23
6144 51184.09
6145 13561.36
6146 28843.55
6147 27217.30
6148 41394.69
6149 112620.58
6150 104876.71
6151 8239.35
6152 42390.60
6153 38879.79
6154 41280.50
6155 81454.28
6156 30040.64
6157 5913.57
6158 17243.77
6159 87288.28
6160 43444.35
6161 7564.68
6162 26621.09
6163 118672.24
6164 49794.05
6165 23467.05
6166 32320.50
6167 13431.75
6168 55599.66
6169 65088.20
6170 55193.07
6171 54763.55
6172 32376.95
6173 57597.04
6174 149128.93
6175 28389.66
6176 24888.78
6177 42537.49
6178 53573.63
6179 57823.46
6180 63468.49
6181 64147.16
6182 38928.37
6183 108223.28
6184 93029.95
6185 13018.67
6186 60711.02
6187 16167.69
6188 2156.65
6189 46858.05
6190 98266.45
6191 43612.60
6192 7280.28
6193 20491.64
6194 59639.33
6195 35179.45
6196 96757.37
6197 144144.75
6198 15601.20
6199 1488.19
6200 22727.02
6201 84934.18
6202 24293.15
6203 20151.25
6204 13658.09
6205 32968.11
6206 62600.30
6207 56160.37
6208 35166.90
6209 48234.98
6210 125219.90
6211 53009.71
6212 70091.47
6213 96005.84
6214 18226.89
6215 11978.94
6216 45705.52
6217 6764.83
6218 35025.73
6219 43731.13
6220 19317.10
6221 12577.48
6222 1895.58
6223 45841.17
6224 27169.00
6225 66278.75
6226 30651.92
6227 24485.56
6228 29520.05
6229 7722.47
6230 29799.08
6231 66175.42
6232 75827.26
6233 41325.68
6234 39966.85
6235 24605.50
6236 34360.01
6237 38624.54
6238 6928.83
6239 49313.67
6240 8018.40
6241 36237.61
6242 64742.30
6243 29121.62
6244 14179.77
6245 37383.64
6246 40891.49
6247 39005.50
6248 157457.67
6249 85116.21
6250 31501.26
6251 93030.76
6252 28447.84
6253 88062.71
6254 12906.71
6255 15323.44
6256 49365.55
6257 33164.64
6258 34576.52
6259 28664.39
6260 24873.65
6261 51004.08
6262 63864.16
6263 36971.77
6264 14850.92
6265 25992.08
6266 29354.02
6267 74836.05
6268 69795.55
6269 70537.56
6270 31344.59
6271 31911.06
6272 23943.66
6273 30751.32
6274 64091.09
6275 29300.44
6276 21937.77
6277 26047.94
6278 42119.94
6279 85324.71
6280 17175.74
6281 44326.42
6282 28817.15
6283 73450.26
6284 26754.73
6285 15734.11
6286 39779.72
6287 7266.30
6288 11962.81
6289 64865.98
6290 59306.53
6291 16623.33
6292 78837.73
6293 31650.73
6294 83953.10
6295 37593.99
6296 50352.20
6297 26417.96
6298 35668.66
6299 24011.65
6300 23581.82
6301 5666.04
6302 13139.04
6303 29088.26
6304 23975.60
6305 67641.89
6306 6817.27
6307 24123.91
6308 30359.51
6309 48219.42
6310 14145.43
6311 22342.56
6312 26382.59
6313 45305.16
6314 77182.39
6315 25884.00
6316 31488.39
6317 17771.60
6318 79678.09
6319 28472.94
6320 6865.01
6321 67755.72
6322 33385.09
6323 41655.14
6324 48332.99
6325 35619.53
6326 30809.46
6327 124034.93
6328 39080.68
6329 47104.83
6330 48581.21
6331 16697.94
6332 11994.48
6333 12788.49
6334 27279.67
6335 79696.62
6336 115402.34
6337 31504.81
6338 14940.18
6339 53740.63
6340 93311.94
6341 57388.19
6342 32846.98
6343 13148.71
6344 6617.79
6345 16665.78
6346 109988.06
6347 10545.46
6348 2493.03
6349 54507.64
6350 127913.10
6351 40549.60
6352 14343.34
6353 27471.30
6354 8474.18
6355 62610.47
6356 104873.91
6357 72016.09
6358 83557.20
6359 30751.14
6360 14484.58
6361 32166.58
6362 53459.38
6363 12666.87
6364 8050.34
6365 121516.65
6366 24413.02
6367 7177.55
6368 57483.92
6369 42917.55
6370 39771.63
6371 36399.58
6372 40191.11
6373 86700.90
6374 15382.27
6375 10882.19
6376 24775.55
6377 82742.85
6378 18730.36
6379 53243.93
6380 28339.90
6381 7129.26
6382 27737.11
6383 38760.84
6384 33067.01
6385 62841.09
6386 100886.36
6387 19099.95
6388 57500.80
6389 40775.97
6390 40150.52
6391 31371.68
6392 49142.73
6393 28489.00
6394 8376.75
6395 40277.21
6396 32260.47
6397 39527.67
6398 20437.67
6399 120832.41
6400 30618.33
6401 17007.58
6402 13389.30
6403 31524.00
6404 25215.47
6405 27497.77
6406 21048.62
6407 15783.29
6408 38973.28
6409 66807.11
6410 74547.67
6411 99178.50
6412 18452.21
6413 58800.57
6414 53927.03
6415 24231.73
6416 28283.37
6417 89314.35
6418 42479.20
6419 24116.19
6420 40101.31
6421 25018.92
6422 28592.15
6423 35553.85
6424 98384.19
6425 60652.53
6426 115116.03
6427 54887.04
6428 49769.68
6429 35098.63
6430 29444.60
6431 17194.01
6432 78936.89
6433 35140.43
6434 38640.63
6435 2479.96
6436 45460.48
6437 39438.72
6438 80964.68
6439 88700.97
6440 45535.16
6441 6578.22
6442 21459.91
6443 23665.75
6444 55665.07
6445 79680.04
6446 26113.67
6447 31649.51
6448 37053.91
6449 82152.58
6450 40004.69
6451 15698.20
6452 37438.15
6453 61534.28
6454 56674.17
6455 17241.95
6456 57440.14
6457 24370.60
6458 20811.48
6459 6517.31
6460 58867.83
6461 43089.07
6462 8437.42
6463 81200.90
6464 54894.87
6465 42961.60
6466 14936.07
6467 5684.53
6468 15647.34
6469 62070.30
6470 32320.66
6471 31061.24
6472 14747.94
6473 16516.22
6474 48698.79
6475 31588.96
6476 24093.46
6477 24808.95
6478 36194.74
6479 27269.10
6480 35221.69
6481 86440.99
6482 17090.56
6483 26068.96
6484 80128.92
6485 40485.38
6486 32557.85
6487 43526.06
6488 14375.36
6489 45026.72
6490 35767.31
6491 25780.21
6492 33202.77
6493 53099.03
6494 74058.79
6495 56290.53
6496 64444.78
6497 78081.11
6498 47386.42
6499 41923.76
6500 56018.45
6501 4218.90
6502 2641.41
6503 53650.68
6504 26519.38
6505 15529.97
6506 14992.71
6507 55187.36
6508 52000.58
6509 88004.24
6510 70435.97
6511 35710.88
6512 61573.41
6513 56835.39
6514 44282.67
6515 52833.54
6516 21114.59
6517 11465.06
6518 51295.17
6519 14548.92
6520 7050.34
6521 30788.79
6522 17586.58
6523 6567.87
6524 60490.25
6525 38371.35
6526 31585.44
6527 39485.00
6528 16640.16
6529 34796.49
6530 15644.04
6531 17670.06
6532 34142.47
6533 17789.23
6534 97232.68
6535 37865.17
6536 116923.21
6537 17367.26
6538 20685.79
6539 38110.76
6540 50851.68
6541 32362.36
6542 26913.33
6543 28370.28
6544 35584.79
6545 45726.74
6546 26477.49
6547 14725.68
6548 23213.59
6549 50088.62
6550 86796.42
6551 44604.01
6552 18781.65
6553 30247.15
6554 52087.20
6555 16386.98
6556 14141.12
6557 8010.98
6558 33162.21
6559 20213.03
6560 55310.32
6561 14780.39
6562 23518.40
6563 25693.58
6564 36551.75
6565 89276.68
6566 65547.88
6567 58508.00
6568 19869.25
6569 67564.24
6570 55856.83
6571 56244.33
6572 39978.44
6573 28673.36
6574 17703.49
6575 14030.37
6576 7015.55
6577 40618.12
6578 39074.83
6579 44121.29
6580 68057.43
6581 45982.32
6582 98172.91
6583 35234.15
6584 34242.41
6585 20389.08
6586 28576.98
6587 169957.72
6588 31830.68
6589 22063.44
6590 26058.21
6591 23820.91
6592 60921.17
6593 21780.90
6594 130713.21
6595 142152.33
6596 3417.83
6597 14104.77
6598 60806.87
6599 37769.31
6600 46722.91
6601 25372.54
6602 52776.56
6603 55040.77
6604 18823.82
6605 23837.88
6606 6176.30
6607 52617.44
6608 42032.88
6609 48132.67
6610 15648.34
6611 58850.84
6612 30408.28
6613 53400.76
6614 52029.55
6615 15847.58
6616 45632.86
6617 72117.13
6618 28799.14
6619 95427.49
6620 84370.39
6621 58122.46
6622 8928.74
6623 19675.65
6624 38900.07
6625 45875.15
6626 47756.86
6627 38869.40
6628 22511.99
6629 71004.92
6630 56764.88
6631 120948.56
6632 23327.29
6633 58720.35
6634 26885.52
6635 50853.88
6636 25745.09
6637 31988.40
6638 78808.62
6639 162102.54
6640 9771.81
6641 15772.14
6642 77732.97
6643 52303.25
6644 30003.84
6645 23989.79
6646 23169.81
6647 20170.87
6648 35256.52
6649 35957.97
6650 41716.50
6651 50589.01
6652 36200.19
6653 32376.90
6654 7342.11
6655 30594.92
6656 25823.57
6657 28502.92
6658 45862.98
6659 23030.48
6660 72192.34
6661 23539.42
6662 26819.67
6663 15052.78
6664 59558.81
6665 18600.37
6666 97734.75
6667 12358.78
6668 125011.55
6669 20581.97
6670 48906.11
6671 10917.75
6672 52758.84
6673 22470.38
6674 189602.08
6675 86383.43
6676 58418.45
6677 13646.03
6678 34645.80
6679 6620.06
6680 18894.02
6681 115222.43
6682 144188.15
6683 80194.02
6684 19153.33
6685 73730.63
6686 39572.77
6687 14518.59
6688 26394.55
6689 46591.36
6690 48023.01
6691 14052.35
6692 26030.47
6693 14679.17
6694 45337.76
6695 34019.96
6696 65894.59
6697 9900.10
6698 38638.27
6699 9053.49
6700 55808.59
6701 40877.96
6702 59164.08
6703 44321.75
6704 53113.10
6705 23414.01
6706 44787.19
6707 23867.89
6708 24376.70
6709 14897.71
6710 51279.78
6711 31864.55
6712 17017.50
6713 33005.64
6714 7284.29
6715 2762.54
6716 38376.29
6717 30613.40
6718 13697.91
6719 22812.16
6720 55424.62
6721 64591.45
6722 75375.29
6723 77616.20
6724 117170.88
6725 40969.45
6726 134438.56
6727 86711.14
6728 17478.57
6729 58365.00
6730 17183.90
6731 15064.40
6732 55216.23
6733 8850.35
6734 64151.26
6735 16728.73
6736 66455.36
6737 19328.42
6738 26337.87
6739 40950.05
6740 65752.22
6741 16415.55
6742 51950.87
6743 65159.03
6744 99215.28
6745 40513.46
6746 21264.10
6747 26998.61
6748 76553.25
6749 14881.17
6750 7712.12
6751 31591.11
6752 38782.50
6753 97198.11
6754 46000.85
6755 58966.76
6756 15733.16
6757 23900.36
6758 27578.12
6759 39598.50
6760 7536.81
6761 72023.90
6762 19901.30
6763 23764.08
6764 86117.03
6765 44081.44
6766 82915.59
6767 44822.28
6768 14702.28
6769 27298.39
6770 80524.57
6771 36644.85
6772 17313.82
6773 15385.15
6774 34183.97
6775 25253.46
6776 5939.02
6777 32116.02
6778 75726.99
6779 46711.29
6780 25348.02
6781 46488.77
6782 16608.60
6783 53667.78
6784 39673.98
6785 22506.09
6786 50605.07
6787 43320.14
6788 46153.12
6789 26690.15
6790 34387.36
6791 12672.38
6792 35356.71
6793 24717.26
6794 75946.07
6795 26322.11
6796 32177.35
6797 4899.06
6798 18512.16
6799 46849.03
6800 16244.21
6801 7865.25
6802 150959.77
6803 38560.97
6804 14521.19
6805 41688.45
6806 37706.55
6807 14959.01
6808 28128.68
6809 77701.85
6810 63001.17
6811 10670.35
6812 45899.79
6813 25258.58
6814 31084.55
6815 22375.07
6816 23795.46
6817 26844.88
6818 80679.28
6819 149909.45
6820 146429.19
6821 40125.13
6822 20312.99
6823 31631.13
6824 12603.97
6825 31140.69
6826 21847.24
6827 37657.77
6828 9250.95
6829 24453.60
6830 66401.69
6831 77239.08
6832 79999.03
6833 59936.58
6834 115803.49
6835 38401.40
6836 25108.60
6837 13993.84
6838 22877.25
6839 73234.35
6840 156769.53
6841 24986.99
6842 25037.13
6843 6330.95
6844 16239.92
6845 60672.25
6846 10087.78
6847 80440.51
6848 55499.66
6849 36223.54
6850 6178.70
6851 23997.34
6852 27280.19
6853 68509.30
6854 37268.30
6855 17668.05
6856 51356.25
6857 43930.29
6858 69074.27
6859 27338.55
6860 6567.17
6861 19147.35
6862 71854.45
6863 41555.56
6864 26456.35
6865 46593.27
6866 24056.34
6867 35206.93
6868 14438.60
6869 12740.18
6870 47199.23
6871 25749.42
6872 44688.46
6873 40153.01
6874 8699.27
6875 97385.43
6876 14579.52
6877 14620.21
6878 40398.10
6879 21076.50
6880 59897.95
6881 104953.63
6882 116874.44
6883 50281.48
6884 50467.85
6885 27201.47
6886 87333.90
6887 37478.62
6888 47808.74
6889 86749.20
6890 151648.71
6891 17756.17
6892 2459.95
6893 55112.86
6894 56611.61
6895 40316.81
6896 16786.62
6897 52911.43
6898 7227.28
6899 24614.46
6900 8218.74
6901 36721.55
6902 29182.25
6903 35890.62
6904 26284.91
6905 66355.32
6906 58609.97
6907 60615.48
6908 14013.90
6909 51697.55
6910 38434.23
6911 49407.27
6912 11313.26
6913 1849.02
6914 29688.23
6915 8951.64
6916 79800.53
6917 105538.66
6918 76524.03
6919 48909.50
6920 63213.67
6921 39750.65
6922 81079.57
6923 43284.59
6924 5641.51
6925 7904.25
6926 62285.67
6927 39584.94
6928 44784.91
6929 73577.93
6930 16008.91
6931 38809.70
6932 37176.06
6933 46771.59
6934 28046.97
6935 68718.19
6936 3415.87
6937 51978.44
6938 76942.88
6939 96118.13
6940 103432.66
6941 49257.07
6942 16104.58
6943 50140.17
6944 62175.02
6945 58986.18
6946 47615.98
6947 16723.66
6948 5652.52
6949 41838.06
6950 29376.03
6951 13765.75
6952 38358.30
6953 15875.70
6954 2476.69
6955 50618.60
6956 128399.32
6957 70799.65
6958 71160.15
6959 57939.05
6960 52444.93
6961 15186.71
6962 42678.24
6963 26376.98
6964 26877.61
6965 59058.02
6966 60556.08
6967 50003.82
6968 37319.48
6969 63328.56
6970 83128.67
6971 29497.78
6972 97273.48
6973 8933.29
6974 21184.28
6975 26438.69
6976 32431.36
6977 3359.61
6978 80361.59
6979 148367.27
6980 76492.42
6981 51116.62
6982 96204.21
6983 98382.28
6984 75383.43
6985 102520.15
6986 19846.08
6987 34615.12
6988 17400.58
6989 44682.43
6990 66241.70
6991 58200.69
6992 78186.69
6993 15876.23
6994 26909.38
6995 96911.85
6996 58379.46
6997 24961.06
6998 85755.05
6999 26353.16
7000 17424.59
7001 106386.93
7002 10348.15
7003 35325.27
7004 8290.82
7005 61514.17
7006 25831.42
7007 28930.67
7008 24004.00
7009 45310.80
7010 82285.45
7011 45143.38
7012 16846.71
7013 27387.64
7014 14067.89
7015 60645.76
7016 34628.34
7017 70752.42
7018 244246.35
7019 62545.37
7020 49556.78
7021 38197.26
7022 55541.72
7023 38566.12
7024 46082.52
7025 8256.08
7026 56543.81
7027 43559.00
7028 14049.55
7029 13302.10
7030 23134.35
7031 38726.53
7032 34850.15
7033 49505.77
7034 45733.46
7035 102931.22
7036 54848.24
7037 17638.46
7038 14491.19
7039 68013.56
7040 53207.77
7041 43433.91
7042 28494.74
7043 16422.68
7044 73553.12
7045 3656.34
7046 72527.46
7047 54907.50
7048 2494.51
7049 42208.22
7050 107918.64
7051 71379.03
7052 32757.88
7053 5851.56
7054 21385.23
7055 31830.39
7056 59160.59
7057 7888.34
7058 24519.35
7059 6348.82
7060 3205.07
7061 36803.98
7062 12876.29
7063 12519.08
7064 45497.37
7065 39716.27
7066 84573.24
7067 46503.39
7068 18662.72
7069 151906.27
7070 114731.85
7071 47180.39
7072 41881.05
7073 101477.82
7074 31803.87
7075 58949.92
7076 21996.02
7077 25171.01
7078 86160.67
7079 26691.52
7080 22228.01
7081 19861.31
7082 62833.92
7083 60854.92
7084 37678.52
7085 39907.53
7086 54216.55
7087 88236.82
7088 44235.36
7089 2804.97
7090 94146.14
7091 170693.33
7092 96118.11
7093 16866.16
7094 22545.55
7095 27395.92
7096 30615.25
7097 135307.83
7098 68709.64
7099 135256.03
7100 46031.13
7101 61835.94
7102 61033.95
7103 26947.94
7104 56112.58
7105 53006.50
7106 107812.23
7107 41621.09
7108 26364.34
7109 14425.11
7110 63253.54
7111 10596.77
7112 69212.17
7113 12268.79
7114 88729.19
7115 52313.13
7116 29873.89
7117 87399.29
7118 76615.70
7119 40565.04
7120 35265.07
7121 16734.82
7122 40887.68
7123 15793.93
7124 9493.50
7125 72375.35
7126 93987.64
7127 40205.45
7128 25996.69
7129 28745.08
7130 53007.53
7131 52192.62
7132 36274.51
7133 43804.87
7134 23008.72
7135 27184.91
7136 80286.34
7137 26833.61
7138 43244.02
7139 82358.59
7140 8248.25
7141 59101.09
7142 50013.78
7143 24862.17
7144 17212.73
7145 18011.09
7146 35185.19
7147 13413.29
7148 17093.06
7149 30196.00
7150 26006.80
7151 58120.64
7152 42671.12
7153 58478.30
7154 30283.19
7155 13264.82
7156 17767.62
7157 114761.85
7158 27521.89
7159 14653.26
7160 43244.37
7161 16831.29
7162 78693.85
7163 68307.76
7164 45948.91
7165 8410.52
7166 57091.46
7167 67208.24
7168 47875.82
7169 94941.46
7170 26049.74
7171 85801.31
7172 65098.69
7173 28284.79
7174 115864.68
7175 26642.50
7176 27935.55
7177 118239.61
7178 25005.44
7179 37146.91
7180 11017.48
7181 31020.26
7182 26240.12
7183 95990.00
7184 24966.13
7185 14137.90
7186 6864.53
7187 24780.96
7188 44229.80
7189 11678.93
7190 57486.37
7191 60005.67
7192 17260.68
7193 51491.63
7194 108604.72
7195 35495.52
7196 53309.17
7197 28751.25
7198 59288.92
7199 2895.75
7200 8268.95
7201 27516.12
7202 17297.59
7203 65391.28
7204 49983.54
7205 7817.76
7206 13100.76
7207 67961.39
7208 15366.84
7209 13651.57
7210 58549.81
7211 71048.76
7212 25400.72
7213 38389.05
7214 37331.07
7215 28337.74
7216 39034.30
7217 42903.51
7218 35644.32
7219 15516.19
7220 74602.51
7221 28044.91
7222 19434.23
7223 26485.17
7224 63231.86
7225 59312.49
7226 54141.52
7227 13449.40
7228 38173.66
7229 25354.77
7230 66257.77
7231 29914.92
7232 103619.11
7233 12171.01
7234 40840.61
7235 16180.51
7236 29444.77
7237 49650.07
7238 64773.80
7239 15820.80
7240 35959.87
7241 14809.36
7242 59580.96
7243 62055.49
7244 23573.16
7245 29249.12
7246 112067.20
7247 36934.39
7248 22026.60
7249 13274.33
7250 42557.74
7251 44650.25
7252 42731.69
7253 30865.75
7254 89276.18
7255 42991.18
7256 24168.03
7257 63495.64
7258 56769.33
7259 38927.20
7260 82887.65
7261 120604.87
7262 38398.13
7263 48208.39
7264 13686.41
7265 12643.49
7266 47013.30
7267 13813.57
7268 21719.19
7269 28172.75
7270 58087.31
7271 37293.36
7272 26769.15
7273 74674.51
7274 14955.32
7275 10361.93
7276 76331.27
7277 32711.53
7278 23604.29
7279 14740.53
7280 17339.25
7281 17144.54
7282 25849.83
7283 24970.11
7284 51795.59
7285 16308.88
7286 45554.26
7287 24835.80
7288 24509.78
7289 37631.10
7290 15382.29
7291 16437.19
7292 21579.83
7293 104443.74
7294 45942.72
7295 66264.11
7296 23850.84
7297 24557.66
7298 24036.27
7299 24635.35
7300 51492.00
7301 37797.63
7302 25799.88
7303 24517.01
7304 47983.06
7305 43801.20
7306 6716.91
7307 48936.50
7308 26936.17
7309 7781.27
7310 14592.86
7311 38671.40
7312 23705.27
7313 34908.27
7314 82720.45
7315 17166.51
7316 68531.89
7317 59329.21
7318 52175.28
7319 54243.68
7320 7558.04
7321 8389.04
7322 31015.76
7323 47249.38
7324 49787.50
7325 51150.25
7326 16758.63
7327 35925.09
7328 60011.35
7329 57884.57
7330 8361.54
7331 18550.36
7332 1665.77
7333 24628.35
7334 17899.84
7335 44625.52
7336 74329.04
7337 36880.36
7338 62856.02
7339 45340.86
7340 97487.79
7341 19001.57
7342 32901.52
7343 58058.68
7344 56266.51
7345 73565.15
7346 24087.89
7347 23969.24
7348 7839.08
7349 84116.30
7350 9243.98
7351 22370.71
7352 24402.20
7353 28270.24
7354 120787.51
7355 21234.22
7356 70429.38
7357 71390.28
7358 50206.13
7359 20626.14
7360 44779.60
7361 35295.77
7362 23456.62
7363 29330.62
7364 43894.12
7365 65178.81
7366 28187.25
7367 14453.93
7368 74195.33
7369 65263.00
7370 156283.66
7371 57271.51
7372 32602.29
7373 6990.58
7374 59151.20
7375 50126.74
7376 60497.19
7377 62654.37
7378 17186.08
7379 54811.71
7380 6217.60
7381 23827.41
7382 26777.43
7383 33392.22
7384 6980.11
7385 19962.79
7386 23801.29
7387 22789.32
7388 51364.17
7389 43356.88
7390 156674.12
7391 67070.88
7392 28660.38
7393 12789.49
7394 10756.13
7395 24269.79
7396 46785.93
7397 21615.62
7398 95680.69
7399 50700.54
7400 52874.77
7401 37142.08
7402 6585.72
7403 36347.95
7404 32255.56
7405 124788.93
7406 2699.14
7407 48015.24
7408 66709.01
7409 8209.13
7410 35292.54
7411 27572.60
7412 34247.51
7413 56652.66
7414 12943.68
7415 26514.31
7416 59917.29
7417 25768.53
7418 64562.24
7419 33530.93
7420 17666.50
7421 42404.36
7422 52323.93
7423 37853.86
7424 36869.73
7425 31703.67
7426 48843.35
7427 29980.50
7428 56886.46
7429 57324.74
7430 16263.97
7431 20130.09
7432 12924.18
7433 32421.53
7434 37925.47
7435 59061.37
7436 72319.52
7437 27973.46
7438 33288.42
7439 7664.38
7440 40170.95
7441 31642.72
7442 146260.33
7443 19434.01
7444 43367.48
7445 27858.88
7446 14323.26
7447 64470.64
7448 42087.68
7449 41681.22
7450 35507.70
7451 17254.68
7452 14789.13
7453 48429.16
7454 60924.06
7455 24201.40
7456 45550.10
7457 36739.78
7458 37685.80
7459 21306.12
7460 20208.77
7461 14841.75
7462 41623.38
7463 25895.06
7464 12132.82
7465 30990.32
7466 14409.55
7467 38231.51
7468 61945.42
7469 51247.58
7470 42494.17
7471 6184.34
7472 25495.09
7473 59034.03
7474 17196.29
7475 24580.49
7476 14216.34
7477 18570.06
7478 19661.30
7479 24657.85
7480 40731.82
7481 45497.23
7482 66430.07
7483 109231.42
7484 43504.81
7485 31210.39
7486 41133.26
7487 53529.89
7488 30340.17
7489 27862.52
7490 30262.82
7491 7002.39
7492 57802.24
7493 34513.50
7494 6281.60
7495 39341.49
7496 34436.88
7497 15520.66
7498 29095.00
7499 22899.44
7500 52217.64
7501 10716.98
7502 77103.23
7503 30753.71
7504 32925.50
7505 28124.68
7506 29170.98
7507 90037.43
7508 116598.33
7509 51777.13
7510 17928.11
7511 94260.46
7512 115606.48
7513 57164.16
7514 40379.81
7515 49860.29
7516 14030.29
7517 54675.60
7518 50910.68
7519 20445.17
7520 14441.14
7521 7404.96
7522 35799.55
7523 52748.30
7524 99259.87
7525 73257.59
7526 64268.82
7527 74912.91
7528 30180.23
7529 45288.51
7530 163863.42
7531 90295.46
7532 54155.40
7533 78416.62
7534 42779.47
7535 37124.48
7536 16892.88
7537 90369.36
7538 94745.43
7539 18918.09
7540 20075.24
7541 39517.87
7542 33431.46
7543 45062.84
7544 29504.58
7545 40013.92
7546 136572.17
7547 143868.39
7548 10130.06
7549 57413.80
7550 29649.36
7551 46980.67
7552 23442.24
7553 17465.83
7554 46668.52
7555 52652.21
7556 47631.77
7557 50368.95
7558 30451.43
7559 65761.77
7560 7633.91
7561 32771.67
7562 100991.92
7563 17783.68
7564 29564.64
7565 19421.61
7566 42890.90
7567 58798.87
7568 18762.46
7569 23433.69
7570 6728.38
7571 30518.63
7572 23464.34
7573 27280.38
7574 13670.97
7575 26614.93
7576 41025.85
7577 59256.64
7578 86332.42
7579 32201.27
7580 29904.62
7581 44403.99
7582 30004.53
7583 71507.99
7584 50011.16
7585 36128.51
7586 52020.06
7587 27205.18
7588 50820.83
7589 68317.05
7590 90441.05
7591 67377.01
7592 18126.29
7593 75409.10
7594 17278.71
7595 33070.92
7596 35173.29
7597 6048.55
7598 8749.25
7599 125170.83
7600 9977.52
7601 37908.66
7602 52950.98
7603 16263.89
7604 5355.27
7605 16215.98
7606 63226.20
7607 66784.71
7608 41652.11
7609 37774.55
7610 49025.01
7611 21537.54
7612 34508.45
7613 21790.67
7614 6866.27
7615 12790.23
7616 80894.39
7617 77256.84
7618 8417.03
7619 39943.01
7620 21957.07
7621 51305.77
7622 34008.52
7623 67559.32
7624 95576.01
7625 16604.57
7626 46264.80
7627 18757.88
7628 69410.86
7629 87279.00
7630 39717.31
7631 36253.34
7632 69484.61
7633 22861.41
7634 34401.07
7635 160420.62
7636 17724.23
7637 25665.39
7638 45956.31
7639 120739.41
7640 87682.85
7641 86165.20
7642 59456.94
7643 48598.71
7644 89149.67
7645 26231.11
7646 25975.21
7647 49861.65
7648 28343.28
7649 12619.36
7650 15068.80
7651 28635.11
7652 29987.54
7653 85342.61
7654 53786.65
7655 56773.44
7656 41766.73
7657 86953.71
7658 12956.87
7659 37012.00
7660 110935.13
7661 71157.49
7662 31956.64
7663 37571.96
7664 61213.74
7665 86321.09
7666 31177.51
7667 136469.51
7668 34133.18
7669 14147.85
7670 25215.22
7671 6186.91
7672 3327.84
7673 41237.10
7674 58789.31
7675 23085.41
7676 7444.83
7677 15356.07
7678 71792.52
7679 49879.04
7680 24089.99
7681 33966.70
7682 20650.58
7683 12587.70
7684 57877.40
7685 44819.86
7686 53441.52
7687 66525.90
7688 27438.19
7689 76275.50
7690 23214.58
7691 42706.87
7692 5337.14
7693 9261.70
7694 59415.59
7695 40501.79
7696 15185.82
7697 21509.47
7698 35205.90
7699 55988.35
7700 57613.94
7701 55994.87
7702 8508.44
7703 33468.85
7704 21412.25
7705 16439.30
7706 23843.77
7707 40938.05
7708 33014.86
7709 21366.52
7710 14990.98
7711 66035.60
7712 41618.38
7713 48697.34
7714 106445.76
7715 17452.84
7716 26567.17
7717 106058.37
7718 70898.35
7719 55937.18
7720 103178.01
7721 84648.59
7722 10058.57
7723 58567.76
7724 27674.69
7725 59840.80
7726 84644.89
7727 4113.45
7728 79871.82
7729 27002.48
7730 34334.07
7731 19406.61
7732 56674.14
7733 28045.60
7734 1824.77
7735 16725.40
7736 69220.53
7737 42290.84
7738 17061.51
7739 23739.34
7740 40758.99
7741 78297.05
7742 27833.48
7743 55334.93
7744 18622.03
7745 14086.59
7746 12541.79
7747 17006.97
7748 5670.45
7749 14533.45
7750 32826.33
7751 21282.94
7752 46808.07
7753 166439.57
7754 74641.62
7755 40072.40
7756 35992.08
7757 43494.26
7758 45369.30
7759 16195.95
7760 49625.15
7761 20914.42
7762 30722.47
7763 45484.06
7764 83881.37
7765 60022.43
7766 97916.27
7767 61201.61
7768 8635.54
7769 14778.84
7770 62556.96
7771 36195.68
7772 26292.48
7773 33616.73
7774 47933.03
7775 46366.95
7776 61324.96
7777 70067.37
7778 28682.36
7779 17481.30
7780 54596.69
7781 24025.47
7782 31482.42
7783 33160.99
7784 67900.50
7785 17647.79
7786 30923.15
7787 15070.12
7788 16967.25
7789 93226.26
7790 48799.10
7791 45408.12
7792 140916.40
7793 57689.20
7794 2947.62
7795 73093.76
7796 50967.05
7797 8355.00
7798 39058.03
7799 7308.92
7800 46619.66
7801 103224.58
7802 8534.57
7803 25995.04
7804 35152.76
7805 29787.67
7806 48200.59
7807 53573.00
7808 109815.98
7809 19846.19
7810 22057.37
7811 5844.87
7812 28767.98
7813 28771.21
7814 48186.57
7815 27114.28
7816 2242.23
7817 50281.63
7818 46457.37
7819 47920.69
7820 79282.78
7821 42686.91
7822 38838.82
7823 21835.35
7824 21487.20
7825 14892.79
7826 41707.83
7827 38423.06
7828 63171.90
7829 37942.57
7830 39228.40
7831 13778.01
7832 17374.57
7833 43128.09
7834 76822.02
7835 12796.11
7836 17109.00
7837 116844.03
7838 40007.65
7839 7620.17
7840 9301.60
7841 66707.07
7842 8189.78
7843 18029.68
7844 77096.55
7845 70687.02
7846 27180.83
7847 18263.22
7848 36106.43
7849 56934.28
7850 27505.93
7851 34310.84
7852 28620.93
7853 20067.85
7854 47596.74
7855 36740.27
7856 13981.69
7857 34963.38
7858 46808.21
7859 65463.92
7860 110898.71
7861 27805.26
7862 13052.73
7863 46231.13
7864 46083.48
7865 87338.49
7866 25799.14
7867 61082.64
7868 88762.32
7869 58391.22
7870 41813.31
7871 98714.38
7872 70010.99
7873 18070.76
7874 64895.94
7875 6651.52
7876 7397.65
7877 45695.48
7878 77520.02
7879 53744.12
7880 3144.65
7881 104636.22
7882 153686.05
7883 42303.27
7884 25244.27
7885 45270.78
7886 61170.20
7887 68546.06
7888 31925.06
7889 2124.00
7890 26218.87
7891 29354.85
7892 18634.37
7893 33526.27
7894 192322.78
7895 61455.17
7896 52653.82
7897 130108.24
7898 20813.72
7899 74600.05
7900 25708.75
7901 21650.78
7902 31063.88
7903 58622.43
7904 7370.99
7905 33444.24
7906 52696.67
7907 34004.92
7908 29138.03
7909 65061.97
7910 13145.91
7911 55977.49
7912 56746.12
7913 42561.17
7914 48762.96
7915 46205.42
7916 36442.02
7917 89967.06
7918 28665.10
7919 52072.96
7920 18943.00
7921 13699.77
7922 102528.20
7923 102522.95
7924 39378.40
7925 14402.71
7926 60033.26
7927 18572.93
7928 26713.06
7929 21592.23
7930 21534.38
7931 41536.88
7932 49659.29
7933 19765.72
7934 130573.49
7935 96249.99
7936 57195.42
7937 73951.26
7938 34165.61
7939 46970.74
7940 78350.53
7941 15532.14
7942 37377.27
7943 15131.17
7944 95399.84
7945 21597.33
7946 86440.54
7947 38491.78
7948 24122.43
7949 30254.28
7950 25610.54
7951 35870.68
7952 33001.76
7953 6652.08
7954 38046.16
7955 12879.98
7956 26822.14
7957 68320.66
7958 61137.96
7959 95426.24
7960 10974.75
7961 67415.47
7962 106823.28
7963 53322.44
7964 59597.19
7965 11889.37
7966 19527.44
7967 33494.22
7968 18202.89
7969 6535.74
7970 5393.36
7971 26423.47
7972 24725.87
7973 35676.53
7974 74189.36
7975 35486.49
7976 131375.00
7977 20068.03
7978 7806.01
7979 29792.36
7980 19931.38
7981 148458.42
7982 16922.95
7983 12357.52
7984 37399.97
7985 16254.16
7986 39332.34
7987 40878.24
7988 27412.96
7989 16262.97
7990 6045.63
7991 6410.91
7992 28283.13
7993 25596.84
7994 20565.17
7995 14054.01
7996 26753.91
7997 20168.56
7998 14965.35
7999 16513.94
8000 62734.29
8001 2604.95
8002 23110.42
8003 24133.21
8004 67458.71
8005 32582.14
8006 51132.82
8007 8888.30
8008 99518.38
8009 29352.77
8010 33491.73
8011 31748.77
8012 14691.79
8013 6318.26
8014 27585.30
8015 25149.50
8016 50001.71
8017 2324.22
8018 10107.35
8019 40000.13
8020 74668.51
8021 117288.50
8022 3121.97
8023 40703.96
8024 40355.12
8025 15663.80
8026 23560.11
8027 58269.32
8028 66080.21
8029 74660.55
8030 66498.65
8031 32379.58
8032 37726.72
8033 77398.54
8034 8142.45
8035 27939.16
8036 19081.20
8037 76490.63
8038 18722.50
8039 36647.86
8040 21762.91
8041 34010.38
8042 24505.24
8043 39934.40
8044 41831.02
8045 60809.48
8046 61975.82
8047 52517.07
8048 16169.21
8049 10674.29
8050 87286.36
8051 21765.82
8052 46329.51
8053 28105.27
8054 44142.99
8055 19063.37
8056 17515.40
8057 57195.40
8058 189660.87
8059 62562.84
8060 71772.59
8061 79016.43
8062 47583.46
8063 33464.43
8064 14234.92
8065 18712.39
8066 152952.46
8067 11188.01
8068 5949.96
8069 16274.55
8070 39473.51
8071 8644.83
8072 42599.46
8073 16963.65
8074 65747.73
8075 62306.52
8076 58947.12
8077 27486.63
8078 31677.02
8079 47243.83
8080 70740.38
8081 39769.82
8082 14119.14
8083 58727.98
8084 37075.67
8085 30121.21
8086 28109.66
8087 77504.33
8088 35904.64
8089 12952.02
8090 35016.21
8091 39031.95
8092 81400.90
8093 15636.61
8094 28031.10
8095 60354.27
8096 16226.35
8097 7833.59
8098 55007.02
8099 33412.68
8100 16596.74
8101 49074.32
8102 19091.18
8103 33790.50
8104 36110.08
8105 16918.66
8106 54539.59
8107 10176.63
8108 85696.50
8109 49532.32
8110 70578.17
8111 62134.74
8112 26761.99
8113 55835.03
8114 3212.76
8115 42149.78
8116 20056.78
8117 28305.00
8118 38567.27
8119 71543.64
8120 69189.16
8121 16299.54
8122 22868.49
8123 68136.53
8124 29375.98
8125 43573.83
8126 36064.38
8127 27924.31
8128 68840.44
8129 86131.94
8130 91861.92
8131 24513.77
8132 54190.05
8133 27152.81
8134 6588.41
8135 12495.11
8136 25445.02
8137 89467.38
8138 33754.48
8139 25811.82
8140 101293.96
8141 40028.46
8142 25083.87
8143 51373.11
8144 44662.09
8145 78967.63
8146 18685.95
8147 42701.50
8148 93721.75
8149 44690.56
8150 95815.57
8151 10882.67
8152 10729.55
8153 32235.34
8154 128335.21
8155 43289.16
8156 114508.86
8157 66267.57
8158 33695.77
8159 81491.60
8160 33737.77
8161 15413.86
8162 40716.65
8163 39809.69
8164 15708.15
8165 56235.55
8166 36487.01
8167 137886.94
8168 97706.55
8169 90709.97
8170 71950.57
8171 113521.89
8172 82479.53
8173 20138.51
8174 61677.29
8175 59788.32
8176 90203.27
8177 137613.69
8178 31066.04
8179 32276.63
8180 3086.72
8181 69744.92
8182 23812.70
8183 24403.57
8184 55684.81
8185 72259.13
8186 28587.72
8187 29760.82
8188 12237.25
8189 3031.48
8190 76759.41
8191 25903.33
8192 28505.34
8193 63798.65
8194 98983.13
8195 105682.27
8196 66773.57
8197 2914.64
8198 47504.01
8199 35637.34
8200 48143.43
8201 6824.25
8202 36302.86
8203 50169.75
8204 51622.92
8205 37168.53
8206 15417.15
8207 77409.40
8208 57829.22
8209 32336.37
8210 50044.80
8211 13296.27
8212 25556.46
8213 95677.79
8214 30458.64
8215 13206.71
8216 17201.32
8217 7225.41
8218 90516.46
8219 20751.60
8220 24379.21
8221 25972.14
8222 67567.62
8223 24728.60
8224 27612.97
8225 76793.95
8226 15827.49
8227 41014.89
8228 99421.54
8229 39879.50
8230 3016.94
8231 26274.30
8232 19600.61
8233 56940.95
8234 37027.91
8235 76439.17
8236 47555.83
8237 40544.68
8238 55470.23
8239 46815.46
8240 68957.99
8241 39272.32
8242 15635.70
8243 27237.24
8244 5923.30
8245 17915.25
8246 52689.39
8247 76781.56
8248 25393.99
8249 49862.87
8250 16819.19
8251 14500.26
8252 38302.37
8253 11704.56
8254 21195.15
8255 12361.90
8256 20309.58
8257 22902.17
8258 27901.35
8259 107654.57
8260 28719.20
8261 13640.92
8262 49496.30
8263 57686.44
8264 47494.18
8265 27523.40
8266 40888.40
8267 41932.25
8268 22178.53
8269 33464.41
8270 7865.72
8271 68410.08
8272 50255.75
8273 21935.67
8274 23593.05
8275 36331.75
8276 6727.86
8277 27255.09
8278 45525.83
8279 40737.66
8280 15188.06
8281 39674.18
8282 16407.62
8283 15700.60
8284 16831.46
8285 15324.41
8286 100725.42
8287 45365.24
8288 43326.00
8289 70634.31
8290 48893.10
8291 8195.62
8292 78295.12
8293 63215.32
8294 68338.34
8295 23913.32
8296 27797.26
8297 13584.86
8298 50417.76
8299 74251.46
8300 8969.09
8301 5771.82
8302 31185.28
8303 36687.23
8304 65302.77
8305 101730.88
8306 68117.86
8307 108382.45
8308 10048.54
8309 63533.84
8310 2942.38
8311 27802.54
8312 2315.85
8313 54941.77
8314 47258.88
8315 24054.73
8316 27053.87
8317 37519.73
8318 12527.94
8319 28462.15
8320 14569.09
8321 14413.92
8322 61420.32
8323 77441.44
8324 49571.54
8325 20753.02
8326 141717.66
8327 44127.25
8328 18646.25
8329 79548.89
8330 35471.43
8331 58760.82
8332 42861.12
8333 49748.30
8334 62603.82
8335 24043.51
8336 13541.68
8337 20076.87
8338 10579.50
8339 24477.51
8340 51465.37
8341 24553.55
8342 23910.73
8343 57299.47
8344 15653.53
8345 8036.30
8346 27037.40
8347 33540.96
8348 14988.02
8349 29448.35
8350 99995.38
8351 14802.96
8352 46577.07
8353 40398.99
8354 64732.17
8355 53305.09
8356 61556.89
8357 2636.32
8358 42427.25
8359 27618.91
8360 26203.17
8361 38719.11
8362 21678.09
8363 17057.56
8364 114858.68
8365 50598.96
8366 37641.64
8367 46011.52
8368 54449.88
8369 71234.56
8370 30141.68
8371 56664.69
8372 31412.26
8373 19281.35
8374 32312.88
8375 7325.43
8376 47630.10
8377 28912.86
8378 83620.76
8379 17448.69
8380 15618.90
8381 71948.84
8382 33529.61
8383 15722.98
8384 18211.83
8385 62973.25
8386 124794.33
8387 45204.15
8388 25718.97
8389 15074.70
8390 49335.16
8391 150718.46
8392 51135.48
8393 17249.43
8394 98616.97
8395 44251.31
8396 21228.93
8397 52640.38
8398 100353.79
8399 38806.91
8400 86712.98
8401 9041.39
8402 39333.53
8403 39122.48
8404 52564.95
8405 40712.74
8406 81975.76
8407 42951.02
8408 38264.35
8409 35831.31
8410 35657.62
8411 35991.25
8412 34196.13
8413 63569.53
8414 14741.20
8415 29740.60
8416 42113.46
8417 176565.33
8418 35118.13
8419 63965.87
8420 41730.49
8421 67050.40
8422 82211.64
8423 34695.96
8424 52897.34
8425 73101.55
8426 10020.18
8427 29560.32
8428 15306.18
8429 33538.89
8430 34402.86
8431 40498.06
8432 22980.95
8433 21606.95
8434 27150.39
8435 34554.04
8436 23854.83
8437 39949.31
8438 18001.54
8439 71090.18
8440 60270.46
8441 25246.83
8442 23811.49
8443 67040.25
8444 41221.37
8445 122806.50
8446 67101.16
8447 53064.40
8448 67493.87
8449 61369.00
8450 52128.41
8451 40238.68
8452 57629.64
8453 88123.30
8454 118024.69
8455 76626.28
8456 31166.83
8457 78476.52
8458 40421.29
8459 40583.88
8460 86145.99
8461 34966.84
8462 13891.57
8463 46454.04
8464 31030.18
8465 98909.69
8466 85615.47
8467 37552.73
8468 43695.69
8469 55018.18
8470 106388.25
8471 42275.24
8472 47329.29
8473 25260.57
8474 158398.20
8475 22354.40
8476 55700.37
8477 37864.28
8478 17703.91
8479 16358.26
8480 108777.51
8481 148145.82
8482 34660.80
8483 32015.58
8484 28297.33
8485 48543.07
8486 53095.52
8487 41401.33
8488 38335.71
8489 117262.64
8490 20343.54
8491 68929.48
8492 36377.20
8493 41493.06
8494 56486.11
8495 49651.89
8496 42288.04
8497 27500.27
8498 52803.82
8499 51471.29
8500 13934.34
8501 30532.84
8502 57754.53
8503 103511.91
8504 43570.95
8505 160372.83
8506 48783.64
8507 24842.01
8508 29958.33
8509 73703.91
8510 18225.94
8511 36986.56
8512 16324.75
8513 109162.70
8514 56998.92
8515 19573.92
8516 45959.24
8517 15744.14
8518 29752.68
8519 57737.70
8520 32588.46
8521 52025.79
8522 36417.54
8523 41595.39
8524 100722.08
8525 61509.51
8526 20993.18
8527 54139.74
8528 64409.21
8529 58343.67
8530 41973.05
8531 65567.43
8532 32876.91
8533 60013.74
8534 39685.96
8535 22318.24
8536 7180.72
8537 55499.69
8538 56824.06
8539 54154.39
8540 54523.25
8541 7983.06
8542 29741.19
8543 41965.17
8544 22255.61
8545 27227.51
8546 31223.48
8547 28533.71
8548 82790.91
8549 26882.57
8550 73701.25
8551 62405.51
8552 57709.71
8553 27262.72
8554 40494.32
8555 53337.87
8556 96105.99
8557 59231.03
8558 40510.07
8559 67398.91
8560 9549.43
8561 77761.80
8562 38982.17
8563 17118.92
8564 76845.52
8565 26890.46
8566 22304.71
8567 47519.68
8568 19133.86
8569 61634.20
8570 4116.95
8571 79985.55
8572 32934.56
8573 55748.92
8574 98655.90
8575 25215.14
8576 55520.10
8577 81887.39
8578 43434.95
8579 25107.44
8580 19554.42
8581 12096.58
8582 24054.69
8583 75642.59
8584 29684.51
8585 7897.99
8586 40643.52
8587 37560.04
8588 44067.32
8589 8203.42
8590 22899.39
8591 18691.67
8592 69372.08
8593 14950.66
8594 24209.60
8595 74832.15
8596 13964.23
8597 18632.61
8598 56470.97
8599 27401.34
8600 104748.22
8601 138063.74
8602 75817.03
8603 28550.50
8604 27734.48
8605 50295.29
8606 30932.52
8607 46551.40
8608 38406.96
8609 22039.92
8610 20632.77
8611 104560.05
8612 20270.19
8613 5996.82
8614 12779.53
8615 44573.33
8616 14666.94
8617 30784.64
8618 103697.27
8619 40080.42
8620 7777.99
8621 35223.50
8622 27779.16
8623 65671.19
8624 26186.08
8625 107935.04
8626 54451.99
8627 16357.04
8628 18459.98
8629 14963.37
8630 39001.20
8631 20678.54
8632 42659.21
8633 14598.36
8634 30961.61
8635 82350.32
8636 80484.85
8637 21051.00
8638 111495.29
8639 110595.52
8640 23458.21
8641 23304.95
8642 43557.11
8643 21654.30
8644 32298.02
8645 41930.93
8646 32533.27
8647 13196.64
8648 16093.33
8649 45471.95
8650 28072.61
8651 13742.24
8652 14090.81
8653 45339.39
8654 5284.16
8655 7426.00
8656 23799.50
8657 17077.12
8658 70703.95
8659 118162.14
8660 57241.74
8661 71528.67
8662 117267.17
8663 86444.73
8664 18542.31
8665 84227.93
8666 100072.01
8667 35963.96
8668 70291.03
8669 89896.86
8670 70976.04
8671 71957.04
8672 303593.98
8673 76566.99
8674 9253.58
8675 31117.03
8676 2074.84
8677 7873.14
8678 29847.12
8679 63530.21
8680 44797.63
8681 70322.49
8682 124164.37
8683 24895.08
8684 184138.04
8685 44335.45
8686 78378.05
8687 110578.19
8688 136229.39
8689 20695.05
8690 76329.49
8691 62554.09
8692 23835.50
8693 32822.12
8694 61498.04
8695 61514.45
8696 33889.48
8697 30540.29
8698 23548.88
8699 14480.67
8700 47234.99
8701 84372.06
8702 83657.38
8703 17172.57
8704 79061.95
8705 40408.23
8706 12629.46
8707 33640.42
8708 25663.60
8709 2151.30
8710 38732.89
8711 22090.70
8712 16495.85
8713 79104.40
8714 70578.66
8715 62491.54
8716 85124.81
8717 48118.26
8718 51372.45
8719 26959.97
8720 15114.18
8721 79159.78
8722 91356.80
8723 27023.02
8724 66118.81
8725 13245.20
8726 28638.68
8727 25940.56
8728 61832.59
8729 32892.58
8730 42953.36
8731 19056.74
8732 75315.33
8733 68328.59
8734 38676.29
8735 78767.78
8736 60562.68
8737 104100.47
8738 9165.85
8739 45893.92
8740 150516.61
8741 63885.40
8742 79214.17
8743 100654.30
8744 43986.19
8745 30068.47
8746 37102.21
8747 16240.19
8748 52926.26
8749 16901.82
8750 146963.74
8751 109246.49
8752 20497.41
8753 28294.94
8754 52493.88
8755 13160.96
8756 36862.25
8757 73860.96
8758 71560.33
8759 20133.23
8760 11927.75
8761 25282.53
8762 33971.75
8763 57979.77
8764 46173.31
8765 60580.13
8766 65648.23
8767 6068.90
8768 12714.05
8769 14735.22
8770 59967.76
8771 52543.00
8772 96868.29
8773 19494.26
8774 65964.11
8775 53707.19
8776 40136.51
8777 66965.24
8778 115349.94
8779 16630.73
8780 23693.66
8781 61802.79
8782 2424.77
8783 8430.48
8784 53813.11
8785 24763.78
8786 28355.02
8787 99034.55
8788 29561.51
8789 57721.24
8790 40614.70
8791 5319.30
8792 37287.67
8793 15308.48
8794 62571.75
8795 8186.43
8796 25050.35
8797 80386.53
8798 32211.99
8799 5245.73
8800 24825.24
8801 38401.49
8802 94481.05
8803 16826.63
8804 6554.89
8805 9446.36
8806 64392.64
8807 101148.90
8808 32131.50
8809 60952.70
8810 17793.14
8811 17841.04
8812 4730.77
8813 10116.30
8814 49704.15
8815 16078.20
8816 7625.76
8817 67953.91
8818 7514.08
8819 41371.76
8820 71935.17
8821 25777.43
8822 29337.41
8823 34567.14
8824 16031.44
8825 42229.35
8826 55398.08
8827 31101.17
8828 77452.68
8829 102108.10
8830 55489.59
8831 53710.67
8832 21733.25
8833 26073.22
8834 78579.11
8835 63497.46
8836 43138.06
8837 46856.09
8838 27628.28
8839 59658.06
8840 64528.34
8841 13618.94
8842 44234.91
8843 39853.80
8844 31846.04
8845 8896.16
8846 102341.56
8847 81651.51
8848 34869.20
8849 139972.32
8850 73189.97
8851 7779.58
8852 28780.10
8853 153911.49
8854 98698.94
8855 15858.51
8856 30099.37
8857 22481.54
8858 7041.96
8859 43724.64
8860 22896.14
8861 14118.15
8862 11891.05
8863 26286.25
8864 33229.32
8865 29785.44
8866 28719.82
8867 21964.65
8868 25541.31
8869 43515.32
8870 27484.34
8871 16612.87
8872 20039.29
8873 3774.10
8874 159254.20
8875 41611.18
8876 55336.89
8877 39528.95
8878 6158.66
8879 26071.77
8880 83340.80
8881 74014.89
8882 69673.97
8883 47543.90
8884 47498.51
8885 74279.47
8886 44187.75
8887 97502.07
8888 57322.87
8889 15260.97
8890 14395.89
8891 105163.89
8892 46719.03
8893 20390.66
8894 35244.83
8895 21905.87
8896 50347.36
8897 23657.56
8898 52168.65
8899 38845.73
8900 15585.01
8901 60173.70
8902 24318.69
8903 88900.71
8904 63555.59
8905 29287.87
8906 68061.08
8907 86536.11
8908 60262.53
8909 55794.48
8910 36937.71
8911 67672.32
8912 25711.77
8913 25155.17
8914 34474.81
8915 17900.92
8916 79097.67
8917 99730.34
8918 33167.60
8919 28351.27
8920 37558.71
8921 6217.30
8922 12811.92
8923 28949.33
8924 81997.34
8925 120779.54
8926 30018.43
8927 24236.13
8928 59648.54
8929 27172.82
8930 36148.41
8931 29274.57
8932 21220.56
8933 8329.32
8934 71264.67
8935 84330.64
8936 72281.50
8937 49206.38
8938 14431.97
8939 23499.22
8940 25525.86
8941 23061.72
8942 23764.71
8943 14675.94
8944 35419.52
8945 31833.85
8946 28865.69
8947 37199.90
8948 115065.50
8949 53784.89
8950 35718.88
8951 14235.38
8952 8501.44
8953 47076.51
8954 27065.53
8955 80366.18
8956 98509.47
8957 17275.56
8958 32700.26
8959 30429.79
8960 17751.22
8961 42338.80
8962 20504.81
8963 46735.81
8964 15521.11
8965 101919.98
8966 49787.08
8967 7278.82
8968 19308.13
8969 23313.56
8970 13512.77
8971 5609.94
8972 26790.12
8973 25410.62
8974 39188.37
8975 45274.00
8976 71537.03
8977 25236.81
8978 15135.41
8979 102286.18
8980 82216.13
8981 126441.43
8982 55223.75
8983 35196.92
8984 84276.31
8985 50133.56
8986 16254.03
8987 45157.55
8988 37840.10
8989 7389.51
8990 37053.38
8991 71033.56
8992 36978.23
8993 10596.57
8994 51955.94
8995 79188.25
8996 38250.38
8997 7479.44
8998 27906.63
8999 55877.74
9000 11086.89
9001 23169.59
9002 51047.40
9003 63318.11
9004 14807.22
9005 59401.79
9006 52825.89
9007 34157.85
9008 32439.96
9009 23910.33
9010 44159.44
9011 33834.70
9012 13763.20
9013 24946.26
9014 126335.03
9015 47814.19
9016 13613.60
9017 53827.44
9018 24199.51
9019 104706.37
9020 17363.00
9021 57845.98
9022 23029.53
9023 37319.96
9024 13462.66
9025 32032.20
9026 6822.32
9027 25518.66
9028 36280.36
9029 33374.37
9030 43898.19
9031 62457.57
9032 15451.96
9033 48850.41
9034 29341.83
9035 14172.06
9036 72727.39
9037 40394.85
9038 40982.29
9039 57679.54
9040 11273.33
9041 1687.43
9042 45042.43
9043 22438.50
9044 6159.08
9045 5926.88
9046 50205.40
9047 38568.46
9048 10099.69
9049 1644.06
9050 23496.37
9051 49086.97
9052 76976.89
9053 3263.31
9054 44767.21
9055 40295.69
9056 21301.43
9057 107374.76
9058 26614.29
9059 32771.14
9060 62302.41
9061 39850.91
9062 19450.96
9063 109592.67
9064 39534.93
9065 56179.89
9066 62831.05
9067 88605.86
9068 43681.94
9069 25194.40
9070 21266.71
9071 22895.17
9072 15181.22
9073 58633.53
9074 17602.17
9075 143728.98
9076 85306.43
9077 28935.95
9078 72584.94
9079 11800.37
9080 6478.76
9081 20447.86
9082 3365.03
9083 54436.50
9084 72007.61
9085 61402.21
9086 57535.81
9087 99242.63
9088 32288.18
9089 54614.55
9090 26299.37
9091 21967.09
9092 41865.36
9093 40993.45
9094 32489.00
9095 136778.75
9096 120228.08
9097 52274.39
9098 186310.58
9099 24508.91
9100 5831.75
9101 35792.15
9102 79703.77
9103 161938.22
9104 63899.20
9105 42634.74
9106 6656.20
9107 22117.63
9108 36131.73
9109 59056.29
9110 16909.00
9111 35911.14
9112 78084.66
9113 38447.90
9114 72992.22
9115 45483.82
9116 131706.26
9117 67532.95
9118 111753.19
9119 17797.10
9120 57826.51
9121 46610.71
9122 30220.74
9123 55078.19
9124 90884.05
9125 42956.10
9126 40024.15
9127 50261.39
9128 42131.69
9129 15734.52
9130 17037.33
9131 63592.88
9132 18326.62
9133 92932.31
9134 80289.88
9135 76268.55
9136 29643.42
9137 14074.38
9138 19441.95
9139 17797.35
9140 12629.57
9141 19003.49
9142 33877.46
9143 43265.45
9144 65836.05
9145 114210.53
9146 60164.86
9147 48740.87
9148 14874.42
9149 8782.75
9150 62968.00
9151 64865.15
9152 6241.93
9153 24869.39
9154 24249.68
9155 11815.15
9156 36029.34
9157 25548.74
9158 37008.78
9159 22783.71
9160 84919.06
9161 18545.93
9162 23470.63
9163 48682.93
9164 28178.58
9165 2874.61
9166 69857.51
9167 8199.12
9168 13858.96
9169 86156.64
9170 29479.16
9171 71025.64
9172 17206.60
9173 34194.09
9174 26573.49
9175 23103.63
9176 22409.77
9177 23007.66
9178 65533.61
9179 59833.61
9180 39531.09
9181 15171.14
9182 37572.07
9183 86131.45
9184 11783.64
9185 81617.89
9186 24704.75
9187 108866.56
9188 41275.31
9189 36388.52
9190 19018.38
9191 40582.28
9192 20079.75
9193 7667.79
9194 64478.10
9195 38424.37
9196 20231.64
9197 73730.43
9198 7878.92
9199 26472.31
9200 90247.67
9201 31813.73
9202 19183.65
9203 111264.15
9204 44954.71
9205 86573.88
9206 65207.34
9207 17247.40
9208 43153.07
9209 26989.59
9210 56287.03
9211 12675.34
9212 27399.78
9213 48973.59
9214 78447.80
9215 92517.65
9216 62811.87
9217 94030.32
9218 81451.76
9219 53996.84
9220 46200.33
9221 14740.36
9222 23173.70
9223 38547.25
9224 61250.63
9225 60427.54
9226 88206.82
9227 47971.36
9228 27180.74
9229 90931.72
9230 17522.01
9231 5209.51
9232 14580.72
9233 22561.28
9234 14803.06
9235 39600.38
9236 36369.80
9237 54401.48
9238 37912.10
9239 60678.35
9240 8265.21
9241 17232.68
9242 61957.38
9243 7169.80
9244 18024.81
9245 13130.76
9246 46417.43
9247 43402.23
9248 62095.76
9249 25484.76
9250 15909.27
9251 71056.20
9252 8017.52
9253 15662.79
9254 82514.89
9255 15427.10
9256 33081.01
9257 27162.86
9258 105967.07
9259 51457.23
9260 10352.92
9261 69081.68
9262 30019.23
9263 78858.09
9264 37844.91
9265 5868.86
9266 15989.30
9267 33738.47
9268 40001.75
9269 63688.21
9270 18079.83
9271 37140.26
9272 36570.00
9273 76893.46
9274 34800.13
9275 41371.93
9276 39592.58
9277 23576.91
9278 79786.91
9279 137890.68
9280 60890.89
9281 13618.69
9282 21296.42
9283 25018.38
9284 36146.23
9285 106996.70
9286 83030.31
9287 52113.00
9288 51646.93
9289 13166.31
9290 7846.52
9291 73765.79
9292 42874.51
9293 106214.31
9294 44869.99
9295 59191.79
9296 113353.72
9297 24466.00
9298 17630.87
9299 89688.06
9300 30262.97
9301 106908.08
9302 28539.02
9303 35031.22
9304 16398.21
9305 25150.03
9306 29722.20
9307 25498.58
9308 14936.61
9309 46645.94
9310 40689.35
9311 8313.21
9312 51126.65
9313 9579.20
9314 61725.09
9315 42973.73
9316 17871.91
9317 17716.90
9318 65912.08
9319 64660.68
9320 20260.05
9321 25992.91
9322 50591.64
9323 78328.00
9324 103224.44
9325 60992.20
9326 74675.08
9327 31786.24
9328 56474.37
9329 36655.25
9330 109323.26
9331 19171.53
9332 21556.11
9333 64595.19
9334 26708.40
9335 54151.52
9336 39042.55
9337 18135.19
9338 140240.93
9339 57373.24
9340 33372.30
9341 108102.20
9342 90406.65
9343 29818.26
9344 14125.27
9345 7783.14
9346 88337.73
9347 40798.01
9348 17847.00
9349 23169.79
9350 34311.37
9351 17224.92
9352 21496.17
9353 88188.34
9354 4261.38
9355 50984.63
9356 27294.59
9357 17269.08
9358 1720.27
9359 27043.46
9360 46598.93
9361 64917.72
9362 21477.76
9363 100643.91
9364 9461.15
9365 72526.32
9366 61046.42
9367 56992.10
9368 15552.78
9369 57107.39
9370 22878.63
9371 41843.05
9372 17801.97
9373 40528.54
9374 97075.37
9375 17462.98
9376 31267.48
9377 26400.02
9378 24217.80
9379 51835.26
9380 28706.55
9381 133777.25
9382 74020.29
9383 82257.36
9384 44819.70
9385 31547.69
9386 27149.31
9387 31520.92
9388 20838.43
9389 73065.08
9390 29838.21
9391 60734.01
9392 43465.46
9393 108060.10
9394 94717.41
9395 17880.74
9396 39267.10
9397 47620.46
9398 49458.48
9399 49230.10
9400 47223.61
9401 67847.43
9402 73616.67
9403 79063.06
9404 42716.01
9405 128693.81
9406 45316.42
9407 7169.86
9408 23886.19
9409 51520.18
9410 44466.79
9411 80012.35
9412 48359.72
9413 20266.28
9414 29820.33
9415 73018.90
9416 40102.34
9417 25505.06
9418 71947.58
9419 62628.84
9420 72353.61
9421 14163.15
9422 15648.09
9423 22209.01
9424 23443.68
9425 87364.50
9426 18952.28
9427 14279.95
9428 64617.95
9429 77294.93
9430 57566.04
9431 15846.95
9432 43745.62
9433 10665.42
9434 21068.73
9435 27154.43
9436 28015.82
9437 52073.43
9438 14706.48
9439 43271.65
9440 22395.80
9441 16960.87
9442 53401.84
9443 65238.03
9444 33410.29
9445 33940.88
9446 12198.52
9447 33557.54
9448 36631.17
9449 49218.62
9450 8128.81
9451 27816.68
9452 48847.55
9453 105412.28
9454 77621.12
9455 42197.46
9456 55913.87
9457 32129.30
9458 28343.68
9459 40779.40
9460 15167.20
9461 9001.63
9462 127496.52
9463 46816.31
9464 106578.24
9465 18321.28
9466 25332.38
9467 41536.44
9468 89181.11
9469 27047.57
9470 24442.04
9471 39447.55
9472 20504.77
9473 45798.04
9474 37755.79
9475 41528.52
9476 18153.86
9477 67559.08
9478 29473.12
9479 35427.70
9480 6939.16
9481 25238.73
9482 7429.43
9483 40174.60
9484 24048.70
9485 51378.16
9486 50872.92
9487 28384.34
9488 68534.30
9489 56091.79
9490 60937.13
9491 68878.19
9492 109775.89
9493 31846.67
9494 19971.77
9495 2306.53
9496 41911.67
9497 31326.15
9498 7036.63
9499 6259.07
9500 43067.96
9501 76328.93
9502 75561.75
9503 28531.40
9504 55438.81
9505 14913.33
9506 41940.43
9507 49649.24
9508 54960.37
9509 43884.64
9510 102795.64
9511 67359.00
9512 30627.86
9513 59072.95
9514 3855.71
9515 75301.55
9516 59291.03
9517 16982.82
9518 43029.97
9519 89890.35
9520 67218.60
9521 33074.54
9522 12985.30
9523 28302.03
9524 48139.42
9525 141998.37
9526 66241.07
9527 37874.54
9528 17622.25
9529 31760.31
9530 2155.78
9531 8815.31
9532 23853.90
9533 7679.44
9534 69458.26
9535 37382.90
9536 6928.73
9537 31863.66
9538 53523.44
9539 30586.18
9540 17305.17
9541 5599.00
9542 24389.28
9543 65707.50
9544 27406.12
9545 44174.14
9546 45663.90
9547 80799.02
9548 95894.47
9549 62607.20
9550 15262.70
9551 62911.52
9552 58050.40
9553 87847.50
9554 13679.08
9555 9705.04
9556 85207.49
9557 8667.35
9558 5870.85
9559 22772.49
9560 57189.98
9561 40269.96
9562 23791.21
9563 63073.18
9564 28221.03
9565 20404.24
9566 24328.14
9567 42993.10
9568 12074.44
9569 15548.87
9570 21251.32
9571 22131.39
9572 21229.17
9573 22943.75
9574 24339.75
9575 45944.97
9576 26107.93
9577 14633.32
9578 24557.20
9579 34858.08
9580 47601.80
9581 196548.05
9582 21318.59
9583 32696.82
9584 14022.77
9585 71412.39
9586 17748.29
9587 33551.61
9588 8143.41
9589 39453.16
9590 24315.61
9591 62396.99
9592 24159.91
9593 13691.16
9594 25443.39
9595 47996.29
9596 11651.98
9597 19640.08
9598 46434.11
9599 27030.20
9600 48607.82
9601 13341.54
9602 34539.84
9603 74274.22
9604 34714.92
9605 23263.47
9606 80845.94
9607 93376.75
9608 40076.00
9609 8476.16
9610 51825.74
9611 68179.66
9612 67303.69
9613 37952.55
9614 110375.89
9615 32717.83
9616 20437.51
9617 47475.62
9618 40975.73
9619 43539.70
9620 187347.34
9621 59478.34
9622 38620.95
9623 12919.69
9624 15144.81
9625 68665.53
9626 40636.44
9627 14238.41
9628 57544.21
9629 127647.80
9630 47674.35
9631 29108.63
9632 90144.81
9633 13731.11
9634 24594.81
9635 20977.43
9636 20662.16
9637 49959.03
9638 47476.39
9639 24940.22
9640 42184.84
9641 46513.67
9642 26377.26
9643 36530.98
9644 15694.40
9645 62855.00
9646 118778.21
9647 83452.25
9648 14047.37
9649 15736.45
9650 72090.14
9651 100288.46
9652 15566.53
9653 28353.98
9654 16662.65
9655 85966.50
9656 19083.99
9657 62044.35
9658 67987.94
9659 73664.75
9660 36703.09
9661 14822.50
9662 37081.36
9663 78090.35
9664 90581.82
9665 106972.92
9666 120656.17
9667 53442.32
9668 61681.38
9669 46139.53
9670 47233.75
9671 70663.92
9672 76390.98
9673 141071.22
9674 28883.64
9675 13081.99
9676 22738.16
9677 17405.81
9678 42517.82
9679 51054.49
9680 24911.76
9681 29266.45
9682 66228.53
9683 105636.61
9684 37860.75
9685 19734.46
9686 144888.42
9687 10932.74
9688 31354.23
9689 6820.84
9690 9459.42
9691 60986.07
9692 42570.80
9693 41890.17
9694 60003.51
9695 3055.66
9696 36053.16
9697 43936.51
9698 44976.33
9699 16051.31
9700 13805.06
9701 12561.26
9702 7285.58
9703 23104.86
9704 28704.90
9705 22791.78
9706 32412.62
9707 36284.41
9708 43632.00
9709 22150.22
9710 26461.24
9711 2430.65
9712 58997.03
9713 45720.44
9714 89272.39
9715 28683.55
9716 50043.73
9717 18242.02
9718 40435.15
9719 3207.80
9720 49219.15
9721 107453.20
9722 65815.79
9723 102447.95
9724 37511.68
9725 28307.24
9726 54620.58
9727 6954.21
9728 35115.86
9729 21984.57
9730 38609.18
9731 8098.52
9732 30797.89
9733 58810.48
9734 37449.64
9735 17563.89
9736 40844.68
9737 58185.06
9738 31148.78
9739 6116.01
9740 34118.96
9741 53409.57
9742 28526.79
9743 101806.09
9744 65401.37
9745 31379.97
9746 95266.85
9747 52489.96
9748 24913.11
9749 52831.16
9750 66684.03
9751 108368.41
9752 64772.42
9753 74849.89
9754 97468.82
9755 54970.08
9756 120306.07
9757 19857.25
9758 16547.33
9759 55148.52
9760 69467.19
9761 68837.06
9762 7664.50
9763 39171.33
9764 35688.83
9765 52283.60
9766 24810.91
9767 32689.35
9768 8666.70
9769 23677.85
9770 45601.34
9771 44268.60
9772 12842.29
9773 6935.13
9774 17804.31
9775 140914.72
9776 43649.52
9777 109085.41
9778 76510.96
9779 25510.98
9780 72889.01
9781 34363.47
9782 14480.93
9783 16822.35
9784 24694.34
9785 13628.83
9786 45816.89
9787 60464.70
9788 103858.02
9789 38794.75
9790 34707.19
9791 18957.54
9792 68715.70
9793 16234.67
9794 11215.02
9795 14436.22
9796 14684.32
9797 15703.15
9798 2694.85
9799 52314.61
9800 9189.97
9801 27751.89
9802 28600.45
9803 60631.27
9804 48213.47
9805 34897.19
9806 58204.33
9807 39019.69
9808 51884.65
9809 42964.59
9810 13684.42
9811 26672.57
9812 11389.67
9813 18543.23
9814 57497.26
9815 124891.79
9816 55203.32
9817 25141.81
9818 8216.47
9819 60348.83
9820 32836.61
9821 62012.72
9822 103872.74
9823 41943.88
9824 35904.17
9825 7472.57
9826 32583.34
9827 8500.87
9828 18936.66
9829 62904.07
9830 81214.39
9831 10821.92
9832 50337.55
9833 34573.20
9834 24580.88
9835 98768.10
9836 127759.69
9837 32632.75
9838 25264.30
9839 28068.59
9840 5842.04
9841 18386.34
9842 54201.67
9843 7093.62
9844 54928.39
9845 76409.79
9846 25211.24
9847 54250.33
9848 32831.88
9849 15596.38
9850 31400.25
9851 31521.14
9852 9170.71
9853 37034.72
9854 55258.67
9855 17907.70
9856 41630.28
9857 8053.41
9858 46901.79
9859 27547.79
9860 48243.43
9861 28909.91
9862 61067.20
9863 38946.11
9864 147520.80
9865 36799.64
9866 56458.89
9867 9181.89
9868 78500.68
9869 95884.15
9870 14963.50
9871 13084.18
9872 26832.34
9873 35902.97
9874 66359.97
9875 83439.66
9876 29695.61
9877 58832.16
9878 54397.15
9879 51660.79
9880 24383.46
9881 28042.78
9882 20679.09
9883 34068.48
9884 9879.16
9885 6065.72
9886 32745.60
9887 49499.16
9888 64898.13
9889 23839.95
9890 59399.62
9891 61084.95
9892 61488.83
9893 56623.70
9894 43951.19
9895 118455.59
9896 39478.44
9897 48151.70
9898 34535.40
9899 33787.66
9900 29238.96
9901 38632.49
9902 80018.50
9903 29206.58
9904 21633.72
9905 93238.99
9906 63153.64
9907 16246.40
9908 35922.90
9909 9145.39
9910 74646.51
9911 15526.82
9912 13460.42
9913 12153.97
9914 19612.39
9915 13211.07
9916 15202.19
9917 24968.86
9918 16046.47
9919 28658.55
9920 90872.90
9921 36457.73
9922 42556.55
9923 38243.13
9924 13550.16
9925 29338.03
9926 59195.59
9927 27268.56
9928 20613.78
9929 5271.82
9930 27027.63
9931 41333.12
9932 17360.30
9933 44118.79
9934 58282.78
9935 16808.80
9936 15839.36
9937 21529.79
9938 20885.60
9939 25928.93
9940 20217.54
9941 8189.83
9942 27297.43
9943 46894.16
9944 14972.44
9945 37616.68
9946 41824.06
9947 27440.16
9948 42362.70
9949 32652.07
9950 2131.88
9951 30308.05
9952 50552.33
9953 69137.23
9954 144646.09
9955 9387.38
9956 48234.76
9957 68559.17
9958 25646.28
9959 22483.01
9960 39256.52
9961 61142.63
9962 127443.42
9963 74901.07
9964 39330.80
9965 2158.87
9966 30055.33
9967 24061.43
9968 34521.34
9969 15825.36
9970 44928.90
9971 2607.75
9972 25815.86
9973 36437.87
9974 93055.51
9975 57529.94
9976 65525.82
9977 12716.77
9978 54251.14
9979 96007.54
9980 54213.58
9981 26700.14
9982 43186.47
9983 37626.75
9984 107358.04
9985 65500.92
9986 9766.35
9987 61016.85
9988 49813.33
9989 125521.42
9990 96127.55
9991 42776.81
9992 87681.70
9993 83442.96
9994 31774.54
9995 68445.17
9996 39881.85
9997 24812.37
9998 14230.38
9999 8187.48
Execution time: 63526.27 ms
