Algorithm: Connected Components
Number of components: 50
Vertex Component
0 0
1 0
2 0
3 0
4 0
5 0
6 0
7 0
8 0
9 0
10 0
11 0
12 0
13 0
14 0
15 0
16 0
17 0
18 0
19 0
20 0
21 0
22 0
23 0
24 0
25 0
26 0
27 0
28 0
29 0
30 0
31 0
32 0
33 0
34 0
35 0
36 0
37 0
38 0
39 0
40 0
41 0
42 0
43 0
44 0
45 0
46 0
47 0
48 0
49 0
50 0
51 0
52 0
53 0
54 0
55 0
56 0
57 0
58 0
59 0
60 0
61 0
62 0
63 0
64 0
65 0
66 0
67 0
68 0
69 0
70 0
71 0
72 0
73 0
74 0
75 0
76 0
77 0
78 0
79 0
80 0
81 0
82 0
83 0
84 0
85 0
86 0
87 0
88 0
89 0
90 0
91 0
92 0
93 0
94 0
95 0
96 0
97 0
98 0
99 0
100 0
101 0
102 0
103 0
104 0
105 0
106 0
107 0
108 0
109 0
110 0
111 0
112 0
113 0
114 0
115 0
116 0
117 0
118 0
119 0
120 0
121 0
122 0
123 0
124 0
125 0
126 0
127 0
128 0
129 0
130 0
131 0
132 0
133 0
134 0
135 0
136 0
137 0
138 0
139 0
140 0
141 0
142 0
143 0
144 0
145 0
146 0
147 0
148 0
149 0
150 0
151 0
152 0
153 0
154 0
155 0
156 0
157 0
158 0
159 0
160 0
161 0
162 0
163 0
164 0
165 0
166 0
167 0
168 0
169 0
170 0
171 0
172 0
173 0
174 0
175 0
176 0
177 0
178 0
179 0
180 0
181 0
182 0
183 0
184 0
185 0
186 0
187 0
188 0
189 0
190 0
191 0
192 0
193 0
194 0
195 0
196 0
197 0
198 0
199 0
200 0
201 0
202 0
203 0
204 0
205 0
206 0
207 0
208 0
209 0
210 0
211 0
212 0
213 0
214 0
215 0
216 0
217 0
218 0
219 0
220 0
221 0
222 0
223 0
224 0
225 0
226 0
227 0
228 0
229 0
230 0
231 0
232 0
233 0
234 0
235 0
236 0
237 0
238 0
239 0
240 0
241 0
242 0
243 0
244 0
245 0
246 0
247 0
248 0
249 0
250 0
251 0
252 0
253 0
254 0
255 0
256 0
257 0
258 0
259 0
260 0
261 0
262 0
263 0
264 0
265 0
266 0
267 0
268 0
269 0
270 0
271 0
272 0
273 0
274 0
275 0
276 0
277 0
278 0
279 0
280 0
281 0
282 0
283 0
284 0
285 0
286 0
287 0
288 0
289 0
290 0
291 0
292 0
293 0
294 0
295 0
296 0
297 0
298 0
299 0
300 0
301 0
302 0
303 0
304 0
305 0
306 0
307 0
308 0
309 0
310 0
311 0
312 0
313 0
314 0
315 0
316 0
317 0
318 0
319 0
320 0
321 0
322 0
323 0
324 0
325 0
326 0
327 0
328 0
329 0
330 0
331 0
332 0
333 0
334 0
335 0
336 0
337 0
338 0
339 0
340 0
341 0
342 0
343 0
344 0
345 0
346 0
347 0
348 0
349 0
350 0
351 0
352 0
353 0
354 0
355 0
356 0
357 0
358 0
359 0
360 0
361 0
362 0
363 0
364 0
365 0
366 0
367 0
368 0
369 0
370 0
371 0
372 0
373 0
374 0
375 0
376 0
377 0
378 0
379 0
380 0
381 0
382 0
383 0
384 0
385 0
386 0
387 0
388 0
389 0
390 0
391 0
392 0
393 0
394 0
395 0
396 0
397 0
398 0
399 0
400 0
401 0
402 0
403 0
404 0
405 0
406 0
407 0
408 0
409 0
410 0
411 0
412 0
413 0
414 0
415 0
416 0
417 0
418 0
419 0
420 0
421 0
422 0
423 0
424 0
425 0
426 0
427 0
428 0
429 0
430 0
431 0
432 0
433 0
434 0
435 0
436 0
437 0
438 0
439 0
440 0
441 0
442 0
443 0
444 0
445 0
446 0
447 0
448 0
449 0
450 0
451 0
452 0
453 0
454 0
455 0
456 0
457 0
458 0
459 0
460 0
461 0
462 0
463 0
464 0
465 0
466 0
467 0
468 0
469 0
470 0
471 0
472 0
473 0
474 0
475 0
476 0
477 0
478 0
479 0
480 0
481 0
482 0
483 0
484 0
485 0
486 0
487 0
488 0
489 0
490 0
491 0
492 0
493 0
494 0
495 0
496 0
497 0
498 0
499 0
500 0
501 0
502 0
503 0
504 0
505 0
506 0
507 0
508 0
509 0
510 0
511 0
512 0
513 0
514 0
515 0
516 0
517 0
518 0
519 0
520 0
521 0
522 0
523 0
524 0
525 0
526 0
527 0
528 0
529 0
530 0
531 0
532 0
533 0
534 0
535 0
536 0
537 0
538 0
539 0
540 0
541 0
542 0
543 0
544 0
545 0
546 0
547 0
548 0
549 0
550 0
551 0
552 0
553 0
554 0
555 0
556 0
557 0
558 0
559 0
560 0
561 0
562 0
563 0
564 0
565 0
566 0
567 0
568 0
569 0
570 0
571 0
572 0
573 0
574 0
575 0
576 0
577 0
578 0
579 0
580 0
581 0
582 0
583 0
584 0
585 0
586 0
587 0
588 0
589 0
590 0
591 0
592 0
593 0
594 0
595 0
596 0
597 0
598 0
599 0
600 0
601 0
602 0
603 0
604 0
605 0
606 0
607 0
608 0
609 0
610 0
611 0
612 0
613 0
614 0
615 0
616 0
617 0
618 0
619 0
620 0
621 0
622 0
623 0
624 0
625 0
626 0
627 0
628 0
629 0
630 0
631 0
632 0
633 0
634 0
635 0
636 0
637 0
638 0
639 0
640 0
641 0
642 0
643 0
644 0
645 0
646 0
647 0
648 0
649 0
650 0
651 0
652 0
653 0
654 0
655 0
656 0
657 0
658 0
659 0
660 0
661 0
662 0
663 0
664 0
665 0
666 0
667 0
668 0
669 0
670 0
671 0
672 0
673 0
674 0
675 0
676 0
677 0
678 0
679 0
680 0
681 0
682 0
683 0
684 0
685 0
686 0
687 0
688 0
689 0
690 0
691 0
692 0
693 0
694 0
695 0
696 0
697 0
698 0
699 0
700 0
701 0
702 0
703 0
704 0
705 0
706 0
707 0
708 0
709 0
710 0
711 0
712 0
713 0
714 0
715 0
716 0
717 0
718 0
719 0
720 0
721 0
722 0
723 0
724 0
725 0
726 0
727 0
728 0
729 0
730 0
731 0
732 0
733 0
734 0
735 0
736 0
737 0
738 0
739 0
740 0
741 0
742 0
743 0
744 0
745 0
746 0
747 0
748 0
749 0
750 0
751 0
752 0
753 0
754 0
755 0
756 0
757 0
758 0
759 0
760 0
761 0
762 0
763 0
764 0
765 0
766 0
767 0
768 0
769 0
770 0
771 0
772 0
773 0
774 0
775 0
776 0
777 0
778 0
779 0
780 0
781 0
782 0
783 0
784 0
785 0
786 0
787 0
788 0
789 0
790 0
791 0
792 0
793 0
794 0
795 0
796 0
797 0
798 0
799 0
800 0
801 0
802 0
803 0
804 0
805 0
806 0
807 0
808 0
809 0
810 0
811 0
812 0
813 0
814 0
815 0
816 0
817 0
818 0
819 0
820 0
821 0
822 0
823 0
824 0
825 0
826 0
827 0
828 0
829 0
830 0
831 0
832 0
833 0
834 0
835 0
836 0
837 0
838 0
839 0
840 0
841 0
842 0
843 0
844 0
845 0
846 0
847 0
848 0
849 0
850 0
851 0
852 0
853 0
854 0
855 0
856 0
857 0
858 0
859 0
860 0
861 0
862 0
863 0
864 0
865 0
866 0
867 0
868 0
869 0
870 0
871 0
872 0
873 0
874 0
875 0
876 0
877 0
878 0
879 0
880 0
881 0
882 0
883 0
884 0
885 0
886 0
887 0
888 0
889 0
890 0
891 0
892 0
893 0
894 0
895 0
896 0
897 0
898 0
899 0
900 0
901 0
902 0
903 0
904 0
905 0
906 0
907 0
908 0
909 0
910 0
911 0
912 0
913 0
914 0
915 0
916 0
917 0
918 0
919 0
920 0
921 0
922 0
923 0
924 0
925 0
926 0
927 0
928 0
929 0
930 0
931 0
932 0
933 0
934 0
935 0
936 0
937 0
938 0
939 0
940 0
941 0
942 0
943 0
944 0
945 0
946 0
947 0
948 0
949 0
950 0
951 0
952 0
953 0
954 0
955 0
956 0
957 0
958 0
959 0
960 0
961 0
962 0
963 0
964 0
965 0
966 0
967 0
968 0
969 0
970 0
971 0
972 0
973 0
974 0
975 0
976 0
977 0
978 0
979 0
980 0
981 0
982 0
983 0
984 0
985 0
986 0
987 0
988 0
989 0
990 0
991 0
992 0
993 0
994 0
995 0
996 0
997 0
998 0
999 0
1000 1
1001 1
1002 1
1003 1
1004 1
1005 1
1006 1
1007 1
1008 1
1009 1
1010 1
1011 1
1012 1
1013 1
1014 1
1015 1
1016 1
1017 1
1018 1
1019 1
1020 1
1021 1
1022 1
1023 1
1024 1
1025 1
1026 1
1027 1
1028 1
1029 1
1030 1
1031 1
1032 1
1033 1
1034 1
1035 1
1036 1
1037 1
1038 1
1039 1
1040 1
1041 1
1042 1
1043 1
1044 1
1045 1
1046 1
1047 1
1048 1
1049 1
1050 1
1051 1
1052 1
1053 1
1054 1
1055 1
1056 1
1057 1
1058 1
1059 1
1060 1
1061 1
1062 1
1063 1
1064 1
1065 1
1066 1
1067 1
1068 1
1069 1
1070 1
1071 1
1072 1
1073 1
1074 1
1075 1
1076 1
1077 1
1078 1
1079 1
1080 1
1081 1
1082 1
1083 1
1084 1
1085 1
1086 1
1087 1
1088 1
1089 1
1090 1
1091 1
1092 1
1093 1
1094 1
1095 1
1096 1
1097 1
1098 1
1099 1
1100 1
1101 1
1102 1
1103 1
1104 1
1105 1
1106 1
1107 1
1108 1
1109 1
1110 1
1111 1
1112 1
1113 1
1114 1
1115 1
1116 1
1117 1
1118 1
1119 1
1120 1
1121 1
1122 1
1123 1
1124 1
1125 1
1126 1
1127 1
1128 1
1129 1
1130 1
1131 1
1132 1
1133 1
1134 1
1135 1
1136 1
1137 1
1138 1
1139 1
1140 1
1141 1
1142 1
1143 1
1144 1
1145 1
1146 1
1147 1
1148 1
1149 1
1150 1
1151 1
1152 1
1153 1
1154 1
1155 1
1156 1
1157 1
1158 1
1159 1
1160 1
1161 1
1162 1
1163 1
1164 1
1165 1
1166 1
1167 1
1168 1
1169 1
1170 1
1171 1
1172 1
1173 1
1174 1
1175 1
1176 1
1177 1
1178 1
1179 1
1180 1
1181 1
1182 1
1183 1
1184 1
1185 1
1186 1
1187 1
1188 1
1189 1
1190 1
1191 1
1192 1
1193 1
1194 1
1195 1
1196 1
1197 1
1198 1
1199 1
1200 1
1201 1
1202 1
1203 1
1204 1
1205 1
1206 1
1207 1
1208 1
1209 1
1210 1
1211 1
1212 1
1213 1
1214 1
1215 1
1216 1
1217 1
1218 1
1219 1
1220 1
1221 1
1222 1
1223 1
1224 1
1225 1
1226 1
1227 1
1228 1
1229 1
1230 1
1231 1
1232 1
1233 1
1234 1
1235 1
1236 1
1237 1
1238 1
1239 1
1240 1
1241 1
1242 1
1243 1
1244 1
1245 1
1246 1
1247 1
1248 1
1249 1
1250 1
1251 1
1252 1
1253 1
1254 1
1255 1
1256 1
1257 1
1258 1
1259 1
1260 1
1261 1
1262 1
1263 1
1264 1
1265 1
1266 1
1267 1
1268 1
1269 1
1270 1
1271 1
1272 1
1273 1
1274 1
1275 1
1276 1
1277 1
1278 1
1279 1
1280 1
1281 1
1282 1
1283 1
1284 1
1285 1
1286 1
1287 1
1288 1
1289 1
1290 1
1291 1
1292 1
1293 1
1294 1
1295 1
1296 1
1297 1
1298 1
1299 1
1300 1
1301 1
1302 1
1303 1
1304 1
1305 1
1306 1
1307 1
1308 1
1309 1
1310 1
1311 1
1312 1
1313 1
1314 1
1315 1
1316 1
1317 1
1318 1
1319 1
1320 1
1321 1
1322 1
1323 1
1324 1
1325 1
1326 1
1327 1
1328 1
1329 1
1330 1
1331 1
1332 1
1333 1
1334 1
1335 1
1336 1
1337 1
1338 1
1339 1
1340 1
1341 1
1342 1
1343 1
1344 1
1345 1
1346 1
1347 1
1348 1
1349 1
1350 1
1351 1
1352 1
1353 1
1354 1
1355 1
1356 1
1357 1
1358 1
1359 1
1360 1
1361 1
1362 1
1363 1
1364 1
1365 1
1366 1
1367 1
1368 1
1369 1
1370 1
1371 1
1372 1
1373 1
1374 1
1375 1
1376 1
1377 1
1378 1
1379 1
1380 1
1381 1
1382 1
1383 1
1384 1
1385 1
1386 1
1387 1
1388 1
1389 1
1390 1
1391 1
1392 1
1393 1
1394 1
1395 1
1396 1
1397 1
1398 1
1399 1
1400 1
1401 1
1402 1
1403 1
1404 1
1405 1
1406 1
1407 1
1408 1
1409 1
1410 1
1411 1
1412 1
1413 1
1414 1
1415 1
1416 1
1417 1
1418 1
1419 1
1420 1
1421 1
1422 1
1423 1
1424 1
1425 1
1426 1
1427 1
1428 1
1429 1
1430 1
1431 1
1432 1
1433 1
1434 1
1435 1
1436 1
1437 1
1438 1
1439 1
1440 1
1441 1
1442 1
1443 1
1444 1
1445 1
1446 1
1447 1
1448 1
1449 1
1450 1
1451 1
1452 1
1453 1
1454 1
1455 1
1456 1
1457 1
1458 1
1459 1
1460 1
1461 1
1462 1
1463 1
1464 1
1465 1
1466 1
1467 1
1468 1
1469 1
1470 1
1471 1
1472 1
1473 1
1474 1
1475 1
1476 1
1477 1
1478 1
1479 1
1480 1
1481 1
1482 1
1483 1
1484 1
1485 1
1486 1
1487 1
1488 1
1489 1
1490 1
1491 1
1492 1
1493 1
1494 1
1495 1
1496 1
1497 1
1498 1
1499 1
1500 1
1501 1
1502 1
1503 1
1504 1
1505 1
1506 1
1507 1
1508 1
1509 1
1510 1
1511 1
1512 1
1513 1
1514 1
1515 1
1516 1
1517 1
1518 1
1519 1
1520 1
1521 1
1522 1
1523 1
1524 1
1525 1
1526 1
1527 1
1528 1
1529 1
1530 1
1531 1
1532 1
1533 1
1534 1
1535 1
1536 1
1537 1
1538 1
1539 1
1540 1
1541 1
1542 1
1543 1
1544 1
1545 1
1546 1
1547 1
1548 1
1549 1
1550 1
1551 1
1552 1
1553 1
1554 1
1555 1
1556 1
1557 1
1558 1
1559 1
1560 1
1561 1
1562 1
1563 1
1564 1
1565 1
1566 1
1567 1
1568 1
1569 1
1570 1
1571 1
1572 1
1573 1
1574 1
1575 1
1576 1
1577 1
1578 1
1579 1
1580 1
1581 1
1582 1
1583 1
1584 1
1585 1
1586 1
1587 1
1588 1
1589 1
1590 1
1591 1
1592 1
1593 1
1594 1
1595 1
1596 1
1597 1
1598 1
1599 1
1600 1
1601 1
1602 1
1603 1
1604 1
1605 1
1606 1
1607 1
1608 1
1609 1
1610 1
1611 1
1612 1
1613 1
1614 1
1615 1
1616 1
1617 1
1618 1
1619 1
1620 1
1621 1
1622 1
1623 1
1624 1
1625 1
1626 1
1627 1
1628 1
1629 1
1630 1
1631 1
1632 1
1633 1
1634 1
1635 1
1636 1
1637 1
1638 1
1639 1
1640 1
1641 1
1642 1
1643 1
1644 1
1645 1
1646 1
1647 1
1648 1
1649 1
1650 1
1651 1
1652 1
1653 1
1654 1
1655 1
1656 1
1657 1
1658 1
1659 1
1660 1
1661 1
1662 1
1663 1
1664 1
1665 1
1666 1
1667 1
1668 1
1669 1
1670 1
1671 1
1672 1
1673 1
1674 1
1675 1
1676 1
1677 1
1678 1
1679 1
1680 1
1681 1
1682 1
1683 1
1684 1
1685 1
1686 1
1687 1
1688 1
1689 1
1690 1
1691 1
1692 1
1693 1
1694 1
1695 1
1696 1
1697 1
1698 1
1699 1
1700 1
1701 1
1702 1
1703 1
1704 1
1705 1
1706 1
1707 1
1708 1
1709 1
1710 1
1711 1
1712 1
1713 1
1714 1
1715 1
1716 1
1717 1
1718 1
1719 1
1720 1
1721 1
1722 1
1723 1
1724 1
1725 1
1726 1
1727 1
1728 1
1729 1
1730 1
1731 1
1732 1
1733 1
1734 1
1735 1
1736 1
1737 1
1738 1
1739 1
1740 1
1741 1
1742 1
1743 1
1744 1
1745 1
1746 1
1747 1
1748 1
1749 1
1750 1
1751 1
1752 1
1753 1
1754 1
1755 1
1756 1
1757 1
1758 1
1759 1
1760 1
1761 1
1762 1
1763 1
1764 1
1765 1
1766 1
1767 1
1768 1
1769 1
1770 1
1771 1
1772 1
1773 1
1774 1
1775 1
1776 1
1777 1
1778 1
1779 1
1780 1
1781 1
1782 1
1783 1
1784 1
1785 1
1786 1
1787 1
1788 1
1789 1
1790 1
1791 1
1792 1
1793 1
1794 1
1795 1
1796 1
1797 1
1798 1
1799 1
1800 1
1801 1
1802 1
1803 1
1804 1
1805 1
1806 1
1807 1
1808 1
1809 1
1810 1
1811 1
1812 1
1813 1
1814 1
1815 1
1816 1
1817 1
1818 1
1819 1
1820 1
1821 1
1822 1
1823 1
1824 1
1825 1
1826 1
1827 1
1828 1
1829 1
1830 1
1831 1
1832 1
1833 1
1834 1
1835 1
1836 1
1837 1
1838 1
1839 1
1840 1
1841 1
1842 1
1843 1
1844 1
1845 1
1846 1
1847 1
1848 1
1849 1
1850 1
1851 1
1852 1
1853 1
1854 1
1855 1
1856 1
1857 1
1858 1
1859 1
1860 1
1861 1
1862 1
1863 1
1864 1
1865 1
1866 1
1867 1
1868 1
1869 1
1870 1
1871 1
1872 1
1873 1
1874 1
1875 1
1876 1
1877 1
1878 1
1879 1
1880 1
1881 1
1882 1
1883 1
1884 1
1885 1
1886 1
1887 1
1888 1
1889 1
1890 1
1891 1
1892 1
1893 1
1894 1
1895 1
1896 1
1897 1
1898 1
1899 1
1900 1
1901 1
1902 1
1903 1
1904 1
1905 1
1906 1
1907 1
1908 1
1909 1
1910 1
1911 1
1912 1
1913 1
1914 1
1915 1
1916 1
1917 1
1918 1
1919 1
1920 1
1921 1
1922 1
1923 1
1924 1
1925 1
1926 1
1927 1
1928 1
1929 1
1930 1
1931 1
1932 1
1933 1
1934 1
1935 1
1936 1
1937 1
1938 1
1939 1
1940 1
1941 1
1942 1
1943 1
1944 1
1945 1
1946 1
1947 1
1948 1
1949 1
1950 1
1951 1
1952 1
1953 1
1954 1
1955 1
1956 1
1957 1
1958 1
1959 1
1960 1
1961 1
1962 1
1963 1
1964 1
1965 1
1966 1
1967 1
1968 1
1969 1
1970 1
1971 1
1972 1
1973 1
1974 1
1975 1
1976 1
1977 1
1978 1
1979 1
1980 1
1981 1
1982 1
1983 1
1984 1
1985 1
1986 1
1987 1
1988 1
1989 1
1990 1
1991 1
1992 1
1993 1
1994 1
1995 1
1996 1
1997 1
1998 1
1999 1
2000 2
2001 2
2002 2
2003 2
2004 2
2005 2
2006 2
2007 2
2008 2
2009 2
2010 2
2011 2
2012 2
2013 2
2014 2
2015 2
2016 2
2017 2
2018 2
2019 2
2020 2
2021 2
2022 2
2023 2
2024 2
2025 2
2026 2
2027 2
2028 2
2029 2
2030 2
2031 2
2032 2
2033 2
2034 2
2035 2
2036 2
2037 2
2038 2
2039 2
2040 2
2041 2
2042 2
2043 2
2044 2
2045 2
2046 2
2047 2
2048 2
2049 2
2050 2
2051 2
2052 2
2053 2
2054 2
2055 2
2056 2
2057 2
2058 2
2059 2
2060 2
2061 2
2062 2
2063 2
2064 2
2065 2
2066 2
2067 2
2068 2
2069 2
2070 2
2071 2
2072 2
2073 2
2074 2
2075 2
2076 2
2077 2
2078 2
2079 2
2080 2
2081 2
2082 2
2083 2
2084 2
2085 2
2086 2
2087 2
2088 2
2089 2
2090 2
2091 2
2092 2
2093 2
2094 2
2095 2
2096 2
2097 2
2098 2
2099 2
2100 2
2101 2
2102 2
2103 2
2104 2
2105 2
2106 2
2107 2
2108 2
2109 2
2110 2
2111 2
2112 2
2113 2
2114 2
2115 2
2116 2
2117 2
2118 2
2119 2
2120 2
2121 2
2122 2
2123 2
2124 2
2125 2
2126 2
2127 2
2128 2
2129 2
2130 2
2131 2
2132 2
2133 2
2134 2
2135 2
2136 2
2137 2
2138 2
2139 2
2140 2
2141 2
2142 2
2143 2
2144 2
2145 2
2146 2
2147 2
2148 2
2149 2
2150 2
2151 2
2152 2
2153 2
2154 2
2155 2
2156 2
2157 2
2158 2
2159 2
2160 2
2161 2
2162 2
2163 2
2164 2
2165 2
2166 2
2167 2
2168 2
2169 2
2170 2
2171 2
2172 2
2173 2
2174 2
2175 2
2176 2
2177 2
2178 2
2179 2
2180 2
2181 2
2182 2
2183 2
2184 2
2185 2
2186 2
2187 2
2188 2
2189 2
2190 2
2191 2
2192 2
2193 2
2194 2
2195 2
2196 2
2197 2
2198 2
2199 2
2200 2
2201 2
2202 2
2203 2
2204 2
2205 2
2206 2
2207 2
2208 2
2209 2
2210 2
2211 2
2212 2
2213 2
2214 2
2215 2
2216 2
2217 2
2218 2
2219 2
2220 2
2221 2
2222 2
2223 2
2224 2
2225 2
2226 2
2227 2
2228 2
2229 2
2230 2
2231 2
2232 2
2233 2
2234 2
2235 2
2236 2
2237 2
2238 2
2239 2
2240 2
2241 2
2242 2
2243 2
2244 2
2245 2
2246 2
2247 2
2248 2
2249 2
2250 2
2251 2
2252 2
2253 2
2254 2
2255 2
2256 2
2257 2
2258 2
2259 2
2260 2
2261 2
2262 2
2263 2
2264 2
2265 2
2266 2
2267 2
2268 2
2269 2
2270 2
2271 2
2272 2
2273 2
2274 2
2275 2
2276 2
2277 2
2278 2
2279 2
2280 2
2281 2
2282 2
2283 2
2284 2
2285 2
2286 2
2287 2
2288 2
2289 2
2290 2
2291 2
2292 2
2293 2
2294 2
2295 2
2296 2
2297 2
2298 2
2299 2
2300 2
2301 2
2302 2
2303 2
2304 2
2305 2
2306 2
2307 2
2308 2
2309 2
2310 2
2311 2
2312 2
2313 2
2314 2
2315 2
2316 2
2317 2
2318 2
2319 2
2320 2
2321 2
2322 2
2323 2
2324 2
2325 2
2326 2
2327 2
2328 2
2329 2
2330 2
2331 2
2332 2
2333 2
2334 2
2335 2
2336 2
2337 2
2338 2
2339 2
2340 2
2341 2
2342 2
2343 2
2344 2
2345 2
2346 2
2347 2
2348 2
2349 2
2350 2
2351 2
2352 2
2353 2
2354 2
2355 2
2356 2
2357 2
2358 2
2359 2
2360 2
2361 2
2362 2
2363 2
2364 2
2365 2
2366 2
2367 2
2368 2
2369 2
2370 2
2371 2
2372 2
2373 2
2374 2
2375 2
2376 2
2377 2
2378 2
2379 2
2380 2
2381 2
2382 2
2383 2
2384 2
2385 2
2386 2
2387 2
2388 2
2389 2
2390 2
2391 2
2392 2
2393 2
2394 2
2395 2
2396 2
2397 2
2398 2
2399 2
2400 2
2401 2
2402 2
2403 2
2404 2
2405 2
2406 2
2407 2
2408 2
2409 2
2410 2
2411 2
2412 2
2413 2
2414 2
2415 2
2416 2
2417 2
2418 2
2419 2
2420 2
2421 2
2422 2
2423 2
2424 2
2425 2
2426 2
2427 2
2428 2
2429 2
2430 2
2431 2
2432 2
2433 2
2434 2
2435 2
2436 2
2437 2
2438 2
2439 2
2440 2
2441 2
2442 2
2443 2
2444 2
2445 2
2446 2
2447 2
2448 2
2449 2
2450 2
2451 2
2452 2
2453 2
2454 2
2455 2
2456 2
2457 2
2458 2
2459 2
2460 2
2461 2
2462 2
2463 2
2464 2
2465 2
2466 2
2467 2
2468 2
2469 2
2470 2
2471 2
2472 2
2473 2
2474 2
2475 2
2476 2
2477 2
2478 2
2479 2
2480 2
2481 2
2482 2
2483 2
2484 2
2485 2
2486 2
2487 2
2488 2
2489 2
2490 2
2491 2
2492 2
2493 2
2494 2
2495 2
2496 2
2497 2
2498 2
2499 2
2500 2
2501 2
2502 2
2503 2
2504 2
2505 2
2506 2
2507 2
2508 2
2509 2
2510 2
2511 2
2512 2
2513 2
2514 2
2515 2
2516 2
2517 2
2518 2
2519 2
2520 2
2521 2
2522 2
2523 2
2524 2
2525 2
2526 2
2527 2
2528 2
2529 2
2530 2
2531 2
2532 2
2533 2
2534 2
2535 2
2536 2
2537 2
2538 2
2539 2
2540 2
2541 2
2542 2
2543 2
2544 2
2545 2
2546 2
2547 2
2548 2
2549 2
2550 2
2551 2
2552 2
2553 2
2554 2
2555 2
2556 2
2557 2
2558 2
2559 2
2560 2
2561 2
2562 2
2563 2
2564 2
2565 2
2566 2
2567 2
2568 2
2569 2
2570 2
2571 2
2572 2
2573 2
2574 2
2575 2
2576 2
2577 2
2578 2
2579 2
2580 2
2581 2
2582 2
2583 2
2584 2
2585 2
2586 2
2587 2
2588 2
2589 2
2590 2
2591 2
2592 2
2593 2
2594 2
2595 2
2596 2
2597 2
2598 2
2599 2
2600 2
2601 2
2602 2
2603 2
2604 2
2605 2
2606 2
2607 2
2608 2
2609 2
2610 2
2611 2
2612 2
2613 2
2614 2
2615 2
2616 2
2617 2
2618 2
2619 2
2620 2
2621 2
2622 2
2623 2
2624 2
2625 2
2626 2
2627 2
2628 2
2629 2
2630 2
2631 2
2632 2
2633 2
2634 2
2635 2
2636 2
2637 2
2638 2
2639 2
2640 2
2641 2
2642 2
2643 2
2644 2
2645 2
2646 2
2647 2
2648 2
2649 2
2650 2
2651 2
2652 2
2653 2
2654 2
2655 2
2656 2
2657 2
2658 2
2659 2
2660 2
2661 2
2662 2
2663 2
2664 2
2665 2
2666 2
2667 2
2668 2
2669 2
2670 2
2671 2
2672 2
2673 2
2674 2
2675 2
2676 2
2677 2
2678 2
2679 2
2680 2
2681 2
2682 2
2683 2
2684 2
2685 2
2686 2
2687 2
2688 2
2689 2
2690 2
2691 2
2692 2
2693 2
2694 2
2695 2
2696 2
2697 2
2698 2
2699 2
2700 2
2701 2
2702 2
2703 2
2704 2
2705 2
2706 2
2707 2
2708 2
2709 2
2710 2
2711 2
2712 2
2713 2
2714 2
2715 2
2716 2
2717 2
2718 2
2719 2
2720 2
2721 2
2722 2
2723 2
2724 2
2725 2
2726 2
2727 2
2728 2
2729 2
2730 2
2731 2
2732 2
2733 2
2734 2
2735 2
2736 2
2737 2
2738 2
2739 2
2740 2
2741 2
2742 2
2743 2
2744 2
2745 2
2746 2
2747 2
2748 2
2749 2
2750 2
2751 2
2752 2
2753 2
2754 2
2755 2
2756 2
2757 2
2758 2
2759 2
2760 2
2761 2
2762 2
2763 2
2764 2
2765 2
2766 2
2767 2
2768 2
2769 2
2770 2
2771 2
2772 2
2773 2
2774 2
2775 2
2776 2
2777 2
2778 2
2779 2
2780 2
2781 2
2782 2
2783 2
2784 2
2785 2
2786 2
2787 2
2788 2
2789 2
2790 2
2791 2
2792 2
2793 2
2794 2
2795 2
2796 2
2797 2
2798 2
2799 2
2800 2
2801 2
2802 2
2803 2
2804 2
2805 2
2806 2
2807 2
2808 2
2809 2
2810 2
2811 2
2812 2
2813 2
2814 2
2815 2
2816 2
2817 2
2818 2
2819 2
2820 2
2821 2
2822 2
2823 2
2824 2
2825 2
2826 2
2827 2
2828 2
2829 2
2830 2
2831 2
2832 2
2833 2
2834 2
2835 2
2836 2
2837 2
2838 2
2839 2
2840 2
2841 2
2842 2
2843 2
2844 2
2845 2
2846 2
2847 2
2848 2
2849 2
2850 2
2851 2
2852 2
2853 2
2854 2
2855 2
2856 2
2857 2
2858 2
2859 2
2860 2
2861 2
2862 2
2863 2
2864 2
2865 2
2866 2
2867 2
2868 2
2869 2
2870 2
2871 2
2872 2
2873 2
2874 2
2875 2
2876 2
2877 2
2878 2
2879 2
2880 2
2881 2
2882 2
2883 2
2884 2
2885 2
2886 2
2887 2
2888 2
2889 2
2890 2
2891 2
2892 2
2893 2
2894 2
2895 2
2896 2
2897 2
2898 2
2899 2
2900 2
2901 2
2902 2
2903 2
2904 2
2905 2
2906 2
2907 2
2908 2
2909 2
2910 2
2911 2
2912 2
2913 2
2914 2
2915 2
2916 2
2917 2
2918 2
2919 2
2920 2
2921 2
2922 2
2923 2
2924 2
2925 2
2926 2
2927 2
2928 2
2929 2
2930 2
2931 2
2932 2
2933 2
2934 2
2935 2
2936 2
2937 2
2938 2
2939 2
2940 2
2941 2
2942 2
2943 2
2944 2
2945 2
2946 2
2947 2
2948 2
2949 2
2950 2
2951 2
2952 2
2953 2
2954 2
2955 2
2956 2
2957 2
2958 2
2959 2
2960 2
2961 2
2962 2
2963 2
2964 2
2965 2
2966 2
2967 2
2968 2
2969 2
2970 2
2971 2
2972 2
2973 2
2974 2
2975 2
2976 2
2977 2
2978 2
2979 2
2980 2
2981 2
2982 2
2983 2
2984 2
2985 2
2986 2
2987 2
2988 2
2989 2
2990 2
2991 2
2992 2
2993 2
2994 2
2995 2
2996 2
2997 2
2998 2
2999 2
3000 3
3001 3
3002 3
3003 3
3004 3
3005 3
3006 3
3007 3
3008 3
3009 3
3010 3
3011 3
3012 3
3013 3
3014 3
3015 3
3016 3
3017 3
3018 3
3019 3
3020 3
3021 3
3022 3
3023 3
3024 3
3025 3
3026 3
3027 3
3028 3
3029 3
3030 3
3031 3
3032 3
3033 3
3034 3
3035 3
3036 3
3037 3
3038 3
3039 3
3040 3
3041 3
3042 3
3043 3
3044 3
3045 3
3046 3
3047 3
3048 3
3049 3
3050 3
3051 3
3052 3
3053 3
3054 3
3055 3
3056 3
3057 3
3058 3
3059 3
3060 3
3061 3
3062 3
3063 3
3064 3
3065 3
3066 3
3067 3
3068 3
3069 3
3070 3
3071 3
3072 3
3073 3
3074 3
3075 3
3076 3
3077 3
3078 3
3079 3
3080 3
3081 3
3082 3
3083 3
3084 3
3085 3
3086 3
3087 3
3088 3
3089 3
3090 3
3091 3
3092 3
3093 3
3094 3
3095 3
3096 3
3097 3
3098 3
3099 3
3100 3
3101 3
3102 3
3103 3
3104 3
3105 3
3106 3
3107 3
3108 3
3109 3
3110 3
3111 3
3112 3
3113 3
3114 3
3115 3
3116 3
3117 3
3118 3
3119 3
3120 3
3121 3
3122 3
3123 3
3124 3
3125 3
3126 3
3127 3
3128 3
3129 3
3130 3
3131 3
3132 3
3133 3
3134 3
3135 3
3136 3
3137 3
3138 3
3139 3
3140 3
3141 3
3142 3
3143 3
3144 3
3145 3
3146 3
3147 3
3148 3
3149 3
3150 3
3151 3
3152 3
3153 3
3154 3
3155 3
3156 3
3157 3
3158 3
3159 3
3160 3
3161 3
3162 3
3163 3
3164 3
3165 3
3166 3
3167 3
3168 3
3169 3
3170 3
3171 3
3172 3
3173 3
3174 3
3175 3
3176 3
3177 3
3178 3
3179 3
3180 3
3181 3
3182 3
3183 3
3184 3
3185 3
3186 3
3187 3
3188 3
3189 3
3190 3
3191 3
3192 3
3193 3
3194 3
3195 3
3196 3
3197 3
3198 3
3199 3
3200 3
3201 3
3202 3
3203 3
3204 3
3205 3
3206 3
3207 3
3208 3
3209 3
3210 3
3211 3
3212 3
3213 3
3214 3
3215 3
3216 3
3217 3
3218 3
3219 3
3220 3
3221 3
3222 3
3223 3
3224 3
3225 3
3226 3
3227 3
3228 3
3229 3
3230 3
3231 3
3232 3
3233 3
3234 3
3235 3
3236 3
3237 3
3238 3
3239 3
3240 3
3241 3
3242 3
3243 3
3244 3
3245 3
3246 3
3247 3
3248 3
3249 3
3250 3
3251 3
3252 3
3253 3
3254 3
3255 3
3256 3
3257 3
3258 3
3259 3
3260 3
3261 3
3262 3
3263 3
3264 3
3265 3
3266 3
3267 3
3268 3
3269 3
3270 3
3271 3
3272 3
3273 3
3274 3
3275 3
3276 3
3277 3
3278 3
3279 3
3280 3
3281 3
3282 3
3283 3
3284 3
3285 3
3286 3
3287 3
3288 3
3289 3
3290 3
3291 3
3292 3
3293 3
3294 3
3295 3
3296 3
3297 3
3298 3
3299 3
3300 3
3301 3
3302 3
3303 3
3304 3
3305 3
3306 3
3307 3
3308 3
3309 3
3310 3
3311 3
3312 3
3313 3
3314 3
3315 3
3316 3
3317 3
3318 3
3319 3
3320 3
3321 3
3322 3
3323 3
3324 3
3325 3
3326 3
3327 3
3328 3
3329 3
3330 3
3331 3
3332 3
3333 3
3334 3
3335 3
3336 3
3337 3
3338 3
3339 3
3340 3
3341 3
3342 3
3343 3
3344 3
3345 3
3346 3
3347 3
3348 3
3349 3
3350 3
3351 3
3352 3
3353 3
3354 3
3355 3
3356 3
3357 3
3358 3
3359 3
3360 3
3361 3
3362 3
3363 3
3364 3
3365 3
3366 3
3367 3
3368 3
3369 3
3370 3
3371 3
3372 3
3373 3
3374 3
3375 3
3376 3
3377 3
3378 3
3379 3
3380 3
3381 3
3382 3
3383 3
3384 3
3385 3
3386 3
3387 3
3388 3
3389 3
3390 3
3391 3
3392 3
3393 3
3394 3
3395 3
3396 3
3397 3
3398 3
3399 3
3400 3
3401 3
3402 3
3403 3
3404 3
3405 3
3406 3
3407 3
3408 3
3409 3
3410 3
3411 3
3412 3
3413 3
3414 3
3415 3
3416 3
3417 3
3418 3
3419 3
3420 3
3421 3
3422 3
3423 3
3424 3
3425 3
3426 3
3427 3
3428 3
3429 3
3430 3
3431 3
3432 3
3433 3
3434 3
3435 3
3436 3
3437 3
3438 3
3439 3
3440 3
3441 3
3442 3
3443 3
3444 3
3445 3
3446 3
3447 3
3448 3
3449 3
3450 3
3451 3
3452 3
3453 3
3454 3
3455 3
3456 3
3457 3
3458 3
3459 3
3460 3
3461 3
3462 3
3463 3
3464 3
3465 3
3466 3
3467 3
3468 3
3469 3
3470 3
3471 3
3472 3
3473 3
3474 3
3475 3
3476 3
3477 3
3478 3
3479 3
3480 3
3481 3
3482 3
3483 3
3484 3
3485 3
3486 3
3487 3
3488 3
3489 3
3490 3
3491 3
3492 3
3493 3
3494 3
3495 3
3496 3
3497 3
3498 3
3499 3
3500 3
3501 3
3502 3
3503 3
3504 3
3505 3
3506 3
3507 3
3508 3
3509 3
3510 3
3511 3
3512 3
3513 3
3514 3
3515 3
3516 3
3517 3
3518 3
3519 3
3520 3
3521 3
3522 3
3523 3
3524 3
3525 3
3526 3
3527 3
3528 3
3529 3
3530 3
3531 3
3532 3
3533 3
3534 3
3535 3
3536 3
3537 3
3538 3
3539 3
3540 3
3541 3
3542 3
3543 3
3544 3
3545 3
3546 3
3547 3
3548 3
3549 3
3550 3
3551 3
3552 3
3553 3
3554 3
3555 3
3556 3
3557 3
3558 3
3559 3
3560 3
3561 3
3562 3
3563 3
3564 3
3565 3
3566 3
3567 3
3568 3
3569 3
3570 3
3571 3
3572 3
3573 3
3574 3
3575 3
3576 3
3577 3
3578 3
3579 3
3580 3
3581 3
3582 3
3583 3
3584 3
3585 3
3586 3
3587 3
3588 3
3589 3
3590 3
3591 3
3592 3
3593 3
3594 3
3595 3
3596 3
3597 3
3598 3
3599 3
3600 3
3601 3
3602 3
3603 3
3604 3
3605 3
3606 3
3607 3
3608 3
3609 3
3610 3
3611 3
3612 3
3613 3
3614 3
3615 3
3616 3
3617 3
3618 3
3619 3
3620 3
3621 3
3622 3
3623 3
3624 3
3625 3
3626 3
3627 3
3628 3
3629 3
3630 3
3631 3
3632 3
3633 3
3634 3
3635 3
3636 3
3637 3
3638 3
3639 3
3640 3
3641 3
3642 3
3643 3
3644 3
3645 3
3646 3
3647 3
3648 3
3649 3
3650 3
3651 3
3652 3
3653 3
3654 3
3655 3
3656 3
3657 3
3658 3
3659 3
3660 3
3661 3
3662 3
3663 3
3664 3
3665 3
3666 3
3667 3
3668 3
3669 3
3670 3
3671 3
3672 3
3673 3
3674 3
3675 3
3676 3
3677 3
3678 3
3679 3
3680 3
3681 3
3682 3
3683 3
3684 3
3685 3
3686 3
3687 3
3688 3
3689 3
3690 3
3691 3
3692 3
3693 3
3694 3
3695 3
3696 3
3697 3
3698 3
3699 3
3700 3
3701 3
3702 3
3703 3
3704 3
3705 3
3706 3
3707 3
3708 3
3709 3
3710 3
3711 3
3712 3
3713 3
3714 3
3715 3
3716 3
3717 3
3718 3
3719 3
3720 3
3721 3
3722 3
3723 3
3724 3
3725 3
3726 3
3727 3
3728 3
3729 3
3730 3
3731 3
3732 3
3733 3
3734 3
3735 3
3736 3
3737 3
3738 3
3739 3
3740 3
3741 3
3742 3
3743 3
3744 3
3745 3
3746 3
3747 3
3748 3
3749 3
3750 3
3751 3
3752 3
3753 3
3754 3
3755 3
3756 3
3757 3
3758 3
3759 3
3760 3
3761 3
3762 3
3763 3
3764 3
3765 3
3766 3
3767 3
3768 3
3769 3
3770 3
3771 3
3772 3
3773 3
3774 3
3775 3
3776 3
3777 3
3778 3
3779 3
3780 3
3781 3
3782 3
3783 3
3784 3
3785 3
3786 3
3787 3
3788 3
3789 3
3790 3
3791 3
3792 3
3793 3
3794 3
3795 3
3796 3
3797 3
3798 3
3799 3
3800 3
3801 3
3802 3
3803 3
3804 3
3805 3
3806 3
3807 3
3808 3
3809 3
3810 3
3811 3
3812 3
3813 3
3814 3
3815 3
3816 3
3817 3
3818 3
3819 3
3820 3
3821 3
3822 3
3823 3
3824 3
3825 3
3826 3
3827 3
3828 3
3829 3
3830 3
3831 3
3832 3
3833 3
3834 3
3835 3
3836 3
3837 3
3838 3
3839 3
3840 3
3841 3
3842 3
3843 3
3844 3
3845 3
3846 3
3847 3
3848 3
3849 3
3850 3
3851 3
3852 3
3853 3
3854 3
3855 3
3856 3
3857 3
3858 3
3859 3
3860 3
3861 3
3862 3
3863 3
3864 3
3865 3
3866 3
3867 3
3868 3
3869 3
3870 3
3871 3
3872 3
3873 3
3874 3
3875 3
3876 3
3877 3
3878 3
3879 3
3880 3
3881 3
3882 3
3883 3
3884 3
3885 3
3886 3
3887 3
3888 3
3889 3
3890 3
3891 3
3892 3
3893 3
3894 3
3895 3
3896 3
3897 3
3898 3
3899 3
3900 3
3901 3
3902 3
3903 3
3904 3
3905 3
3906 3
3907 3
3908 3
3909 3
3910 3
3911 3
3912 3
3913 3
3914 3
3915 3
3916 3
3917 3
3918 3
3919 3
3920 3
3921 3
3922 3
3923 3
3924 3
3925 3
3926 3
3927 3
3928 3
3929 3
3930 3
3931 3
3932 3
3933 3
3934 3
3935 3
3936 3
3937 3
3938 3
3939 3
3940 3
3941 3
3942 3
3943 3
3944 3
3945 3
3946 3
3947 3
3948 3
3949 3
3950 3
3951 3
3952 3
3953 3
3954 3
3955 3
3956 3
3957 3
3958 3
3959 3
3960 3
3961 3
3962 3
3963 3
3964 3
3965 3
3966 3
3967 3
3968 3
3969 3
3970 3
3971 3
3972 3
3973 3
3974 3
3975 3
3976 3
3977 3
3978 3
3979 3
3980 3
3981 3
3982 3
3983 3
3984 3
3985 3
3986 3
3987 3
3988 3
3989 3
3990 3
3991 3
3992 3
3993 3
3994 3
3995 3
3996 3
3997 3
3998 3
3999 3
4000 4
4001 4
4002 4
4003 4
4004 4
4005 4
4006 4
4007 4
4008 4
4009 4
4010 4
4011 4
4012 4
4013 4
4014 4
4015 4
4016 4
4017 4
4018 4
4019 4
4020 4
4021 4
4022 4
4023 4
4024 4
4025 4
4026 4
4027 4
4028 4
4029 4
4030 4
4031 4
4032 4
4033 4
4034 4
4035 4
4036 4
4037 4
4038 4
4039 4
4040 4
4041 4
4042 4
4043 4
4044 4
4045 4
4046 4
4047 4
4048 4
4049 4
4050 4
4051 4
4052 4
4053 4
4054 4
4055 4
4056 4
4057 4
4058 4
4059 4
4060 4
4061 4
4062 4
4063 4
4064 4
4065 4
4066 4
4067 4
4068 4
4069 4
4070 4
4071 4
4072 4
4073 4
4074 4
4075 4
4076 4
4077 4
4078 4
4079 4
4080 4
4081 4
4082 4
4083 4
4084 4
4085 4
4086 4
4087 4
4088 4
4089 4
4090 4
4091 4
4092 4
4093 4
4094 4
4095 4
4096 4
4097 4
4098 4
4099 4
4100 4
4101 4
4102 4
4103 4
4104 4
4105 4
4106 4
4107 4
4108 4
4109 4
4110 4
4111 4
4112 4
4113 4
4114 4
4115 4
4116 4
4117 4
4118 4
4119 4
4120 4
4121 4
4122 4
4123 4
4124 4
4125 4
4126 4
4127 4
4128 4
4129 4
4130 4
4131 4
4132 4
4133 4
4134 4
4135 4
4136 4
4137 4
4138 4
4139 4
4140 4
4141 4
4142 4
4143 4
4144 4
4145 4
4146 4
4147 4
4148 4
4149 4
4150 4
4151 4
4152 4
4153 4
4154 4
4155 4
4156 4
4157 4
4158 4
4159 4
4160 4
4161 4
4162 4
4163 4
4164 4
4165 4
4166 4
4167 4
4168 4
4169 4
4170 4
4171 4
4172 4
4173 4
4174 4
4175 4
4176 4
4177 4
4178 4
4179 4
4180 4
4181 4
4182 4
4183 4
4184 4
4185 4
4186 4
4187 4
4188 4
4189 4
4190 4
4191 4
4192 4
4193 4
4194 4
4195 4
4196 4
4197 4
4198 4
4199 4
4200 4
4201 4
4202 4
4203 4
4204 4
4205 4
4206 4
4207 4
4208 4
4209 4
4210 4
4211 4
4212 4
4213 4
4214 4
4215 4
4216 4
4217 4
4218 4
4219 4
4220 4
4221 4
4222 4
4223 4
4224 4
4225 4
4226 4
4227 4
4228 4
4229 4
4230 4
4231 4
4232 4
4233 4
4234 4
4235 4
4236 4
4237 4
4238 4
4239 4
4240 4
4241 4
4242 4
4243 4
4244 4
4245 4
4246 4
4247 4
4248 4
4249 4
4250 4
4251 4
4252 4
4253 4
4254 4
4255 4
4256 4
4257 4
4258 4
4259 4
4260 4
4261 4
4262 4
4263 4
4264 4
4265 4
4266 4
4267 4
4268 4
4269 4
4270 4
4271 4
4272 4
4273 4
4274 4
4275 4
4276 4
4277 4
4278 4
4279 4
4280 4
4281 4
4282 4
4283 4
4284 4
4285 4
4286 4
4287 4
4288 4
4289 4
4290 4
4291 4
4292 4
4293 4
4294 4
4295 4
4296 4
4297 4
4298 4
4299 4
4300 4
4301 4
4302 4
4303 4
4304 4
4305 4
4306 4
4307 4
4308 4
4309 4
4310 4
4311 4
4312 4
4313 4
4314 4
4315 4
4316 4
4317 4
4318 4
4319 4
4320 4
4321 4
4322 4
4323 4
4324 4
4325 4
4326 4
4327 4
4328 4
4329 4
4330 4
4331 4
4332 4
4333 4
4334 4
4335 4
4336 4
4337 4
4338 4
4339 4
4340 4
4341 4
4342 4
4343 4
4344 4
4345 4
4346 4
4347 4
4348 4
4349 4
4350 4
4351 4
4352 4
4353 4
4354 4
4355 4
4356 4
4357 4
4358 4
4359 4
4360 4
4361 4
4362 4
4363 4
4364 4
4365 4
4366 4
4367 4
4368 4
4369 4
4370 4
4371 4
4372 4
4373 4
4374 4
4375 4
4376 4
4377 4
4378 4
4379 4
4380 4
4381 4
4382 4
4383 4
4384 4
4385 4
4386 4
4387 4
4388 4
4389 4
4390 4
4391 4
4392 4
4393 4
4394 4
4395 4
4396 4
4397 4
4398 4
4399 4
4400 4
4401 4
4402 4
4403 4
4404 4
4405 4
4406 4
4407 4
4408 4
4409 4
4410 4
4411 4
4412 4
4413 4
4414 4
4415 4
4416 4
4417 4
4418 4
4419 4
4420 4
4421 4
4422 4
4423 4
4424 4
4425 4
4426 4
4427 4
4428 4
4429 4
4430 4
4431 4
4432 4
4433 4
4434 4
4435 4
4436 4
4437 4
4438 4
4439 4
4440 4
4441 4
4442 4
4443 4
4444 4
4445 4
4446 4
4447 4
4448 4
4449 4
4450 4
4451 4
4452 4
4453 4
4454 4
4455 4
4456 4
4457 4
4458 4
4459 4
4460 4
4461 4
4462 4
4463 4
4464 4
4465 4
4466 4
4467 4
4468 4
4469 4
4470 4
4471 4
4472 4
4473 4
4474 4
4475 4
4476 4
4477 4
4478 4
4479 4
4480 4
4481 4
4482 4
4483 4
4484 4
4485 4
4486 4
4487 4
4488 4
4489 4
4490 4
4491 4
4492 4
4493 4
4494 4
4495 4
4496 4
4497 4
4498 4
4499 4
4500 4
4501 4
4502 4
4503 4
4504 4
4505 4
4506 4
4507 4
4508 4
4509 4
4510 4
4511 4
4512 4
4513 4
4514 4
4515 4
4516 4
4517 4
4518 4
4519 4
4520 4
4521 4
4522 4
4523 4
4524 4
4525 4
4526 4
4527 4
4528 4
4529 4
4530 4
4531 4
4532 4
4533 4
4534 4
4535 4
4536 4
4537 4
4538 4
4539 4
4540 4
4541 4
4542 4
4543 4
4544 4
4545 4
4546 4
4547 4
4548 4
4549 4
4550 4
4551 4
4552 4
4553 4
4554 4
4555 4
4556 4
4557 4
4558 4
4559 4
4560 4
4561 4
4562 4
4563 4
4564 4
4565 4
4566 4
4567 4
4568 4
4569 4
4570 4
4571 4
4572 4
4573 4
4574 4
4575 4
4576 4
4577 4
4578 4
4579 4
4580 4
4581 4
4582 4
4583 4
4584 4
4585 4
4586 4
4587 4
4588 4
4589 4
4590 4
4591 4
4592 4
4593 4
4594 4
4595 4
4596 4
4597 4
4598 4
4599 4
4600 4
4601 4
4602 4
4603 4
4604 4
4605 4
4606 4
4607 4
4608 4
4609 4
4610 4
4611 4
4612 4
4613 4
4614 4
4615 4
4616 4
4617 4
4618 4
4619 4
4620 4
4621 4
4622 4
4623 4
4624 4
4625 4
4626 4
4627 4
4628 4
4629 4
4630 4
4631 4
4632 4
4633 4
4634 4
4635 4
4636 4
4637 4
4638 4
4639 4
4640 4
4641 4
4642 4
4643 4
4644 4
4645 4
4646 4
4647 4
4648 4
4649 4
4650 4
4651 4
4652 4
4653 4
4654 4
4655 4
4656 4
4657 4
4658 4
4659 4
4660 4
4661 4
4662 4
4663 4
4664 4
4665 4
4666 4
4667 4
4668 4
4669 4
4670 4
4671 4
4672 4
4673 4
4674 4
4675 4
4676 4
4677 4
4678 4
4679 4
4680 4
4681 4
4682 4
4683 4
4684 4
4685 4
4686 4
4687 4
4688 4
4689 4
4690 4
4691 4
4692 4
4693 4
4694 4
4695 4
4696 4
4697 4
4698 4
4699 4
4700 4
4701 4
4702 4
4703 4
4704 4
4705 4
4706 4
4707 4
4708 4
4709 4
4710 4
4711 4
4712 4
4713 4
4714 4
4715 4
4716 4
4717 4
4718 4
4719 4
4720 4
4721 4
4722 4
4723 4
4724 4
4725 4
4726 4
4727 4
4728 4
4729 4
4730 4
4731 4
4732 4
4733 4
4734 4
4735 4
4736 4
4737 4
4738 4
4739 4
4740 4
4741 4
4742 4
4743 4
4744 4
4745 4
4746 4
4747 4
4748 4
4749 4
4750 4
4751 4
4752 4
4753 4
4754 4
4755 4
4756 4
4757 4
4758 4
4759 4
4760 4
4761 4
4762 4
4763 4
4764 4
4765 4
4766 4
4767 4
4768 4
4769 4
4770 4
4771 4
4772 4
4773 4
4774 4
4775 4
4776 4
4777 4
4778 4
4779 4
4780 4
4781 4
4782 4
4783 4
4784 4
4785 4
4786 4
4787 4
4788 4
4789 4
4790 4
4791 4
4792 4
4793 4
4794 4
4795 4
4796 4
4797 4
4798 4
4799 4
4800 4
4801 4
4802 4
4803 4
4804 4
4805 4
4806 4
4807 4
4808 4
4809 4
4810 4
4811 4
4812 4
4813 4
4814 4
4815 4
4816 4
4817 4
4818 4
4819 4
4820 4
4821 4
4822 4
4823 4
4824 4
4825 4
4826 4
4827 4
4828 4
4829 4
4830 4
4831 4
4832 4
4833 4
4834 4
4835 4
4836 4
4837 4
4838 4
4839 4
4840 4
4841 4
4842 4
4843 4
4844 4
4845 4
4846 4
4847 4
4848 4
4849 4
4850 4
4851 4
4852 4
4853 4
4854 4
4855 4
4856 4
4857 4
4858 4
4859 4
4860 4
4861 4
4862 4
4863 4
4864 4
4865 4
4866 4
4867 4
4868 4
4869 4
4870 4
4871 4
4872 4
4873 4
4874 4
4875 4
4876 4
4877 4
4878 4
4879 4
4880 4
4881 4
4882 4
4883 4
4884 4
4885 4
4886 4
4887 4
4888 4
4889 4
4890 4
4891 4
4892 4
4893 4
4894 4
4895 4
4896 4
4897 4
4898 4
4899 4
4900 4
4901 4
4902 4
4903 4
4904 4
4905 4
4906 4
4907 4
4908 4
4909 4
4910 4
4911 4
4912 4
4913 4
4914 4
4915 4
4916 4
4917 4
4918 4
4919 4
4920 4
4921 4
4922 4
4923 4
4924 4
4925 4
4926 4
4927 4
4928 4
4929 4
4930 4
4931 4
4932 4
4933 4
4934 4
4935 4
4936 4
4937 4
4938 4
4939 4
4940 4
4941 4
4942 4
4943 4
4944 4
4945 4
4946 4
4947 4
4948 4
4949 4
4950 4
4951 4
4952 4
4953 4
4954 4
4955 4
4956 4
4957 4
4958 4
4959 4
4960 4
4961 4
4962 4
4963 4
4964 4
4965 4
4966 4
4967 4
4968 4
4969 4
4970 4
4971 4
4972 4
4973 4
4974 4
4975 4
4976 4
4977 4
4978 4
4979 4
4980 4
4981 4
4982 4
4983 4
4984 4
4985 4
4986 4
4987 4
4988 4
4989 4
4990 4
4991 4
4992 4
4993 4
4994 4
4995 4
4996 4
4997 4
4998 4
4999 4
5000 5
5001 5
5002 5
5003 5
5004 5
5005 5
5006 5
5007 5
5008 5
5009 5
5010 5
5011 5
5012 5
5013 5
5014 5
5015 5
5016 5
5017 5
5018 5
5019 5
5020 5
5021 5
5022 5
5023 5
5024 5
5025 5
5026 5
5027 5
5028 5
5029 5
5030 5
5031 5
5032 5
5033 5
5034 5
5035 5
5036 5
5037 5
5038 5
5039 5
5040 5
5041 5
5042 5
5043 5
5044 5
5045 5
5046 5
5047 5
5048 5
5049 5
5050 5
5051 5
5052 5
5053 5
5054 5
5055 5
5056 5
5057 5
5058 5
5059 5
5060 5
5061 5
5062 5
5063 5
5064 5
5065 5
5066 5
5067 5
5068 5
5069 5
5070 5
5071 5
5072 5
5073 5
5074 5
5075 5
5076 5
5077 5
5078 5
5079 5
5080 5
5081 5
5082 5
5083 5
5084 5
5085 5
5086 5
5087 5
5088 5
5089 5
5090 5
5091 5
5092 5
5093 5
5094 5
5095 5
5096 5
5097 5
5098 5
5099 5
5100 5
5101 5
5102 5
5103 5
5104 5
5105 5
5106 5
5107 5
5108 5
5109 5
5110 5
5111 5
5112 5
5113 5
5114 5
5115 5
5116 5
5117 5
5118 5
5119 5
5120 5
5121 5
5122 5
5123 5
5124 5
5125 5
5126 5
5127 5
5128 5
5129 5
5130 5
5131 5
5132 5
5133 5
5134 5
5135 5
5136 5
5137 5
5138 5
5139 5
5140 5
5141 5
5142 5
5143 5
5144 5
5145 5
5146 5
5147 5
5148 5
5149 5
5150 5
5151 5
5152 5
5153 5
5154 5
5155 5
5156 5
5157 5
5158 5
5159 5
5160 5
5161 5
5162 5
5163 5
5164 5
5165 5
5166 5
5167 5
5168 5
5169 5
5170 5
5171 5
5172 5
5173 5
5174 5
5175 5
5176 5
5177 5
5178 5
5179 5
5180 5
5181 5
5182 5
5183 5
5184 5
5185 5
5186 5
5187 5
5188 5
5189 5
5190 5
5191 5
5192 5
5193 5
5194 5
5195 5
5196 5
5197 5
5198 5
5199 5
5200 5
5201 5
5202 5
5203 5
5204 5
5205 5
5206 5
5207 5
5208 5
5209 5
5210 5
5211 5
5212 5
5213 5
5214 5
5215 5
5216 5
5217 5
5218 5
5219 5
5220 5
5221 5
5222 5
5223 5
5224 5
5225 5
5226 5
5227 5
5228 5
5229 5
5230 5
5231 5
5232 5
5233 5
5234 5
5235 5
5236 5
5237 5
5238 5
5239 5
5240 5
5241 5
5242 5
5243 5
5244 5
5245 5
5246 5
5247 5
5248 5
5249 5
5250 5
5251 5
5252 5
5253 5
5254 5
5255 5
5256 5
5257 5
5258 5
5259 5
5260 5
5261 5
5262 5
5263 5
5264 5
5265 5
5266 5
5267 5
5268 5
5269 5
5270 5
5271 5
5272 5
5273 5
5274 5
5275 5
5276 5
5277 5
5278 5
5279 5
5280 5
5281 5
5282 5
5283 5
5284 5
5285 5
5286 5
5287 5
5288 5
5289 5
5290 5
5291 5
5292 5
5293 5
5294 5
5295 5
5296 5
5297 5
5298 5
5299 5
5300 5
5301 5
5302 5
5303 5
5304 5
5305 5
5306 5
5307 5
5308 5
5309 5
5310 5
5311 5
5312 5
5313 5
5314 5
5315 5
5316 5
5317 5
5318 5
5319 5
5320 5
5321 5
5322 5
5323 5
5324 5
5325 5
5326 5
5327 5
5328 5
5329 5
5330 5
5331 5
5332 5
5333 5
5334 5
5335 5
5336 5
5337 5
5338 5
5339 5
5340 5
5341 5
5342 5
5343 5
5344 5
5345 5
5346 5
5347 5
5348 5
5349 5
5350 5
5351 5
5352 5
5353 5
5354 5
5355 5
5356 5
5357 5
5358 5
5359 5
5360 5
5361 5
5362 5
5363 5
5364 5
5365 5
5366 5
5367 5
5368 5
5369 5
5370 5
5371 5
5372 5
5373 5
5374 5
5375 5
5376 5
5377 5
5378 5
5379 5
5380 5
5381 5
5382 5
5383 5
5384 5
5385 5
5386 5
5387 5
5388 5
5389 5
5390 5
5391 5
5392 5
5393 5
5394 5
5395 5
5396 5
5397 5
5398 5
5399 5
5400 5
5401 5
5402 5
5403 5
5404 5
5405 5
5406 5
5407 5
5408 5
5409 5
5410 5
5411 5
5412 5
5413 5
5414 5
5415 5
5416 5
5417 5
5418 5
5419 5
5420 5
5421 5
5422 5
5423 5
5424 5
5425 5
5426 5
5427 5
5428 5
5429 5
5430 5
5431 5
5432 5
5433 5
5434 5
5435 5
5436 5
5437 5
5438 5
5439 5
5440 5
5441 5
5442 5
5443 5
5444 5
5445 5
5446 5
5447 5
5448 5
5449 5
5450 5
5451 5
5452 5
5453 5
5454 5
5455 5
5456 5
5457 5
5458 5
5459 5
5460 5
5461 5
5462 5
5463 5
5464 5
5465 5
5466 5
5467 5
5468 5
5469 5
5470 5
5471 5
5472 5
5473 5
5474 5
5475 5
5476 5
5477 5
5478 5
5479 5
5480 5
5481 5
5482 5
5483 5
5484 5
5485 5
5486 5
5487 5
5488 5
5489 5
5490 5
5491 5
5492 5
5493 5
5494 5
5495 5
5496 5
5497 5
5498 5
5499 5
5500 5
5501 5
5502 5
5503 5
5504 5
5505 5
5506 5
5507 5
5508 5
5509 5
5510 5
5511 5
5512 5
5513 5
5514 5
5515 5
5516 5
5517 5
5518 5
5519 5
5520 5
5521 5
5522 5
5523 5
5524 5
5525 5
5526 5
5527 5
5528 5
5529 5
5530 5
5531 5
5532 5
5533 5
5534 5
5535 5
5536 5
5537 5
5538 5
5539 5
5540 5
5541 5
5542 5
5543 5
5544 5
5545 5
5546 5
5547 5
5548 5
5549 5
5550 5
5551 5
5552 5
5553 5
5554 5
5555 5
5556 5
5557 5
5558 5
5559 5
5560 5
5561 5
5562 5
5563 5
5564 5
5565 5
5566 5
5567 5
5568 5
5569 5
5570 5
5571 5
5572 5
5573 5
5574 5
5575 5
5576 5
5577 5
5578 5
5579 5
5580 5
5581 5
5582 5
5583 5
5584 5
5585 5
5586 5
5587 5
5588 5
5589 5
5590 5
5591 5
5592 5
5593 5
5594 5
5595 5
5596 5
5597 5
5598 5
5599 5
5600 5
5601 5
5602 5
5603 5
5604 5
5605 5
5606 5
5607 5
5608 5
5609 5
5610 5
5611 5
5612 5
5613 5
5614 5
5615 5
5616 5
5617 5
5618 5
5619 5
5620 5
5621 5
5622 5
5623 5
5624 5
5625 5
5626 5
5627 5
5628 5
5629 5
5630 5
5631 5
5632 5
5633 5
5634 5
5635 5
5636 5
5637 5
5638 5
5639 5
5640 5
5641 5
5642 5
5643 5
5644 5
5645 5
5646 5
5647 5
5648 5
5649 5
5650 5
5651 5
5652 5
5653 5
5654 5
5655 5
5656 5
5657 5
5658 5
5659 5
5660 5
5661 5
5662 5
5663 5
5664 5
5665 5
5666 5
5667 5
5668 5
5669 5
5670 5
5671 5
5672 5
5673 5
5674 5
5675 5
5676 5
5677 5
5678 5
5679 5
5680 5
5681 5
5682 5
5683 5
5684 5
5685 5
5686 5
5687 5
5688 5
5689 5
5690 5
5691 5
5692 5
5693 5
5694 5
5695 5
5696 5
5697 5
5698 5
5699 5
5700 5
5701 5
5702 5
5703 5
5704 5
5705 5
5706 5
5707 5
5708 5
5709 5
5710 5
5711 5
5712 5
5713 5
5714 5
5715 5
5716 5
5717 5
5718 5
5719 5
5720 5
5721 5
5722 5
5723 5
5724 5
5725 5
5726 5
5727 5
5728 5
5729 5
5730 5
5731 5
5732 5
5733 5
5734 5
5735 5
5736 5
5737 5
5738 5
5739 5
5740 5
5741 5
5742 5
5743 5
5744 5
5745 5
5746 5
5747 5
5748 5
5749 5
5750 5
5751 5
5752 5
5753 5
5754 5
5755 5
5756 5
5757 5
5758 5
5759 5
5760 5
5761 5
5762 5
5763 5
5764 5
5765 5
5766 5
5767 5
5768 5
5769 5
5770 5
5771 5
5772 5
5773 5
5774 5
5775 5
5776 5
5777 5
5778 5
5779 5
5780 5
5781 5
5782 5
5783 5
5784 5
5785 5
5786 5
5787 5
5788 5
5789 5
5790 5
5791 5
5792 5
5793 5
5794 5
5795 5
5796 5
5797 5
5798 5
5799 5
5800 5
5801 5
5802 5
5803 5
5804 5
5805 5
5806 5
5807 5
5808 5
5809 5
5810 5
5811 5
5812 5
5813 5
5814 5
5815 5
5816 5
5817 5
5818 5
5819 5
5820 5
5821 5
5822 5
5823 5
5824 5
5825 5
5826 5
5827 5
5828 5
5829 5
5830 5
5831 5
5832 5
5833 5
5834 5
5835 5
5836 5
5837 5
5838 5
5839 5
5840 5
5841 5
5842 5
5843 5
5844 5
5845 5
5846 5
5847 5
5848 5
5849 5
5850 5
5851 5
5852 5
5853 5
5854 5
5855 5
5856 5
5857 5
5858 5
5859 5
5860 5
5861 5
5862 5
5863 5
5864 5
5865 5
5866 5
5867 5
5868 5
5869 5
5870 5
5871 5
5872 5
5873 5
5874 5
5875 5
5876 5
5877 5
5878 5
5879 5
5880 5
5881 5
5882 5
5883 5
5884 5
5885 5
5886 5
5887 5
5888 5
5889 5
5890 5
5891 5
5892 5
5893 5
5894 5
5895 5
5896 5
5897 5
5898 5
5899 5
5900 5
5901 5
5902 5
5903 5
5904 5
5905 5
5906 5
5907 5
5908 5
5909 5
5910 5
5911 5
5912 5
5913 5
5914 5
5915 5
5916 5
5917 5
5918 5
5919 5
5920 5
5921 5
5922 5
5923 5
5924 5
5925 5
5926 5
5927 5
5928 5
5929 5
5930 5
5931 5
5932 5
5933 5
5934 5
5935 5
5936 5
5937 5
5938 5
5939 5
5940 5
5941 5
5942 5
5943 5
5944 5
5945 5
5946 5
5947 5
5948 5
5949 5
5950 5
5951 5
5952 5
5953 5
5954 5
5955 5
5956 5
5957 5
5958 5
5959 5
5960 5
5961 5
5962 5
5963 5
5964 5
5965 5
5966 5
5967 5
5968 5
5969 5
5970 5
5971 5
5972 5
5973 5
5974 5
5975 5
5976 5
5977 5
5978 5
5979 5
5980 5
5981 5
5982 5
5983 5
5984 5
5985 5
5986 5
5987 5
5988 5
5989 5
5990 5
5991 5
5992 5
5993 5
5994 5
5995 5
5996 5
5997 5
5998 5
5999 5
6000 6
6001 6
6002 6
6003 6
6004 6
6005 6
6006 6
6007 6
6008 6
6009 6
6010 6
6011 6
6012 6
6013 6
6014 6
6015 6
6016 6
6017 6
6018 6
6019 6
6020 6
6021 6
6022 6
6023 6
6024 6
6025 6
6026 6
6027 6
6028 6
6029 6
6030 6
6031 6
6032 6
6033 6
6034 6
6035 6
6036 6
6037 6
6038 6
6039 6
6040 6
6041 6
6042 6
6043 6
6044 6
6045 6
6046 6
6047 6
6048 6
6049 6
6050 6
6051 6
6052 6
6053 6
6054 6
6055 6
6056 6
6057 6
6058 6
6059 6
6060 6
6061 6
6062 6
6063 6
6064 6
6065 6
6066 6
6067 6
6068 6
6069 6
6070 6
6071 6
6072 6
6073 6
6074 6
6075 6
6076 6
6077 6
6078 6
6079 6
6080 6
6081 6
6082 6
6083 6
6084 6
6085 6
6086 6
6087 6
6088 6
6089 6
6090 6
6091 6
6092 6
6093 6
6094 6
6095 6
6096 6
6097 6
6098 6
6099 6
6100 6
6101 6
6102 6
6103 6
6104 6
6105 6
6106 6
6107 6
6108 6
6109 6
6110 6
6111 6
6112 6
6113 6
6114 6
6115 6
6116 6
6117 6
6118 6
6119 6
6120 6
6121 6
6122 6
6123 6
6124 6
6125 6
6126 6
6127 6
6128 6
6129 6
6130 6
6131 6
6132 6
6133 6
6134 6
6135 6
6136 6
6137 6
6138 6
6139 6
6140 6
6141 6
6142 6
6143 6
6144 6
6145 6
6146 6
6147 6
6148 6
6149 6
6150 6
6151 6
6152 6
6153 6
6154 6
6155 6
6156 6
6157 6
6158 6
6159 6
6160 6
6161 6
6162 6
6163 6
6164 6
6165 6
6166 6
6167 6
6168 6
6169 6
6170 6
6171 6
6172 6
6173 6
6174 6
6175 6
6176 6
6177 6
6178 6
6179 6
6180 6
6181 6
6182 6
6183 6
6184 6
6185 6
6186 6
6187 6
6188 6
6189 6
6190 6
6191 6
6192 6
6193 6
6194 6
6195 6
6196 6
6197 6
6198 6
6199 6
6200 6
6201 6
6202 6
6203 6
6204 6
6205 6
6206 6
6207 6
6208 6
6209 6
6210 6
6211 6
6212 6
6213 6
6214 6
6215 6
6216 6
6217 6
6218 6
6219 6
6220 6
6221 6
6222 6
6223 6
6224 6
6225 6
6226 6
6227 6
6228 6
6229 6
6230 6
6231 6
6232 6
6233 6
6234 6
6235 6
6236 6
6237 6
6238 6
6239 6
6240 6
6241 6
6242 6
6243 6
6244 6
6245 6
6246 6
6247 6
6248 6
6249 6
6250 6
6251 6
6252 6
6253 6
6254 6
6255 6
6256 6
6257 6
6258 6
6259 6
6260 6
6261 6
6262 6
6263 6
6264 6
6265 6
6266 6
6267 6
6268 6
6269 6
6270 6
6271 6
6272 6
6273 6
6274 6
6275 6
6276 6
6277 6
6278 6
6279 6
6280 6
6281 6
6282 6
6283 6
6284 6
6285 6
6286 6
6287 6
6288 6
6289 6
6290 6
6291 6
6292 6
6293 6
6294 6
6295 6
6296 6
6297 6
6298 6
6299 6
6300 6
6301 6
6302 6
6303 6
6304 6
6305 6
6306 6
6307 6
6308 6
6309 6
6310 6
6311 6
6312 6
6313 6
6314 6
6315 6
6316 6
6317 6
6318 6
6319 6
6320 6
6321 6
6322 6
6323 6
6324 6
6325 6
6326 6
6327 6
6328 6
6329 6
6330 6
6331 6
6332 6
6333 6
6334 6
6335 6
6336 6
6337 6
6338 6
6339 6
6340 6
6341 6
6342 6
6343 6
6344 6
6345 6
6346 6
6347 6
6348 6
6349 6
6350 6
6351 6
6352 6
6353 6
6354 6
6355 6
6356 6
6357 6
6358 6
6359 6
6360 6
6361 6
6362 6
6363 6
6364 6
6365 6
6366 6
6367 6
6368 6
6369 6
6370 6
6371 6
6372 6
6373 6
6374 6
6375 6
6376 6
6377 6
6378 6
6379 6
6380 6
6381 6
6382 6
6383 6
6384 6
6385 6
6386 6
6387 6
6388 6
6389 6
6390 6
6391 6
6392 6
6393 6
6394 6
6395 6
6396 6
6397 6
6398 6
6399 6
6400 6
6401 6
6402 6
6403 6
6404 6
6405 6
6406 6
6407 6
6408 6
6409 6
6410 6
6411 6
6412 6
6413 6
6414 6
6415 6
6416 6
6417 6
6418 6
6419 6
6420 6
6421 6
6422 6
6423 6
6424 6
6425 6
6426 6
6427 6
6428 6
6429 6
6430 6
6431 6
6432 6
6433 6
6434 6
6435 6
6436 6
6437 6
6438 6
6439 6
6440 6
6441 6
6442 6
6443 6
6444 6
6445 6
6446 6
6447 6
6448 6
6449 6
6450 6
6451 6
6452 6
6453 6
6454 6
6455 6
6456 6
6457 6
6458 6
6459 6
6460 6
6461 6
6462 6
6463 6
6464 6
6465 6
6466 6
6467 6
6468 6
6469 6
6470 6
6471 6
6472 6
6473 6
6474 6
6475 6
6476 6
6477 6
6478 6
6479 6
6480 6
6481 6
6482 6
6483 6
6484 6
6485 6
6486 6
6487 6
6488 6
6489 6
6490 6
6491 6
6492 6
6493 6
6494 6
6495 6
6496 6
6497 6
6498 6
6499 6
6500 6
6501 6
6502 6
6503 6
6504 6
6505 6
6506 6
6507 6
6508 6
6509 6
6510 6
6511 6
6512 6
6513 6
6514 6
6515 6
6516 6
6517 6
6518 6
6519 6
6520 6
6521 6
6522 6
6523 6
6524 6
6525 6
6526 6
6527 6
6528 6
6529 6
6530 6
6531 6
6532 6
6533 6
6534 6
6535 6
6536 6
6537 6
6538 6
6539 6
6540 6
6541 6
6542 6
6543 6
6544 6
6545 6
6546 6
6547 6
6548 6
6549 6
6550 6
6551 6
6552 6
6553 6
6554 6
6555 6
6556 6
6557 6
6558 6
6559 6
6560 6
6561 6
6562 6
6563 6
6564 6
6565 6
6566 6
6567 6
6568 6
6569 6
6570 6
6571 6
6572 6
6573 6
6574 6
6575 6
6576 6
6577 6
6578 6
6579 6
6580 6
6581 6
6582 6
6583 6
6584 6
6585 6
6586 6
6587 6
6588 6
6589 6
6590 6
6591 6
6592 6
6593 6
6594 6
6595 6
6596 6
6597 6
6598 6
6599 6
6600 6
6601 6
6602 6
6603 6
6604 6
6605 6
6606 6
6607 6
6608 6
6609 6
6610 6
6611 6
6612 6
6613 6
6614 6
6615 6
6616 6
6617 6
6618 6
6619 6
6620 6
6621 6
6622 6
6623 6
6624 6
6625 6
6626 6
6627 6
6628 6
6629 6
6630 6
6631 6
6632 6
6633 6
6634 6
6635 6
6636 6
6637 6
6638 6
6639 6
6640 6
6641 6
6642 6
6643 6
6644 6
6645 6
6646 6
6647 6
6648 6
6649 6
6650 6
6651 6
6652 6
6653 6
6654 6
6655 6
6656 6
6657 6
6658 6
6659 6
6660 6
6661 6
6662 6
6663 6
6664 6
6665 6
6666 6
6667 6
6668 6
6669 6
6670 6
6671 6
6672 6
6673 6
6674 6
6675 6
6676 6
6677 6
6678 6
6679 6
6680 6
6681 6
6682 6
6683 6
6684 6
6685 6
6686 6
6687 6
6688 6
6689 6
6690 6
6691 6
6692 6
6693 6
6694 6
6695 6
6696 6
6697 6
6698 6
6699 6
6700 6
6701 6
6702 6
6703 6
6704 6
6705 6
6706 6
6707 6
6708 6
6709 6
6710 6
6711 6
6712 6
6713 6
6714 6
6715 6
6716 6
6717 6
6718 6
6719 6
6720 6
6721 6
6722 6
6723 6
6724 6
6725 6
6726 6
6727 6
6728 6
6729 6
6730 6
6731 6
6732 6
6733 6
6734 6
6735 6
6736 6
6737 6
6738 6
6739 6
6740 6
6741 6
6742 6
6743 6
6744 6
6745 6
6746 6
6747 6
6748 6
6749 6
6750 6
6751 6
6752 6
6753 6
6754 6
6755 6
6756 6
6757 6
6758 6
6759 6
6760 6
6761 6
6762 6
6763 6
6764 6
6765 6
6766 6
6767 6
6768 6
6769 6
6770 6
6771 6
6772 6
6773 6
6774 6
6775 6
6776 6
6777 6
6778 6
6779 6
6780 6
6781 6
6782 6
6783 6
6784 6
6785 6
6786 6
6787 6
6788 6
6789 6
6790 6
6791 6
6792 6
6793 6
6794 6
6795 6
6796 6
6797 6
6798 6
6799 6
6800 6
6801 6
6802 6
6803 6
6804 6
6805 6
6806 6
6807 6
6808 6
6809 6
6810 6
6811 6
6812 6
6813 6
6814 6
6815 6
6816 6
6817 6
6818 6
6819 6
6820 6
6821 6
6822 6
6823 6
6824 6
6825 6
6826 6
6827 6
6828 6
6829 6
6830 6
6831 6
6832 6
6833 6
6834 6
6835 6
6836 6
6837 6
6838 6
6839 6
6840 6
6841 6
6842 6
6843 6
6844 6
6845 6
6846 6
6847 6
6848 6
6849 6
6850 6
6851 6
6852 6
6853 6
6854 6
6855 6
6856 6
6857 6
6858 6
6859 6
6860 6
6861 6
6862 6
6863 6
6864 6
6865 6
6866 6
6867 6
6868 6
6869 6
6870 6
6871 6
6872 6
6873 6
6874 6
6875 6
6876 6
6877 6
6878 6
6879 6
6880 6
6881 6
6882 6
6883 6
6884 6
6885 6
6886 6
6887 6
6888 6
6889 6
6890 6
6891 6
6892 6
6893 6
6894 6
6895 6
6896 6
6897 6
6898 6
6899 6
6900 6
6901 6
6902 6
6903 6
6904 6
6905 6
6906 6
6907 6
6908 6
6909 6
6910 6
6911 6
6912 6
6913 6
6914 6
6915 6
6916 6
6917 6
6918 6
6919 6
6920 6
6921 6
6922 6
6923 6
6924 6
6925 6
6926 6
6927 6
6928 6
6929 6
6930 6
6931 6
6932 6
6933 6
6934 6
6935 6
6936 6
6937 6
6938 6
6939 6
6940 6
6941 6
6942 6
6943 6
6944 6
6945 6
6946 6
6947 6
6948 6
6949 6
6950 6
6951 6
6952 6
6953 6
6954 6
6955 6
6956 6
6957 6
6958 6
6959 6
6960 6
6961 6
6962 6
6963 6
6964 6
6965 6
6966 6
6967 6
6968 6
6969 6
6970 6
6971 6
6972 6
6973 6
6974 6
6975 6
6976 6
6977 6
6978 6
6979 6
6980 6
6981 6
6982 6
6983 6
6984 6
6985 6
6986 6
6987 6
6988 6
6989 6
6990 6
6991 6
6992 6
6993 6
6994 6
6995 6
6996 6
6997 6
6998 6
6999 6
7000 7
7001 7
7002 7
7003 7
7004 7
7005 7
7006 7
7007 7
7008 7
7009 7
7010 7
7011 7
7012 7
7013 7
7014 7
7015 7
7016 7
7017 7
7018 7
7019 7
7020 7
7021 7
7022 7
7023 7
7024 7
7025 7
7026 7
7027 7
7028 7
7029 7
7030 7
7031 7
7032 7
7033 7
7034 7
7035 7
7036 7
7037 7
7038 7
7039 7
7040 7
7041 7
7042 7
7043 7
7044 7
7045 7
7046 7
7047 7
7048 7
7049 7
7050 7
7051 7
7052 7
7053 7
7054 7
7055 7
7056 7
7057 7
7058 7
7059 7
7060 7
7061 7
7062 7
7063 7
7064 7
7065 7
7066 7
7067 7
7068 7
7069 7
7070 7
7071 7
7072 7
7073 7
7074 7
7075 7
7076 7
7077 7
7078 7
7079 7
7080 7
7081 7
7082 7
7083 7
7084 7
7085 7
7086 7
7087 7
7088 7
7089 7
7090 7
7091 7
7092 7
7093 7
7094 7
7095 7
7096 7
7097 7
7098 7
7099 7
7100 7
7101 7
7102 7
7103 7
7104 7
7105 7
7106 7
7107 7
7108 7
7109 7
7110 7
7111 7
7112 7
7113 7
7114 7
7115 7
7116 7
7117 7
7118 7
7119 7
7120 7
7121 7
7122 7
7123 7
7124 7
7125 7
7126 7
7127 7
7128 7
7129 7
7130 7
7131 7
7132 7
7133 7
7134 7
7135 7
7136 7
7137 7
7138 7
7139 7
7140 7
7141 7
7142 7
7143 7
7144 7
7145 7
7146 7
7147 7
7148 7
7149 7
7150 7
7151 7
7152 7
7153 7
7154 7
7155 7
7156 7
7157 7
7158 7
7159 7
7160 7
7161 7
7162 7
7163 7
7164 7
7165 7
7166 7
7167 7
7168 7
7169 7
7170 7
7171 7
7172 7
7173 7
7174 7
7175 7
7176 7
7177 7
7178 7
7179 7
7180 7
7181 7
7182 7
7183 7
7184 7
7185 7
7186 7
7187 7
7188 7
7189 7
7190 7
7191 7
7192 7
7193 7
7194 7
7195 7
7196 7
7197 7
7198 7
7199 7
7200 7
7201 7
7202 7
7203 7
7204 7
7205 7
7206 7
7207 7
7208 7
7209 7
7210 7
7211 7
7212 7
7213 7
7214 7
7215 7
7216 7
7217 7
7218 7
7219 7
7220 7
7221 7
7222 7
7223 7
7224 7
7225 7
7226 7
7227 7
7228 7
7229 7
7230 7
7231 7
7232 7
7233 7
7234 7
7235 7
7236 7
7237 7
7238 7
7239 7
7240 7
7241 7
7242 7
7243 7
7244 7
7245 7
7246 7
7247 7
7248 7
7249 7
7250 7
7251 7
7252 7
7253 7
7254 7
7255 7
7256 7
7257 7
7258 7
7259 7
7260 7
7261 7
7262 7
7263 7
7264 7
7265 7
7266 7
7267 7
7268 7
7269 7
7270 7
7271 7
7272 7
7273 7
7274 7
7275 7
7276 7
7277 7
7278 7
7279 7
7280 7
7281 7
7282 7
7283 7
7284 7
7285 7
7286 7
7287 7
7288 7
7289 7
7290 7
7291 7
7292 7
7293 7
7294 7
7295 7
7296 7
7297 7
7298 7
7299 7
7300 7
7301 7
7302 7
7303 7
7304 7
7305 7
7306 7
7307 7
7308 7
7309 7
7310 7
7311 7
7312 7
7313 7
7314 7
7315 7
7316 7
7317 7
7318 7
7319 7
7320 7
7321 7
7322 7
7323 7
7324 7
7325 7
7326 7
7327 7
7328 7
7329 7
7330 7
7331 7
7332 7
7333 7
7334 7
7335 7
7336 7
7337 7
7338 7
7339 7
7340 7
7341 7
7342 7
7343 7
7344 7
7345 7
7346 7
7347 7
7348 7
7349 7
7350 7
7351 7
7352 7
7353 7
7354 7
7355 7
7356 7
7357 7
7358 7
7359 7
7360 7
7361 7
7362 7
7363 7
7364 7
7365 7
7366 7
7367 7
7368 7
7369 7
7370 7
7371 7
7372 7
7373 7
7374 7
7375 7
7376 7
7377 7
7378 7
7379 7
7380 7
7381 7
7382 7
7383 7
7384 7
7385 7
7386 7
7387 7
7388 7
7389 7
7390 7
7391 7
7392 7
7393 7
7394 7
7395 7
7396 7
7397 7
7398 7
7399 7
7400 7
7401 7
7402 7
7403 7
7404 7
7405 7
7406 7
7407 7
7408 7
7409 7
7410 7
7411 7
7412 7
7413 7
7414 7
7415 7
7416 7
7417 7
7418 7
7419 7
7420 7
7421 7
7422 7
7423 7
7424 7
7425 7
7426 7
7427 7
7428 7
7429 7
7430 7
7431 7
7432 7
7433 7
7434 7
7435 7
7436 7
7437 7
7438 7
7439 7
7440 7
7441 7
7442 7
7443 7
7444 7
7445 7
7446 7
7447 7
7448 7
7449 7
7450 7
7451 7
7452 7
7453 7
7454 7
7455 7
7456 7
7457 7
7458 7
7459 7
7460 7
7461 7
7462 7
7463 7
7464 7
7465 7
7466 7
7467 7
7468 7
7469 7
7470 7
7471 7
7472 7
7473 7
7474 7
7475 7
7476 7
7477 7
7478 7
7479 7
7480 7
7481 7
7482 7
7483 7
7484 7
7485 7
7486 7
7487 7
7488 7
7489 7
7490 7
7491 7
7492 7
7493 7
7494 7
7495 7
7496 7
7497 7
7498 7
7499 7
7500 7
7501 7
7502 7
7503 7
7504 7
7505 7
7506 7
7507 7
7508 7
7509 7
7510 7
7511 7
7512 7
7513 7
7514 7
7515 7
7516 7
7517 7
7518 7
7519 7
7520 7
7521 7
7522 7
7523 7
7524 7
7525 7
7526 7
7527 7
7528 7
7529 7
7530 7
7531 7
7532 7
7533 7
7534 7
7535 7
7536 7
7537 7
7538 7
7539 7
7540 7
7541 7
7542 7
7543 7
7544 7
7545 7
7546 7
7547 7
7548 7
7549 7
7550 7
7551 7
7552 7
7553 7
7554 7
7555 7
7556 7
7557 7
7558 7
7559 7
7560 7
7561 7
7562 7
7563 7
7564 7
7565 7
7566 7
7567 7
7568 7
7569 7
7570 7
7571 7
7572 7
7573 7
7574 7
7575 7
7576 7
7577 7
7578 7
7579 7
7580 7
7581 7
7582 7
7583 7
7584 7
7585 7
7586 7
7587 7
7588 7
7589 7
7590 7
7591 7
7592 7
7593 7
7594 7
7595 7
7596 7
7597 7
7598 7
7599 7
7600 7
7601 7
7602 7
7603 7
7604 7
7605 7
7606 7
7607 7
7608 7
7609 7
7610 7
7611 7
7612 7
7613 7
7614 7
7615 7
7616 7
7617 7
7618 7
7619 7
7620 7
7621 7
7622 7
7623 7
7624 7
7625 7
7626 7
7627 7
7628 7
7629 7
7630 7
7631 7
7632 7
7633 7
7634 7
7635 7
7636 7
7637 7
7638 7
7639 7
7640 7
7641 7
7642 7
7643 7
7644 7
7645 7
7646 7
7647 7
7648 7
7649 7
7650 7
7651 7
7652 7
7653 7
7654 7
7655 7
7656 7
7657 7
7658 7
7659 7
7660 7
7661 7
7662 7
7663 7
7664 7
7665 7
7666 7
7667 7
7668 7
7669 7
7670 7
7671 7
7672 7
7673 7
7674 7
7675 7
7676 7
7677 7
7678 7
7679 7
7680 7
7681 7
7682 7
7683 7
7684 7
7685 7
7686 7
7687 7
7688 7
7689 7
7690 7
7691 7
7692 7
7693 7
7694 7
7695 7
7696 7
7697 7
7698 7
7699 7
7700 7
7701 7
7702 7
7703 7
7704 7
7705 7
7706 7
7707 7
7708 7
7709 7
7710 7
7711 7
7712 7
7713 7
7714 7
7715 7
7716 7
7717 7
7718 7
7719 7
7720 7
7721 7
7722 7
7723 7
7724 7
7725 7
7726 7
7727 7
7728 7
7729 7
7730 7
7731 7
7732 7
7733 7
7734 7
7735 7
7736 7
7737 7
7738 7
7739 7
7740 7
7741 7
7742 7
7743 7
7744 7
7745 7
7746 7
7747 7
7748 7
7749 7
7750 7
7751 7
7752 7
7753 7
7754 7
7755 7
7756 7
7757 7
7758 7
7759 7
7760 7
7761 7
7762 7
7763 7
7764 7
7765 7
7766 7
7767 7
7768 7
7769 7
7770 7
7771 7
7772 7
7773 7
7774 7
7775 7
7776 7
7777 7
7778 7
7779 7
7780 7
7781 7
7782 7
7783 7
7784 7
7785 7
7786 7
7787 7
7788 7
7789 7
7790 7
7791 7
7792 7
7793 7
7794 7
7795 7
7796 7
7797 7
7798 7
7799 7
7800 7
7801 7
7802 7
7803 7
7804 7
7805 7
7806 7
7807 7
7808 7
7809 7
7810 7
7811 7
7812 7
7813 7
7814 7
7815 7
7816 7
7817 7
7818 7
7819 7
7820 7
7821 7
7822 7
7823 7
7824 7
7825 7
7826 7
7827 7
7828 7
7829 7
7830 7
7831 7
7832 7
7833 7
7834 7
7835 7
7836 7
7837 7
7838 7
7839 7
7840 7
7841 7
7842 7
7843 7
7844 7
7845 7
7846 7
7847 7
7848 7
7849 7
7850 7
7851 7
7852 7
7853 7
7854 7
7855 7
7856 7
7857 7
7858 7
7859 7
7860 7
7861 7
7862 7
7863 7
7864 7
7865 7
7866 7
7867 7
7868 7
7869 7
7870 7
7871 7
7872 7
7873 7
7874 7
7875 7
7876 7
7877 7
7878 7
7879 7
7880 7
7881 7
7882 7
7883 7
7884 7
7885 7
7886 7
7887 7
7888 7
7889 7
7890 7
7891 7
7892 7
7893 7
7894 7
7895 7
7896 7
7897 7
7898 7
7899 7
7900 7
7901 7
7902 7
7903 7
7904 7
7905 7
7906 7
7907 7
7908 7
7909 7
7910 7
7911 7
7912 7
7913 7
7914 7
7915 7
7916 7
7917 7
7918 7
7919 7
7920 7
7921 7
7922 7
7923 7
7924 7
7925 7
7926 7
7927 7
7928 7
7929 7
7930 7
7931 7
7932 7
7933 7
7934 7
7935 7
7936 7
7937 7
7938 7
7939 7
7940 7
7941 7
7942 7
7943 7
7944 7
7945 7
7946 7
7947 7
7948 7
7949 7
7950 7
7951 7
7952 7
7953 7
7954 7
7955 7
7956 7
7957 7
7958 7
7959 7
7960 7
7961 7
7962 7
7963 7
7964 7
7965 7
7966 7
7967 7
7968 7
7969 7
7970 7
7971 7
7972 7
7973 7
7974 7
7975 7
7976 7
7977 7
7978 7
7979 7
7980 7
7981 7
7982 7
7983 7
7984 7
7985 7
7986 7
7987 7
7988 7
7989 7
7990 7
7991 7
7992 7
7993 7
7994 7
7995 7
7996 7
7997 7
7998 7
7999 7
8000 8
8001 8
8002 8
8003 8
8004 8
8005 8
8006 8
8007 8
8008 8
8009 8
8010 8
8011 8
8012 8
8013 8
8014 8
8015 8
8016 8
8017 8
8018 8
8019 8
8020 8
8021 8
8022 8
8023 8
8024 8
8025 8
8026 8
8027 8
8028 8
8029 8
8030 8
8031 8
8032 8
8033 8
8034 8
8035 8
8036 8
8037 8
8038 8
8039 8
8040 8
8041 8
8042 8
8043 8
8044 8
8045 8
8046 8
8047 8
8048 8
8049 8
8050 8
8051 8
8052 8
8053 8
8054 8
8055 8
8056 8
8057 8
8058 8
8059 8
8060 8
8061 8
8062 8
8063 8
8064 8
8065 8
8066 8
8067 8
8068 8
8069 8
8070 8
8071 8
8072 8
8073 8
8074 8
8075 8
8076 8
8077 8
8078 8
8079 8
8080 8
8081 8
8082 8
8083 8
8084 8
8085 8
8086 8
8087 8
8088 8
8089 8
8090 8
8091 8
8092 8
8093 8
8094 8
8095 8
8096 8
8097 8
8098 8
8099 8
8100 8
8101 8
8102 8
8103 8
8104 8
8105 8
8106 8
8107 8
8108 8
8109 8
8110 8
8111 8
8112 8
8113 8
8114 8
8115 8
8116 8
8117 8
8118 8
8119 8
8120 8
8121 8
8122 8
8123 8
8124 8
8125 8
8126 8
8127 8
8128 8
8129 8
8130 8
8131 8
8132 8
8133 8
8134 8
8135 8
8136 8
8137 8
8138 8
8139 8
8140 8
8141 8
8142 8
8143 8
8144 8
8145 8
8146 8
8147 8
8148 8
8149 8
8150 8
8151 8
8152 8
8153 8
8154 8
8155 8
8156 8
8157 8
8158 8
8159 8
8160 8
8161 8
8162 8
8163 8
8164 8
8165 8
8166 8
8167 8
8168 8
8169 8
8170 8
8171 8
8172 8
8173 8
8174 8
8175 8
8176 8
8177 8
8178 8
8179 8
8180 8
8181 8
8182 8
8183 8
8184 8
8185 8
8186 8
8187 8
8188 8
8189 8
8190 8
8191 8
8192 8
8193 8
8194 8
8195 8
8196 8
8197 8
8198 8
8199 8
8200 8
8201 8
8202 8
8203 8
8204 8
8205 8
8206 8
8207 8
8208 8
8209 8
8210 8
8211 8
8212 8
8213 8
8214 8
8215 8
8216 8
8217 8
8218 8
8219 8
8220 8
8221 8
8222 8
8223 8
8224 8
8225 8
8226 8
8227 8
8228 8
8229 8
8230 8
8231 8
8232 8
8233 8
8234 8
8235 8
8236 8
8237 8
8238 8
8239 8
8240 8
8241 8
8242 8
8243 8
8244 8
8245 8
8246 8
8247 8
8248 8
8249 8
8250 8
8251 8
8252 8
8253 8
8254 8
8255 8
8256 8
8257 8
8258 8
8259 8
8260 8
8261 8
8262 8
8263 8
8264 8
8265 8
8266 8
8267 8
8268 8
8269 8
8270 8
8271 8
8272 8
8273 8
8274 8
8275 8
8276 8
8277 8
8278 8
8279 8
8280 8
8281 8
8282 8
8283 8
8284 8
8285 8
8286 8
8287 8
8288 8
8289 8
8290 8
8291 8
8292 8
8293 8
8294 8
8295 8
8296 8
8297 8
8298 8
8299 8
8300 8
8301 8
8302 8
8303 8
8304 8
8305 8
8306 8
8307 8
8308 8
8309 8
8310 8
8311 8
8312 8
8313 8
8314 8
8315 8
8316 8
8317 8
8318 8
8319 8
8320 8
8321 8
8322 8
8323 8
8324 8
8325 8
8326 8
8327 8
8328 8
8329 8
8330 8
8331 8
8332 8
8333 8
8334 8
8335 8
8336 8
8337 8
8338 8
8339 8
8340 8
8341 8
8342 8
8343 8
8344 8
8345 8
8346 8
8347 8
8348 8
8349 8
8350 8
8351 8
8352 8
8353 8
8354 8
8355 8
8356 8
8357 8
8358 8
8359 8
8360 8
8361 8
8362 8
8363 8
8364 8
8365 8
8366 8
8367 8
8368 8
8369 8
8370 8
8371 8
8372 8
8373 8
8374 8
8375 8
8376 8
8377 8
8378 8
8379 8
8380 8
8381 8
8382 8
8383 8
8384 8
8385 8
8386 8
8387 8
8388 8
8389 8
8390 8
8391 8
8392 8
8393 8
8394 8
8395 8
8396 8
8397 8
8398 8
8399 8
8400 8
8401 8
8402 8
8403 8
8404 8
8405 8
8406 8
8407 8
8408 8
8409 8
8410 8
8411 8
8412 8
8413 8
8414 8
8415 8
8416 8
8417 8
8418 8
8419 8
8420 8
8421 8
8422 8
8423 8
8424 8
8425 8
8426 8
8427 8
8428 8
8429 8
8430 8
8431 8
8432 8
8433 8
8434 8
8435 8
8436 8
8437 8
8438 8
8439 8
8440 8
8441 8
8442 8
8443 8
8444 8
8445 8
8446 8
8447 8
8448 8
8449 8
8450 8
8451 8
8452 8
8453 8
8454 8
8455 8
8456 8
8457 8
8458 8
8459 8
8460 8
8461 8
8462 8
8463 8
8464 8
8465 8
8466 8
8467 8
8468 8
8469 8
8470 8
8471 8
8472 8
8473 8
8474 8
8475 8
8476 8
8477 8
8478 8
8479 8
8480 8
8481 8
8482 8
8483 8
8484 8
8485 8
8486 8
8487 8
8488 8
8489 8
8490 8
8491 8
8492 8
8493 8
8494 8
8495 8
8496 8
8497 8
8498 8
8499 8
8500 8
8501 8
8502 8
8503 8
8504 8
8505 8
8506 8
8507 8
8508 8
8509 8
8510 8
8511 8
8512 8
8513 8
8514 8
8515 8
8516 8
8517 8
8518 8
8519 8
8520 8
8521 8
8522 8
8523 8
8524 8
8525 8
8526 8
8527 8
8528 8
8529 8
8530 8
8531 8
8532 8
8533 8
8534 8
8535 8
8536 8
8537 8
8538 8
8539 8
8540 8
8541 8
8542 8
8543 8
8544 8
8545 8
8546 8
8547 8
8548 8
8549 8
8550 8
8551 8
8552 8
8553 8
8554 8
8555 8
8556 8
8557 8
8558 8
8559 8
8560 8
8561 8
8562 8
8563 8
8564 8
8565 8
8566 8
8567 8
8568 8
8569 8
8570 8
8571 8
8572 8
8573 8
8574 8
8575 8
8576 8
8577 8
8578 8
8579 8
8580 8
8581 8
8582 8
8583 8
8584 8
8585 8
8586 8
8587 8
8588 8
8589 8
8590 8
8591 8
8592 8
8593 8
8594 8
8595 8
8596 8
8597 8
8598 8
8599 8
8600 8
8601 8
8602 8
8603 8
8604 8
8605 8
8606 8
8607 8
8608 8
8609 8
8610 8
8611 8
8612 8
8613 8
8614 8
8615 8
8616 8
8617 8
8618 8
8619 8
8620 8
8621 8
8622 8
8623 8
8624 8
8625 8
8626 8
8627 8
8628 8
8629 8
8630 8
8631 8
8632 8
8633 8
8634 8
8635 8
8636 8
8637 8
8638 8
8639 8
8640 8
8641 8
8642 8
8643 8
8644 8
8645 8
8646 8
8647 8
8648 8
8649 8
8650 8
8651 8
8652 8
8653 8
8654 8
8655 8
8656 8
8657 8
8658 8
8659 8
8660 8
8661 8
8662 8
8663 8
8664 8
8665 8
8666 8
8667 8
8668 8
8669 8
8670 8
8671 8
8672 8
8673 8
8674 8
8675 8
8676 8
8677 8
8678 8
8679 8
8680 8
8681 8
8682 8
8683 8
8684 8
8685 8
8686 8
8687 8
8688 8
8689 8
8690 8
8691 8
8692 8
8693 8
8694 8
8695 8
8696 8
8697 8
8698 8
8699 8
8700 8
8701 8
8702 8
8703 8
8704 8
8705 8
8706 8
8707 8
8708 8
8709 8
8710 8
8711 8
8712 8
8713 8
8714 8
8715 8
8716 8
8717 8
8718 8
8719 8
8720 8
8721 8
8722 8
8723 8
8724 8
8725 8
8726 8
8727 8
8728 8
8729 8
8730 8
8731 8
8732 8
8733 8
8734 8
8735 8
8736 8
8737 8
8738 8
8739 8
8740 8
8741 8
8742 8
8743 8
8744 8
8745 8
8746 8
8747 8
8748 8
8749 8
8750 8
8751 8
8752 8
8753 8
8754 8
8755 8
8756 8
8757 8
8758 8
8759 8
8760 8
8761 8
8762 8
8763 8
8764 8
8765 8
8766 8
8767 8
8768 8
8769 8
8770 8
8771 8
8772 8
8773 8
8774 8
8775 8
8776 8
8777 8
8778 8
8779 8
8780 8
8781 8
8782 8
8783 8
8784 8
8785 8
8786 8
8787 8
8788 8
8789 8
8790 8
8791 8
8792 8
8793 8
8794 8
8795 8
8796 8
8797 8
8798 8
8799 8
8800 8
8801 8
8802 8
8803 8
8804 8
8805 8
8806 8
8807 8
8808 8
8809 8
8810 8
8811 8
8812 8
8813 8
8814 8
8815 8
8816 8
8817 8
8818 8
8819 8
8820 8
8821 8
8822 8
8823 8
8824 8
8825 8
8826 8
8827 8
8828 8
8829 8
8830 8
8831 8
8832 8
8833 8
8834 8
8835 8
8836 8
8837 8
8838 8
8839 8
8840 8
8841 8
8842 8
8843 8
8844 8
8845 8
8846 8
8847 8
8848 8
8849 8
8850 8
8851 8
8852 8
8853 8
8854 8
8855 8
8856 8
8857 8
8858 8
8859 8
8860 8
8861 8
8862 8
8863 8
8864 8
8865 8
8866 8
8867 8
8868 8
8869 8
8870 8
8871 8
8872 8
8873 8
8874 8
8875 8
8876 8
8877 8
8878 8
8879 8
8880 8
8881 8
8882 8
8883 8
8884 8
8885 8
8886 8
8887 8
8888 8
8889 8
8890 8
8891 8
8892 8
8893 8
8894 8
8895 8
8896 8
8897 8
8898 8
8899 8
8900 8
8901 8
8902 8
8903 8
8904 8
8905 8
8906 8
8907 8
8908 8
8909 8
8910 8
8911 8
8912 8
8913 8
8914 8
8915 8
8916 8
8917 8
8918 8
8919 8
8920 8
8921 8
8922 8
8923 8
8924 8
8925 8
8926 8
8927 8
8928 8
8929 8
8930 8
8931 8
8932 8
8933 8
8934 8
8935 8
8936 8
8937 8
8938 8
8939 8
8940 8
8941 8
8942 8
8943 8
8944 8
8945 8
8946 8
8947 8
8948 8
8949 8
8950 8
8951 8
8952 8
8953 8
8954 8
8955 8
8956 8
8957 8
8958 8
8959 8
8960 8
8961 8
8962 8
8963 8
8964 8
8965 8
8966 8
8967 8
8968 8
8969 8
8970 8
8971 8
8972 8
8973 8
8974 8
8975 8
8976 8
8977 8
8978 8
8979 8
8980 8
8981 8
8982 8
8983 8
8984 8
8985 8
8986 8
8987 8
8988 8
8989 8
8990 8
8991 8
8992 8
8993 8
8994 8
8995 8
8996 8
8997 8
8998 8
8999 8
9000 9
9001 9
9002 9
9003 9
9004 9
9005 9
9006 9
9007 9
9008 9
9009 9
9010 9
9011 9
9012 9
9013 9
9014 9
9015 9
9016 9
9017 9
9018 9
9019 9
9020 9
9021 9
9022 9
9023 9
9024 9
9025 9
9026 9
9027 9
9028 9
9029 9
9030 9
9031 9
9032 9
9033 9
9034 9
9035 9
9036 9
9037 9
9038 9
9039 9
9040 9
9041 9
9042 9
9043 9
9044 9
9045 9
9046 9
9047 9
9048 9
9049 9
9050 9
9051 9
9052 9
9053 9
9054 9
9055 9
9056 9
9057 9
9058 9
9059 9
9060 9
9061 9
9062 9
9063 9
9064 9
9065 9
9066 9
9067 9
9068 9
9069 9
9070 9
9071 9
9072 9
9073 9
9074 9
9075 9
9076 9
9077 9
9078 9
9079 9
9080 9
9081 9
9082 9
9083 9
9084 9
9085 9
9086 9
9087 9
9088 9
9089 9
9090 9
9091 9
9092 9
9093 9
9094 9
9095 9
9096 9
9097 9
9098 9
9099 9
9100 9
9101 9
9102 9
9103 9
9104 9
9105 9
9106 9
9107 9
9108 9
9109 9
9110 9
9111 9
9112 9
9113 9
9114 9
9115 9
9116 9
9117 9
9118 9
9119 9
9120 9
9121 9
9122 9
9123 9
9124 9
9125 9
9126 9
9127 9
9128 9
9129 9
9130 9
9131 9
9132 9
9133 9
9134 9
9135 9
9136 9
9137 9
9138 9
9139 9
9140 9
9141 9
9142 9
9143 9
9144 9
9145 9
9146 9
9147 9
9148 9
9149 9
9150 9
9151 9
9152 9
9153 9
9154 9
9155 9
9156 9
9157 9
9158 9
9159 9
9160 9
9161 9
9162 9
9163 9
9164 9
9165 9
9166 9
9167 9
9168 9
9169 9
9170 9
9171 9
9172 9
9173 9
9174 9
9175 9
9176 9
9177 9
9178 9
9179 9
9180 9
9181 9
9182 9
9183 9
9184 9
9185 9
9186 9
9187 9
9188 9
9189 9
9190 9
9191 9
9192 9
9193 9
9194 9
9195 9
9196 9
9197 9
9198 9
9199 9
9200 9
9201 9
9202 9
9203 9
9204 9
9205 9
9206 9
9207 9
9208 9
9209 9
9210 9
9211 9
9212 9
9213 9
9214 9
9215 9
9216 9
9217 9
9218 9
9219 9
9220 9
9221 9
9222 9
9223 9
9224 9
9225 9
9226 9
9227 9
9228 9
9229 9
9230 9
9231 9
9232 9
9233 9
9234 9
9235 9
9236 9
9237 9
9238 9
9239 9
9240 9
9241 9
9242 9
9243 9
9244 9
9245 9
9246 9
9247 9
9248 9
9249 9
9250 9
9251 9
9252 9
9253 9
9254 9
9255 9
9256 9
9257 9
9258 9
9259 9
9260 9
9261 9
9262 9
9263 9
9264 9
9265 9
9266 9
9267 9
9268 9
9269 9
9270 9
9271 9
9272 9
9273 9
9274 9
9275 9
9276 9
9277 9
9278 9
9279 9
9280 9
9281 9
9282 9
9283 9
9284 9
9285 9
9286 9
9287 9
9288 9
9289 9
9290 9
9291 9
9292 9
9293 9
9294 9
9295 9
9296 9
9297 9
9298 9
9299 9
9300 9
9301 9
9302 9
9303 9
9304 9
9305 9
9306 9
9307 9
9308 9
9309 9
9310 9
9311 9
9312 9
9313 9
9314 9
9315 9
9316 9
9317 9
9318 9
9319 9
9320 9
9321 9
9322 9
9323 9
9324 9
9325 9
9326 9
9327 9
9328 9
9329 9
9330 9
9331 9
9332 9
9333 9
9334 9
9335 9
9336 9
9337 9
9338 9
9339 9
9340 9
9341 9
9342 9
9343 9
9344 9
9345 9
9346 9
9347 9
9348 9
9349 9
9350 9
9351 9
9352 9
9353 9
9354 9
9355 9
9356 9
9357 9
9358 9
9359 9
9360 9
9361 9
9362 9
9363 9
9364 9
9365 9
9366 9
9367 9
9368 9
9369 9
9370 9
9371 9
9372 9
9373 9
9374 9
9375 9
9376 9
9377 9
9378 9
9379 9
9380 9
9381 9
9382 9
9383 9
9384 9
9385 9
9386 9
9387 9
9388 9
9389 9
9390 9
9391 9
9392 9
9393 9
9394 9
9395 9
9396 9
9397 9
9398 9
9399 9
9400 9
9401 9
9402 9
9403 9
9404 9
9405 9
9406 9
9407 9
9408 9
9409 9
9410 9
9411 9
9412 9
9413 9
9414 9
9415 9
9416 9
9417 9
9418 9
9419 9
9420 9
9421 9
9422 9
9423 9
9424 9
9425 9
9426 9
9427 9
9428 9
9429 9
9430 9
9431 9
9432 9
9433 9
9434 9
9435 9
9436 9
9437 9
9438 9
9439 9
9440 9
9441 9
9442 9
9443 9
9444 9
9445 9
9446 9
9447 9
9448 9
9449 9
9450 9
9451 9
9452 9
9453 9
9454 9
9455 9
9456 9
9457 9
9458 9
9459 9
9460 9
9461 9
9462 9
9463 9
9464 9
9465 9
9466 9
9467 9
9468 9
9469 9
9470 9
9471 9
9472 9
9473 9
9474 9
9475 9
9476 9
9477 9
9478 9
9479 9
9480 9
9481 9
9482 9
9483 9
9484 9
9485 9
9486 9
9487 9
9488 9
9489 9
9490 9
9491 9
9492 9
9493 9
9494 9
9495 9
9496 9
9497 9
9498 9
9499 9
9500 9
9501 9
9502 9
9503 9
9504 9
9505 9
9506 9
9507 9
9508 9
9509 9
9510 9
9511 9
9512 9
9513 9
9514 9
9515 9
9516 9
9517 9
9518 9
9519 9
9520 9
9521 9
9522 9
9523 9
9524 9
9525 9
9526 9
9527 9
9528 9
9529 9
9530 9
9531 9
9532 9
9533 9
9534 9
9535 9
9536 9
9537 9
9538 9
9539 9
9540 9
9541 9
9542 9
9543 9
9544 9
9545 9
9546 9
9547 9
9548 9
9549 9
9550 9
9551 9
9552 9
9553 9
9554 9
9555 9
9556 9
9557 9
9558 9
9559 9
9560 9
9561 9
9562 9
9563 9
9564 9
9565 9
9566 9
9567 9
9568 9
9569 9
9570 9
9571 9
9572 9
9573 9
9574 9
9575 9
9576 9
9577 9
9578 9
9579 9
9580 9
9581 9
9582 9
9583 9
9584 9
9585 9
9586 9
9587 9
9588 9
9589 9
9590 9
9591 9
9592 9
9593 9
9594 9
9595 9
9596 9
9597 9
9598 9
9599 9
9600 9
9601 9
9602 9
9603 9
9604 9
9605 9
9606 9
9607 9
9608 9
9609 9
9610 9
9611 9
9612 9
9613 9
9614 9
9615 9
9616 9
9617 9
9618 9
9619 9
9620 9
9621 9
9622 9
9623 9
9624 9
9625 9
9626 9
9627 9
9628 9
9629 9
9630 9
9631 9
9632 9
9633 9
9634 9
9635 9
9636 9
9637 9
9638 9
9639 9
9640 9
9641 9
9642 9
9643 9
9644 9
9645 9
9646 9
9647 9
9648 9
9649 9
9650 9
9651 9
9652 9
9653 9
9654 9
9655 9
9656 9
9657 9
9658 9
9659 9
9660 9
9661 9
9662 9
9663 9
9664 9
9665 9
9666 9
9667 9
9668 9
9669 9
9670 9
9671 9
9672 9
9673 9
9674 9
9675 9
9676 9
9677 9
9678 9
9679 9
9680 9
9681 9
9682 9
9683 9
9684 9
9685 9
9686 9
9687 9
9688 9
9689 9
9690 9
9691 9
9692 9
9693 9
9694 9
9695 9
9696 9
9697 9
9698 9
9699 9
9700 9
9701 9
9702 9
9703 9
9704 9
9705 9
9706 9
9707 9
9708 9
9709 9
9710 9
9711 9
9712 9
9713 9
9714 9
9715 9
9716 9
9717 9
9718 9
9719 9
9720 9
9721 9
9722 9
9723 9
9724 9
9725 9
9726 9
9727 9
9728 9
9729 9
9730 9
9731 9
9732 9
9733 9
9734 9
9735 9
9736 9
9737 9
9738 9
9739 9
9740 9
9741 9
9742 9
9743 9
9744 9
9745 9
9746 9
9747 9
9748 9
9749 9
9750 9
9751 9
9752 9
9753 9
9754 9
9755 9
9756 9
9757 9
9758 9
9759 9
9760 9
9761 9
9762 9
9763 9
9764 9
9765 9
9766 9
9767 9
9768 9
9769 9
9770 9
9771 9
9772 9
9773 9
9774 9
9775 9
9776 9
9777 9
9778 9
9779 9
9780 9
9781 9
9782 9
9783 9
9784 9
9785 9
9786 9
9787 9
9788 9
9789 9
9790 9
9791 9
9792 9
9793 9
9794 9
9795 9
9796 9
9797 9
9798 9
9799 9
9800 9
9801 9
9802 9
9803 9
9804 9
9805 9
9806 9
9807 9
9808 9
9809 9
9810 9
9811 9
9812 9
9813 9
9814 9
9815 9
9816 9
9817 9
9818 9
9819 9
9820 9
9821 9
9822 9
9823 9
9824 9
9825 9
9826 9
9827 9
9828 9
9829 9
9830 9
9831 9
9832 9
9833 9
9834 9
9835 9
9836 9
9837 9
9838 9
9839 9
9840 9
9841 9
9842 9
9843 9
9844 9
9845 9
9846 9
9847 9
9848 9
9849 9
9850 9
9851 9
9852 9
9853 9
9854 9
9855 9
9856 9
9857 9
9858 9
9859 9
9860 9
9861 9
9862 9
9863 9
9864 9
9865 9
9866 9
9867 9
9868 9
9869 9
9870 9
9871 9
9872 9
9873 9
9874 9
9875 9
9876 9
9877 9
9878 9
9879 9
9880 9
9881 9
9882 9
9883 9
9884 9
9885 9
9886 9
9887 9
9888 9
9889 9
9890 9
9891 9
9892 9
9893 9
9894 9
9895 9
9896 9
9897 9
9898 9
9899 9
9900 9
9901 9
9902 9
9903 9
9904 9
9905 9
9906 9
9907 9
9908 9
9909 9
9910 9
9911 9
9912 9
9913 9
9914 9
9915 9
9916 9
9917 9
9918 9
9919 9
9920 9
9921 9
9922 9
9923 9
9924 9
9925 9
9926 9
9927 9
9928 9
9929 9
9930 9
9931 9
9932 9
9933 9
9934 9
9935 9
9936 9
9937 9
9938 9
9939 9
9940 9
9941 9
9942 9
9943 9
9944 9
9945 9
9946 9
9947 9
9948 9
9949 9
9950 9
9951 9
9952 9
9953 9
9954 9
9955 9
9956 9
9957 9
9958 9
9959 9
9960 9
9961 9
9962 9
9963 9
9964 9
9965 9
9966 9
9967 9
9968 9
9969 9
9970 9
9971 9
9972 9
9973 9
9974 9
9975 9
9976 9
9977 9
9978 9
9979 9
9980 9
9981 9
9982 9
9983 9
9984 9
9985 9
9986 9
9987 9
9988 9
9989 9
9990 9
9991 9
9992 9
9993 9
9994 9
9995 9
9996 9
9997 9
9998 9
9999 9
10000 10
10001 10
10002 10
10003 10
10004 10
10005 10
10006 10
10007 10
10008 10
10009 10
10010 10
10011 10
10012 10
10013 10
10014 10
10015 10
10016 10
10017 10
10018 10
10019 10
10020 10
10021 10
10022 10
10023 10
10024 10
10025 10
10026 10
10027 10
10028 10
10029 10
10030 10
10031 10
10032 10
10033 10
10034 10
10035 10
10036 10
10037 10
10038 10
10039 10
10040 10
10041 10
10042 10
10043 10
10044 10
10045 10
10046 10
10047 10
10048 10
10049 10
10050 10
10051 10
10052 10
10053 10
10054 10
10055 10
10056 10
10057 10
10058 10
10059 10
10060 10
10061 10
10062 10
10063 10
10064 10
10065 10
10066 10
10067 10
10068 10
10069 10
10070 10
10071 10
10072 10
10073 10
10074 10
10075 10
10076 10
10077 10
10078 10
10079 10
10080 10
10081 10
10082 10
10083 10
10084 10
10085 10
10086 10
10087 10
10088 10
10089 10
10090 10
10091 10
10092 10
10093 10
10094 10
10095 10
10096 10
10097 10
10098 10
10099 10
10100 10
10101 10
10102 10
10103 10
10104 10
10105 10
10106 10
10107 10
10108 10
10109 10
10110 10
10111 10
10112 10
10113 10
10114 10
10115 10
10116 10
10117 10
10118 10
10119 10
10120 10
10121 10
10122 10
10123 10
10124 10
10125 10
10126 10
10127 10
10128 10
10129 10
10130 10
10131 10
10132 10
10133 10
10134 10
10135 10
10136 10
10137 10
10138 10
10139 10
10140 10
10141 10
10142 10
10143 10
10144 10
10145 10
10146 10
10147 10
10148 10
10149 10
10150 10
10151 10
10152 10
10153 10
10154 10
10155 10
10156 10
10157 10
10158 10
10159 10
10160 10
10161 10
10162 10
10163 10
10164 10
10165 10
10166 10
10167 10
10168 10
10169 10
10170 10
10171 10
10172 10
10173 10
10174 10
10175 10
10176 10
10177 10
10178 10
10179 10
10180 10
10181 10
10182 10
10183 10
10184 10
10185 10
10186 10
10187 10
10188 10
10189 10
10190 10
10191 10
10192 10
10193 10
10194 10
10195 10
10196 10
10197 10
10198 10
10199 10
10200 10
10201 10
10202 10
10203 10
10204 10
10205 10
10206 10
10207 10
10208 10
10209 10
10210 10
10211 10
10212 10
10213 10
10214 10
10215 10
10216 10
10217 10
10218 10
10219 10
10220 10
10221 10
10222 10
10223 10
10224 10
10225 10
10226 10
10227 10
10228 10
10229 10
10230 10
10231 10
10232 10
10233 10
10234 10
10235 10
10236 10
10237 10
10238 10
10239 10
10240 10
10241 10
10242 10
10243 10
10244 10
10245 10
10246 10
10247 10
10248 10
10249 10
10250 10
10251 10
10252 10
10253 10
10254 10
10255 10
10256 10
10257 10
10258 10
10259 10
10260 10
10261 10
10262 10
10263 10
10264 10
10265 10
10266 10
10267 10
10268 10
10269 10
10270 10
10271 10
10272 10
10273 10
10274 10
10275 10
10276 10
10277 10
10278 10
10279 10
10280 10
10281 10
10282 10
10283 10
10284 10
10285 10
10286 10
10287 10
10288 10
10289 10
10290 10
10291 10
10292 10
10293 10
10294 10
10295 10
10296 10
10297 10
10298 10
10299 10
10300 10
10301 10
10302 10
10303 10
10304 10
10305 10
10306 10
10307 10
10308 10
10309 10
10310 10
10311 10
10312 10
10313 10
10314 10
10315 10
10316 10
10317 10
10318 10
10319 10
10320 10
10321 10
10322 10
10323 10
10324 10
10325 10
10326 10
10327 10
10328 10
10329 10
10330 10
10331 10
10332 10
10333 10
10334 10
10335 10
10336 10
10337 10
10338 10
10339 10
10340 10
10341 10
10342 10
10343 10
10344 10
10345 10
10346 10
10347 10
10348 10
10349 10
10350 10
10351 10
10352 10
10353 10
10354 10
10355 10
10356 10
10357 10
10358 10
10359 10
10360 10
10361 10
10362 10
10363 10
10364 10
10365 10
10366 10
10367 10
10368 10
10369 10
10370 10
10371 10
10372 10
10373 10
10374 10
10375 10
10376 10
10377 10
10378 10
10379 10
10380 10
10381 10
10382 10
10383 10
10384 10
10385 10
10386 10
10387 10
10388 10
10389 10
10390 10
10391 10
10392 10
10393 10
10394 10
10395 10
10396 10
10397 10
10398 10
10399 10
10400 10
10401 10
10402 10
10403 10
10404 10
10405 10
10406 10
10407 10
10408 10
10409 10
10410 10
10411 10
10412 10
10413 10
10414 10
10415 10
10416 10
10417 10
10418 10
10419 10
10420 10
10421 10
10422 10
10423 10
10424 10
10425 10
10426 10
10427 10
10428 10
10429 10
10430 10
10431 10
10432 10
10433 10
10434 10
10435 10
10436 10
10437 10
10438 10
10439 10
10440 10
10441 10
10442 10
10443 10
10444 10
10445 10
10446 10
10447 10
10448 10
10449 10
10450 10
10451 10
10452 10
10453 10
10454 10
10455 10
10456 10
10457 10
10458 10
10459 10
10460 10
10461 10
10462 10
10463 10
10464 10
10465 10
10466 10
10467 10
10468 10
10469 10
10470 10
10471 10
10472 10
10473 10
10474 10
10475 10
10476 10
10477 10
10478 10
10479 10
10480 10
10481 10
10482 10
10483 10
10484 10
10485 10
10486 10
10487 10
10488 10
10489 10
10490 10
10491 10
10492 10
10493 10
10494 10
10495 10
10496 10
10497 10
10498 10
10499 10
10500 10
10501 10
10502 10
10503 10
10504 10
10505 10
10506 10
10507 10
10508 10
10509 10
10510 10
10511 10
10512 10
10513 10
10514 10
10515 10
10516 10
10517 10
10518 10
10519 10
10520 10
10521 10
10522 10
10523 10
10524 10
10525 10
10526 10
10527 10
10528 10
10529 10
10530 10
10531 10
10532 10
10533 10
10534 10
10535 10
10536 10
10537 10
10538 10
10539 10
10540 10
10541 10
10542 10
10543 10
10544 10
10545 10
10546 10
10547 10
10548 10
10549 10
10550 10
10551 10
10552 10
10553 10
10554 10
10555 10
10556 10
10557 10
10558 10
10559 10
10560 10
10561 10
10562 10
10563 10
10564 10
10565 10
10566 10
10567 10
10568 10
10569 10
10570 10
10571 10
10572 10
10573 10
10574 10
10575 10
10576 10
10577 10
10578 10
10579 10
10580 10
10581 10
10582 10
10583 10
10584 10
10585 10
10586 10
10587 10
10588 10
10589 10
10590 10
10591 10
10592 10
10593 10
10594 10
10595 10
10596 10
10597 10
10598 10
10599 10
10600 10
10601 10
10602 10
10603 10
10604 10
10605 10
10606 10
10607 10
10608 10
10609 10
10610 10
10611 10
10612 10
10613 10
10614 10
10615 10
10616 10
10617 10
10618 10
10619 10
10620 10
10621 10
10622 10
10623 10
10624 10
10625 10
10626 10
10627 10
10628 10
10629 10
10630 10
10631 10
10632 10
10633 10
10634 10
10635 10
10636 10
10637 10
10638 10
10639 10
10640 10
10641 10
10642 10
10643 10
10644 10
10645 10
10646 10
10647 10
10648 10
10649 10
10650 10
10651 10
10652 10
10653 10
10654 10
10655 10
10656 10
10657 10
10658 10
10659 10
10660 10
10661 10
10662 10
10663 10
10664 10
10665 10
10666 10
10667 10
10668 10
10669 10
10670 10
10671 10
10672 10
10673 10
10674 10
10675 10
10676 10
10677 10
10678 10
10679 10
10680 10
10681 10
10682 10
10683 10
10684 10
10685 10
10686 10
10687 10
10688 10
10689 10
10690 10
10691 10
10692 10
10693 10
10694 10
10695 10
10696 10
10697 10
10698 10
10699 10
10700 10
10701 10
10702 10
10703 10
10704 10
10705 10
10706 10
10707 10
10708 10
10709 10
10710 10
10711 10
10712 10
10713 10
10714 10
10715 10
10716 10
10717 10
10718 10
10719 10
10720 10
10721 10
10722 10
10723 10
10724 10
10725 10
10726 10
10727 10
10728 10
10729 10
10730 10
10731 10
10732 10
10733 10
10734 10
10735 10
10736 10
10737 10
10738 10
10739 10
10740 10
10741 10
10742 10
10743 10
10744 10
10745 10
10746 10
10747 10
10748 10
10749 10
10750 10
10751 10
10752 10
10753 10
10754 10
10755 10
10756 10
10757 10
10758 10
10759 10
10760 10
10761 10
10762 10
10763 10
10764 10
10765 10
10766 10
10767 10
10768 10
10769 10
10770 10
10771 10
10772 10
10773 10
10774 10
10775 10
10776 10
10777 10
10778 10
10779 10
10780 10
10781 10
10782 10
10783 10
10784 10
10785 10
10786 10
10787 10
10788 10
10789 10
10790 10
10791 10
10792 10
10793 10
10794 10
10795 10
10796 10
10797 10
10798 10
10799 10
10800 10
10801 10
10802 10
10803 10
10804 10
10805 10
10806 10
10807 10
10808 10
10809 10
10810 10
10811 10
10812 10
10813 10
10814 10
10815 10
10816 10
10817 10
10818 10
10819 10
10820 10
10821 10
10822 10
10823 10
10824 10
10825 10
10826 10
10827 10
10828 10
10829 10
10830 10
10831 10
10832 10
10833 10
10834 10
10835 10
10836 10
10837 10
10838 10
10839 10
10840 10
10841 10
10842 10
10843 10
10844 10
10845 10
10846 10
10847 10
10848 10
10849 10
10850 10
10851 10
10852 10
10853 10
10854 10
10855 10
10856 10
10857 10
10858 10
10859 10
10860 10
10861 10
10862 10
10863 10
10864 10
10865 10
10866 10
10867 10
10868 10
10869 10
10870 10
10871 10
10872 10
10873 10
10874 10
10875 10
10876 10
10877 10
10878 10
10879 10
10880 10
10881 10
10882 10
10883 10
10884 10
10885 10
10886 10
10887 10
10888 10
10889 10
10890 10
10891 10
10892 10
10893 10
10894 10
10895 10
10896 10
10897 10
10898 10
10899 10
10900 10
10901 10
10902 10
10903 10
10904 10
10905 10
10906 10
10907 10
10908 10
10909 10
10910 10
10911 10
10912 10
10913 10
10914 10
10915 10
10916 10
10917 10
10918 10
10919 10
10920 10
10921 10
10922 10
10923 10
10924 10
10925 10
10926 10
10927 10
10928 10
10929 10
10930 10
10931 10
10932 10
10933 10
10934 10
10935 10
10936 10
10937 10
10938 10
10939 10
10940 10
10941 10
10942 10
10943 10
10944 10
10945 10
10946 10
10947 10
10948 10
10949 10
10950 10
10951 10
10952 10
10953 10
10954 10
10955 10
10956 10
10957 10
10958 10
10959 10
10960 10
10961 10
10962 10
10963 10
10964 10
10965 10
10966 10
10967 10
10968 10
10969 10
10970 10
10971 10
10972 10
10973 10
10974 10
10975 10
10976 10
10977 10
10978 10
10979 10
10980 10
10981 10
10982 10
10983 10
10984 10
10985 10
10986 10
10987 10
10988 10
10989 10
10990 10
10991 10
10992 10
10993 10
10994 10
10995 10
10996 10
10997 10
10998 10
10999 10
11000 11
11001 11
11002 11
11003 11
11004 11
11005 11
11006 11
11007 11
11008 11
11009 11
11010 11
11011 11
11012 11
11013 11
11014 11
11015 11
11016 11
11017 11
11018 11
11019 11
11020 11
11021 11
11022 11
11023 11
11024 11
11025 11
11026 11
11027 11
11028 11
11029 11
11030 11
11031 11
11032 11
11033 11
11034 11
11035 11
11036 11
11037 11
11038 11
11039 11
11040 11
11041 11
11042 11
11043 11
11044 11
11045 11
11046 11
11047 11
11048 11
11049 11
11050 11
11051 11
11052 11
11053 11
11054 11
11055 11
11056 11
11057 11
11058 11
11059 11
11060 11
11061 11
11062 11
11063 11
11064 11
11065 11
11066 11
11067 11
11068 11
11069 11
11070 11
11071 11
11072 11
11073 11
11074 11
11075 11
11076 11
11077 11
11078 11
11079 11
11080 11
11081 11
11082 11
11083 11
11084 11
11085 11
11086 11
11087 11
11088 11
11089 11
11090 11
11091 11
11092 11
11093 11
11094 11
11095 11
11096 11
11097 11
11098 11
11099 11
11100 11
11101 11
11102 11
11103 11
11104 11
11105 11
11106 11
11107 11
11108 11
11109 11
11110 11
11111 11
11112 11
11113 11
11114 11
11115 11
11116 11
11117 11
11118 11
11119 11
11120 11
11121 11
11122 11
11123 11
11124 11
11125 11
11126 11
11127 11
11128 11
11129 11
11130 11
11131 11
11132 11
11133 11
11134 11
11135 11
11136 11
11137 11
11138 11
11139 11
11140 11
11141 11
11142 11
11143 11
11144 11
11145 11
11146 11
11147 11
11148 11
11149 11
11150 11
11151 11
11152 11
11153 11
11154 11
11155 11
11156 11
11157 11
11158 11
11159 11
11160 11
11161 11
11162 11
11163 11
11164 11
11165 11
11166 11
11167 11
11168 11
11169 11
11170 11
11171 11
11172 11
11173 11
11174 11
11175 11
11176 11
11177 11
11178 11
11179 11
11180 11
11181 11
11182 11
11183 11
11184 11
11185 11
11186 11
11187 11
11188 11
11189 11
11190 11
11191 11
11192 11
11193 11
11194 11
11195 11
11196 11
11197 11
11198 11
11199 11
11200 11
11201 11
11202 11
11203 11
11204 11
11205 11
11206 11
11207 11
11208 11
11209 11
11210 11
11211 11
11212 11
11213 11
11214 11
11215 11
11216 11
11217 11
11218 11
11219 11
11220 11
11221 11
11222 11
11223 11
11224 11
11225 11
11226 11
11227 11
11228 11
11229 11
11230 11
11231 11
11232 11
11233 11
11234 11
11235 11
11236 11
11237 11
11238 11
11239 11
11240 11
11241 11
11242 11
11243 11
11244 11
11245 11
11246 11
11247 11
11248 11
11249 11
11250 11
11251 11
11252 11
11253 11
11254 11
11255 11
11256 11
11257 11
11258 11
11259 11
11260 11
11261 11
11262 11
11263 11
11264 11
11265 11
11266 11
11267 11
11268 11
11269 11
11270 11
11271 11
11272 11
11273 11
11274 11
11275 11
11276 11
11277 11
11278 11
11279 11
11280 11
11281 11
11282 11
11283 11
11284 11
11285 11
11286 11
11287 11
11288 11
11289 11
11290 11
11291 11
11292 11
11293 11
11294 11
11295 11
11296 11
11297 11
11298 11
11299 11
11300 11
11301 11
11302 11
11303 11
11304 11
11305 11
11306 11
11307 11
11308 11
11309 11
11310 11
11311 11
11312 11
11313 11
11314 11
11315 11
11316 11
11317 11
11318 11
11319 11
11320 11
11321 11
11322 11
11323 11
11324 11
11325 11
11326 11
11327 11
11328 11
11329 11
11330 11
11331 11
11332 11
11333 11
11334 11
11335 11
11336 11
11337 11
11338 11
11339 11
11340 11
11341 11
11342 11
11343 11
11344 11
11345 11
11346 11
11347 11
11348 11
11349 11
11350 11
11351 11
11352 11
11353 11
11354 11
11355 11
11356 11
11357 11
11358 11
11359 11
11360 11
11361 11
11362 11
11363 11
11364 11
11365 11
11366 11
11367 11
11368 11
11369 11
11370 11
11371 11
11372 11
11373 11
11374 11
11375 11
11376 11
11377 11
11378 11
11379 11
11380 11
11381 11
11382 11
11383 11
11384 11
11385 11
11386 11
11387 11
11388 11
11389 11
11390 11
11391 11
11392 11
11393 11
11394 11
11395 11
11396 11
11397 11
11398 11
11399 11
11400 11
11401 11
11402 11
11403 11
11404 11
11405 11
11406 11
11407 11
11408 11
11409 11
11410 11
11411 11
11412 11
11413 11
11414 11
11415 11
11416 11
11417 11
11418 11
11419 11
11420 11
11421 11
11422 11
11423 11
11424 11
11425 11
11426 11
11427 11
11428 11
11429 11
11430 11
11431 11
11432 11
11433 11
11434 11
11435 11
11436 11
11437 11
11438 11
11439 11
11440 11
11441 11
11442 11
11443 11
11444 11
11445 11
11446 11
11447 11
11448 11
11449 11
11450 11
11451 11
11452 11
11453 11
11454 11
11455 11
11456 11
11457 11
11458 11
11459 11
11460 11
11461 11
11462 11
11463 11
11464 11
11465 11
11466 11
11467 11
11468 11
11469 11
11470 11
11471 11
11472 11
11473 11
11474 11
11475 11
11476 11
11477 11
11478 11
11479 11
11480 11
11481 11
11482 11
11483 11
11484 11
11485 11
11486 11
11487 11
11488 11
11489 11
11490 11
11491 11
11492 11
11493 11
11494 11
11495 11
11496 11
11497 11
11498 11
11499 11
11500 11
11501 11
11502 11
11503 11
11504 11
11505 11
11506 11
11507 11
11508 11
11509 11
11510 11
11511 11
11512 11
11513 11
11514 11
11515 11
11516 11
11517 11
11518 11
11519 11
11520 11
11521 11
11522 11
11523 11
11524 11
11525 11
11526 11
11527 11
11528 11
11529 11
11530 11
11531 11
11532 11
11533 11
11534 11
11535 11
11536 11
11537 11
11538 11
11539 11
11540 11
11541 11
11542 11
11543 11
11544 11
11545 11
11546 11
11547 11
11548 11
11549 11
11550 11
11551 11
11552 11
11553 11
11554 11
11555 11
11556 11
11557 11
11558 11
11559 11
11560 11
11561 11
11562 11
11563 11
11564 11
11565 11
11566 11
11567 11
11568 11
11569 11
11570 11
11571 11
11572 11
11573 11
11574 11
11575 11
11576 11
11577 11
11578 11
11579 11
11580 11
11581 11
11582 11
11583 11
11584 11
11585 11
11586 11
11587 11
11588 11
11589 11
11590 11
11591 11
11592 11
11593 11
11594 11
11595 11
11596 11
11597 11
11598 11
11599 11
11600 11
11601 11
11602 11
11603 11
11604 11
11605 11
11606 11
11607 11
11608 11
11609 11
11610 11
11611 11
11612 11
11613 11
11614 11
11615 11
11616 11
11617 11
11618 11
11619 11
11620 11
11621 11
11622 11
11623 11
11624 11
11625 11
11626 11
11627 11
11628 11
11629 11
11630 11
11631 11
11632 11
11633 11
11634 11
11635 11
11636 11
11637 11
11638 11
11639 11
11640 11
11641 11
11642 11
11643 11
11644 11
11645 11
11646 11
11647 11
11648 11
11649 11
11650 11
11651 11
11652 11
11653 11
11654 11
11655 11
11656 11
11657 11
11658 11
11659 11
11660 11
11661 11
11662 11
11663 11
11664 11
11665 11
11666 11
11667 11
11668 11
11669 11
11670 11
11671 11
11672 11
11673 11
11674 11
11675 11
11676 11
11677 11
11678 11
11679 11
11680 11
11681 11
11682 11
11683 11
11684 11
11685 11
11686 11
11687 11
11688 11
11689 11
11690 11
11691 11
11692 11
11693 11
11694 11
11695 11
11696 11
11697 11
11698 11
11699 11
11700 11
11701 11
11702 11
11703 11
11704 11
11705 11
11706 11
11707 11
11708 11
11709 11
11710 11
11711 11
11712 11
11713 11
11714 11
11715 11
11716 11
11717 11
11718 11
11719 11
11720 11
11721 11
11722 11
11723 11
11724 11
11725 11
11726 11
11727 11
11728 11
11729 11
11730 11
11731 11
11732 11
11733 11
11734 11
11735 11
11736 11
11737 11
11738 11
11739 11
11740 11
11741 11
11742 11
11743 11
11744 11
11745 11
11746 11
11747 11
11748 11
11749 11
11750 11
11751 11
11752 11
11753 11
11754 11
11755 11
11756 11
11757 11
11758 11
11759 11
11760 11
11761 11
11762 11
11763 11
11764 11
11765 11
11766 11
11767 11
11768 11
11769 11
11770 11
11771 11
11772 11
11773 11
11774 11
11775 11
11776 11
11777 11
11778 11
11779 11
11780 11
11781 11
11782 11
11783 11
11784 11
11785 11
11786 11
11787 11
11788 11
11789 11
11790 11
11791 11
11792 11
11793 11
11794 11
11795 11
11796 11
11797 11
11798 11
11799 11
11800 11
11801 11
11802 11
11803 11
11804 11
11805 11
11806 11
11807 11
11808 11
11809 11
11810 11
11811 11
11812 11
11813 11
11814 11
11815 11
11816 11
11817 11
11818 11
11819 11
11820 11
11821 11
11822 11
11823 11
11824 11
11825 11
11826 11
11827 11
11828 11
11829 11
11830 11
11831 11
11832 11
11833 11
11834 11
11835 11
11836 11
11837 11
11838 11
11839 11
11840 11
11841 11
11842 11
11843 11
11844 11
11845 11
11846 11
11847 11
11848 11
11849 11
11850 11
11851 11
11852 11
11853 11
11854 11
11855 11
11856 11
11857 11
11858 11
11859 11
11860 11
11861 11
11862 11
11863 11
11864 11
11865 11
11866 11
11867 11
11868 11
11869 11
11870 11
11871 11
11872 11
11873 11
11874 11
11875 11
11876 11
11877 11
11878 11
11879 11
11880 11
11881 11
11882 11
11883 11
11884 11
11885 11
11886 11
11887 11
11888 11
11889 11
11890 11
11891 11
11892 11
11893 11
11894 11
11895 11
11896 11
11897 11
11898 11
11899 11
11900 11
11901 11
11902 11
11903 11
11904 11
11905 11
11906 11
11907 11
11908 11
11909 11
11910 11
11911 11
11912 11
11913 11
11914 11
11915 11
11916 11
11917 11
11918 11
11919 11
11920 11
11921 11
11922 11
11923 11
11924 11
11925 11
11926 11
11927 11
11928 11
11929 11
11930 11
11931 11
11932 11
11933 11
11934 11
11935 11
11936 11
11937 11
11938 11
11939 11
11940 11
11941 11
11942 11
11943 11
11944 11
11945 11
11946 11
11947 11
11948 11
11949 11
11950 11
11951 11
11952 11
11953 11
11954 11
11955 11
11956 11
11957 11
11958 11
11959 11
11960 11
11961 11
11962 11
11963 11
11964 11
11965 11
11966 11
11967 11
11968 11
11969 11
11970 11
11971 11
11972 11
11973 11
11974 11
11975 11
11976 11
11977 11
11978 11
11979 11
11980 11
11981 11
11982 11
11983 11
11984 11
11985 11
11986 11
11987 11
11988 11
11989 11
11990 11
11991 11
11992 11
11993 11
11994 11
11995 11
11996 11
11997 11
11998 11
11999 11
12000 12
12001 12
12002 12
12003 12
12004 12
12005 12
12006 12
12007 12
12008 12
12009 12
12010 12
12011 12
12012 12
12013 12
12014 12
12015 12
12016 12
12017 12
12018 12
12019 12
12020 12
12021 12
12022 12
12023 12
12024 12
12025 12
12026 12
12027 12
12028 12
12029 12
12030 12
12031 12
12032 12
12033 12
12034 12
12035 12
12036 12
12037 12
12038 12
12039 12
12040 12
12041 12
12042 12
12043 12
12044 12
12045 12
12046 12
12047 12
12048 12
12049 12
12050 12
12051 12
12052 12
12053 12
12054 12
12055 12
12056 12
12057 12
12058 12
12059 12
12060 12
12061 12
12062 12
12063 12
12064 12
12065 12
12066 12
12067 12
12068 12
12069 12
12070 12
12071 12
12072 12
12073 12
12074 12
12075 12
12076 12
12077 12
12078 12
12079 12
12080 12
12081 12
12082 12
12083 12
12084 12
12085 12
12086 12
12087 12
12088 12
12089 12
12090 12
12091 12
12092 12
12093 12
12094 12
12095 12
12096 12
12097 12
12098 12
12099 12
12100 12
12101 12
12102 12
12103 12
12104 12
12105 12
12106 12
12107 12
12108 12
12109 12
12110 12
12111 12
12112 12
12113 12
12114 12
12115 12
12116 12
12117 12
12118 12
12119 12
12120 12
12121 12
12122 12
12123 12
12124 12
12125 12
12126 12
12127 12
12128 12
12129 12
12130 12
12131 12
12132 12
12133 12
12134 12
12135 12
12136 12
12137 12
12138 12
12139 12
12140 12
12141 12
12142 12
12143 12
12144 12
12145 12
12146 12
12147 12
12148 12
12149 12
12150 12
12151 12
12152 12
12153 12
12154 12
12155 12
12156 12
12157 12
12158 12
12159 12
12160 12
12161 12
12162 12
12163 12
12164 12
12165 12
12166 12
12167 12
12168 12
12169 12
12170 12
12171 12
12172 12
12173 12
12174 12
12175 12
12176 12
12177 12
12178 12
12179 12
12180 12
12181 12
12182 12
12183 12
12184 12
12185 12
12186 12
12187 12
12188 12
12189 12
12190 12
12191 12
12192 12
12193 12
12194 12
12195 12
12196 12
12197 12
12198 12
12199 12
12200 12
12201 12
12202 12
12203 12
12204 12
12205 12
12206 12
12207 12
12208 12
12209 12
12210 12
12211 12
12212 12
12213 12
12214 12
12215 12
12216 12
12217 12
12218 12
12219 12
12220 12
12221 12
12222 12
12223 12
12224 12
12225 12
12226 12
12227 12
12228 12
12229 12
12230 12
12231 12
12232 12
12233 12
12234 12
12235 12
12236 12
12237 12
12238 12
12239 12
12240 12
12241 12
12242 12
12243 12
12244 12
12245 12
12246 12
12247 12
12248 12
12249 12
12250 12
12251 12
12252 12
12253 12
12254 12
12255 12
12256 12
12257 12
12258 12
12259 12
12260 12
12261 12
12262 12
12263 12
12264 12
12265 12
12266 12
12267 12
12268 12
12269 12
12270 12
12271 12
12272 12
12273 12
12274 12
12275 12
12276 12
12277 12
12278 12
12279 12
12280 12
12281 12
12282 12
12283 12
12284 12
12285 12
12286 12
12287 12
12288 12
12289 12
12290 12
12291 12
12292 12
12293 12
12294 12
12295 12
12296 12
12297 12
12298 12
12299 12
12300 12
12301 12
12302 12
12303 12
12304 12
12305 12
12306 12
12307 12
12308 12
12309 12
12310 12
12311 12
12312 12
12313 12
12314 12
12315 12
12316 12
12317 12
12318 12
12319 12
12320 12
12321 12
12322 12
12323 12
12324 12
12325 12
12326 12
12327 12
12328 12
12329 12
12330 12
12331 12
12332 12
12333 12
12334 12
12335 12
12336 12
12337 12
12338 12
12339 12
12340 12
12341 12
12342 12
12343 12
12344 12
12345 12
12346 12
12347 12
12348 12
12349 12
12350 12
12351 12
12352 12
12353 12
12354 12
12355 12
12356 12
12357 12
12358 12
12359 12
12360 12
12361 12
12362 12
12363 12
12364 12
12365 12
12366 12
12367 12
12368 12
12369 12
12370 12
12371 12
12372 12
12373 12
12374 12
12375 12
12376 12
12377 12
12378 12
12379 12
12380 12
12381 12
12382 12
12383 12
12384 12
12385 12
12386 12
12387 12
12388 12
12389 12
12390 12
12391 12
12392 12
12393 12
12394 12
12395 12
12396 12
12397 12
12398 12
12399 12
12400 12
12401 12
12402 12
12403 12
12404 12
12405 12
12406 12
12407 12
12408 12
12409 12
12410 12
12411 12
12412 12
12413 12
12414 12
12415 12
12416 12
12417 12
12418 12
12419 12
12420 12
12421 12
12422 12
12423 12
12424 12
12425 12
12426 12
12427 12
12428 12
12429 12
12430 12
12431 12
12432 12
12433 12
12434 12
12435 12
12436 12
12437 12
12438 12
12439 12
12440 12
12441 12
12442 12
12443 12
12444 12
12445 12
12446 12
12447 12
12448 12
12449 12
12450 12
12451 12
12452 12
12453 12
12454 12
12455 12
12456 12
12457 12
12458 12
12459 12
12460 12
12461 12
12462 12
12463 12
12464 12
12465 12
12466 12
12467 12
12468 12
12469 12
12470 12
12471 12
12472 12
12473 12
12474 12
12475 12
12476 12
12477 12
12478 12
12479 12
12480 12
12481 12
12482 12
12483 12
12484 12
12485 12
12486 12
12487 12
12488 12
12489 12
12490 12
12491 12
12492 12
12493 12
12494 12
12495 12
12496 12
12497 12
12498 12
12499 12
12500 12
12501 12
12502 12
12503 12
12504 12
12505 12
12506 12
12507 12
12508 12
12509 12
12510 12
12511 12
12512 12
12513 12
12514 12
12515 12
12516 12
12517 12
12518 12
12519 12
12520 12
12521 12
12522 12
12523 12
12524 12
12525 12
12526 12
12527 12
12528 12
12529 12
12530 12
12531 12
12532 12
12533 12
12534 12
12535 12
12536 12
12537 12
12538 12
12539 12
12540 12
12541 12
12542 12
12543 12
12544 12
12545 12
12546 12
12547 12
12548 12
12549 12
12550 12
12551 12
12552 12
12553 12
12554 12
12555 12
12556 12
12557 12
12558 12
12559 12
12560 12
12561 12
12562 12
12563 12
12564 12
12565 12
12566 12
12567 12
12568 12
12569 12
12570 12
12571 12
12572 12
12573 12
12574 12
12575 12
12576 12
12577 12
12578 12
12579 12
12580 12
12581 12
12582 12
12583 12
12584 12
12585 12
12586 12
12587 12
12588 12
12589 12
12590 12
12591 12
12592 12
12593 12
12594 12
12595 12
12596 12
12597 12
12598 12
12599 12
12600 12
12601 12
12602 12
12603 12
12604 12
12605 12
12606 12
12607 12
12608 12
12609 12
12610 12
12611 12
12612 12
12613 12
12614 12
12615 12
12616 12
12617 12
12618 12
12619 12
12620 12
12621 12
12622 12
12623 12
12624 12
12625 12
12626 12
12627 12
12628 12
12629 12
12630 12
12631 12
12632 12
12633 12
12634 12
12635 12
12636 12
12637 12
12638 12
12639 12
12640 12
12641 12
12642 12
12643 12
12644 12
12645 12
12646 12
12647 12
12648 12
12649 12
12650 12
12651 12
12652 12
12653 12
12654 12
12655 12
12656 12
12657 12
12658 12
12659 12
12660 12
12661 12
12662 12
12663 12
12664 12
12665 12
12666 12
12667 12
12668 12
12669 12
12670 12
12671 12
12672 12
12673 12
12674 12
12675 12
12676 12
12677 12
12678 12
12679 12
12680 12
12681 12
12682 12
12683 12
12684 12
12685 12
12686 12
12687 12
12688 12
12689 12
12690 12
12691 12
12692 12
12693 12
12694 12
12695 12
12696 12
12697 12
12698 12
12699 12
12700 12
12701 12
12702 12
12703 12
12704 12
12705 12
12706 12
12707 12
12708 12
12709 12
12710 12
12711 12
12712 12
12713 12
12714 12
12715 12
12716 12
12717 12
12718 12
12719 12
12720 12
12721 12
12722 12
12723 12
12724 12
12725 12
12726 12
12727 12
12728 12
12729 12
12730 12
12731 12
12732 12
12733 12
12734 12
12735 12
12736 12
12737 12
12738 12
12739 12
12740 12
12741 12
12742 12
12743 12
12744 12
12745 12
12746 12
12747 12
12748 12
12749 12
12750 12
12751 12
12752 12
12753 12
12754 12
12755 12
12756 12
12757 12
12758 12
12759 12
12760 12
12761 12
12762 12
12763 12
12764 12
12765 12
12766 12
12767 12
12768 12
12769 12
12770 12
12771 12
12772 12
12773 12
12774 12
12775 12
12776 12
12777 12
12778 12
12779 12
12780 12
12781 12
12782 12
12783 12
12784 12
12785 12
12786 12
12787 12
12788 12
12789 12
12790 12
12791 12
12792 12
12793 12
12794 12
12795 12
12796 12
12797 12
12798 12
12799 12
12800 12
12801 12
12802 12
12803 12
12804 12
12805 12
12806 12
12807 12
12808 12
12809 12
12810 12
12811 12
12812 12
12813 12
12814 12
12815 12
12816 12
12817 12
12818 12
12819 12
12820 12
12821 12
12822 12
12823 12
12824 12
12825 12
12826 12
12827 12
12828 12
12829 12
12830 12
12831 12
12832 12
12833 12
12834 12
12835 12
12836 12
12837 12
12838 12
12839 12
12840 12
12841 12
12842 12
12843 12
12844 12
12845 12
12846 12
12847 12
12848 12
12849 12
12850 12
12851 12
12852 12
12853 12
12854 12
12855 12
12856 12
12857 12
12858 12
12859 12
12860 12
12861 12
12862 12
12863 12
12864 12
12865 12
12866 12
12867 12
12868 12
12869 12
12870 12
12871 12
12872 12
12873 12
12874 12
12875 12
12876 12
12877 12
12878 12
12879 12
12880 12
12881 12
12882 12
12883 12
12884 12
12885 12
12886 12
12887 12
12888 12
12889 12
12890 12
12891 12
12892 12
12893 12
12894 12
12895 12
12896 12
12897 12
12898 12
12899 12
12900 12
12901 12
12902 12
12903 12
12904 12
12905 12
12906 12
12907 12
12908 12
12909 12
12910 12
12911 12
12912 12
12913 12
12914 12
12915 12
12916 12
12917 12
12918 12
12919 12
12920 12
12921 12
12922 12
12923 12
12924 12
12925 12
12926 12
12927 12
12928 12
12929 12
12930 12
12931 12
12932 12
12933 12
12934 12
12935 12
12936 12
12937 12
12938 12
12939 12
12940 12
12941 12
12942 12
12943 12
12944 12
12945 12
12946 12
12947 12
12948 12
12949 12
12950 12
12951 12
12952 12
12953 12
12954 12
12955 12
12956 12
12957 12
12958 12
12959 12
12960 12
12961 12
12962 12
12963 12
12964 12
12965 12
12966 12
12967 12
12968 12
12969 12
12970 12
12971 12
12972 12
12973 12
12974 12
12975 12
12976 12
12977 12
12978 12
12979 12
12980 12
12981 12
12982 12
12983 12
12984 12
12985 12
12986 12
12987 12
12988 12
12989 12
12990 12
12991 12
12992 12
12993 12
12994 12
12995 12
12996 12
12997 12
12998 12
12999 12
13000 13
13001 13
13002 13
13003 13
13004 13
13005 13
13006 13
13007 13
13008 13
13009 13
13010 13
13011 13
13012 13
13013 13
13014 13
13015 13
13016 13
13017 13
13018 13
13019 13
13020 13
13021 13
13022 13
13023 13
13024 13
13025 13
13026 13
13027 13
13028 13
13029 13
13030 13
13031 13
13032 13
13033 13
13034 13
13035 13
13036 13
13037 13
13038 13
13039 13
13040 13
13041 13
13042 13
13043 13
13044 13
13045 13
13046 13
13047 13
13048 13
13049 13
13050 13
13051 13
13052 13
13053 13
13054 13
13055 13
13056 13
13057 13
13058 13
13059 13
13060 13
13061 13
13062 13
13063 13
13064 13
13065 13
13066 13
13067 13
13068 13
13069 13
13070 13
13071 13
13072 13
13073 13
13074 13
13075 13
13076 13
13077 13
13078 13
13079 13
13080 13
13081 13
13082 13
13083 13
13084 13
13085 13
13086 13
13087 13
13088 13
13089 13
13090 13
13091 13
13092 13
13093 13
13094 13
13095 13
13096 13
13097 13
13098 13
13099 13
13100 13
13101 13
13102 13
13103 13
13104 13
13105 13
13106 13
13107 13
13108 13
13109 13
13110 13
13111 13
13112 13
13113 13
13114 13
13115 13
13116 13
13117 13
13118 13
13119 13
13120 13
13121 13
13122 13
13123 13
13124 13
13125 13
13126 13
13127 13
13128 13
13129 13
13130 13
13131 13
13132 13
13133 13
13134 13
13135 13
13136 13
13137 13
13138 13
13139 13
13140 13
13141 13
13142 13
13143 13
13144 13
13145 13
13146 13
13147 13
13148 13
13149 13
13150 13
13151 13
13152 13
13153 13
13154 13
13155 13
13156 13
13157 13
13158 13
13159 13
13160 13
13161 13
13162 13
13163 13
13164 13
13165 13
13166 13
13167 13
13168 13
13169 13
13170 13
13171 13
13172 13
13173 13
13174 13
13175 13
13176 13
13177 13
13178 13
13179 13
13180 13
13181 13
13182 13
13183 13
13184 13
13185 13
13186 13
13187 13
13188 13
13189 13
13190 13
13191 13
13192 13
13193 13
13194 13
13195 13
13196 13
13197 13
13198 13
13199 13
13200 13
13201 13
13202 13
13203 13
13204 13
13205 13
13206 13
13207 13
13208 13
13209 13
13210 13
13211 13
13212 13
13213 13
13214 13
13215 13
13216 13
13217 13
13218 13
13219 13
13220 13
13221 13
13222 13
13223 13
13224 13
13225 13
13226 13
13227 13
13228 13
13229 13
13230 13
13231 13
13232 13
13233 13
13234 13
13235 13
13236 13
13237 13
13238 13
13239 13
13240 13
13241 13
13242 13
13243 13
13244 13
13245 13
13246 13
13247 13
13248 13
13249 13
13250 13
13251 13
13252 13
13253 13
13254 13
13255 13
13256 13
13257 13
13258 13
13259 13
13260 13
13261 13
13262 13
13263 13
13264 13
13265 13
13266 13
13267 13
13268 13
13269 13
13270 13
13271 13
13272 13
13273 13
13274 13
13275 13
13276 13
13277 13
13278 13
13279 13
13280 13
13281 13
13282 13
13283 13
13284 13
13285 13
13286 13
13287 13
13288 13
13289 13
13290 13
13291 13
13292 13
13293 13
13294 13
13295 13
13296 13
13297 13
13298 13
13299 13
13300 13
13301 13
13302 13
13303 13
13304 13
13305 13
13306 13
13307 13
13308 13
13309 13
13310 13
13311 13
13312 13
13313 13
13314 13
13315 13
13316 13
13317 13
13318 13
13319 13
13320 13
13321 13
13322 13
13323 13
13324 13
13325 13
13326 13
13327 13
13328 13
13329 13
13330 13
13331 13
13332 13
13333 13
13334 13
13335 13
13336 13
13337 13
13338 13
13339 13
13340 13
13341 13
13342 13
13343 13
13344 13
13345 13
13346 13
13347 13
13348 13
13349 13
13350 13
13351 13
13352 13
13353 13
13354 13
13355 13
13356 13
13357 13
13358 13
13359 13
13360 13
13361 13
13362 13
13363 13
13364 13
13365 13
13366 13
13367 13
13368 13
13369 13
13370 13
13371 13
13372 13
13373 13
13374 13
13375 13
13376 13
13377 13
13378 13
13379 13
13380 13
13381 13
13382 13
13383 13
13384 13
13385 13
13386 13
13387 13
13388 13
13389 13
13390 13
13391 13
13392 13
13393 13
13394 13
13395 13
13396 13
13397 13
13398 13
13399 13
13400 13
13401 13
13402 13
13403 13
13404 13
13405 13
13406 13
13407 13
13408 13
13409 13
13410 13
13411 13
13412 13
13413 13
13414 13
13415 13
13416 13
13417 13
13418 13
13419 13
13420 13
13421 13
13422 13
13423 13
13424 13
13425 13
13426 13
13427 13
13428 13
13429 13
13430 13
13431 13
13432 13
13433 13
13434 13
13435 13
13436 13
13437 13
13438 13
13439 13
13440 13
13441 13
13442 13
13443 13
13444 13
13445 13
13446 13
13447 13
13448 13
13449 13
13450 13
13451 13
13452 13
13453 13
13454 13
13455 13
13456 13
13457 13
13458 13
13459 13
13460 13
13461 13
13462 13
13463 13
13464 13
13465 13
13466 13
13467 13
13468 13
13469 13
13470 13
13471 13
13472 13
13473 13
13474 13
13475 13
13476 13
13477 13
13478 13
13479 13
13480 13
13481 13
13482 13
13483 13
13484 13
13485 13
13486 13
13487 13
13488 13
13489 13
13490 13
13491 13
13492 13
13493 13
13494 13
13495 13
13496 13
13497 13
13498 13
13499 13
13500 13
13501 13
13502 13
13503 13
13504 13
13505 13
13506 13
13507 13
13508 13
13509 13
13510 13
13511 13
13512 13
13513 13
13514 13
13515 13
13516 13
13517 13
13518 13
13519 13
13520 13
13521 13
13522 13
13523 13
13524 13
13525 13
13526 13
13527 13
13528 13
13529 13
13530 13
13531 13
13532 13
13533 13
13534 13
13535 13
13536 13
13537 13
13538 13
13539 13
13540 13
13541 13
13542 13
13543 13
13544 13
13545 13
13546 13
13547 13
13548 13
13549 13
13550 13
13551 13
13552 13
13553 13
13554 13
13555 13
13556 13
13557 13
13558 13
13559 13
13560 13
13561 13
13562 13
13563 13
13564 13
13565 13
13566 13
13567 13
13568 13
13569 13
13570 13
13571 13
13572 13
13573 13
13574 13
13575 13
13576 13
13577 13
13578 13
13579 13
13580 13
13581 13
13582 13
13583 13
13584 13
13585 13
13586 13
13587 13
13588 13
13589 13
13590 13
13591 13
13592 13
13593 13
13594 13
13595 13
13596 13
13597 13
13598 13
13599 13
13600 13
13601 13
13602 13
13603 13
13604 13
13605 13
13606 13
13607 13
13608 13
13609 13
13610 13
13611 13
13612 13
13613 13
13614 13
13615 13
13616 13
13617 13
13618 13
13619 13
13620 13
13621 13
13622 13
13623 13
13624 13
13625 13
13626 13
13627 13
13628 13
13629 13
13630 13
13631 13
13632 13
13633 13
13634 13
13635 13
13636 13
13637 13
13638 13
13639 13
13640 13
13641 13
13642 13
13643 13
13644 13
13645 13
13646 13
13647 13
13648 13
13649 13
13650 13
13651 13
13652 13
13653 13
13654 13
13655 13
13656 13
13657 13
13658 13
13659 13
13660 13
13661 13
13662 13
13663 13
13664 13
13665 13
13666 13
13667 13
13668 13
13669 13
13670 13
13671 13
13672 13
13673 13
13674 13
13675 13
13676 13
13677 13
13678 13
13679 13
13680 13
13681 13
13682 13
13683 13
13684 13
13685 13
13686 13
13687 13
13688 13
13689 13
13690 13
13691 13
13692 13
13693 13
13694 13
13695 13
13696 13
13697 13
13698 13
13699 13
13700 13
13701 13
13702 13
13703 13
13704 13
13705 13
13706 13
13707 13
13708 13
13709 13
13710 13
13711 13
13712 13
13713 13
13714 13
13715 13
13716 13
13717 13
13718 13
13719 13
13720 13
13721 13
13722 13
13723 13
13724 13
13725 13
13726 13
13727 13
13728 13
13729 13
13730 13
13731 13
13732 13
13733 13
13734 13
13735 13
13736 13
13737 13
13738 13
13739 13
13740 13
13741 13
13742 13
13743 13
13744 13
13745 13
13746 13
13747 13
13748 13
13749 13
13750 13
13751 13
13752 13
13753 13
13754 13
13755 13
13756 13
13757 13
13758 13
13759 13
13760 13
13761 13
13762 13
13763 13
13764 13
13765 13
13766 13
13767 13
13768 13
13769 13
13770 13
13771 13
13772 13
13773 13
13774 13
13775 13
13776 13
13777 13
13778 13
13779 13
13780 13
13781 13
13782 13
13783 13
13784 13
13785 13
13786 13
13787 13
13788 13
13789 13
13790 13
13791 13
13792 13
13793 13
13794 13
13795 13
13796 13
13797 13
13798 13
13799 13
13800 13
13801 13
13802 13
13803 13
13804 13
13805 13
13806 13
13807 13
13808 13
13809 13
13810 13
13811 13
13812 13
13813 13
13814 13
13815 13
13816 13
13817 13
13818 13
13819 13
13820 13
13821 13
13822 13
13823 13
13824 13
13825 13
13826 13
13827 13
13828 13
13829 13
13830 13
13831 13
13832 13
13833 13
13834 13
13835 13
13836 13
13837 13
13838 13
13839 13
13840 13
13841 13
13842 13
13843 13
13844 13
13845 13
13846 13
13847 13
13848 13
13849 13
13850 13
13851 13
13852 13
13853 13
13854 13
13855 13
13856 13
13857 13
13858 13
13859 13
13860 13
13861 13
13862 13
13863 13
13864 13
13865 13
13866 13
13867 13
13868 13
13869 13
13870 13
13871 13
13872 13
13873 13
13874 13
13875 13
13876 13
13877 13
13878 13
13879 13
13880 13
13881 13
13882 13
13883 13
13884 13
13885 13
13886 13
13887 13
13888 13
13889 13
13890 13
13891 13
13892 13
13893 13
13894 13
13895 13
13896 13
13897 13
13898 13
13899 13
13900 13
13901 13
13902 13
13903 13
13904 13
13905 13
13906 13
13907 13
13908 13
13909 13
13910 13
13911 13
13912 13
13913 13
13914 13
13915 13
13916 13
13917 13
13918 13
13919 13
13920 13
13921 13
13922 13
13923 13
13924 13
13925 13
13926 13
13927 13
13928 13
13929 13
13930 13
13931 13
13932 13
13933 13
13934 13
13935 13
13936 13
13937 13
13938 13
13939 13
13940 13
13941 13
13942 13
13943 13
13944 13
13945 13
13946 13
13947 13
13948 13
13949 13
13950 13
13951 13
13952 13
13953 13
13954 13
13955 13
13956 13
13957 13
13958 13
13959 13
13960 13
13961 13
13962 13
13963 13
13964 13
13965 13
13966 13
13967 13
13968 13
13969 13
13970 13
13971 13
13972 13
13973 13
13974 13
13975 13
13976 13
13977 13
13978 13
13979 13
13980 13
13981 13
13982 13
13983 13
13984 13
13985 13
13986 13
13987 13
13988 13
13989 13
13990 13
13991 13
13992 13
13993 13
13994 13
13995 13
13996 13
13997 13
13998 13
13999 13
14000 14
14001 14
14002 14
14003 14
14004 14
14005 14
14006 14
14007 14
14008 14
14009 14
14010 14
14011 14
14012 14
14013 14
14014 14
14015 14
14016 14
14017 14
14018 14
14019 14
14020 14
14021 14
14022 14
14023 14
14024 14
14025 14
14026 14
14027 14
14028 14
14029 14
14030 14
14031 14
14032 14
14033 14
14034 14
14035 14
14036 14
14037 14
14038 14
14039 14
14040 14
14041 14
14042 14
14043 14
14044 14
14045 14
14046 14
14047 14
14048 14
14049 14
14050 14
14051 14
14052 14
14053 14
14054 14
14055 14
14056 14
14057 14
14058 14
14059 14
14060 14
14061 14
14062 14
14063 14
14064 14
14065 14
14066 14
14067 14
14068 14
14069 14
14070 14
14071 14
14072 14
14073 14
14074 14
14075 14
14076 14
14077 14
14078 14
14079 14
14080 14
14081 14
14082 14
14083 14
14084 14
14085 14
14086 14
14087 14
14088 14
14089 14
14090 14
14091 14
14092 14
14093 14
14094 14
14095 14
14096 14
14097 14
14098 14
14099 14
14100 14
14101 14
14102 14
14103 14
14104 14
14105 14
14106 14
14107 14
14108 14
14109 14
14110 14
14111 14
14112 14
14113 14
14114 14
14115 14
14116 14
14117 14
14118 14
14119 14
14120 14
14121 14
14122 14
14123 14
14124 14
14125 14
14126 14
14127 14
14128 14
14129 14
14130 14
14131 14
14132 14
14133 14
14134 14
14135 14
14136 14
14137 14
14138 14
14139 14
14140 14
14141 14
14142 14
14143 14
14144 14
14145 14
14146 14
14147 14
14148 14
14149 14
14150 14
14151 14
14152 14
14153 14
14154 14
14155 14
14156 14
14157 14
14158 14
14159 14
14160 14
14161 14
14162 14
14163 14
14164 14
14165 14
14166 14
14167 14
14168 14
14169 14
14170 14
14171 14
14172 14
14173 14
14174 14
14175 14
14176 14
14177 14
14178 14
14179 14
14180 14
14181 14
14182 14
14183 14
14184 14
14185 14
14186 14
14187 14
14188 14
14189 14
14190 14
14191 14
14192 14
14193 14
14194 14
14195 14
14196 14
14197 14
14198 14
14199 14
14200 14
14201 14
14202 14
14203 14
14204 14
14205 14
14206 14
14207 14
14208 14
14209 14
14210 14
14211 14
14212 14
14213 14
14214 14
14215 14
14216 14
14217 14
14218 14
14219 14
14220 14
14221 14
14222 14
14223 14
14224 14
14225 14
14226 14
14227 14
14228 14
14229 14
14230 14
14231 14
14232 14
14233 14
14234 14
14235 14
14236 14
14237 14
14238 14
14239 14
14240 14
14241 14
14242 14
14243 14
14244 14
14245 14
14246 14
14247 14
14248 14
14249 14
14250 14
14251 14
14252 14
14253 14
14254 14
14255 14
14256 14
14257 14
14258 14
14259 14
14260 14
14261 14
14262 14
14263 14
14264 14
14265 14
14266 14
14267 14
14268 14
14269 14
14270 14
14271 14
14272 14
14273 14
14274 14
14275 14
14276 14
14277 14
14278 14
14279 14
14280 14
14281 14
14282 14
14283 14
14284 14
14285 14
14286 14
14287 14
14288 14
14289 14
14290 14
14291 14
14292 14
14293 14
14294 14
14295 14
14296 14
14297 14
14298 14
14299 14
14300 14
14301 14
14302 14
14303 14
14304 14
14305 14
14306 14
14307 14
14308 14
14309 14
14310 14
14311 14
14312 14
14313 14
14314 14
14315 14
14316 14
14317 14
14318 14
14319 14
14320 14
14321 14
14322 14
14323 14
14324 14
14325 14
14326 14
14327 14
14328 14
14329 14
14330 14
14331 14
14332 14
14333 14
14334 14
14335 14
14336 14
14337 14
14338 14
14339 14
14340 14
14341 14
14342 14
14343 14
14344 14
14345 14
14346 14
14347 14
14348 14
14349 14
14350 14
14351 14
14352 14
14353 14
14354 14
14355 14
14356 14
14357 14
14358 14
14359 14
14360 14
14361 14
14362 14
14363 14
14364 14
14365 14
14366 14
14367 14
14368 14
14369 14
14370 14
14371 14
14372 14
14373 14
14374 14
14375 14
14376 14
14377 14
14378 14
14379 14
14380 14
14381 14
14382 14
14383 14
14384 14
14385 14
14386 14
14387 14
14388 14
14389 14
14390 14
14391 14
14392 14
14393 14
14394 14
14395 14
14396 14
14397 14
14398 14
14399 14
14400 14
14401 14
14402 14
14403 14
14404 14
14405 14
14406 14
14407 14
14408 14
14409 14
14410 14
14411 14
14412 14
14413 14
14414 14
14415 14
14416 14
14417 14
14418 14
14419 14
14420 14
14421 14
14422 14
14423 14
14424 14
14425 14
14426 14
14427 14
14428 14
14429 14
14430 14
14431 14
14432 14
14433 14
14434 14
14435 14
14436 14
14437 14
14438 14
14439 14
14440 14
14441 14
14442 14
14443 14
14444 14
14445 14
14446 14
14447 14
14448 14
14449 14
14450 14
14451 14
14452 14
14453 14
14454 14
14455 14
14456 14
14457 14
14458 14
14459 14
14460 14
14461 14
14462 14
14463 14
14464 14
14465 14
14466 14
14467 14
14468 14
14469 14
14470 14
14471 14
14472 14
14473 14
14474 14
14475 14
14476 14
14477 14
14478 14
14479 14
14480 14
14481 14
14482 14
14483 14
14484 14
14485 14
14486 14
14487 14
14488 14
14489 14
14490 14
14491 14
14492 14
14493 14
14494 14
14495 14
14496 14
14497 14
14498 14
14499 14
14500 14
14501 14
14502 14
14503 14
14504 14
14505 14
14506 14
14507 14
14508 14
14509 14
14510 14
14511 14
14512 14
14513 14
14514 14
14515 14
14516 14
14517 14
14518 14
14519 14
14520 14
14521 14
14522 14
14523 14
14524 14
14525 14
14526 14
14527 14
14528 14
14529 14
14530 14
14531 14
14532 14
14533 14
14534 14
14535 14
14536 14
14537 14
14538 14
14539 14
14540 14
14541 14
14542 14
14543 14
14544 14
14545 14
14546 14
14547 14
14548 14
14549 14
14550 14
14551 14
14552 14
14553 14
14554 14
14555 14
14556 14
14557 14
14558 14
14559 14
14560 14
14561 14
14562 14
14563 14
14564 14
14565 14
14566 14
14567 14
14568 14
14569 14
14570 14
14571 14
14572 14
14573 14
14574 14
14575 14
14576 14
14577 14
14578 14
14579 14
14580 14
14581 14
14582 14
14583 14
14584 14
14585 14
14586 14
14587 14
14588 14
14589 14
14590 14
14591 14
14592 14
14593 14
14594 14
14595 14
14596 14
14597 14
14598 14
14599 14
14600 14
14601 14
14602 14
14603 14
14604 14
14605 14
14606 14
14607 14
14608 14
14609 14
14610 14
14611 14
14612 14
14613 14
14614 14
14615 14
14616 14
14617 14
14618 14
14619 14
14620 14
14621 14
14622 14
14623 14
14624 14
14625 14
14626 14
14627 14
14628 14
14629 14
14630 14
14631 14
14632 14
14633 14
14634 14
14635 14
14636 14
14637 14
14638 14
14639 14
14640 14
14641 14
14642 14
14643 14
14644 14
14645 14
14646 14
14647 14
14648 14
14649 14
14650 14
14651 14
14652 14
14653 14
14654 14
14655 14
14656 14
14657 14
14658 14
14659 14
14660 14
14661 14
14662 14
14663 14
14664 14
14665 14
14666 14
14667 14
14668 14
14669 14
14670 14
14671 14
14672 14
14673 14
14674 14
14675 14
14676 14
14677 14
14678 14
14679 14
14680 14
14681 14
14682 14
14683 14
14684 14
14685 14
14686 14
14687 14
14688 14
14689 14
14690 14
14691 14
14692 14
14693 14
14694 14
14695 14
14696 14
14697 14
14698 14
14699 14
14700 14
14701 14
14702 14
14703 14
14704 14
14705 14
14706 14
14707 14
14708 14
14709 14
14710 14
14711 14
14712 14
14713 14
14714 14
14715 14
14716 14
14717 14
14718 14
14719 14
14720 14
14721 14
14722 14
14723 14
14724 14
14725 14
14726 14
14727 14
14728 14
14729 14
14730 14
14731 14
14732 14
14733 14
14734 14
14735 14
14736 14
14737 14
14738 14
14739 14
14740 14
14741 14
14742 14
14743 14
14744 14
14745 14
14746 14
14747 14
14748 14
14749 14
14750 14
14751 14
14752 14
14753 14
14754 14
14755 14
14756 14
14757 14
14758 14
14759 14
14760 14
14761 14
14762 14
14763 14
14764 14
14765 14
14766 14
14767 14
14768 14
14769 14
14770 14
14771 14
14772 14
14773 14
14774 14
14775 14
14776 14
14777 14
14778 14
14779 14
14780 14
14781 14
14782 14
14783 14
14784 14
14785 14
14786 14
14787 14
14788 14
14789 14
14790 14
14791 14
14792 14
14793 14
14794 14
14795 14
14796 14
14797 14
14798 14
14799 14
14800 14
14801 14
14802 14
14803 14
14804 14
14805 14
14806 14
14807 14
14808 14
14809 14
14810 14
14811 14
14812 14
14813 14
14814 14
14815 14
14816 14
14817 14
14818 14
14819 14
14820 14
14821 14
14822 14
14823 14
14824 14
14825 14
14826 14
14827 14
14828 14
14829 14
14830 14
14831 14
14832 14
14833 14
14834 14
14835 14
14836 14
14837 14
14838 14
14839 14
14840 14
14841 14
14842 14
14843 14
14844 14
14845 14
14846 14
14847 14
14848 14
14849 14
14850 14
14851 14
14852 14
14853 14
14854 14
14855 14
14856 14
14857 14
14858 14
14859 14
14860 14
14861 14
14862 14
14863 14
14864 14
14865 14
14866 14
14867 14
14868 14
14869 14
14870 14
14871 14
14872 14
14873 14
14874 14
14875 14
14876 14
14877 14
14878 14
14879 14
14880 14
14881 14
14882 14
14883 14
14884 14
14885 14
14886 14
14887 14
14888 14
14889 14
14890 14
14891 14
14892 14
14893 14
14894 14
14895 14
14896 14
14897 14
14898 14
14899 14
14900 14
14901 14
14902 14
14903 14
14904 14
14905 14
14906 14
14907 14
14908 14
14909 14
14910 14
14911 14
14912 14
14913 14
14914 14
14915 14
14916 14
14917 14
14918 14
14919 14
14920 14
14921 14
14922 14
14923 14
14924 14
14925 14
14926 14
14927 14
14928 14
14929 14
14930 14
14931 14
14932 14
14933 14
14934 14
14935 14
14936 14
14937 14
14938 14
14939 14
14940 14
14941 14
14942 14
14943 14
14944 14
14945 14
14946 14
14947 14
14948 14
14949 14
14950 14
14951 14
14952 14
14953 14
14954 14
14955 14
14956 14
14957 14
14958 14
14959 14
14960 14
14961 14
14962 14
14963 14
14964 14
14965 14
14966 14
14967 14
14968 14
14969 14
14970 14
14971 14
14972 14
14973 14
14974 14
14975 14
14976 14
14977 14
14978 14
14979 14
14980 14
14981 14
14982 14
14983 14
14984 14
14985 14
14986 14
14987 14
14988 14
14989 14
14990 14
14991 14
14992 14
14993 14
14994 14
14995 14
14996 14
14997 14
14998 14
14999 14
15000 15
15001 15
15002 15
15003 15
15004 15
15005 15
15006 15
15007 15
15008 15
15009 15
15010 15
15011 15
15012 15
15013 15
15014 15
15015 15
15016 15
15017 15
15018 15
15019 15
15020 15
15021 15
15022 15
15023 15
15024 15
15025 15
15026 15
15027 15
15028 15
15029 15
15030 15
15031 15
15032 15
15033 15
15034 15
15035 15
15036 15
15037 15
15038 15
15039 15
15040 15
15041 15
15042 15
15043 15
15044 15
15045 15
15046 15
15047 15
15048 15
15049 15
15050 15
15051 15
15052 15
15053 15
15054 15
15055 15
15056 15
15057 15
15058 15
15059 15
15060 15
15061 15
15062 15
15063 15
15064 15
15065 15
15066 15
15067 15
15068 15
15069 15
15070 15
15071 15
15072 15
15073 15
15074 15
15075 15
15076 15
15077 15
15078 15
15079 15
15080 15
15081 15
15082 15
15083 15
15084 15
15085 15
15086 15
15087 15
15088 15
15089 15
15090 15
15091 15
15092 15
15093 15
15094 15
15095 15
15096 15
15097 15
15098 15
15099 15
15100 15
15101 15
15102 15
15103 15
15104 15
15105 15
15106 15
15107 15
15108 15
15109 15
15110 15
15111 15
15112 15
15113 15
15114 15
15115 15
15116 15
15117 15
15118 15
15119 15
15120 15
15121 15
15122 15
15123 15
15124 15
15125 15
15126 15
15127 15
15128 15
15129 15
15130 15
15131 15
15132 15
15133 15
15134 15
15135 15
15136 15
15137 15
15138 15
15139 15
15140 15
15141 15
15142 15
15143 15
15144 15
15145 15
15146 15
15147 15
15148 15
15149 15
15150 15
15151 15
15152 15
15153 15
15154 15
15155 15
15156 15
15157 15
15158 15
15159 15
15160 15
15161 15
15162 15
15163 15
15164 15
15165 15
15166 15
15167 15
15168 15
15169 15
15170 15
15171 15
15172 15
15173 15
15174 15
15175 15
15176 15
15177 15
15178 15
15179 15
15180 15
15181 15
15182 15
15183 15
15184 15
15185 15
15186 15
15187 15
15188 15
15189 15
15190 15
15191 15
15192 15
15193 15
15194 15
15195 15
15196 15
15197 15
15198 15
15199 15
15200 15
15201 15
15202 15
15203 15
15204 15
15205 15
15206 15
15207 15
15208 15
15209 15
15210 15
15211 15
15212 15
15213 15
15214 15
15215 15
15216 15
15217 15
15218 15
15219 15
15220 15
15221 15
15222 15
15223 15
15224 15
15225 15
15226 15
15227 15
15228 15
15229 15
15230 15
15231 15
15232 15
15233 15
15234 15
15235 15
15236 15
15237 15
15238 15
15239 15
15240 15
15241 15
15242 15
15243 15
15244 15
15245 15
15246 15
15247 15
15248 15
15249 15
15250 15
15251 15
15252 15
15253 15
15254 15
15255 15
15256 15
15257 15
15258 15
15259 15
15260 15
15261 15
15262 15
15263 15
15264 15
15265 15
15266 15
15267 15
15268 15
15269 15
15270 15
15271 15
15272 15
15273 15
15274 15
15275 15
15276 15
15277 15
15278 15
15279 15
15280 15
15281 15
15282 15
15283 15
15284 15
15285 15
15286 15
15287 15
15288 15
15289 15
15290 15
15291 15
15292 15
15293 15
15294 15
15295 15
15296 15
15297 15
15298 15
15299 15
15300 15
15301 15
15302 15
15303 15
15304 15
15305 15
15306 15
15307 15
15308 15
15309 15
15310 15
15311 15
15312 15
15313 15
15314 15
15315 15
15316 15
15317 15
15318 15
15319 15
15320 15
15321 15
15322 15
15323 15
15324 15
15325 15
15326 15
15327 15
15328 15
15329 15
15330 15
15331 15
15332 15
15333 15
15334 15
15335 15
15336 15
15337 15
15338 15
15339 15
15340 15
15341 15
15342 15
15343 15
15344 15
15345 15
15346 15
15347 15
15348 15
15349 15
15350 15
15351 15
15352 15
15353 15
15354 15
15355 15
15356 15
15357 15
15358 15
15359 15
15360 15
15361 15
15362 15
15363 15
15364 15
15365 15
15366 15
15367 15
15368 15
15369 15
15370 15
15371 15
15372 15
15373 15
15374 15
15375 15
15376 15
15377 15
15378 15
15379 15
15380 15
15381 15
15382 15
15383 15
15384 15
15385 15
15386 15
15387 15
15388 15
15389 15
15390 15
15391 15
15392 15
15393 15
15394 15
15395 15
15396 15
15397 15
15398 15
15399 15
15400 15
15401 15
15402 15
15403 15
15404 15
15405 15
15406 15
15407 15
15408 15
15409 15
15410 15
15411 15
15412 15
15413 15
15414 15
15415 15
15416 15
15417 15
15418 15
15419 15
15420 15
15421 15
15422 15
15423 15
15424 15
15425 15
15426 15
15427 15
15428 15
15429 15
15430 15
15431 15
15432 15
15433 15
15434 15
15435 15
15436 15
15437 15
15438 15
15439 15
15440 15
15441 15
15442 15
15443 15
15444 15
15445 15
15446 15
15447 15
15448 15
15449 15
15450 15
15451 15
15452 15
15453 15
15454 15
15455 15
15456 15
15457 15
15458 15
15459 15
15460 15
15461 15
15462 15
15463 15
15464 15
15465 15
15466 15
15467 15
15468 15
15469 15
15470 15
15471 15
15472 15
15473 15
15474 15
15475 15
15476 15
15477 15
15478 15
15479 15
15480 15
15481 15
15482 15
15483 15
15484 15
15485 15
15486 15
15487 15
15488 15
15489 15
15490 15
15491 15
15492 15
15493 15
15494 15
15495 15
15496 15
15497 15
15498 15
15499 15
15500 15
15501 15
15502 15
15503 15
15504 15
15505 15
15506 15
15507 15
15508 15
15509 15
15510 15
15511 15
15512 15
15513 15
15514 15
15515 15
15516 15
15517 15
15518 15
15519 15
15520 15
15521 15
15522 15
15523 15
15524 15
15525 15
15526 15
15527 15
15528 15
15529 15
15530 15
15531 15
15532 15
15533 15
15534 15
15535 15
15536 15
15537 15
15538 15
15539 15
15540 15
15541 15
15542 15
15543 15
15544 15
15545 15
15546 15
15547 15
15548 15
15549 15
15550 15
15551 15
15552 15
15553 15
15554 15
15555 15
15556 15
15557 15
15558 15
15559 15
15560 15
15561 15
15562 15
15563 15
15564 15
15565 15
15566 15
15567 15
15568 15
15569 15
15570 15
15571 15
15572 15
15573 15
15574 15
15575 15
15576 15
15577 15
15578 15
15579 15
15580 15
15581 15
15582 15
15583 15
15584 15
15585 15
15586 15
15587 15
15588 15
15589 15
15590 15
15591 15
15592 15
15593 15
15594 15
15595 15
15596 15
15597 15
15598 15
15599 15
15600 15
15601 15
15602 15
15603 15
15604 15
15605 15
15606 15
15607 15
15608 15
15609 15
15610 15
15611 15
15612 15
15613 15
15614 15
15615 15
15616 15
15617 15
15618 15
15619 15
15620 15
15621 15
15622 15
15623 15
15624 15
15625 15
15626 15
15627 15
15628 15
15629 15
15630 15
15631 15
15632 15
15633 15
15634 15
15635 15
15636 15
15637 15
15638 15
15639 15
15640 15
15641 15
15642 15
15643 15
15644 15
15645 15
15646 15
15647 15
15648 15
15649 15
15650 15
15651 15
15652 15
15653 15
15654 15
15655 15
15656 15
15657 15
15658 15
15659 15
15660 15
15661 15
15662 15
15663 15
15664 15
15665 15
15666 15
15667 15
15668 15
15669 15
15670 15
15671 15
15672 15
15673 15
15674 15
15675 15
15676 15
15677 15
15678 15
15679 15
15680 15
15681 15
15682 15
15683 15
15684 15
15685 15
15686 15
15687 15
15688 15
15689 15
15690 15
15691 15
15692 15
15693 15
15694 15
15695 15
15696 15
15697 15
15698 15
15699 15
15700 15
15701 15
15702 15
15703 15
15704 15
15705 15
15706 15
15707 15
15708 15
15709 15
15710 15
15711 15
15712 15
15713 15
15714 15
15715 15
15716 15
15717 15
15718 15
15719 15
15720 15
15721 15
15722 15
15723 15
15724 15
15725 15
15726 15
15727 15
15728 15
15729 15
15730 15
15731 15
15732 15
15733 15
15734 15
15735 15
15736 15
15737 15
15738 15
15739 15
15740 15
15741 15
15742 15
15743 15
15744 15
15745 15
15746 15
15747 15
15748 15
15749 15
15750 15
15751 15
15752 15
15753 15
15754 15
15755 15
15756 15
15757 15
15758 15
15759 15
15760 15
15761 15
15762 15
15763 15
15764 15
15765 15
15766 15
15767 15
15768 15
15769 15
15770 15
15771 15
15772 15
15773 15
15774 15
15775 15
15776 15
15777 15
15778 15
15779 15
15780 15
15781 15
15782 15
15783 15
15784 15
15785 15
15786 15
15787 15
15788 15
15789 15
15790 15
15791 15
15792 15
15793 15
15794 15
15795 15
15796 15
15797 15
15798 15
15799 15
15800 15
15801 15
15802 15
15803 15
15804 15
15805 15
15806 15
15807 15
15808 15
15809 15
15810 15
15811 15
15812 15
15813 15
15814 15
15815 15
15816 15
15817 15
15818 15
15819 15
15820 15
15821 15
15822 15
15823 15
15824 15
15825 15
15826 15
15827 15
15828 15
15829 15
15830 15
15831 15
15832 15
15833 15
15834 15
15835 15
15836 15
15837 15
15838 15
15839 15
15840 15
15841 15
15842 15
15843 15
15844 15
15845 15
15846 15
15847 15
15848 15
15849 15
15850 15
15851 15
15852 15
15853 15
15854 15
15855 15
15856 15
15857 15
15858 15
15859 15
15860 15
15861 15
15862 15
15863 15
15864 15
15865 15
15866 15
15867 15
15868 15
15869 15
15870 15
15871 15
15872 15
15873 15
15874 15
15875 15
15876 15
15877 15
15878 15
15879 15
15880 15
15881 15
15882 15
15883 15
15884 15
15885 15
15886 15
15887 15
15888 15
15889 15
15890 15
15891 15
15892 15
15893 15
15894 15
15895 15
15896 15
15897 15
15898 15
15899 15
15900 15
15901 15
15902 15
15903 15
15904 15
15905 15
15906 15
15907 15
15908 15
15909 15
15910 15
15911 15
15912 15
15913 15
15914 15
15915 15
15916 15
15917 15
15918 15
15919 15
15920 15
15921 15
15922 15
15923 15
15924 15
15925 15
15926 15
15927 15
15928 15
15929 15
15930 15
15931 15
15932 15
15933 15
15934 15
15935 15
15936 15
15937 15
15938 15
15939 15
15940 15
15941 15
15942 15
15943 15
15944 15
15945 15
15946 15
15947 15
15948 15
15949 15
15950 15
15951 15
15952 15
15953 15
15954 15
15955 15
15956 15
15957 15
15958 15
15959 15
15960 15
15961 15
15962 15
15963 15
15964 15
15965 15
15966 15
15967 15
15968 15
15969 15
15970 15
15971 15
15972 15
15973 15
15974 15
15975 15
15976 15
15977 15
15978 15
15979 15
15980 15
15981 15
15982 15
15983 15
15984 15
15985 15
15986 15
15987 15
15988 15
15989 15
15990 15
15991 15
15992 15
15993 15
15994 15
15995 15
15996 15
15997 15
15998 15
15999 15
16000 16
16001 16
16002 16
16003 16
16004 16
16005 16
16006 16
16007 16
16008 16
16009 16
16010 16
16011 16
16012 16
16013 16
16014 16
16015 16
16016 16
16017 16
16018 16
16019 16
16020 16
16021 16
16022 16
16023 16
16024 16
16025 16
16026 16
16027 16
16028 16
16029 16
16030 16
16031 16
16032 16
16033 16
16034 16
16035 16
16036 16
16037 16
16038 16
16039 16
16040 16
16041 16
16042 16
16043 16
16044 16
16045 16
16046 16
16047 16
16048 16
16049 16
16050 16
16051 16
16052 16
16053 16
16054 16
16055 16
16056 16
16057 16
16058 16
16059 16
16060 16
16061 16
16062 16
16063 16
16064 16
16065 16
16066 16
16067 16
16068 16
16069 16
16070 16
16071 16
16072 16
16073 16
16074 16
16075 16
16076 16
16077 16
16078 16
16079 16
16080 16
16081 16
16082 16
16083 16
16084 16
16085 16
16086 16
16087 16
16088 16
16089 16
16090 16
16091 16
16092 16
16093 16
16094 16
16095 16
16096 16
16097 16
16098 16
16099 16
16100 16
16101 16
16102 16
16103 16
16104 16
16105 16
16106 16
16107 16
16108 16
16109 16
16110 16
16111 16
16112 16
16113 16
16114 16
16115 16
16116 16
16117 16
16118 16
16119 16
16120 16
16121 16
16122 16
16123 16
16124 16
16125 16
16126 16
16127 16
16128 16
16129 16
16130 16
16131 16
16132 16
16133 16
16134 16
16135 16
16136 16
16137 16
16138 16
16139 16
16140 16
16141 16
16142 16
16143 16
16144 16
16145 16
16146 16
16147 16
16148 16
16149 16
16150 16
16151 16
16152 16
16153 16
16154 16
16155 16
16156 16
16157 16
16158 16
16159 16
16160 16
16161 16
16162 16
16163 16
16164 16
16165 16
16166 16
16167 16
16168 16
16169 16
16170 16
16171 16
16172 16
16173 16
16174 16
16175 16
16176 16
16177 16
16178 16
16179 16
16180 16
16181 16
16182 16
16183 16
16184 16
16185 16
16186 16
16187 16
16188 16
16189 16
16190 16
16191 16
16192 16
16193 16
16194 16
16195 16
16196 16
16197 16
16198 16
16199 16
16200 16
16201 16
16202 16
16203 16
16204 16
16205 16
16206 16
16207 16
16208 16
16209 16
16210 16
16211 16
16212 16
16213 16
16214 16
16215 16
16216 16
16217 16
16218 16
16219 16
16220 16
16221 16
16222 16
16223 16
16224 16
16225 16
16226 16
16227 16
16228 16
16229 16
16230 16
16231 16
16232 16
16233 16
16234 16
16235 16
16236 16
16237 16
16238 16
16239 16
16240 16
16241 16
16242 16
16243 16
16244 16
16245 16
16246 16
16247 16
16248 16
16249 16
16250 16
16251 16
16252 16
16253 16
16254 16
16255 16
16256 16
16257 16
16258 16
16259 16
16260 16
16261 16
16262 16
16263 16
16264 16
16265 16
16266 16
16267 16
16268 16
16269 16
16270 16
16271 16
16272 16
16273 16
16274 16
16275 16
16276 16
16277 16
16278 16
16279 16
16280 16
16281 16
16282 16
16283 16
16284 16
16285 16
16286 16
16287 16
16288 16
16289 16
16290 16
16291 16
16292 16
16293 16
16294 16
16295 16
16296 16
16297 16
16298 16
16299 16
16300 16
16301 16
16302 16
16303 16
16304 16
16305 16
16306 16
16307 16
16308 16
16309 16
16310 16
16311 16
16312 16
16313 16
16314 16
16315 16
16316 16
16317 16
16318 16
16319 16
16320 16
16321 16
16322 16
16323 16
16324 16
16325 16
16326 16
16327 16
16328 16
16329 16
16330 16
16331 16
16332 16
16333 16
16334 16
16335 16
16336 16
16337 16
16338 16
16339 16
16340 16
16341 16
16342 16
16343 16
16344 16
16345 16
16346 16
16347 16
16348 16
16349 16
16350 16
16351 16
16352 16
16353 16
16354 16
16355 16
16356 16
16357 16
16358 16
16359 16
16360 16
16361 16
16362 16
16363 16
16364 16
16365 16
16366 16
16367 16
16368 16
16369 16
16370 16
16371 16
16372 16
16373 16
16374 16
16375 16
16376 16
16377 16
16378 16
16379 16
16380 16
16381 16
16382 16
16383 16
16384 16
16385 16
16386 16
16387 16
16388 16
16389 16
16390 16
16391 16
16392 16
16393 16
16394 16
16395 16
16396 16
16397 16
16398 16
16399 16
16400 16
16401 16
16402 16
16403 16
16404 16
16405 16
16406 16
16407 16
16408 16
16409 16
16410 16
16411 16
16412 16
16413 16
16414 16
16415 16
16416 16
16417 16
16418 16
16419 16
16420 16
16421 16
16422 16
16423 16
16424 16
16425 16
16426 16
16427 16
16428 16
16429 16
16430 16
16431 16
16432 16
16433 16
16434 16
16435 16
16436 16
16437 16
16438 16
16439 16
16440 16
16441 16
16442 16
16443 16
16444 16
16445 16
16446 16
16447 16
16448 16
16449 16
16450 16
16451 16
16452 16
16453 16
16454 16
16455 16
16456 16
16457 16
16458 16
16459 16
16460 16
16461 16
16462 16
16463 16
16464 16
16465 16
16466 16
16467 16
16468 16
16469 16
16470 16
16471 16
16472 16
16473 16
16474 16
16475 16
16476 16
16477 16
16478 16
16479 16
16480 16
16481 16
16482 16
16483 16
16484 16
16485 16
16486 16
16487 16
16488 16
16489 16
16490 16
16491 16
16492 16
16493 16
16494 16
16495 16
16496 16
16497 16
16498 16
16499 16
16500 16
16501 16
16502 16
16503 16
16504 16
16505 16
16506 16
16507 16
16508 16
16509 16
16510 16
16511 16
16512 16
16513 16
16514 16
16515 16
16516 16
16517 16
16518 16
16519 16
16520 16
16521 16
16522 16
16523 16
16524 16
16525 16
16526 16
16527 16
16528 16
16529 16
16530 16
16531 16
16532 16
16533 16
16534 16
16535 16
16536 16
16537 16
16538 16
16539 16
16540 16
16541 16
16542 16
16543 16
16544 16
16545 16
16546 16
16547 16
16548 16
16549 16
16550 16
16551 16
16552 16
16553 16
16554 16
16555 16
16556 16
16557 16
16558 16
16559 16
16560 16
16561 16
16562 16
16563 16
16564 16
16565 16
16566 16
16567 16
16568 16
16569 16
16570 16
16571 16
16572 16
16573 16
16574 16
16575 16
16576 16
16577 16
16578 16
16579 16
16580 16
16581 16
16582 16
16583 16
16584 16
16585 16
16586 16
16587 16
16588 16
16589 16
16590 16
16591 16
16592 16
16593 16
16594 16
16595 16
16596 16
16597 16
16598 16
16599 16
16600 16
16601 16
16602 16
16603 16
16604 16
16605 16
16606 16
16607 16
16608 16
16609 16
16610 16
16611 16
16612 16
16613 16
16614 16
16615 16
16616 16
16617 16
16618 16
16619 16
16620 16
16621 16
16622 16
16623 16
16624 16
16625 16
16626 16
16627 16
16628 16
16629 16
16630 16
16631 16
16632 16
16633 16
16634 16
16635 16
16636 16
16637 16
16638 16
16639 16
16640 16
16641 16
16642 16
16643 16
16644 16
16645 16
16646 16
16647 16
16648 16
16649 16
16650 16
16651 16
16652 16
16653 16
16654 16
16655 16
16656 16
16657 16
16658 16
16659 16
16660 16
16661 16
16662 16
16663 16
16664 16
16665 16
16666 16
16667 16
16668 16
16669 16
16670 16
16671 16
16672 16
16673 16
16674 16
16675 16
16676 16
16677 16
16678 16
16679 16
16680 16
16681 16
16682 16
16683 16
16684 16
16685 16
16686 16
16687 16
16688 16
16689 16
16690 16
16691 16
16692 16
16693 16
16694 16
16695 16
16696 16
16697 16
16698 16
16699 16
16700 16
16701 16
16702 16
16703 16
16704 16
16705 16
16706 16
16707 16
16708 16
16709 16
16710 16
16711 16
16712 16
16713 16
16714 16
16715 16
16716 16
16717 16
16718 16
16719 16
16720 16
16721 16
16722 16
16723 16
16724 16
16725 16
16726 16
16727 16
16728 16
16729 16
16730 16
16731 16
16732 16
16733 16
16734 16
16735 16
16736 16
16737 16
16738 16
16739 16
16740 16
16741 16
16742 16
16743 16
16744 16
16745 16
16746 16
16747 16
16748 16
16749 16
16750 16
16751 16
16752 16
16753 16
16754 16
16755 16
16756 16
16757 16
16758 16
16759 16
16760 16
16761 16
16762 16
16763 16
16764 16
16765 16
16766 16
16767 16
16768 16
16769 16
16770 16
16771 16
16772 16
16773 16
16774 16
16775 16
16776 16
16777 16
16778 16
16779 16
16780 16
16781 16
16782 16
16783 16
16784 16
16785 16
16786 16
16787 16
16788 16
16789 16
16790 16
16791 16
16792 16
16793 16
16794 16
16795 16
16796 16
16797 16
16798 16
16799 16
16800 16
16801 16
16802 16
16803 16
16804 16
16805 16
16806 16
16807 16
16808 16
16809 16
16810 16
16811 16
16812 16
16813 16
16814 16
16815 16
16816 16
16817 16
16818 16
16819 16
16820 16
16821 16
16822 16
16823 16
16824 16
16825 16
16826 16
16827 16
16828 16
16829 16
16830 16
16831 16
16832 16
16833 16
16834 16
16835 16
16836 16
16837 16
16838 16
16839 16
16840 16
16841 16
16842 16
16843 16
16844 16
16845 16
16846 16
16847 16
16848 16
16849 16
16850 16
16851 16
16852 16
16853 16
16854 16
16855 16
16856 16
16857 16
16858 16
16859 16
16860 16
16861 16
16862 16
16863 16
16864 16
16865 16
16866 16
16867 16
16868 16
16869 16
16870 16
16871 16
16872 16
16873 16
16874 16
16875 16
16876 16
16877 16
16878 16
16879 16
16880 16
16881 16
16882 16
16883 16
16884 16
16885 16
16886 16
16887 16
16888 16
16889 16
16890 16
16891 16
16892 16
16893 16
16894 16
16895 16
16896 16
16897 16
16898 16
16899 16
16900 16
16901 16
16902 16
16903 16
16904 16
16905 16
16906 16
16907 16
16908 16
16909 16
16910 16
16911 16
16912 16
16913 16
16914 16
16915 16
16916 16
16917 16
16918 16
16919 16
16920 16
16921 16
16922 16
16923 16
16924 16
16925 16
16926 16
16927 16
16928 16
16929 16
16930 16
16931 16
16932 16
16933 16
16934 16
16935 16
16936 16
16937 16
16938 16
16939 16
16940 16
16941 16
16942 16
16943 16
16944 16
16945 16
16946 16
16947 16
16948 16
16949 16
16950 16
16951 16
16952 16
16953 16
16954 16
16955 16
16956 16
16957 16
16958 16
16959 16
16960 16
16961 16
16962 16
16963 16
16964 16
16965 16
16966 16
16967 16
16968 16
16969 16
16970 16
16971 16
16972 16
16973 16
16974 16
16975 16
16976 16
16977 16
16978 16
16979 16
16980 16
16981 16
16982 16
16983 16
16984 16
16985 16
16986 16
16987 16
16988 16
16989 16
16990 16
16991 16
16992 16
16993 16
16994 16
16995 16
16996 16
16997 16
16998 16
16999 16
17000 17
17001 17
17002 17
17003 17
17004 17
17005 17
17006 17
17007 17
17008 17
17009 17
17010 17
17011 17
17012 17
17013 17
17014 17
17015 17
17016 17
17017 17
17018 17
17019 17
17020 17
17021 17
17022 17
17023 17
17024 17
17025 17
17026 17
17027 17
17028 17
17029 17
17030 17
17031 17
17032 17
17033 17
17034 17
17035 17
17036 17
17037 17
17038 17
17039 17
17040 17
17041 17
17042 17
17043 17
17044 17
17045 17
17046 17
17047 17
17048 17
17049 17
17050 17
17051 17
17052 17
17053 17
17054 17
17055 17
17056 17
17057 17
17058 17
17059 17
17060 17
17061 17
17062 17
17063 17
17064 17
17065 17
17066 17
17067 17
17068 17
17069 17
17070 17
17071 17
17072 17
17073 17
17074 17
17075 17
17076 17
17077 17
17078 17
17079 17
17080 17
17081 17
17082 17
17083 17
17084 17
17085 17
17086 17
17087 17
17088 17
17089 17
17090 17
17091 17
17092 17
17093 17
17094 17
17095 17
17096 17
17097 17
17098 17
17099 17
17100 17
17101 17
17102 17
17103 17
17104 17
17105 17
17106 17
17107 17
17108 17
17109 17
17110 17
17111 17
17112 17
17113 17
17114 17
17115 17
17116 17
17117 17
17118 17
17119 17
17120 17
17121 17
17122 17
17123 17
17124 17
17125 17
17126 17
17127 17
17128 17
17129 17
17130 17
17131 17
17132 17
17133 17
17134 17
17135 17
17136 17
17137 17
17138 17
17139 17
17140 17
17141 17
17142 17
17143 17
17144 17
17145 17
17146 17
17147 17
17148 17
17149 17
17150 17
17151 17
17152 17
17153 17
17154 17
17155 17
17156 17
17157 17
17158 17
17159 17
17160 17
17161 17
17162 17
17163 17
17164 17
17165 17
17166 17
17167 17
17168 17
17169 17
17170 17
17171 17
17172 17
17173 17
17174 17
17175 17
17176 17
17177 17
17178 17
17179 17
17180 17
17181 17
17182 17
17183 17
17184 17
17185 17
17186 17
17187 17
17188 17
17189 17
17190 17
17191 17
17192 17
17193 17
17194 17
17195 17
17196 17
17197 17
17198 17
17199 17
17200 17
17201 17
17202 17
17203 17
17204 17
17205 17
17206 17
17207 17
17208 17
17209 17
17210 17
17211 17
17212 17
17213 17
17214 17
17215 17
17216 17
17217 17
17218 17
17219 17
17220 17
17221 17
17222 17
17223 17
17224 17
17225 17
17226 17
17227 17
17228 17
17229 17
17230 17
17231 17
17232 17
17233 17
17234 17
17235 17
17236 17
17237 17
17238 17
17239 17
17240 17
17241 17
17242 17
17243 17
17244 17
17245 17
17246 17
17247 17
17248 17
17249 17
17250 17
17251 17
17252 17
17253 17
17254 17
17255 17
17256 17
17257 17
17258 17
17259 17
17260 17
17261 17
17262 17
17263 17
17264 17
17265 17
17266 17
17267 17
17268 17
17269 17
17270 17
17271 17
17272 17
17273 17
17274 17
17275 17
17276 17
17277 17
17278 17
17279 17
17280 17
17281 17
17282 17
17283 17
17284 17
17285 17
17286 17
17287 17
17288 17
17289 17
17290 17
17291 17
17292 17
17293 17
17294 17
17295 17
17296 17
17297 17
17298 17
17299 17
17300 17
17301 17
17302 17
17303 17
17304 17
17305 17
17306 17
17307 17
17308 17
17309 17
17310 17
17311 17
17312 17
17313 17
17314 17
17315 17
17316 17
17317 17
17318 17
17319 17
17320 17
17321 17
17322 17
17323 17
17324 17
17325 17
17326 17
17327 17
17328 17
17329 17
17330 17
17331 17
17332 17
17333 17
17334 17
17335 17
17336 17
17337 17
17338 17
17339 17
17340 17
17341 17
17342 17
17343 17
17344 17
17345 17
17346 17
17347 17
17348 17
17349 17
17350 17
17351 17
17352 17
17353 17
17354 17
17355 17
17356 17
17357 17
17358 17
17359 17
17360 17
17361 17
17362 17
17363 17
17364 17
17365 17
17366 17
17367 17
17368 17
17369 17
17370 17
17371 17
17372 17
17373 17
17374 17
17375 17
17376 17
17377 17
17378 17
17379 17
17380 17
17381 17
17382 17
17383 17
17384 17
17385 17
17386 17
17387 17
17388 17
17389 17
17390 17
17391 17
17392 17
17393 17
17394 17
17395 17
17396 17
17397 17
17398 17
17399 17
17400 17
17401 17
17402 17
17403 17
17404 17
17405 17
17406 17
17407 17
17408 17
17409 17
17410 17
17411 17
17412 17
17413 17
17414 17
17415 17
17416 17
17417 17
17418 17
17419 17
17420 17
17421 17
17422 17
17423 17
17424 17
17425 17
17426 17
17427 17
17428 17
17429 17
17430 17
17431 17
17432 17
17433 17
17434 17
17435 17
17436 17
17437 17
17438 17
17439 17
17440 17
17441 17
17442 17
17443 17
17444 17
17445 17
17446 17
17447 17
17448 17
17449 17
17450 17
17451 17
17452 17
17453 17
17454 17
17455 17
17456 17
17457 17
17458 17
17459 17
17460 17
17461 17
17462 17
17463 17
17464 17
17465 17
17466 17
17467 17
17468 17
17469 17
17470 17
17471 17
17472 17
17473 17
17474 17
17475 17
17476 17
17477 17
17478 17
17479 17
17480 17
17481 17
17482 17
17483 17
17484 17
17485 17
17486 17
17487 17
17488 17
17489 17
17490 17
17491 17
17492 17
17493 17
17494 17
17495 17
17496 17
17497 17
17498 17
17499 17
17500 17
17501 17
17502 17
17503 17
17504 17
17505 17
17506 17
17507 17
17508 17
17509 17
17510 17
17511 17
17512 17
17513 17
17514 17
17515 17
17516 17
17517 17
17518 17
17519 17
17520 17
17521 17
17522 17
17523 17
17524 17
17525 17
17526 17
17527 17
17528 17
17529 17
17530 17
17531 17
17532 17
17533 17
17534 17
17535 17
17536 17
17537 17
17538 17
17539 17
17540 17
17541 17
17542 17
17543 17
17544 17
17545 17
17546 17
17547 17
17548 17
17549 17
17550 17
17551 17
17552 17
17553 17
17554 17
17555 17
17556 17
17557 17
17558 17
17559 17
17560 17
17561 17
17562 17
17563 17
17564 17
17565 17
17566 17
17567 17
17568 17
17569 17
17570 17
17571 17
17572 17
17573 17
17574 17
17575 17
17576 17
17577 17
17578 17
17579 17
17580 17
17581 17
17582 17
17583 17
17584 17
17585 17
17586 17
17587 17
17588 17
17589 17
17590 17
17591 17
17592 17
17593 17
17594 17
17595 17
17596 17
17597 17
17598 17
17599 17
17600 17
17601 17
17602 17
17603 17
17604 17
17605 17
17606 17
17607 17
17608 17
17609 17
17610 17
17611 17
17612 17
17613 17
17614 17
17615 17
17616 17
17617 17
17618 17
17619 17
17620 17
17621 17
17622 17
17623 17
17624 17
17625 17
17626 17
17627 17
17628 17
17629 17
17630 17
17631 17
17632 17
17633 17
17634 17
17635 17
17636 17
17637 17
17638 17
17639 17
17640 17
17641 17
17642 17
17643 17
17644 17
17645 17
17646 17
17647 17
17648 17
17649 17
17650 17
17651 17
17652 17
17653 17
17654 17
17655 17
17656 17
17657 17
17658 17
17659 17
17660 17
17661 17
17662 17
17663 17
17664 17
17665 17
17666 17
17667 17
17668 17
17669 17
17670 17
17671 17
17672 17
17673 17
17674 17
17675 17
17676 17
17677 17
17678 17
17679 17
17680 17
17681 17
17682 17
17683 17
17684 17
17685 17
17686 17
17687 17
17688 17
17689 17
17690 17
17691 17
17692 17
17693 17
17694 17
17695 17
17696 17
17697 17
17698 17
17699 17
17700 17
17701 17
17702 17
17703 17
17704 17
17705 17
17706 17
17707 17
17708 17
17709 17
17710 17
17711 17
17712 17
17713 17
17714 17
17715 17
17716 17
17717 17
17718 17
17719 17
17720 17
17721 17
17722 17
17723 17
17724 17
17725 17
17726 17
17727 17
17728 17
17729 17
17730 17
17731 17
17732 17
17733 17
17734 17
17735 17
17736 17
17737 17
17738 17
17739 17
17740 17
17741 17
17742 17
17743 17
17744 17
17745 17
17746 17
17747 17
17748 17
17749 17
17750 17
17751 17
17752 17
17753 17
17754 17
17755 17
17756 17
17757 17
17758 17
17759 17
17760 17
17761 17
17762 17
17763 17
17764 17
17765 17
17766 17
17767 17
17768 17
17769 17
17770 17
17771 17
17772 17
17773 17
17774 17
17775 17
17776 17
17777 17
17778 17
17779 17
17780 17
17781 17
17782 17
17783 17
17784 17
17785 17
17786 17
17787 17
17788 17
17789 17
17790 17
17791 17
17792 17
17793 17
17794 17
17795 17
17796 17
17797 17
17798 17
17799 17
17800 17
17801 17
17802 17
17803 17
17804 17
17805 17
17806 17
17807 17
17808 17
17809 17
17810 17
17811 17
17812 17
17813 17
17814 17
17815 17
17816 17
17817 17
17818 17
17819 17
17820 17
17821 17
17822 17
17823 17
17824 17
17825 17
17826 17
17827 17
17828 17
17829 17
17830 17
17831 17
17832 17
17833 17
17834 17
17835 17
17836 17
17837 17
17838 17
17839 17
17840 17
17841 17
17842 17
17843 17
17844 17
17845 17
17846 17
17847 17
17848 17
17849 17
17850 17
17851 17
17852 17
17853 17
17854 17
17855 17
17856 17
17857 17
17858 17
17859 17
17860 17
17861 17
17862 17
17863 17
17864 17
17865 17
17866 17
17867 17
17868 17
17869 17
17870 17
17871 17
17872 17
17873 17
17874 17
17875 17
17876 17
17877 17
17878 17
17879 17
17880 17
17881 17
17882 17
17883 17
17884 17
17885 17
17886 17
17887 17
17888 17
17889 17
17890 17
17891 17
17892 17
17893 17
17894 17
17895 17
17896 17
17897 17
17898 17
17899 17
17900 17
17901 17
17902 17
17903 17
17904 17
17905 17
17906 17
17907 17
17908 17
17909 17
17910 17
17911 17
17912 17
17913 17
17914 17
17915 17
17916 17
17917 17
17918 17
17919 17
17920 17
17921 17
17922 17
17923 17
17924 17
17925 17
17926 17
17927 17
17928 17
17929 17
17930 17
17931 17
17932 17
17933 17
17934 17
17935 17
17936 17
17937 17
17938 17
17939 17
17940 17
17941 17
17942 17
17943 17
17944 17
17945 17
17946 17
17947 17
17948 17
17949 17
17950 17
17951 17
17952 17
17953 17
17954 17
17955 17
17956 17
17957 17
17958 17
17959 17
17960 17
17961 17
17962 17
17963 17
17964 17
17965 17
17966 17
17967 17
17968 17
17969 17
17970 17
17971 17
17972 17
17973 17
17974 17
17975 17
17976 17
17977 17
17978 17
17979 17
17980 17
17981 17
17982 17
17983 17
17984 17
17985 17
17986 17
17987 17
17988 17
17989 17
17990 17
17991 17
17992 17
17993 17
17994 17
17995 17
17996 17
17997 17
17998 17
17999 17
18000 18
18001 18
18002 18
18003 18
18004 18
18005 18
18006 18
18007 18
18008 18
18009 18
18010 18
18011 18
18012 18
18013 18
18014 18
18015 18
18016 18
18017 18
18018 18
18019 18
18020 18
18021 18
18022 18
18023 18
18024 18
18025 18
18026 18
18027 18
18028 18
18029 18
18030 18
18031 18
18032 18
18033 18
18034 18
18035 18
18036 18
18037 18
18038 18
18039 18
18040 18
18041 18
18042 18
18043 18
18044 18
18045 18
18046 18
18047 18
18048 18
18049 18
18050 18
18051 18
18052 18
18053 18
18054 18
18055 18
18056 18
18057 18
18058 18
18059 18
18060 18
18061 18
18062 18
18063 18
18064 18
18065 18
18066 18
18067 18
18068 18
18069 18
18070 18
18071 18
18072 18
18073 18
18074 18
18075 18
18076 18
18077 18
18078 18
18079 18
18080 18
18081 18
18082 18
18083 18
18084 18
18085 18
18086 18
18087 18
18088 18
18089 18
18090 18
18091 18
18092 18
18093 18
18094 18
18095 18
18096 18
18097 18
18098 18
18099 18
18100 18
18101 18
18102 18
18103 18
18104 18
18105 18
18106 18
18107 18
18108 18
18109 18
18110 18
18111 18
18112 18
18113 18
18114 18
18115 18
18116 18
18117 18
18118 18
18119 18
18120 18
18121 18
18122 18
18123 18
18124 18
18125 18
18126 18
18127 18
18128 18
18129 18
18130 18
18131 18
18132 18
18133 18
18134 18
18135 18
18136 18
18137 18
18138 18
18139 18
18140 18
18141 18
18142 18
18143 18
18144 18
18145 18
18146 18
18147 18
18148 18
18149 18
18150 18
18151 18
18152 18
18153 18
18154 18
18155 18
18156 18
18157 18
18158 18
18159 18
18160 18
18161 18
18162 18
18163 18
18164 18
18165 18
18166 18
18167 18
18168 18
18169 18
18170 18
18171 18
18172 18
18173 18
18174 18
18175 18
18176 18
18177 18
18178 18
18179 18
18180 18
18181 18
18182 18
18183 18
18184 18
18185 18
18186 18
18187 18
18188 18
18189 18
18190 18
18191 18
18192 18
18193 18
18194 18
18195 18
18196 18
18197 18
18198 18
18199 18
18200 18
18201 18
18202 18
18203 18
18204 18
18205 18
18206 18
18207 18
18208 18
18209 18
18210 18
18211 18
18212 18
18213 18
18214 18
18215 18
18216 18
18217 18
18218 18
18219 18
18220 18
18221 18
18222 18
18223 18
18224 18
18225 18
18226 18
18227 18
18228 18
18229 18
18230 18
18231 18
18232 18
18233 18
18234 18
18235 18
18236 18
18237 18
18238 18
18239 18
18240 18
18241 18
18242 18
18243 18
18244 18
18245 18
18246 18
18247 18
18248 18
18249 18
18250 18
18251 18
18252 18
18253 18
18254 18
18255 18
18256 18
18257 18
18258 18
18259 18
18260 18
18261 18
18262 18
18263 18
18264 18
18265 18
18266 18
18267 18
18268 18
18269 18
18270 18
18271 18
18272 18
18273 18
18274 18
18275 18
18276 18
18277 18
18278 18
18279 18
18280 18
18281 18
18282 18
18283 18
18284 18
18285 18
18286 18
18287 18
18288 18
18289 18
18290 18
18291 18
18292 18
18293 18
18294 18
18295 18
18296 18
18297 18
18298 18
18299 18
18300 18
18301 18
18302 18
18303 18
18304 18
18305 18
18306 18
18307 18
18308 18
18309 18
18310 18
18311 18
18312 18
18313 18
18314 18
18315 18
18316 18
18317 18
18318 18
18319 18
18320 18
18321 18
18322 18
18323 18
18324 18
18325 18
18326 18
18327 18
18328 18
18329 18
18330 18
18331 18
18332 18
18333 18
18334 18
18335 18
18336 18
18337 18
18338 18
18339 18
18340 18
18341 18
18342 18
18343 18
18344 18
18345 18
18346 18
18347 18
18348 18
18349 18
18350 18
18351 18
18352 18
18353 18
18354 18
18355 18
18356 18
18357 18
18358 18
18359 18
18360 18
18361 18
18362 18
18363 18
18364 18
18365 18
18366 18
18367 18
18368 18
18369 18
18370 18
18371 18
18372 18
18373 18
18374 18
18375 18
18376 18
18377 18
18378 18
18379 18
18380 18
18381 18
18382 18
18383 18
18384 18
18385 18
18386 18
18387 18
18388 18
18389 18
18390 18
18391 18
18392 18
18393 18
18394 18
18395 18
18396 18
18397 18
18398 18
18399 18
18400 18
18401 18
18402 18
18403 18
18404 18
18405 18
18406 18
18407 18
18408 18
18409 18
18410 18
18411 18
18412 18
18413 18
18414 18
18415 18
18416 18
18417 18
18418 18
18419 18
18420 18
18421 18
18422 18
18423 18
18424 18
18425 18
18426 18
18427 18
18428 18
18429 18
18430 18
18431 18
18432 18
18433 18
18434 18
18435 18
18436 18
18437 18
18438 18
18439 18
18440 18
18441 18
18442 18
18443 18
18444 18
18445 18
18446 18
18447 18
18448 18
18449 18
18450 18
18451 18
18452 18
18453 18
18454 18
18455 18
18456 18
18457 18
18458 18
18459 18
18460 18
18461 18
18462 18
18463 18
18464 18
18465 18
18466 18
18467 18
18468 18
18469 18
18470 18
18471 18
18472 18
18473 18
18474 18
18475 18
18476 18
18477 18
18478 18
18479 18
18480 18
18481 18
18482 18
18483 18
18484 18
18485 18
18486 18
18487 18
18488 18
18489 18
18490 18
18491 18
18492 18
18493 18
18494 18
18495 18
18496 18
18497 18
18498 18
18499 18
18500 18
18501 18
18502 18
18503 18
18504 18
18505 18
18506 18
18507 18
18508 18
18509 18
18510 18
18511 18
18512 18
18513 18
18514 18
18515 18
18516 18
18517 18
18518 18
18519 18
18520 18
18521 18
18522 18
18523 18
18524 18
18525 18
18526 18
18527 18
18528 18
18529 18
18530 18
18531 18
18532 18
18533 18
18534 18
18535 18
18536 18
18537 18
18538 18
18539 18
18540 18
18541 18
18542 18
18543 18
18544 18
18545 18
18546 18
18547 18
18548 18
18549 18
18550 18
18551 18
18552 18
18553 18
18554 18
18555 18
18556 18
18557 18
18558 18
18559 18
18560 18
18561 18
18562 18
18563 18
18564 18
18565 18
18566 18
18567 18
18568 18
18569 18
18570 18
18571 18
18572 18
18573 18
18574 18
18575 18
18576 18
18577 18
18578 18
18579 18
18580 18
18581 18
18582 18
18583 18
18584 18
18585 18
18586 18
18587 18
18588 18
18589 18
18590 18
18591 18
18592 18
18593 18
18594 18
18595 18
18596 18
18597 18
18598 18
18599 18
18600 18
18601 18
18602 18
18603 18
18604 18
18605 18
18606 18
18607 18
18608 18
18609 18
18610 18
18611 18
18612 18
18613 18
18614 18
18615 18
18616 18
18617 18
18618 18
18619 18
18620 18
18621 18
18622 18
18623 18
18624 18
18625 18
18626 18
18627 18
18628 18
18629 18
18630 18
18631 18
18632 18
18633 18
18634 18
18635 18
18636 18
18637 18
18638 18
18639 18
18640 18
18641 18
18642 18
18643 18
18644 18
18645 18
18646 18
18647 18
18648 18
18649 18
18650 18
18651 18
18652 18
18653 18
18654 18
18655 18
18656 18
18657 18
18658 18
18659 18
18660 18
18661 18
18662 18
18663 18
18664 18
18665 18
18666 18
18667 18
18668 18
18669 18
18670 18
18671 18
18672 18
18673 18
18674 18
18675 18
18676 18
18677 18
18678 18
18679 18
18680 18
18681 18
18682 18
18683 18
18684 18
18685 18
18686 18
18687 18
18688 18
18689 18
18690 18
18691 18
18692 18
18693 18
18694 18
18695 18
18696 18
18697 18
18698 18
18699 18
18700 18
18701 18
18702 18
18703 18
18704 18
18705 18
18706 18
18707 18
18708 18
18709 18
18710 18
18711 18
18712 18
18713 18
18714 18
18715 18
18716 18
18717 18
18718 18
18719 18
18720 18
18721 18
18722 18
18723 18
18724 18
18725 18
18726 18
18727 18
18728 18
18729 18
18730 18
18731 18
18732 18
18733 18
18734 18
18735 18
18736 18
18737 18
18738 18
18739 18
18740 18
18741 18
18742 18
18743 18
18744 18
18745 18
18746 18
18747 18
18748 18
18749 18
18750 18
18751 18
18752 18
18753 18
18754 18
18755 18
18756 18
18757 18
18758 18
18759 18
18760 18
18761 18
18762 18
18763 18
18764 18
18765 18
18766 18
18767 18
18768 18
18769 18
18770 18
18771 18
18772 18
18773 18
18774 18
18775 18
18776 18
18777 18
18778 18
18779 18
18780 18
18781 18
18782 18
18783 18
18784 18
18785 18
18786 18
18787 18
18788 18
18789 18
18790 18
18791 18
18792 18
18793 18
18794 18
18795 18
18796 18
18797 18
18798 18
18799 18
18800 18
18801 18
18802 18
18803 18
18804 18
18805 18
18806 18
18807 18
18808 18
18809 18
18810 18
18811 18
18812 18
18813 18
18814 18
18815 18
18816 18
18817 18
18818 18
18819 18
18820 18
18821 18
18822 18
18823 18
18824 18
18825 18
18826 18
18827 18
18828 18
18829 18
18830 18
18831 18
18832 18
18833 18
18834 18
18835 18
18836 18
18837 18
18838 18
18839 18
18840 18
18841 18
18842 18
18843 18
18844 18
18845 18
18846 18
18847 18
18848 18
18849 18
18850 18
18851 18
18852 18
18853 18
18854 18
18855 18
18856 18
18857 18
18858 18
18859 18
18860 18
18861 18
18862 18
18863 18
18864 18
18865 18
18866 18
18867 18
18868 18
18869 18
18870 18
18871 18
18872 18
18873 18
18874 18
18875 18
18876 18
18877 18
18878 18
18879 18
18880 18
18881 18
18882 18
18883 18
18884 18
18885 18
18886 18
18887 18
18888 18
18889 18
18890 18
18891 18
18892 18
18893 18
18894 18
18895 18
18896 18
18897 18
18898 18
18899 18
18900 18
18901 18
18902 18
18903 18
18904 18
18905 18
18906 18
18907 18
18908 18
18909 18
18910 18
18911 18
18912 18
18913 18
18914 18
18915 18
18916 18
18917 18
18918 18
18919 18
18920 18
18921 18
18922 18
18923 18
18924 18
18925 18
18926 18
18927 18
18928 18
18929 18
18930 18
18931 18
18932 18
18933 18
18934 18
18935 18
18936 18
18937 18
18938 18
18939 18
18940 18
18941 18
18942 18
18943 18
18944 18
18945 18
18946 18
18947 18
18948 18
18949 18
18950 18
18951 18
18952 18
18953 18
18954 18
18955 18
18956 18
18957 18
18958 18
18959 18
18960 18
18961 18
18962 18
18963 18
18964 18
18965 18
18966 18
18967 18
18968 18
18969 18
18970 18
18971 18
18972 18
18973 18
18974 18
18975 18
18976 18
18977 18
18978 18
18979 18
18980 18
18981 18
18982 18
18983 18
18984 18
18985 18
18986 18
18987 18
18988 18
18989 18
18990 18
18991 18
18992 18
18993 18
18994 18
18995 18
18996 18
18997 18
18998 18
18999 18
19000 19
19001 19
19002 19
19003 19
19004 19
19005 19
19006 19
19007 19
19008 19
19009 19
19010 19
19011 19
19012 19
19013 19
19014 19
19015 19
19016 19
19017 19
19018 19
19019 19
19020 19
19021 19
19022 19
19023 19
19024 19
19025 19
19026 19
19027 19
19028 19
19029 19
19030 19
19031 19
19032 19
19033 19
19034 19
19035 19
19036 19
19037 19
19038 19
19039 19
19040 19
19041 19
19042 19
19043 19
19044 19
19045 19
19046 19
19047 19
19048 19
19049 19
19050 19
19051 19
19052 19
19053 19
19054 19
19055 19
19056 19
19057 19
19058 19
19059 19
19060 19
19061 19
19062 19
19063 19
19064 19
19065 19
19066 19
19067 19
19068 19
19069 19
19070 19
19071 19
19072 19
19073 19
19074 19
19075 19
19076 19
19077 19
19078 19
19079 19
19080 19
19081 19
19082 19
19083 19
19084 19
19085 19
19086 19
19087 19
19088 19
19089 19
19090 19
19091 19
19092 19
19093 19
19094 19
19095 19
19096 19
19097 19
19098 19
19099 19
19100 19
19101 19
19102 19
19103 19
19104 19
19105 19
19106 19
19107 19
19108 19
19109 19
19110 19
19111 19
19112 19
19113 19
19114 19
19115 19
19116 19
19117 19
19118 19
19119 19
19120 19
19121 19
19122 19
19123 19
19124 19
19125 19
19126 19
19127 19
19128 19
19129 19
19130 19
19131 19
19132 19
19133 19
19134 19
19135 19
19136 19
19137 19
19138 19
19139 19
19140 19
19141 19
19142 19
19143 19
19144 19
19145 19
19146 19
19147 19
19148 19
19149 19
19150 19
19151 19
19152 19
19153 19
19154 19
19155 19
19156 19
19157 19
19158 19
19159 19
19160 19
19161 19
19162 19
19163 19
19164 19
19165 19
19166 19
19167 19
19168 19
19169 19
19170 19
19171 19
19172 19
19173 19
19174 19
19175 19
19176 19
19177 19
19178 19
19179 19
19180 19
19181 19
19182 19
19183 19
19184 19
19185 19
19186 19
19187 19
19188 19
19189 19
19190 19
19191 19
19192 19
19193 19
19194 19
19195 19
19196 19
19197 19
19198 19
19199 19
19200 19
19201 19
19202 19
19203 19
19204 19
19205 19
19206 19
19207 19
19208 19
19209 19
19210 19
19211 19
19212 19
19213 19
19214 19
19215 19
19216 19
19217 19
19218 19
19219 19
19220 19
19221 19
19222 19
19223 19
19224 19
19225 19
19226 19
19227 19
19228 19
19229 19
19230 19
19231 19
19232 19
19233 19
19234 19
19235 19
19236 19
19237 19
19238 19
19239 19
19240 19
19241 19
19242 19
19243 19
19244 19
19245 19
19246 19
19247 19
19248 19
19249 19
19250 19
19251 19
19252 19
19253 19
19254 19
19255 19
19256 19
19257 19
19258 19
19259 19
19260 19
19261 19
19262 19
19263 19
19264 19
19265 19
19266 19
19267 19
19268 19
19269 19
19270 19
19271 19
19272 19
19273 19
19274 19
19275 19
19276 19
19277 19
19278 19
19279 19
19280 19
19281 19
19282 19
19283 19
19284 19
19285 19
19286 19
19287 19
19288 19
19289 19
19290 19
19291 19
19292 19
19293 19
19294 19
19295 19
19296 19
19297 19
19298 19
19299 19
19300 19
19301 19
19302 19
19303 19
19304 19
19305 19
19306 19
19307 19
19308 19
19309 19
19310 19
19311 19
19312 19
19313 19
19314 19
19315 19
19316 19
19317 19
19318 19
19319 19
19320 19
19321 19
19322 19
19323 19
19324 19
19325 19
19326 19
19327 19
19328 19
19329 19
19330 19
19331 19
19332 19
19333 19
19334 19
19335 19
19336 19
19337 19
19338 19
19339 19
19340 19
19341 19
19342 19
19343 19
19344 19
19345 19
19346 19
19347 19
19348 19
19349 19
19350 19
19351 19
19352 19
19353 19
19354 19
19355 19
19356 19
19357 19
19358 19
19359 19
19360 19
19361 19
19362 19
19363 19
19364 19
19365 19
19366 19
19367 19
19368 19
19369 19
19370 19
19371 19
19372 19
19373 19
19374 19
19375 19
19376 19
19377 19
19378 19
19379 19
19380 19
19381 19
19382 19
19383 19
19384 19
19385 19
19386 19
19387 19
19388 19
19389 19
19390 19
19391 19
19392 19
19393 19
19394 19
19395 19
19396 19
19397 19
19398 19
19399 19
19400 19
19401 19
19402 19
19403 19
19404 19
19405 19
19406 19
19407 19
19408 19
19409 19
19410 19
19411 19
19412 19
19413 19
19414 19
19415 19
19416 19
19417 19
19418 19
19419 19
19420 19
19421 19
19422 19
19423 19
19424 19
19425 19
19426 19
19427 19
19428 19
19429 19
19430 19
19431 19
19432 19
19433 19
19434 19
19435 19
19436 19
19437 19
19438 19
19439 19
19440 19
19441 19
19442 19
19443 19
19444 19
19445 19
19446 19
19447 19
19448 19
19449 19
19450 19
19451 19
19452 19
19453 19
19454 19
19455 19
19456 19
19457 19
19458 19
19459 19
19460 19
19461 19
19462 19
19463 19
19464 19
19465 19
19466 19
19467 19
19468 19
19469 19
19470 19
19471 19
19472 19
19473 19
19474 19
19475 19
19476 19
19477 19
19478 19
19479 19
19480 19
19481 19
19482 19
19483 19
19484 19
19485 19
19486 19
19487 19
19488 19
19489 19
19490 19
19491 19
19492 19
19493 19
19494 19
19495 19
19496 19
19497 19
19498 19
19499 19
19500 19
19501 19
19502 19
19503 19
19504 19
19505 19
19506 19
19507 19
19508 19
19509 19
19510 19
19511 19
19512 19
19513 19
19514 19
19515 19
19516 19
19517 19
19518 19
19519 19
19520 19
19521 19
19522 19
19523 19
19524 19
19525 19
19526 19
19527 19
19528 19
19529 19
19530 19
19531 19
19532 19
19533 19
19534 19
19535 19
19536 19
19537 19
19538 19
19539 19
19540 19
19541 19
19542 19
19543 19
19544 19
19545 19
19546 19
19547 19
19548 19
19549 19
19550 19
19551 19
19552 19
19553 19
19554 19
19555 19
19556 19
19557 19
19558 19
19559 19
19560 19
19561 19
19562 19
19563 19
19564 19
19565 19
19566 19
19567 19
19568 19
19569 19
19570 19
19571 19
19572 19
19573 19
19574 19
19575 19
19576 19
19577 19
19578 19
19579 19
19580 19
19581 19
19582 19
19583 19
19584 19
19585 19
19586 19
19587 19
19588 19
19589 19
19590 19
19591 19
19592 19
19593 19
19594 19
19595 19
19596 19
19597 19
19598 19
19599 19
19600 19
19601 19
19602 19
19603 19
19604 19
19605 19
19606 19
19607 19
19608 19
19609 19
19610 19
19611 19
19612 19
19613 19
19614 19
19615 19
19616 19
19617 19
19618 19
19619 19
19620 19
19621 19
19622 19
19623 19
19624 19
19625 19
19626 19
19627 19
19628 19
19629 19
19630 19
19631 19
19632 19
19633 19
19634 19
19635 19
19636 19
19637 19
19638 19
19639 19
19640 19
19641 19
19642 19
19643 19
19644 19
19645 19
19646 19
19647 19
19648 19
19649 19
19650 19
19651 19
19652 19
19653 19
19654 19
19655 19
19656 19
19657 19
19658 19
19659 19
19660 19
19661 19
19662 19
19663 19
19664 19
19665 19
19666 19
19667 19
19668 19
19669 19
19670 19
19671 19
19672 19
19673 19
19674 19
19675 19
19676 19
19677 19
19678 19
19679 19
19680 19
19681 19
19682 19
19683 19
19684 19
19685 19
19686 19
19687 19
19688 19
19689 19
19690 19
19691 19
19692 19
19693 19
19694 19
19695 19
19696 19
19697 19
19698 19
19699 19
19700 19
19701 19
19702 19
19703 19
19704 19
19705 19
19706 19
19707 19
19708 19
19709 19
19710 19
19711 19
19712 19
19713 19
19714 19
19715 19
19716 19
19717 19
19718 19
19719 19
19720 19
19721 19
19722 19
19723 19
19724 19
19725 19
19726 19
19727 19
19728 19
19729 19
19730 19
19731 19
19732 19
19733 19
19734 19
19735 19
19736 19
19737 19
19738 19
19739 19
19740 19
19741 19
19742 19
19743 19
19744 19
19745 19
19746 19
19747 19
19748 19
19749 19
19750 19
19751 19
19752 19
19753 19
19754 19
19755 19
19756 19
19757 19
19758 19
19759 19
19760 19
19761 19
19762 19
19763 19
19764 19
19765 19
19766 19
19767 19
19768 19
19769 19
19770 19
19771 19
19772 19
19773 19
19774 19
19775 19
19776 19
19777 19
19778 19
19779 19
19780 19
19781 19
19782 19
19783 19
19784 19
19785 19
19786 19
19787 19
19788 19
19789 19
19790 19
19791 19
19792 19
19793 19
19794 19
19795 19
19796 19
19797 19
19798 19
19799 19
19800 19
19801 19
19802 19
19803 19
19804 19
19805 19
19806 19
19807 19
19808 19
19809 19
19810 19
19811 19
19812 19
19813 19
19814 19
19815 19
19816 19
19817 19
19818 19
19819 19
19820 19
19821 19
19822 19
19823 19
19824 19
19825 19
19826 19
19827 19
19828 19
19829 19
19830 19
19831 19
19832 19
19833 19
19834 19
19835 19
19836 19
19837 19
19838 19
19839 19
19840 19
19841 19
19842 19
19843 19
19844 19
19845 19
19846 19
19847 19
19848 19
19849 19
19850 19
19851 19
19852 19
19853 19
19854 19
19855 19
19856 19
19857 19
19858 19
19859 19
19860 19
19861 19
19862 19
19863 19
19864 19
19865 19
19866 19
19867 19
19868 19
19869 19
19870 19
19871 19
19872 19
19873 19
19874 19
19875 19
19876 19
19877 19
19878 19
19879 19
19880 19
19881 19
19882 19
19883 19
19884 19
19885 19
19886 19
19887 19
19888 19
19889 19
19890 19
19891 19
19892 19
19893 19
19894 19
19895 19
19896 19
19897 19
19898 19
19899 19
19900 19
19901 19
19902 19
19903 19
19904 19
19905 19
19906 19
19907 19
19908 19
19909 19
19910 19
19911 19
19912 19
19913 19
19914 19
19915 19
19916 19
19917 19
19918 19
19919 19
19920 19
19921 19
19922 19
19923 19
19924 19
19925 19
19926 19
19927 19
19928 19
19929 19
19930 19
19931 19
19932 19
19933 19
19934 19
19935 19
19936 19
19937 19
19938 19
19939 19
19940 19
19941 19
19942 19
19943 19
19944 19
19945 19
19946 19
19947 19
19948 19
19949 19
19950 19
19951 19
19952 19
19953 19
19954 19
19955 19
19956 19
19957 19
19958 19
19959 19
19960 19
19961 19
19962 19
19963 19
19964 19
19965 19
19966 19
19967 19
19968 19
19969 19
19970 19
19971 19
19972 19
19973 19
19974 19
19975 19
19976 19
19977 19
19978 19
19979 19
19980 19
19981 19
19982 19
19983 19
19984 19
19985 19
19986 19
19987 19
19988 19
19989 19
19990 19
19991 19
19992 19
19993 19
19994 19
19995 19
19996 19
19997 19
19998 19
19999 19
20000 20
20001 20
20002 20
20003 20
20004 20
20005 20
20006 20
20007 20
20008 20
20009 20
20010 20
20011 20
20012 20
20013 20
20014 20
20015 20
20016 20
20017 20
20018 20
20019 20
20020 20
20021 20
20022 20
20023 20
20024 20
20025 20
20026 20
20027 20
20028 20
20029 20
20030 20
20031 20
20032 20
20033 20
20034 20
20035 20
20036 20
20037 20
20038 20
20039 20
20040 20
20041 20
20042 20
20043 20
20044 20
20045 20
20046 20
20047 20
20048 20
20049 20
20050 20
20051 20
20052 20
20053 20
20054 20
20055 20
20056 20
20057 20
20058 20
20059 20
20060 20
20061 20
20062 20
20063 20
20064 20
20065 20
20066 20
20067 20
20068 20
20069 20
20070 20
20071 20
20072 20
20073 20
20074 20
20075 20
20076 20
20077 20
20078 20
20079 20
20080 20
20081 20
20082 20
20083 20
20084 20
20085 20
20086 20
20087 20
20088 20
20089 20
20090 20
20091 20
20092 20
20093 20
20094 20
20095 20
20096 20
20097 20
20098 20
20099 20
20100 20
20101 20
20102 20
20103 20
20104 20
20105 20
20106 20
20107 20
20108 20
20109 20
20110 20
20111 20
20112 20
20113 20
20114 20
20115 20
20116 20
20117 20
20118 20
20119 20
20120 20
20121 20
20122 20
20123 20
20124 20
20125 20
20126 20
20127 20
20128 20
20129 20
20130 20
20131 20
20132 20
20133 20
20134 20
20135 20
20136 20
20137 20
20138 20
20139 20
20140 20
20141 20
20142 20
20143 20
20144 20
20145 20
20146 20
20147 20
20148 20
20149 20
20150 20
20151 20
20152 20
20153 20
20154 20
20155 20
20156 20
20157 20
20158 20
20159 20
20160 20
20161 20
20162 20
20163 20
20164 20
20165 20
20166 20
20167 20
20168 20
20169 20
20170 20
20171 20
20172 20
20173 20
20174 20
20175 20
20176 20
20177 20
20178 20
20179 20
20180 20
20181 20
20182 20
20183 20
20184 20
20185 20
20186 20
20187 20
20188 20
20189 20
20190 20
20191 20
20192 20
20193 20
20194 20
20195 20
20196 20
20197 20
20198 20
20199 20
20200 20
20201 20
20202 20
20203 20
20204 20
20205 20
20206 20
20207 20
20208 20
20209 20
20210 20
20211 20
20212 20
20213 20
20214 20
20215 20
20216 20
20217 20
20218 20
20219 20
20220 20
20221 20
20222 20
20223 20
20224 20
20225 20
20226 20
20227 20
20228 20
20229 20
20230 20
20231 20
20232 20
20233 20
20234 20
20235 20
20236 20
20237 20
20238 20
20239 20
20240 20
20241 20
20242 20
20243 20
20244 20
20245 20
20246 20
20247 20
20248 20
20249 20
20250 20
20251 20
20252 20
20253 20
20254 20
20255 20
20256 20
20257 20
20258 20
20259 20
20260 20
20261 20
20262 20
20263 20
20264 20
20265 20
20266 20
20267 20
20268 20
20269 20
20270 20
20271 20
20272 20
20273 20
20274 20
20275 20
20276 20
20277 20
20278 20
20279 20
20280 20
20281 20
20282 20
20283 20
20284 20
20285 20
20286 20
20287 20
20288 20
20289 20
20290 20
20291 20
20292 20
20293 20
20294 20
20295 20
20296 20
20297 20
20298 20
20299 20
20300 20
20301 20
20302 20
20303 20
20304 20
20305 20
20306 20
20307 20
20308 20
20309 20
20310 20
20311 20
20312 20
20313 20
20314 20
20315 20
20316 20
20317 20
20318 20
20319 20
20320 20
20321 20
20322 20
20323 20
20324 20
20325 20
20326 20
20327 20
20328 20
20329 20
20330 20
20331 20
20332 20
20333 20
20334 20
20335 20
20336 20
20337 20
20338 20
20339 20
20340 20
20341 20
20342 20
20343 20
20344 20
20345 20
20346 20
20347 20
20348 20
20349 20
20350 20
20351 20
20352 20
20353 20
20354 20
20355 20
20356 20
20357 20
20358 20
20359 20
20360 20
20361 20
20362 20
20363 20
20364 20
20365 20
20366 20
20367 20
20368 20
20369 20
20370 20
20371 20
20372 20
20373 20
20374 20
20375 20
20376 20
20377 20
20378 20
20379 20
20380 20
20381 20
20382 20
20383 20
20384 20
20385 20
20386 20
20387 20
20388 20
20389 20
20390 20
20391 20
20392 20
20393 20
20394 20
20395 20
20396 20
20397 20
20398 20
20399 20
20400 20
20401 20
20402 20
20403 20
20404 20
20405 20
20406 20
20407 20
20408 20
20409 20
20410 20
20411 20
20412 20
20413 20
20414 20
20415 20
20416 20
20417 20
20418 20
20419 20
20420 20
20421 20
20422 20
20423 20
20424 20
20425 20
20426 20
20427 20
20428 20
20429 20
20430 20
20431 20
20432 20
20433 20
20434 20
20435 20
20436 20
20437 20
20438 20
20439 20
20440 20
20441 20
20442 20
20443 20
20444 20
20445 20
20446 20
20447 20
20448 20
20449 20
20450 20
20451 20
20452 20
20453 20
20454 20
20455 20
20456 20
20457 20
20458 20
20459 20
20460 20
20461 20
20462 20
20463 20
20464 20
20465 20
20466 20
20467 20
20468 20
20469 20
20470 20
20471 20
20472 20
20473 20
20474 20
20475 20
20476 20
20477 20
20478 20
20479 20
20480 20
20481 20
20482 20
20483 20
20484 20
20485 20
20486 20
20487 20
20488 20
20489 20
20490 20
20491 20
20492 20
20493 20
20494 20
20495 20
20496 20
20497 20
20498 20
20499 20
20500 20
20501 20
20502 20
20503 20
20504 20
20505 20
20506 20
20507 20
20508 20
20509 20
20510 20
20511 20
20512 20
20513 20
20514 20
20515 20
20516 20
20517 20
20518 20
20519 20
20520 20
20521 20
20522 20
20523 20
20524 20
20525 20
20526 20
20527 20
20528 20
20529 20
20530 20
20531 20
20532 20
20533 20
20534 20
20535 20
20536 20
20537 20
20538 20
20539 20
20540 20
20541 20
20542 20
20543 20
20544 20
20545 20
20546 20
20547 20
20548 20
20549 20
20550 20
20551 20
20552 20
20553 20
20554 20
20555 20
20556 20
20557 20
20558 20
20559 20
20560 20
20561 20
20562 20
20563 20
20564 20
20565 20
20566 20
20567 20
20568 20
20569 20
20570 20
20571 20
20572 20
20573 20
20574 20
20575 20
20576 20
20577 20
20578 20
20579 20
20580 20
20581 20
20582 20
20583 20
20584 20
20585 20
20586 20
20587 20
20588 20
20589 20
20590 20
20591 20
20592 20
20593 20
20594 20
20595 20
20596 20
20597 20
20598 20
20599 20
20600 20
20601 20
20602 20
20603 20
20604 20
20605 20
20606 20
20607 20
20608 20
20609 20
20610 20
20611 20
20612 20
20613 20
20614 20
20615 20
20616 20
20617 20
20618 20
20619 20
20620 20
20621 20
20622 20
20623 20
20624 20
20625 20
20626 20
20627 20
20628 20
20629 20
20630 20
20631 20
20632 20
20633 20
20634 20
20635 20
20636 20
20637 20
20638 20
20639 20
20640 20
20641 20
20642 20
20643 20
20644 20
20645 20
20646 20
20647 20
20648 20
20649 20
20650 20
20651 20
20652 20
20653 20
20654 20
20655 20
20656 20
20657 20
20658 20
20659 20
20660 20
20661 20
20662 20
20663 20
20664 20
20665 20
20666 20
20667 20
20668 20
20669 20
20670 20
20671 20
20672 20
20673 20
20674 20
20675 20
20676 20
20677 20
20678 20
20679 20
20680 20
20681 20
20682 20
20683 20
20684 20
20685 20
20686 20
20687 20
20688 20
20689 20
20690 20
20691 20
20692 20
20693 20
20694 20
20695 20
20696 20
20697 20
20698 20
20699 20
20700 20
20701 20
20702 20
20703 20
20704 20
20705 20
20706 20
20707 20
20708 20
20709 20
20710 20
20711 20
20712 20
20713 20
20714 20
20715 20
20716 20
20717 20
20718 20
20719 20
20720 20
20721 20
20722 20
20723 20
20724 20
20725 20
20726 20
20727 20
20728 20
20729 20
20730 20
20731 20
20732 20
20733 20
20734 20
20735 20
20736 20
20737 20
20738 20
20739 20
20740 20
20741 20
20742 20
20743 20
20744 20
20745 20
20746 20
20747 20
20748 20
20749 20
20750 20
20751 20
20752 20
20753 20
20754 20
20755 20
20756 20
20757 20
20758 20
20759 20
20760 20
20761 20
20762 20
20763 20
20764 20
20765 20
20766 20
20767 20
20768 20
20769 20
20770 20
20771 20
20772 20
20773 20
20774 20
20775 20
20776 20
20777 20
20778 20
20779 20
20780 20
20781 20
20782 20
20783 20
20784 20
20785 20
20786 20
20787 20
20788 20
20789 20
20790 20
20791 20
20792 20
20793 20
20794 20
20795 20
20796 20
20797 20
20798 20
20799 20
20800 20
20801 20
20802 20
20803 20
20804 20
20805 20
20806 20
20807 20
20808 20
20809 20
20810 20
20811 20
20812 20
20813 20
20814 20
20815 20
20816 20
20817 20
20818 20
20819 20
20820 20
20821 20
20822 20
20823 20
20824 20
20825 20
20826 20
20827 20
20828 20
20829 20
20830 20
20831 20
20832 20
20833 20
20834 20
20835 20
20836 20
20837 20
20838 20
20839 20
20840 20
20841 20
20842 20
20843 20
20844 20
20845 20
20846 20
20847 20
20848 20
20849 20
20850 20
20851 20
20852 20
20853 20
20854 20
20855 20
20856 20
20857 20
20858 20
20859 20
20860 20
20861 20
20862 20
20863 20
20864 20
20865 20
20866 20
20867 20
20868 20
20869 20
20870 20
20871 20
20872 20
20873 20
20874 20
20875 20
20876 20
20877 20
20878 20
20879 20
20880 20
20881 20
20882 20
20883 20
20884 20
20885 20
20886 20
20887 20
20888 20
20889 20
20890 20
20891 20
20892 20
20893 20
20894 20
20895 20
20896 20
20897 20
20898 20
20899 20
20900 20
20901 20
20902 20
20903 20
20904 20
20905 20
20906 20
20907 20
20908 20
20909 20
20910 20
20911 20
20912 20
20913 20
20914 20
20915 20
20916 20
20917 20
20918 20
20919 20
20920 20
20921 20
20922 20
20923 20
20924 20
20925 20
20926 20
20927 20
20928 20
20929 20
20930 20
20931 20
20932 20
20933 20
20934 20
20935 20
20936 20
20937 20
20938 20
20939 20
20940 20
20941 20
20942 20
20943 20
20944 20
20945 20
20946 20
20947 20
20948 20
20949 20
20950 20
20951 20
20952 20
20953 20
20954 20
20955 20
20956 20
20957 20
20958 20
20959 20
20960 20
20961 20
20962 20
20963 20
20964 20
20965 20
20966 20
20967 20
20968 20
20969 20
20970 20
20971 20
20972 20
20973 20
20974 20
20975 20
20976 20
20977 20
20978 20
20979 20
20980 20
20981 20
20982 20
20983 20
20984 20
20985 20
20986 20
20987 20
20988 20
20989 20
20990 20
20991 20
20992 20
20993 20
20994 20
20995 20
20996 20
20997 20
20998 20
20999 20
21000 21
21001 21
21002 21
21003 21
21004 21
21005 21
21006 21
21007 21
21008 21
21009 21
21010 21
21011 21
21012 21
21013 21
21014 21
21015 21
21016 21
21017 21
21018 21
21019 21
21020 21
21021 21
21022 21
21023 21
21024 21
21025 21
21026 21
21027 21
21028 21
21029 21
21030 21
21031 21
21032 21
21033 21
21034 21
21035 21
21036 21
21037 21
21038 21
21039 21
21040 21
21041 21
21042 21
21043 21
21044 21
21045 21
21046 21
21047 21
21048 21
21049 21
21050 21
21051 21
21052 21
21053 21
21054 21
21055 21
21056 21
21057 21
21058 21
21059 21
21060 21
21061 21
21062 21
21063 21
21064 21
21065 21
21066 21
21067 21
21068 21
21069 21
21070 21
21071 21
21072 21
21073 21
21074 21
21075 21
21076 21
21077 21
21078 21
21079 21
21080 21
21081 21
21082 21
21083 21
21084 21
21085 21
21086 21
21087 21
21088 21
21089 21
21090 21
21091 21
21092 21
21093 21
21094 21
21095 21
21096 21
21097 21
21098 21
21099 21
21100 21
21101 21
21102 21
21103 21
21104 21
21105 21
21106 21
21107 21
21108 21
21109 21
21110 21
21111 21
21112 21
21113 21
21114 21
21115 21
21116 21
21117 21
21118 21
21119 21
21120 21
21121 21
21122 21
21123 21
21124 21
21125 21
21126 21
21127 21
21128 21
21129 21
21130 21
21131 21
21132 21
21133 21
21134 21
21135 21
21136 21
21137 21
21138 21
21139 21
21140 21
21141 21
21142 21
21143 21
21144 21
21145 21
21146 21
21147 21
21148 21
21149 21
21150 21
21151 21
21152 21
21153 21
21154 21
21155 21
21156 21
21157 21
21158 21
21159 21
21160 21
21161 21
21162 21
21163 21
21164 21
21165 21
21166 21
21167 21
21168 21
21169 21
21170 21
21171 21
21172 21
21173 21
21174 21
21175 21
21176 21
21177 21
21178 21
21179 21
21180 21
21181 21
21182 21
21183 21
21184 21
21185 21
21186 21
21187 21
21188 21
21189 21
21190 21
21191 21
21192 21
21193 21
21194 21
21195 21
21196 21
21197 21
21198 21
21199 21
21200 21
21201 21
21202 21
21203 21
21204 21
21205 21
21206 21
21207 21
21208 21
21209 21
21210 21
21211 21
21212 21
21213 21
21214 21
21215 21
21216 21
21217 21
21218 21
21219 21
21220 21
21221 21
21222 21
21223 21
21224 21
21225 21
21226 21
21227 21
21228 21
21229 21
21230 21
21231 21
21232 21
21233 21
21234 21
21235 21
21236 21
21237 21
21238 21
21239 21
21240 21
21241 21
21242 21
21243 21
21244 21
21245 21
21246 21
21247 21
21248 21
21249 21
21250 21
21251 21
21252 21
21253 21
21254 21
21255 21
21256 21
21257 21
21258 21
21259 21
21260 21
21261 21
21262 21
21263 21
21264 21
21265 21
21266 21
21267 21
21268 21
21269 21
21270 21
21271 21
21272 21
21273 21
21274 21
21275 21
21276 21
21277 21
21278 21
21279 21
21280 21
21281 21
21282 21
21283 21
21284 21
21285 21
21286 21
21287 21
21288 21
21289 21
21290 21
21291 21
21292 21
21293 21
21294 21
21295 21
21296 21
21297 21
21298 21
21299 21
21300 21
21301 21
21302 21
21303 21
21304 21
21305 21
21306 21
21307 21
21308 21
21309 21
21310 21
21311 21
21312 21
21313 21
21314 21
21315 21
21316 21
21317 21
21318 21
21319 21
21320 21
21321 21
21322 21
21323 21
21324 21
21325 21
21326 21
21327 21
21328 21
21329 21
21330 21
21331 21
21332 21
21333 21
21334 21
21335 21
21336 21
21337 21
21338 21
21339 21
21340 21
21341 21
21342 21
21343 21
21344 21
21345 21
21346 21
21347 21
21348 21
21349 21
21350 21
21351 21
21352 21
21353 21
21354 21
21355 21
21356 21
21357 21
21358 21
21359 21
21360 21
21361 21
21362 21
21363 21
21364 21
21365 21
21366 21
21367 21
21368 21
21369 21
21370 21
21371 21
21372 21
21373 21
21374 21
21375 21
21376 21
21377 21
21378 21
21379 21
21380 21
21381 21
21382 21
21383 21
21384 21
21385 21
21386 21
21387 21
21388 21
21389 21
21390 21
21391 21
21392 21
21393 21
21394 21
21395 21
21396 21
21397 21
21398 21
21399 21
21400 21
21401 21
21402 21
21403 21
21404 21
21405 21
21406 21
21407 21
21408 21
21409 21
21410 21
21411 21
21412 21
21413 21
21414 21
21415 21
21416 21
21417 21
21418 21
21419 21
21420 21
21421 21
21422 21
21423 21
21424 21
21425 21
21426 21
21427 21
21428 21
21429 21
21430 21
21431 21
21432 21
21433 21
21434 21
21435 21
21436 21
21437 21
21438 21
21439 21
21440 21
21441 21
21442 21
21443 21
21444 21
21445 21
21446 21
21447 21
21448 21
21449 21
21450 21
21451 21
21452 21
21453 21
21454 21
21455 21
21456 21
21457 21
21458 21
21459 21
21460 21
21461 21
21462 21
21463 21
21464 21
21465 21
21466 21
21467 21
21468 21
21469 21
21470 21
21471 21
21472 21
21473 21
21474 21
21475 21
21476 21
21477 21
21478 21
21479 21
21480 21
21481 21
21482 21
21483 21
21484 21
21485 21
21486 21
21487 21
21488 21
21489 21
21490 21
21491 21
21492 21
21493 21
21494 21
21495 21
21496 21
21497 21
21498 21
21499 21
21500 21
21501 21
21502 21
21503 21
21504 21
21505 21
21506 21
21507 21
21508 21
21509 21
21510 21
21511 21
21512 21
21513 21
21514 21
21515 21
21516 21
21517 21
21518 21
21519 21
21520 21
21521 21
21522 21
21523 21
21524 21
21525 21
21526 21
21527 21
21528 21
21529 21
21530 21
21531 21
21532 21
21533 21
21534 21
21535 21
21536 21
21537 21
21538 21
21539 21
21540 21
21541 21
21542 21
21543 21
21544 21
21545 21
21546 21
21547 21
21548 21
21549 21
21550 21
21551 21
21552 21
21553 21
21554 21
21555 21
21556 21
21557 21
21558 21
21559 21
21560 21
21561 21
21562 21
21563 21
21564 21
21565 21
21566 21
21567 21
21568 21
21569 21
21570 21
21571 21
21572 21
21573 21
21574 21
21575 21
21576 21
21577 21
21578 21
21579 21
21580 21
21581 21
21582 21
21583 21
21584 21
21585 21
21586 21
21587 21
21588 21
21589 21
21590 21
21591 21
21592 21
21593 21
21594 21
21595 21
21596 21
21597 21
21598 21
21599 21
21600 21
21601 21
21602 21
21603 21
21604 21
21605 21
21606 21
21607 21
21608 21
21609 21
21610 21
21611 21
21612 21
21613 21
21614 21
21615 21
21616 21
21617 21
21618 21
21619 21
21620 21
21621 21
21622 21
21623 21
21624 21
21625 21
21626 21
21627 21
21628 21
21629 21
21630 21
21631 21
21632 21
21633 21
21634 21
21635 21
21636 21
21637 21
21638 21
21639 21
21640 21
21641 21
21642 21
21643 21
21644 21
21645 21
21646 21
21647 21
21648 21
21649 21
21650 21
21651 21
21652 21
21653 21
21654 21
21655 21
21656 21
21657 21
21658 21
21659 21
21660 21
21661 21
21662 21
21663 21
21664 21
21665 21
21666 21
21667 21
21668 21
21669 21
21670 21
21671 21
21672 21
21673 21
21674 21
21675 21
21676 21
21677 21
21678 21
21679 21
21680 21
21681 21
21682 21
21683 21
21684 21
21685 21
21686 21
21687 21
21688 21
21689 21
21690 21
21691 21
21692 21
21693 21
21694 21
21695 21
21696 21
21697 21
21698 21
21699 21
21700 21
21701 21
21702 21
21703 21
21704 21
21705 21
21706 21
21707 21
21708 21
21709 21
21710 21
21711 21
21712 21
21713 21
21714 21
21715 21
21716 21
21717 21
21718 21
21719 21
21720 21
21721 21
21722 21
21723 21
21724 21
21725 21
21726 21
21727 21
21728 21
21729 21
21730 21
21731 21
21732 21
21733 21
21734 21
21735 21
21736 21
21737 21
21738 21
21739 21
21740 21
21741 21
21742 21
21743 21
21744 21
21745 21
21746 21
21747 21
21748 21
21749 21
21750 21
21751 21
21752 21
21753 21
21754 21
21755 21
21756 21
21757 21
21758 21
21759 21
21760 21
21761 21
21762 21
21763 21
21764 21
21765 21
21766 21
21767 21
21768 21
21769 21
21770 21
21771 21
21772 21
21773 21
21774 21
21775 21
21776 21
21777 21
21778 21
21779 21
21780 21
21781 21
21782 21
21783 21
21784 21
21785 21
21786 21
21787 21
21788 21
21789 21
21790 21
21791 21
21792 21
21793 21
21794 21
21795 21
21796 21
21797 21
21798 21
21799 21
21800 21
21801 21
21802 21
21803 21
21804 21
21805 21
21806 21
21807 21
21808 21
21809 21
21810 21
21811 21
21812 21
21813 21
21814 21
21815 21
21816 21
21817 21
21818 21
21819 21
21820 21
21821 21
21822 21
21823 21
21824 21
21825 21
21826 21
21827 21
21828 21
21829 21
21830 21
21831 21
21832 21
21833 21
21834 21
21835 21
21836 21
21837 21
21838 21
21839 21
21840 21
21841 21
21842 21
21843 21
21844 21
21845 21
21846 21
21847 21
21848 21
21849 21
21850 21
21851 21
21852 21
21853 21
21854 21
21855 21
21856 21
21857 21
21858 21
21859 21
21860 21
21861 21
21862 21
21863 21
21864 21
21865 21
21866 21
21867 21
21868 21
21869 21
21870 21
21871 21
21872 21
21873 21
21874 21
21875 21
21876 21
21877 21
21878 21
21879 21
21880 21
21881 21
21882 21
21883 21
21884 21
21885 21
21886 21
21887 21
21888 21
21889 21
21890 21
21891 21
21892 21
21893 21
21894 21
21895 21
21896 21
21897 21
21898 21
21899 21
21900 21
21901 21
21902 21
21903 21
21904 21
21905 21
21906 21
21907 21
21908 21
21909 21
21910 21
21911 21
21912 21
21913 21
21914 21
21915 21
21916 21
21917 21
21918 21
21919 21
21920 21
21921 21
21922 21
21923 21
21924 21
21925 21
21926 21
21927 21
21928 21
21929 21
21930 21
21931 21
21932 21
21933 21
21934 21
21935 21
21936 21
21937 21
21938 21
21939 21
21940 21
21941 21
21942 21
21943 21
21944 21
21945 21
21946 21
21947 21
21948 21
21949 21
21950 21
21951 21
21952 21
21953 21
21954 21
21955 21
21956 21
21957 21
21958 21
21959 21
21960 21
21961 21
21962 21
21963 21
21964 21
21965 21
21966 21
21967 21
21968 21
21969 21
21970 21
21971 21
21972 21
21973 21
21974 21
21975 21
21976 21
21977 21
21978 21
21979 21
21980 21
21981 21
21982 21
21983 21
21984 21
21985 21
21986 21
21987 21
21988 21
21989 21
21990 21
21991 21
21992 21
21993 21
21994 21
21995 21
21996 21
21997 21
21998 21
21999 21
22000 22
22001 22
22002 22
22003 22
22004 22
22005 22
22006 22
22007 22
22008 22
22009 22
22010 22
22011 22
22012 22
22013 22
22014 22
22015 22
22016 22
22017 22
22018 22
22019 22
22020 22
22021 22
22022 22
22023 22
22024 22
22025 22
22026 22
22027 22
22028 22
22029 22
22030 22
22031 22
22032 22
22033 22
22034 22
22035 22
22036 22
22037 22
22038 22
22039 22
22040 22
22041 22
22042 22
22043 22
22044 22
22045 22
22046 22
22047 22
22048 22
22049 22
22050 22
22051 22
22052 22
22053 22
22054 22
22055 22
22056 22
22057 22
22058 22
22059 22
22060 22
22061 22
22062 22
22063 22
22064 22
22065 22
22066 22
22067 22
22068 22
22069 22
22070 22
22071 22
22072 22
22073 22
22074 22
22075 22
22076 22
22077 22
22078 22
22079 22
22080 22
22081 22
22082 22
22083 22
22084 22
22085 22
22086 22
22087 22
22088 22
22089 22
22090 22
22091 22
22092 22
22093 22
22094 22
22095 22
22096 22
22097 22
22098 22
22099 22
22100 22
22101 22
22102 22
22103 22
22104 22
22105 22
22106 22
22107 22
22108 22
22109 22
22110 22
22111 22
22112 22
22113 22
22114 22
22115 22
22116 22
22117 22
22118 22
22119 22
22120 22
22121 22
22122 22
22123 22
22124 22
22125 22
22126 22
22127 22
22128 22
22129 22
22130 22
22131 22
22132 22
22133 22
22134 22
22135 22
22136 22
22137 22
22138 22
22139 22
22140 22
22141 22
22142 22
22143 22
22144 22
22145 22
22146 22
22147 22
22148 22
22149 22
22150 22
22151 22
22152 22
22153 22
22154 22
22155 22
22156 22
22157 22
22158 22
22159 22
22160 22
22161 22
22162 22
22163 22
22164 22
22165 22
22166 22
22167 22
22168 22
22169 22
22170 22
22171 22
22172 22
22173 22
22174 22
22175 22
22176 22
22177 22
22178 22
22179 22
22180 22
22181 22
22182 22
22183 22
22184 22
22185 22
22186 22
22187 22
22188 22
22189 22
22190 22
22191 22
22192 22
22193 22
22194 22
22195 22
22196 22
22197 22
22198 22
22199 22
22200 22
22201 22
22202 22
22203 22
22204 22
22205 22
22206 22
22207 22
22208 22
22209 22
22210 22
22211 22
22212 22
22213 22
22214 22
22215 22
22216 22
22217 22
22218 22
22219 22
22220 22
22221 22
22222 22
22223 22
22224 22
22225 22
22226 22
22227 22
22228 22
22229 22
22230 22
22231 22
22232 22
22233 22
22234 22
22235 22
22236 22
22237 22
22238 22
22239 22
22240 22
22241 22
22242 22
22243 22
22244 22
22245 22
22246 22
22247 22
22248 22
22249 22
22250 22
22251 22
22252 22
22253 22
22254 22
22255 22
22256 22
22257 22
22258 22
22259 22
22260 22
22261 22
22262 22
22263 22
22264 22
22265 22
22266 22
22267 22
22268 22
22269 22
22270 22
22271 22
22272 22
22273 22
22274 22
22275 22
22276 22
22277 22
22278 22
22279 22
22280 22
22281 22
22282 22
22283 22
22284 22
22285 22
22286 22
22287 22
22288 22
22289 22
22290 22
22291 22
22292 22
22293 22
22294 22
22295 22
22296 22
22297 22
22298 22
22299 22
22300 22
22301 22
22302 22
22303 22
22304 22
22305 22
22306 22
22307 22
22308 22
22309 22
22310 22
22311 22
22312 22
22313 22
22314 22
22315 22
22316 22
22317 22
22318 22
22319 22
22320 22
22321 22
22322 22
22323 22
22324 22
22325 22
22326 22
22327 22
22328 22
22329 22
22330 22
22331 22
22332 22
22333 22
22334 22
22335 22
22336 22
22337 22
22338 22
22339 22
22340 22
22341 22
22342 22
22343 22
22344 22
22345 22
22346 22
22347 22
22348 22
22349 22
22350 22
22351 22
22352 22
22353 22
22354 22
22355 22
22356 22
22357 22
22358 22
22359 22
22360 22
22361 22
22362 22
22363 22
22364 22
22365 22
22366 22
22367 22
22368 22
22369 22
22370 22
22371 22
22372 22
22373 22
22374 22
22375 22
22376 22
22377 22
22378 22
22379 22
22380 22
22381 22
22382 22
22383 22
22384 22
22385 22
22386 22
22387 22
22388 22
22389 22
22390 22
22391 22
22392 22
22393 22
22394 22
22395 22
22396 22
22397 22
22398 22
22399 22
22400 22
22401 22
22402 22
22403 22
22404 22
22405 22
22406 22
22407 22
22408 22
22409 22
22410 22
22411 22
22412 22
22413 22
22414 22
22415 22
22416 22
22417 22
22418 22
22419 22
22420 22
22421 22
22422 22
22423 22
22424 22
22425 22
22426 22
22427 22
22428 22
22429 22
22430 22
22431 22
22432 22
22433 22
22434 22
22435 22
22436 22
22437 22
22438 22
22439 22
22440 22
22441 22
22442 22
22443 22
22444 22
22445 22
22446 22
22447 22
22448 22
22449 22
22450 22
22451 22
22452 22
22453 22
22454 22
22455 22
22456 22
22457 22
22458 22
22459 22
22460 22
22461 22
22462 22
22463 22
22464 22
22465 22
22466 22
22467 22
22468 22
22469 22
22470 22
22471 22
22472 22
22473 22
22474 22
22475 22
22476 22
22477 22
22478 22
22479 22
22480 22
22481 22
22482 22
22483 22
22484 22
22485 22
22486 22
22487 22
22488 22
22489 22
22490 22
22491 22
22492 22
22493 22
22494 22
22495 22
22496 22
22497 22
22498 22
22499 22
22500 22
22501 22
22502 22
22503 22
22504 22
22505 22
22506 22
22507 22
22508 22
22509 22
22510 22
22511 22
22512 22
22513 22
22514 22
22515 22
22516 22
22517 22
22518 22
22519 22
22520 22
22521 22
22522 22
22523 22
22524 22
22525 22
22526 22
22527 22
22528 22
22529 22
22530 22
22531 22
22532 22
22533 22
22534 22
22535 22
22536 22
22537 22
22538 22
22539 22
22540 22
22541 22
22542 22
22543 22
22544 22
22545 22
22546 22
22547 22
22548 22
22549 22
22550 22
22551 22
22552 22
22553 22
22554 22
22555 22
22556 22
22557 22
22558 22
22559 22
22560 22
22561 22
22562 22
22563 22
22564 22
22565 22
22566 22
22567 22
22568 22
22569 22
22570 22
22571 22
22572 22
22573 22
22574 22
22575 22
22576 22
22577 22
22578 22
22579 22
22580 22
22581 22
22582 22
22583 22
22584 22
22585 22
22586 22
22587 22
22588 22
22589 22
22590 22
22591 22
22592 22
22593 22
22594 22
22595 22
22596 22
22597 22
22598 22
22599 22
22600 22
22601 22
22602 22
22603 22
22604 22
22605 22
22606 22
22607 22
22608 22
22609 22
22610 22
22611 22
22612 22
22613 22
22614 22
22615 22
22616 22
22617 22
22618 22
22619 22
22620 22
22621 22
22622 22
22623 22
22624 22
22625 22
22626 22
22627 22
22628 22
22629 22
22630 22
22631 22
22632 22
22633 22
22634 22
22635 22
22636 22
22637 22
22638 22
22639 22
22640 22
22641 22
22642 22
22643 22
22644 22
22645 22
22646 22
22647 22
22648 22
22649 22
22650 22
22651 22
22652 22
22653 22
22654 22
22655 22
22656 22
22657 22
22658 22
22659 22
22660 22
22661 22
22662 22
22663 22
22664 22
22665 22
22666 22
22667 22
22668 22
22669 22
22670 22
22671 22
22672 22
22673 22
22674 22
22675 22
22676 22
22677 22
22678 22
22679 22
22680 22
22681 22
22682 22
22683 22
22684 22
22685 22
22686 22
22687 22
22688 22
22689 22
22690 22
22691 22
22692 22
22693 22
22694 22
22695 22
22696 22
22697 22
22698 22
22699 22
22700 22
22701 22
22702 22
22703 22
22704 22
22705 22
22706 22
22707 22
22708 22
22709 22
22710 22
22711 22
22712 22
22713 22
22714 22
22715 22
22716 22
22717 22
22718 22
22719 22
22720 22
22721 22
22722 22
22723 22
22724 22
22725 22
22726 22
22727 22
22728 22
22729 22
22730 22
22731 22
22732 22
22733 22
22734 22
22735 22
22736 22
22737 22
22738 22
22739 22
22740 22
22741 22
22742 22
22743 22
22744 22
22745 22
22746 22
22747 22
22748 22
22749 22
22750 22
22751 22
22752 22
22753 22
22754 22
22755 22
22756 22
22757 22
22758 22
22759 22
22760 22
22761 22
22762 22
22763 22
22764 22
22765 22
22766 22
22767 22
22768 22
22769 22
22770 22
22771 22
22772 22
22773 22
22774 22
22775 22
22776 22
22777 22
22778 22
22779 22
22780 22
22781 22
22782 22
22783 22
22784 22
22785 22
22786 22
22787 22
22788 22
22789 22
22790 22
22791 22
22792 22
22793 22
22794 22
22795 22
22796 22
22797 22
22798 22
22799 22
22800 22
22801 22
22802 22
22803 22
22804 22
22805 22
22806 22
22807 22
22808 22
22809 22
22810 22
22811 22
22812 22
22813 22
22814 22
22815 22
22816 22
22817 22
22818 22
22819 22
22820 22
22821 22
22822 22
22823 22
22824 22
22825 22
22826 22
22827 22
22828 22
22829 22
22830 22
22831 22
22832 22
22833 22
22834 22
22835 22
22836 22
22837 22
22838 22
22839 22
22840 22
22841 22
22842 22
22843 22
22844 22
22845 22
22846 22
22847 22
22848 22
22849 22
22850 22
22851 22
22852 22
22853 22
22854 22
22855 22
22856 22
22857 22
22858 22
22859 22
22860 22
22861 22
22862 22
22863 22
22864 22
22865 22
22866 22
22867 22
22868 22
22869 22
22870 22
22871 22
22872 22
22873 22
22874 22
22875 22
22876 22
22877 22
22878 22
22879 22
22880 22
22881 22
22882 22
22883 22
22884 22
22885 22
22886 22
22887 22
22888 22
22889 22
22890 22
22891 22
22892 22
22893 22
22894 22
22895 22
22896 22
22897 22
22898 22
22899 22
22900 22
22901 22
22902 22
22903 22
22904 22
22905 22
22906 22
22907 22
22908 22
22909 22
22910 22
22911 22
22912 22
22913 22
22914 22
22915 22
22916 22
22917 22
22918 22
22919 22
22920 22
22921 22
22922 22
22923 22
22924 22
22925 22
22926 22
22927 22
22928 22
22929 22
22930 22
22931 22
22932 22
22933 22
22934 22
22935 22
22936 22
22937 22
22938 22
22939 22
22940 22
22941 22
22942 22
22943 22
22944 22
22945 22
22946 22
22947 22
22948 22
22949 22
22950 22
22951 22
22952 22
22953 22
22954 22
22955 22
22956 22
22957 22
22958 22
22959 22
22960 22
22961 22
22962 22
22963 22
22964 22
22965 22
22966 22
22967 22
22968 22
22969 22
22970 22
22971 22
22972 22
22973 22
22974 22
22975 22
22976 22
22977 22
22978 22
22979 22
22980 22
22981 22
22982 22
22983 22
22984 22
22985 22
22986 22
22987 22
22988 22
22989 22
22990 22
22991 22
22992 22
22993 22
22994 22
22995 22
22996 22
22997 22
22998 22
22999 22
23000 23
23001 23
23002 23
23003 23
23004 23
23005 23
23006 23
23007 23
23008 23
23009 23
23010 23
23011 23
23012 23
23013 23
23014 23
23015 23
23016 23
23017 23
23018 23
23019 23
23020 23
23021 23
23022 23
23023 23
23024 23
23025 23
23026 23
23027 23
23028 23
23029 23
23030 23
23031 23
23032 23
23033 23
23034 23
23035 23
23036 23
23037 23
23038 23
23039 23
23040 23
23041 23
23042 23
23043 23
23044 23
23045 23
23046 23
23047 23
23048 23
23049 23
23050 23
23051 23
23052 23
23053 23
23054 23
23055 23
23056 23
23057 23
23058 23
23059 23
23060 23
23061 23
23062 23
23063 23
23064 23
23065 23
23066 23
23067 23
23068 23
23069 23
23070 23
23071 23
23072 23
23073 23
23074 23
23075 23
23076 23
23077 23
23078 23
23079 23
23080 23
23081 23
23082 23
23083 23
23084 23
23085 23
23086 23
23087 23
23088 23
23089 23
23090 23
23091 23
23092 23
23093 23
23094 23
23095 23
23096 23
23097 23
23098 23
23099 23
23100 23
23101 23
23102 23
23103 23
23104 23
23105 23
23106 23
23107 23
23108 23
23109 23
23110 23
23111 23
23112 23
23113 23
23114 23
23115 23
23116 23
23117 23
23118 23
23119 23
23120 23
23121 23
23122 23
23123 23
23124 23
23125 23
23126 23
23127 23
23128 23
23129 23
23130 23
23131 23
23132 23
23133 23
23134 23
23135 23
23136 23
23137 23
23138 23
23139 23
23140 23
23141 23
23142 23
23143 23
23144 23
23145 23
23146 23
23147 23
23148 23
23149 23
23150 23
23151 23
23152 23
23153 23
23154 23
23155 23
23156 23
23157 23
23158 23
23159 23
23160 23
23161 23
23162 23
23163 23
23164 23
23165 23
23166 23
23167 23
23168 23
23169 23
23170 23
23171 23
23172 23
23173 23
23174 23
23175 23
23176 23
23177 23
23178 23
23179 23
23180 23
23181 23
23182 23
23183 23
23184 23
23185 23
23186 23
23187 23
23188 23
23189 23
23190 23
23191 23
23192 23
23193 23
23194 23
23195 23
23196 23
23197 23
23198 23
23199 23
23200 23
23201 23
23202 23
23203 23
23204 23
23205 23
23206 23
23207 23
23208 23
23209 23
23210 23
23211 23
23212 23
23213 23
23214 23
23215 23
23216 23
23217 23
23218 23
23219 23
23220 23
23221 23
23222 23
23223 23
23224 23
23225 23
23226 23
23227 23
23228 23
23229 23
23230 23
23231 23
23232 23
23233 23
23234 23
23235 23
23236 23
23237 23
23238 23
23239 23
23240 23
23241 23
23242 23
23243 23
23244 23
23245 23
23246 23
23247 23
23248 23
23249 23
23250 23
23251 23
23252 23
23253 23
23254 23
23255 23
23256 23
23257 23
23258 23
23259 23
23260 23
23261 23
23262 23
23263 23
23264 23
23265 23
23266 23
23267 23
23268 23
23269 23
23270 23
23271 23
23272 23
23273 23
23274 23
23275 23
23276 23
23277 23
23278 23
23279 23
23280 23
23281 23
23282 23
23283 23
23284 23
23285 23
23286 23
23287 23
23288 23
23289 23
23290 23
23291 23
23292 23
23293 23
23294 23
23295 23
23296 23
23297 23
23298 23
23299 23
23300 23
23301 23
23302 23
23303 23
23304 23
23305 23
23306 23
23307 23
23308 23
23309 23
23310 23
23311 23
23312 23
23313 23
23314 23
23315 23
23316 23
23317 23
23318 23
23319 23
23320 23
23321 23
23322 23
23323 23
23324 23
23325 23
23326 23
23327 23
23328 23
23329 23
23330 23
23331 23
23332 23
23333 23
23334 23
23335 23
23336 23
23337 23
23338 23
23339 23
23340 23
23341 23
23342 23
23343 23
23344 23
23345 23
23346 23
23347 23
23348 23
23349 23
23350 23
23351 23
23352 23
23353 23
23354 23
23355 23
23356 23
23357 23
23358 23
23359 23
23360 23
23361 23
23362 23
23363 23
23364 23
23365 23
23366 23
23367 23
23368 23
23369 23
23370 23
23371 23
23372 23
23373 23
23374 23
23375 23
23376 23
23377 23
23378 23
23379 23
23380 23
23381 23
23382 23
23383 23
23384 23
23385 23
23386 23
23387 23
23388 23
23389 23
23390 23
23391 23
23392 23
23393 23
23394 23
23395 23
23396 23
23397 23
23398 23
23399 23
23400 23
23401 23
23402 23
23403 23
23404 23
23405 23
23406 23
23407 23
23408 23
23409 23
23410 23
23411 23
23412 23
23413 23
23414 23
23415 23
23416 23
23417 23
23418 23
23419 23
23420 23
23421 23
23422 23
23423 23
23424 23
23425 23
23426 23
23427 23
23428 23
23429 23
23430 23
23431 23
23432 23
23433 23
23434 23
23435 23
23436 23
23437 23
23438 23
23439 23
23440 23
23441 23
23442 23
23443 23
23444 23
23445 23
23446 23
23447 23
23448 23
23449 23
23450 23
23451 23
23452 23
23453 23
23454 23
23455 23
23456 23
23457 23
23458 23
23459 23
23460 23
23461 23
23462 23
23463 23
23464 23
23465 23
23466 23
23467 23
23468 23
23469 23
23470 23
23471 23
23472 23
23473 23
23474 23
23475 23
23476 23
23477 23
23478 23
23479 23
23480 23
23481 23
23482 23
23483 23
23484 23
23485 23
23486 23
23487 23
23488 23
23489 23
23490 23
23491 23
23492 23
23493 23
23494 23
23495 23
23496 23
23497 23
23498 23
23499 23
23500 23
23501 23
23502 23
23503 23
23504 23
23505 23
23506 23
23507 23
23508 23
23509 23
23510 23
23511 23
23512 23
23513 23
23514 23
23515 23
23516 23
23517 23
23518 23
23519 23
23520 23
23521 23
23522 23
23523 23
23524 23
23525 23
23526 23
23527 23
23528 23
23529 23
23530 23
23531 23
23532 23
23533 23
23534 23
23535 23
23536 23
23537 23
23538 23
23539 23
23540 23
23541 23
23542 23
23543 23
23544 23
23545 23
23546 23
23547 23
23548 23
23549 23
23550 23
23551 23
23552 23
23553 23
23554 23
23555 23
23556 23
23557 23
23558 23
23559 23
23560 23
23561 23
23562 23
23563 23
23564 23
23565 23
23566 23
23567 23
23568 23
23569 23
23570 23
23571 23
23572 23
23573 23
23574 23
23575 23
23576 23
23577 23
23578 23
23579 23
23580 23
23581 23
23582 23
23583 23
23584 23
23585 23
23586 23
23587 23
23588 23
23589 23
23590 23
23591 23
23592 23
23593 23
23594 23
23595 23
23596 23
23597 23
23598 23
23599 23
23600 23
23601 23
23602 23
23603 23
23604 23
23605 23
23606 23
23607 23
23608 23
23609 23
23610 23
23611 23
23612 23
23613 23
23614 23
23615 23
23616 23
23617 23
23618 23
23619 23
23620 23
23621 23
23622 23
23623 23
23624 23
23625 23
23626 23
23627 23
23628 23
23629 23
23630 23
23631 23
23632 23
23633 23
23634 23
23635 23
23636 23
23637 23
23638 23
23639 23
23640 23
23641 23
23642 23
23643 23
23644 23
23645 23
23646 23
23647 23
23648 23
23649 23
23650 23
23651 23
23652 23
23653 23
23654 23
23655 23
23656 23
23657 23
23658 23
23659 23
23660 23
23661 23
23662 23
23663 23
23664 23
23665 23
23666 23
23667 23
23668 23
23669 23
23670 23
23671 23
23672 23
23673 23
23674 23
23675 23
23676 23
23677 23
23678 23
23679 23
23680 23
23681 23
23682 23
23683 23
23684 23
23685 23
23686 23
23687 23
23688 23
23689 23
23690 23
23691 23
23692 23
23693 23
23694 23
23695 23
23696 23
23697 23
23698 23
23699 23
23700 23
23701 23
23702 23
23703 23
23704 23
23705 23
23706 23
23707 23
23708 23
23709 23
23710 23
23711 23
23712 23
23713 23
23714 23
23715 23
23716 23
23717 23
23718 23
23719 23
23720 23
23721 23
23722 23
23723 23
23724 23
23725 23
23726 23
23727 23
23728 23
23729 23
23730 23
23731 23
23732 23
23733 23
23734 23
23735 23
23736 23
23737 23
23738 23
23739 23
23740 23
23741 23
23742 23
23743 23
23744 23
23745 23
23746 23
23747 23
23748 23
23749 23
23750 23
23751 23
23752 23
23753 23
23754 23
23755 23
23756 23
23757 23
23758 23
23759 23
23760 23
23761 23
23762 23
23763 23
23764 23
23765 23
23766 23
23767 23
23768 23
23769 23
23770 23
23771 23
23772 23
23773 23
23774 23
23775 23
23776 23
23777 23
23778 23
23779 23
23780 23
23781 23
23782 23
23783 23
23784 23
23785 23
23786 23
23787 23
23788 23
23789 23
23790 23
23791 23
23792 23
23793 23
23794 23
23795 23
23796 23
23797 23
23798 23
23799 23
23800 23
23801 23
23802 23
23803 23
23804 23
23805 23
23806 23
23807 23
23808 23
23809 23
23810 23
23811 23
23812 23
23813 23
23814 23
23815 23
23816 23
23817 23
23818 23
23819 23
23820 23
23821 23
23822 23
23823 23
23824 23
23825 23
23826 23
23827 23
23828 23
23829 23
23830 23
23831 23
23832 23
23833 23
23834 23
23835 23
23836 23
23837 23
23838 23
23839 23
23840 23
23841 23
23842 23
23843 23
23844 23
23845 23
23846 23
23847 23
23848 23
23849 23
23850 23
23851 23
23852 23
23853 23
23854 23
23855 23
23856 23
23857 23
23858 23
23859 23
23860 23
23861 23
23862 23
23863 23
23864 23
23865 23
23866 23
23867 23
23868 23
23869 23
23870 23
23871 23
23872 23
23873 23
23874 23
23875 23
23876 23
23877 23
23878 23
23879 23
23880 23
23881 23
23882 23
23883 23
23884 23
23885 23
23886 23
23887 23
23888 23
23889 23
23890 23
23891 23
23892 23
23893 23
23894 23
23895 23
23896 23
23897 23
23898 23
23899 23
23900 23
23901 23
23902 23
23903 23
23904 23
23905 23
23906 23
23907 23
23908 23
23909 23
23910 23
23911 23
23912 23
23913 23
23914 23
23915 23
23916 23
23917 23
23918 23
23919 23
23920 23
23921 23
23922 23
23923 23
23924 23
23925 23
23926 23
23927 23
23928 23
23929 23
23930 23
23931 23
23932 23
23933 23
23934 23
23935 23
23936 23
23937 23
23938 23
23939 23
23940 23
23941 23
23942 23
23943 23
23944 23
23945 23
23946 23
23947 23
23948 23
23949 23
23950 23
23951 23
23952 23
23953 23
23954 23
23955 23
23956 23
23957 23
23958 23
23959 23
23960 23
23961 23
23962 23
23963 23
23964 23
23965 23
23966 23
23967 23
23968 23
23969 23
23970 23
23971 23
23972 23
23973 23
23974 23
23975 23
23976 23
23977 23
23978 23
23979 23
23980 23
23981 23
23982 23
23983 23
23984 23
23985 23
23986 23
23987 23
23988 23
23989 23
23990 23
23991 23
23992 23
23993 23
23994 23
23995 23
23996 23
23997 23
23998 23
23999 23
24000 24
24001 24
24002 24
24003 24
24004 24
24005 24
24006 24
24007 24
24008 24
24009 24
24010 24
24011 24
24012 24
24013 24
24014 24
24015 24
24016 24
24017 24
24018 24
24019 24
24020 24
24021 24
24022 24
24023 24
24024 24
24025 24
24026 24
24027 24
24028 24
24029 24
24030 24
24031 24
24032 24
24033 24
24034 24
24035 24
24036 24
24037 24
24038 24
24039 24
24040 24
24041 24
24042 24
24043 24
24044 24
24045 24
24046 24
24047 24
24048 24
24049 24
24050 24
24051 24
24052 24
24053 24
24054 24
24055 24
24056 24
24057 24
24058 24
24059 24
24060 24
24061 24
24062 24
24063 24
24064 24
24065 24
24066 24
24067 24
24068 24
24069 24
24070 24
24071 24
24072 24
24073 24
24074 24
24075 24
24076 24
24077 24
24078 24
24079 24
24080 24
24081 24
24082 24
24083 24
24084 24
24085 24
24086 24
24087 24
24088 24
24089 24
24090 24
24091 24
24092 24
24093 24
24094 24
24095 24
24096 24
24097 24
24098 24
24099 24
24100 24
24101 24
24102 24
24103 24
24104 24
24105 24
24106 24
24107 24
24108 24
24109 24
24110 24
24111 24
24112 24
24113 24
24114 24
24115 24
24116 24
24117 24
24118 24
24119 24
24120 24
24121 24
24122 24
24123 24
24124 24
24125 24
24126 24
24127 24
24128 24
24129 24
24130 24
24131 24
24132 24
24133 24
24134 24
24135 24
24136 24
24137 24
24138 24
24139 24
24140 24
24141 24
24142 24
24143 24
24144 24
24145 24
24146 24
24147 24
24148 24
24149 24
24150 24
24151 24
24152 24
24153 24
24154 24
24155 24
24156 24
24157 24
24158 24
24159 24
24160 24
24161 24
24162 24
24163 24
24164 24
24165 24
24166 24
24167 24
24168 24
24169 24
24170 24
24171 24
24172 24
24173 24
24174 24
24175 24
24176 24
24177 24
24178 24
24179 24
24180 24
24181 24
24182 24
24183 24
24184 24
24185 24
24186 24
24187 24
24188 24
24189 24
24190 24
24191 24
24192 24
24193 24
24194 24
24195 24
24196 24
24197 24
24198 24
24199 24
24200 24
24201 24
24202 24
24203 24
24204 24
24205 24
24206 24
24207 24
24208 24
24209 24
24210 24
24211 24
24212 24
24213 24
24214 24
24215 24
24216 24
24217 24
24218 24
24219 24
24220 24
24221 24
24222 24
24223 24
24224 24
24225 24
24226 24
24227 24
24228 24
24229 24
24230 24
24231 24
24232 24
24233 24
24234 24
24235 24
24236 24
24237 24
24238 24
24239 24
24240 24
24241 24
24242 24
24243 24
24244 24
24245 24
24246 24
24247 24
24248 24
24249 24
24250 24
24251 24
24252 24
24253 24
24254 24
24255 24
24256 24
24257 24
24258 24
24259 24
24260 24
24261 24
24262 24
24263 24
24264 24
24265 24
24266 24
24267 24
24268 24
24269 24
24270 24
24271 24
24272 24
24273 24
24274 24
24275 24
24276 24
24277 24
24278 24
24279 24
24280 24
24281 24
24282 24
24283 24
24284 24
24285 24
24286 24
24287 24
24288 24
24289 24
24290 24
24291 24
24292 24
24293 24
24294 24
24295 24
24296 24
24297 24
24298 24
24299 24
24300 24
24301 24
24302 24
24303 24
24304 24
24305 24
24306 24
24307 24
24308 24
24309 24
24310 24
24311 24
24312 24
24313 24
24314 24
24315 24
24316 24
24317 24
24318 24
24319 24
24320 24
24321 24
24322 24
24323 24
24324 24
24325 24
24326 24
24327 24
24328 24
24329 24
24330 24
24331 24
24332 24
24333 24
24334 24
24335 24
24336 24
24337 24
24338 24
24339 24
24340 24
24341 24
24342 24
24343 24
24344 24
24345 24
24346 24
24347 24
24348 24
24349 24
24350 24
24351 24
24352 24
24353 24
24354 24
24355 24
24356 24
24357 24
24358 24
24359 24
24360 24
24361 24
24362 24
24363 24
24364 24
24365 24
24366 24
24367 24
24368 24
24369 24
24370 24
24371 24
24372 24
24373 24
24374 24
24375 24
24376 24
24377 24
24378 24
24379 24
24380 24
24381 24
24382 24
24383 24
24384 24
24385 24
24386 24
24387 24
24388 24
24389 24
24390 24
24391 24
24392 24
24393 24
24394 24
24395 24
24396 24
24397 24
24398 24
24399 24
24400 24
24401 24
24402 24
24403 24
24404 24
24405 24
24406 24
24407 24
24408 24
24409 24
24410 24
24411 24
24412 24
24413 24
24414 24
24415 24
24416 24
24417 24
24418 24
24419 24
24420 24
24421 24
24422 24
24423 24
24424 24
24425 24
24426 24
24427 24
24428 24
24429 24
24430 24
24431 24
24432 24
24433 24
24434 24
24435 24
24436 24
24437 24
24438 24
24439 24
24440 24
24441 24
24442 24
24443 24
24444 24
24445 24
24446 24
24447 24
24448 24
24449 24
24450 24
24451 24
24452 24
24453 24
24454 24
24455 24
24456 24
24457 24
24458 24
24459 24
24460 24
24461 24
24462 24
24463 24
24464 24
24465 24
24466 24
24467 24
24468 24
24469 24
24470 24
24471 24
24472 24
24473 24
24474 24
24475 24
24476 24
24477 24
24478 24
24479 24
24480 24
24481 24
24482 24
24483 24
24484 24
24485 24
24486 24
24487 24
24488 24
24489 24
24490 24
24491 24
24492 24
24493 24
24494 24
24495 24
24496 24
24497 24
24498 24
24499 24
24500 24
24501 24
24502 24
24503 24
24504 24
24505 24
24506 24
24507 24
24508 24
24509 24
24510 24
24511 24
24512 24
24513 24
24514 24
24515 24
24516 24
24517 24
24518 24
24519 24
24520 24
24521 24
24522 24
24523 24
24524 24
24525 24
24526 24
24527 24
24528 24
24529 24
24530 24
24531 24
24532 24
24533 24
24534 24
24535 24
24536 24
24537 24
24538 24
24539 24
24540 24
24541 24
24542 24
24543 24
24544 24
24545 24
24546 24
24547 24
24548 24
24549 24
24550 24
24551 24
24552 24
24553 24
24554 24
24555 24
24556 24
24557 24
24558 24
24559 24
24560 24
24561 24
24562 24
24563 24
24564 24
24565 24
24566 24
24567 24
24568 24
24569 24
24570 24
24571 24
24572 24
24573 24
24574 24
24575 24
24576 24
24577 24
24578 24
24579 24
24580 24
24581 24
24582 24
24583 24
24584 24
24585 24
24586 24
24587 24
24588 24
24589 24
24590 24
24591 24
24592 24
24593 24
24594 24
24595 24
24596 24
24597 24
24598 24
24599 24
24600 24
24601 24
24602 24
24603 24
24604 24
24605 24
24606 24
24607 24
24608 24
24609 24
24610 24
24611 24
24612 24
24613 24
24614 24
24615 24
24616 24
24617 24
24618 24
24619 24
24620 24
24621 24
24622 24
24623 24
24624 24
24625 24
24626 24
24627 24
24628 24
24629 24
24630 24
24631 24
24632 24
24633 24
24634 24
24635 24
24636 24
24637 24
24638 24
24639 24
24640 24
24641 24
24642 24
24643 24
24644 24
24645 24
24646 24
24647 24
24648 24
24649 24
24650 24
24651 24
24652 24
24653 24
24654 24
24655 24
24656 24
24657 24
24658 24
24659 24
24660 24
24661 24
24662 24
24663 24
24664 24
24665 24
24666 24
24667 24
24668 24
24669 24
24670 24
24671 24
24672 24
24673 24
24674 24
24675 24
24676 24
24677 24
24678 24
24679 24
24680 24
24681 24
24682 24
24683 24
24684 24
24685 24
24686 24
24687 24
24688 24
24689 24
24690 24
24691 24
24692 24
24693 24
24694 24
24695 24
24696 24
24697 24
24698 24
24699 24
24700 24
24701 24
24702 24
24703 24
24704 24
24705 24
24706 24
24707 24
24708 24
24709 24
24710 24
24711 24
24712 24
24713 24
24714 24
24715 24
24716 24
24717 24
24718 24
24719 24
24720 24
24721 24
24722 24
24723 24
24724 24
24725 24
24726 24
24727 24
24728 24
24729 24
24730 24
24731 24
24732 24
24733 24
24734 24
24735 24
24736 24
24737 24
24738 24
24739 24
24740 24
24741 24
24742 24
24743 24
24744 24
24745 24
24746 24
24747 24
24748 24
24749 24
24750 24
24751 24
24752 24
24753 24
24754 24
24755 24
24756 24
24757 24
24758 24
24759 24
24760 24
24761 24
24762 24
24763 24
24764 24
24765 24
24766 24
24767 24
24768 24
24769 24
24770 24
24771 24
24772 24
24773 24
24774 24
24775 24
24776 24
24777 24
24778 24
24779 24
24780 24
24781 24
24782 24
24783 24
24784 24
24785 24
24786 24
24787 24
24788 24
24789 24
24790 24
24791 24
24792 24
24793 24
24794 24
24795 24
24796 24
24797 24
24798 24
24799 24
24800 24
24801 24
24802 24
24803 24
24804 24
24805 24
24806 24
24807 24
24808 24
24809 24
24810 24
24811 24
24812 24
24813 24
24814 24
24815 24
24816 24
24817 24
24818 24
24819 24
24820 24
24821 24
24822 24
24823 24
24824 24
24825 24
24826 24
24827 24
24828 24
24829 24
24830 24
24831 24
24832 24
24833 24
24834 24
24835 24
24836 24
24837 24
24838 24
24839 24
24840 24
24841 24
24842 24
24843 24
24844 24
24845 24
24846 24
24847 24
24848 24
24849 24
24850 24
24851 24
24852 24
24853 24
24854 24
24855 24
24856 24
24857 24
24858 24
24859 24
24860 24
24861 24
24862 24
24863 24
24864 24
24865 24
24866 24
24867 24
24868 24
24869 24
24870 24
24871 24
24872 24
24873 24
24874 24
24875 24
24876 24
24877 24
24878 24
24879 24
24880 24
24881 24
24882 24
24883 24
24884 24
24885 24
24886 24
24887 24
24888 24
24889 24
24890 24
24891 24
24892 24
24893 24
24894 24
24895 24
24896 24
24897 24
24898 24
24899 24
24900 24
24901 24
24902 24
24903 24
24904 24
24905 24
24906 24
24907 24
24908 24
24909 24
24910 24
24911 24
24912 24
24913 24
24914 24
24915 24
24916 24
24917 24
24918 24
24919 24
24920 24
24921 24
24922 24
24923 24
24924 24
24925 24
24926 24
24927 24
24928 24
24929 24
24930 24
24931 24
24932 24
24933 24
24934 24
24935 24
24936 24
24937 24
24938 24
24939 24
24940 24
24941 24
24942 24
24943 24
24944 24
24945 24
24946 24
24947 24
24948 24
24949 24
24950 24
24951 24
24952 24
24953 24
24954 24
24955 24
24956 24
24957 24
24958 24
24959 24
24960 24
24961 24
24962 24
24963 24
24964 24
24965 24
24966 24
24967 24
24968 24
24969 24
24970 24
24971 24
24972 24
24973 24
24974 24
24975 24
24976 24
24977 24
24978 24
24979 24
24980 24
24981 24
24982 24
24983 24
24984 24
24985 24
24986 24
24987 24
24988 24
24989 24
24990 24
24991 24
24992 24
24993 24
24994 24
24995 24
24996 24
24997 24
24998 24
24999 24
25000 25
25001 25
25002 25
25003 25
25004 25
25005 25
25006 25
25007 25
25008 25
25009 25
25010 25
25011 25
25012 25
25013 25
25014 25
25015 25
25016 25
25017 25
25018 25
25019 25
25020 25
25021 25
25022 25
25023 25
25024 25
25025 25
25026 25
25027 25
25028 25
25029 25
25030 25
25031 25
25032 25
25033 25
25034 25
25035 25
25036 25
25037 25
25038 25
25039 25
25040 25
25041 25
25042 25
25043 25
25044 25
25045 25
25046 25
25047 25
25048 25
25049 25
25050 25
25051 25
25052 25
25053 25
25054 25
25055 25
25056 25
25057 25
25058 25
25059 25
25060 25
25061 25
25062 25
25063 25
25064 25
25065 25
25066 25
25067 25
25068 25
25069 25
25070 25
25071 25
25072 25
25073 25
25074 25
25075 25
25076 25
25077 25
25078 25
25079 25
25080 25
25081 25
25082 25
25083 25
25084 25
25085 25
25086 25
25087 25
25088 25
25089 25
25090 25
25091 25
25092 25
25093 25
25094 25
25095 25
25096 25
25097 25
25098 25
25099 25
25100 25
25101 25
25102 25
25103 25
25104 25
25105 25
25106 25
25107 25
25108 25
25109 25
25110 25
25111 25
25112 25
25113 25
25114 25
25115 25
25116 25
25117 25
25118 25
25119 25
25120 25
25121 25
25122 25
25123 25
25124 25
25125 25
25126 25
25127 25
25128 25
25129 25
25130 25
25131 25
25132 25
25133 25
25134 25
25135 25
25136 25
25137 25
25138 25
25139 25
25140 25
25141 25
25142 25
25143 25
25144 25
25145 25
25146 25
25147 25
25148 25
25149 25
25150 25
25151 25
25152 25
25153 25
25154 25
25155 25
25156 25
25157 25
25158 25
25159 25
25160 25
25161 25
25162 25
25163 25
25164 25
25165 25
25166 25
25167 25
25168 25
25169 25
25170 25
25171 25
25172 25
25173 25
25174 25
25175 25
25176 25
25177 25
25178 25
25179 25
25180 25
25181 25
25182 25
25183 25
25184 25
25185 25
25186 25
25187 25
25188 25
25189 25
25190 25
25191 25
25192 25
25193 25
25194 25
25195 25
25196 25
25197 25
25198 25
25199 25
25200 25
25201 25
25202 25
25203 25
25204 25
25205 25
25206 25
25207 25
25208 25
25209 25
25210 25
25211 25
25212 25
25213 25
25214 25
25215 25
25216 25
25217 25
25218 25
25219 25
25220 25
25221 25
25222 25
25223 25
25224 25
25225 25
25226 25
25227 25
25228 25
25229 25
25230 25
25231 25
25232 25
25233 25
25234 25
25235 25
25236 25
25237 25
25238 25
25239 25
25240 25
25241 25
25242 25
25243 25
25244 25
25245 25
25246 25
25247 25
25248 25
25249 25
25250 25
25251 25
25252 25
25253 25
25254 25
25255 25
25256 25
25257 25
25258 25
25259 25
25260 25
25261 25
25262 25
25263 25
25264 25
25265 25
25266 25
25267 25
25268 25
25269 25
25270 25
25271 25
25272 25
25273 25
25274 25
25275 25
25276 25
25277 25
25278 25
25279 25
25280 25
25281 25
25282 25
25283 25
25284 25
25285 25
25286 25
25287 25
25288 25
25289 25
25290 25
25291 25
25292 25
25293 25
25294 25
25295 25
25296 25
25297 25
25298 25
25299 25
25300 25
25301 25
25302 25
25303 25
25304 25
25305 25
25306 25
25307 25
25308 25
25309 25
25310 25
25311 25
25312 25
25313 25
25314 25
25315 25
25316 25
25317 25
25318 25
25319 25
25320 25
25321 25
25322 25
25323 25
25324 25
25325 25
25326 25
25327 25
25328 25
25329 25
25330 25
25331 25
25332 25
25333 25
25334 25
25335 25
25336 25
25337 25
25338 25
25339 25
25340 25
25341 25
25342 25
25343 25
25344 25
25345 25
25346 25
25347 25
25348 25
25349 25
25350 25
25351 25
25352 25
25353 25
25354 25
25355 25
25356 25
25357 25
25358 25
25359 25
25360 25
25361 25
25362 25
25363 25
25364 25
25365 25
25366 25
25367 25
25368 25
25369 25
25370 25
25371 25
25372 25
25373 25
25374 25
25375 25
25376 25
25377 25
25378 25
25379 25
25380 25
25381 25
25382 25
25383 25
25384 25
25385 25
25386 25
25387 25
25388 25
25389 25
25390 25
25391 25
25392 25
25393 25
25394 25
25395 25
25396 25
25397 25
25398 25
25399 25
25400 25
25401 25
25402 25
25403 25
25404 25
25405 25
25406 25
25407 25
25408 25
25409 25
25410 25
25411 25
25412 25
25413 25
25414 25
25415 25
25416 25
25417 25
25418 25
25419 25
25420 25
25421 25
25422 25
25423 25
25424 25
25425 25
25426 25
25427 25
25428 25
25429 25
25430 25
25431 25
25432 25
25433 25
25434 25
25435 25
25436 25
25437 25
25438 25
25439 25
25440 25
25441 25
25442 25
25443 25
25444 25
25445 25
25446 25
25447 25
25448 25
25449 25
25450 25
25451 25
25452 25
25453 25
25454 25
25455 25
25456 25
25457 25
25458 25
25459 25
25460 25
25461 25
25462 25
25463 25
25464 25
25465 25
25466 25
25467 25
25468 25
25469 25
25470 25
25471 25
25472 25
25473 25
25474 25
25475 25
25476 25
25477 25
25478 25
25479 25
25480 25
25481 25
25482 25
25483 25
25484 25
25485 25
25486 25
25487 25
25488 25
25489 25
25490 25
25491 25
25492 25
25493 25
25494 25
25495 25
25496 25
25497 25
25498 25
25499 25
25500 25
25501 25
25502 25
25503 25
25504 25
25505 25
25506 25
25507 25
25508 25
25509 25
25510 25
25511 25
25512 25
25513 25
25514 25
25515 25
25516 25
25517 25
25518 25
25519 25
25520 25
25521 25
25522 25
25523 25
25524 25
25525 25
25526 25
25527 25
25528 25
25529 25
25530 25
25531 25
25532 25
25533 25
25534 25
25535 25
25536 25
25537 25
25538 25
25539 25
25540 25
25541 25
25542 25
25543 25
25544 25
25545 25
25546 25
25547 25
25548 25
25549 25
25550 25
25551 25
25552 25
25553 25
25554 25
25555 25
25556 25
25557 25
25558 25
25559 25
25560 25
25561 25
25562 25
25563 25
25564 25
25565 25
25566 25
25567 25
25568 25
25569 25
25570 25
25571 25
25572 25
25573 25
25574 25
25575 25
25576 25
25577 25
25578 25
25579 25
25580 25
25581 25
25582 25
25583 25
25584 25
25585 25
25586 25
25587 25
25588 25
25589 25
25590 25
25591 25
25592 25
25593 25
25594 25
25595 25
25596 25
25597 25
25598 25
25599 25
25600 25
25601 25
25602 25
25603 25
25604 25
25605 25
25606 25
25607 25
25608 25
25609 25
25610 25
25611 25
25612 25
25613 25
25614 25
25615 25
25616 25
25617 25
25618 25
25619 25
25620 25
25621 25
25622 25
25623 25
25624 25
25625 25
25626 25
25627 25
25628 25
25629 25
25630 25
25631 25
25632 25
25633 25
25634 25
25635 25
25636 25
25637 25
25638 25
25639 25
25640 25
25641 25
25642 25
25643 25
25644 25
25645 25
25646 25
25647 25
25648 25
25649 25
25650 25
25651 25
25652 25
25653 25
25654 25
25655 25
25656 25
25657 25
25658 25
25659 25
25660 25
25661 25
25662 25
25663 25
25664 25
25665 25
25666 25
25667 25
25668 25
25669 25
25670 25
25671 25
25672 25
25673 25
25674 25
25675 25
25676 25
25677 25
25678 25
25679 25
25680 25
25681 25
25682 25
25683 25
25684 25
25685 25
25686 25
25687 25
25688 25
25689 25
25690 25
25691 25
25692 25
25693 25
25694 25
25695 25
25696 25
25697 25
25698 25
25699 25
25700 25
25701 25
25702 25
25703 25
25704 25
25705 25
25706 25
25707 25
25708 25
25709 25
25710 25
25711 25
25712 25
25713 25
25714 25
25715 25
25716 25
25717 25
25718 25
25719 25
25720 25
25721 25
25722 25
25723 25
25724 25
25725 25
25726 25
25727 25
25728 25
25729 25
25730 25
25731 25
25732 25
25733 25
25734 25
25735 25
25736 25
25737 25
25738 25
25739 25
25740 25
25741 25
25742 25
25743 25
25744 25
25745 25
25746 25
25747 25
25748 25
25749 25
25750 25
25751 25
25752 25
25753 25
25754 25
25755 25
25756 25
25757 25
25758 25
25759 25
25760 25
25761 25
25762 25
25763 25
25764 25
25765 25
25766 25
25767 25
25768 25
25769 25
25770 25
25771 25
25772 25
25773 25
25774 25
25775 25
25776 25
25777 25
25778 25
25779 25
25780 25
25781 25
25782 25
25783 25
25784 25
25785 25
25786 25
25787 25
25788 25
25789 25
25790 25
25791 25
25792 25
25793 25
25794 25
25795 25
25796 25
25797 25
25798 25
25799 25
25800 25
25801 25
25802 25
25803 25
25804 25
25805 25
25806 25
25807 25
25808 25
25809 25
25810 25
25811 25
25812 25
25813 25
25814 25
25815 25
25816 25
25817 25
25818 25
25819 25
25820 25
25821 25
25822 25
25823 25
25824 25
25825 25
25826 25
25827 25
25828 25
25829 25
25830 25
25831 25
25832 25
25833 25
25834 25
25835 25
25836 25
25837 25
25838 25
25839 25
25840 25
25841 25
25842 25
25843 25
25844 25
25845 25
25846 25
25847 25
25848 25
25849 25
25850 25
25851 25
25852 25
25853 25
25854 25
25855 25
25856 25
25857 25
25858 25
25859 25
25860 25
25861 25
25862 25
25863 25
25864 25
25865 25
25866 25
25867 25
25868 25
25869 25
25870 25
25871 25
25872 25
25873 25
25874 25
25875 25
25876 25
25877 25
25878 25
25879 25
25880 25
25881 25
25882 25
25883 25
25884 25
25885 25
25886 25
25887 25
25888 25
25889 25
25890 25
25891 25
25892 25
25893 25
25894 25
25895 25
25896 25
25897 25
25898 25
25899 25
25900 25
25901 25
25902 25
25903 25
25904 25
25905 25
25906 25
25907 25
25908 25
25909 25
25910 25
25911 25
25912 25
25913 25
25914 25
25915 25
25916 25
25917 25
25918 25
25919 25
25920 25
25921 25
25922 25
25923 25
25924 25
25925 25
25926 25
25927 25
25928 25
25929 25
25930 25
25931 25
25932 25
25933 25
25934 25
25935 25
25936 25
25937 25
25938 25
25939 25
25940 25
25941 25
25942 25
25943 25
25944 25
25945 25
25946 25
25947 25
25948 25
25949 25
25950 25
25951 25
25952 25
25953 25
25954 25
25955 25
25956 25
25957 25
25958 25
25959 25
25960 25
25961 25
25962 25
25963 25
25964 25
25965 25
25966 25
25967 25
25968 25
25969 25
25970 25
25971 25
25972 25
25973 25
25974 25
25975 25
25976 25
25977 25
25978 25
25979 25
25980 25
25981 25
25982 25
25983 25
25984 25
25985 25
25986 25
25987 25
25988 25
25989 25
25990 25
25991 25
25992 25
25993 25
25994 25
25995 25
25996 25
25997 25
25998 25
25999 25
26000 26
26001 26
26002 26
26003 26
26004 26
26005 26
26006 26
26007 26
26008 26
26009 26
26010 26
26011 26
26012 26
26013 26
26014 26
26015 26
26016 26
26017 26
26018 26
26019 26
26020 26
26021 26
26022 26
26023 26
26024 26
26025 26
26026 26
26027 26
26028 26
26029 26
26030 26
26031 26
26032 26
26033 26
26034 26
26035 26
26036 26
26037 26
26038 26
26039 26
26040 26
26041 26
26042 26
26043 26
26044 26
26045 26
26046 26
26047 26
26048 26
26049 26
26050 26
26051 26
26052 26
26053 26
26054 26
26055 26
26056 26
26057 26
26058 26
26059 26
26060 26
26061 26
26062 26
26063 26
26064 26
26065 26
26066 26
26067 26
26068 26
26069 26
26070 26
26071 26
26072 26
26073 26
26074 26
26075 26
26076 26
26077 26
26078 26
26079 26
26080 26
26081 26
26082 26
26083 26
26084 26
26085 26
26086 26
26087 26
26088 26
26089 26
26090 26
26091 26
26092 26
26093 26
26094 26
26095 26
26096 26
26097 26
26098 26
26099 26
26100 26
26101 26
26102 26
26103 26
26104 26
26105 26
26106 26
26107 26
26108 26
26109 26
26110 26
26111 26
26112 26
26113 26
26114 26
26115 26
26116 26
26117 26
26118 26
26119 26
26120 26
26121 26
26122 26
26123 26
26124 26
26125 26
26126 26
26127 26
26128 26
26129 26
26130 26
26131 26
26132 26
26133 26
26134 26
26135 26
26136 26
26137 26
26138 26
26139 26
26140 26
26141 26
26142 26
26143 26
26144 26
26145 26
26146 26
26147 26
26148 26
26149 26
26150 26
26151 26
26152 26
26153 26
26154 26
26155 26
26156 26
26157 26
26158 26
26159 26
26160 26
26161 26
26162 26
26163 26
26164 26
26165 26
26166 26
26167 26
26168 26
26169 26
26170 26
26171 26
26172 26
26173 26
26174 26
26175 26
26176 26
26177 26
26178 26
26179 26
26180 26
26181 26
26182 26
26183 26
26184 26
26185 26
26186 26
26187 26
26188 26
26189 26
26190 26
26191 26
26192 26
26193 26
26194 26
26195 26
26196 26
26197 26
26198 26
26199 26
26200 26
26201 26
26202 26
26203 26
26204 26
26205 26
26206 26
26207 26
26208 26
26209 26
26210 26
26211 26
26212 26
26213 26
26214 26
26215 26
26216 26
26217 26
26218 26
26219 26
26220 26
26221 26
26222 26
26223 26
26224 26
26225 26
26226 26
26227 26
26228 26
26229 26
26230 26
26231 26
26232 26
26233 26
26234 26
26235 26
26236 26
26237 26
26238 26
26239 26
26240 26
26241 26
26242 26
26243 26
26244 26
26245 26
26246 26
26247 26
26248 26
26249 26
26250 26
26251 26
26252 26
26253 26
26254 26
26255 26
26256 26
26257 26
26258 26
26259 26
26260 26
26261 26
26262 26
26263 26
26264 26
26265 26
26266 26
26267 26
26268 26
26269 26
26270 26
26271 26
26272 26
26273 26
26274 26
26275 26
26276 26
26277 26
26278 26
26279 26
26280 26
26281 26
26282 26
26283 26
26284 26
26285 26
26286 26
26287 26
26288 26
26289 26
26290 26
26291 26
26292 26
26293 26
26294 26
26295 26
26296 26
26297 26
26298 26
26299 26
26300 26
26301 26
26302 26
26303 26
26304 26
26305 26
26306 26
26307 26
26308 26
26309 26
26310 26
26311 26
26312 26
26313 26
26314 26
26315 26
26316 26
26317 26
26318 26
26319 26
26320 26
26321 26
26322 26
26323 26
26324 26
26325 26
26326 26
26327 26
26328 26
26329 26
26330 26
26331 26
26332 26
26333 26
26334 26
26335 26
26336 26
26337 26
26338 26
26339 26
26340 26
26341 26
26342 26
26343 26
26344 26
26345 26
26346 26
26347 26
26348 26
26349 26
26350 26
26351 26
26352 26
26353 26
26354 26
26355 26
26356 26
26357 26
26358 26
26359 26
26360 26
26361 26
26362 26
26363 26
26364 26
26365 26
26366 26
26367 26
26368 26
26369 26
26370 26
26371 26
26372 26
26373 26
26374 26
26375 26
26376 26
26377 26
26378 26
26379 26
26380 26
26381 26
26382 26
26383 26
26384 26
26385 26
26386 26
26387 26
26388 26
26389 26
26390 26
26391 26
26392 26
26393 26
26394 26
26395 26
26396 26
26397 26
26398 26
26399 26
26400 26
26401 26
26402 26
26403 26
26404 26
26405 26
26406 26
26407 26
26408 26
26409 26
26410 26
26411 26
26412 26
26413 26
26414 26
26415 26
26416 26
26417 26
26418 26
26419 26
26420 26
26421 26
26422 26
26423 26
26424 26
26425 26
26426 26
26427 26
26428 26
26429 26
26430 26
26431 26
26432 26
26433 26
26434 26
26435 26
26436 26
26437 26
26438 26
26439 26
26440 26
26441 26
26442 26
26443 26
26444 26
26445 26
26446 26
26447 26
26448 26
26449 26
26450 26
26451 26
26452 26
26453 26
26454 26
26455 26
26456 26
26457 26
26458 26
26459 26
26460 26
26461 26
26462 26
26463 26
26464 26
26465 26
26466 26
26467 26
26468 26
26469 26
26470 26
26471 26
26472 26
26473 26
26474 26
26475 26
26476 26
26477 26
26478 26
26479 26
26480 26
26481 26
26482 26
26483 26
26484 26
26485 26
26486 26
26487 26
26488 26
26489 26
26490 26
26491 26
26492 26
26493 26
26494 26
26495 26
26496 26
26497 26
26498 26
26499 26
26500 26
26501 26
26502 26
26503 26
26504 26
26505 26
26506 26
26507 26
26508 26
26509 26
26510 26
26511 26
26512 26
26513 26
26514 26
26515 26
26516 26
26517 26
26518 26
26519 26
26520 26
26521 26
26522 26
26523 26
26524 26
26525 26
26526 26
26527 26
26528 26
26529 26
26530 26
26531 26
26532 26
26533 26
26534 26
26535 26
26536 26
26537 26
26538 26
26539 26
26540 26
26541 26
26542 26
26543 26
26544 26
26545 26
26546 26
26547 26
26548 26
26549 26
26550 26
26551 26
26552 26
26553 26
26554 26
26555 26
26556 26
26557 26
26558 26
26559 26
26560 26
26561 26
26562 26
26563 26
26564 26
26565 26
26566 26
26567 26
26568 26
26569 26
26570 26
26571 26
26572 26
26573 26
26574 26
26575 26
26576 26
26577 26
26578 26
26579 26
26580 26
26581 26
26582 26
26583 26
26584 26
26585 26
26586 26
26587 26
26588 26
26589 26
26590 26
26591 26
26592 26
26593 26
26594 26
26595 26
26596 26
26597 26
26598 26
26599 26
26600 26
26601 26
26602 26
26603 26
26604 26
26605 26
26606 26
26607 26
26608 26
26609 26
26610 26
26611 26
26612 26
26613 26
26614 26
26615 26
26616 26
26617 26
26618 26
26619 26
26620 26
26621 26
26622 26
26623 26
26624 26
26625 26
26626 26
26627 26
26628 26
26629 26
26630 26
26631 26
26632 26
26633 26
26634 26
26635 26
26636 26
26637 26
26638 26
26639 26
26640 26
26641 26
26642 26
26643 26
26644 26
26645 26
26646 26
26647 26
26648 26
26649 26
26650 26
26651 26
26652 26
26653 26
26654 26
26655 26
26656 26
26657 26
26658 26
26659 26
26660 26
26661 26
26662 26
26663 26
26664 26
26665 26
26666 26
26667 26
26668 26
26669 26
26670 26
26671 26
26672 26
26673 26
26674 26
26675 26
26676 26
26677 26
26678 26
26679 26
26680 26
26681 26
26682 26
26683 26
26684 26
26685 26
26686 26
26687 26
26688 26
26689 26
26690 26
26691 26
26692 26
26693 26
26694 26
26695 26
26696 26
26697 26
26698 26
26699 26
26700 26
26701 26
26702 26
26703 26
26704 26
26705 26
26706 26
26707 26
26708 26
26709 26
26710 26
26711 26
26712 26
26713 26
26714 26
26715 26
26716 26
26717 26
26718 26
26719 26
26720 26
26721 26
26722 26
26723 26
26724 26
26725 26
26726 26
26727 26
26728 26
26729 26
26730 26
26731 26
26732 26
26733 26
26734 26
26735 26
26736 26
26737 26
26738 26
26739 26
26740 26
26741 26
26742 26
26743 26
26744 26
26745 26
26746 26
26747 26
26748 26
26749 26
26750 26
26751 26
26752 26
26753 26
26754 26
26755 26
26756 26
26757 26
26758 26
26759 26
26760 26
26761 26
26762 26
26763 26
26764 26
26765 26
26766 26
26767 26
26768 26
26769 26
26770 26
26771 26
26772 26
26773 26
26774 26
26775 26
26776 26
26777 26
26778 26
26779 26
26780 26
26781 26
26782 26
26783 26
26784 26
26785 26
26786 26
26787 26
26788 26
26789 26
26790 26
26791 26
26792 26
26793 26
26794 26
26795 26
26796 26
26797 26
26798 26
26799 26
26800 26
26801 26
26802 26
26803 26
26804 26
26805 26
26806 26
26807 26
26808 26
26809 26
26810 26
26811 26
26812 26
26813 26
26814 26
26815 26
26816 26
26817 26
26818 26
26819 26
26820 26
26821 26
26822 26
26823 26
26824 26
26825 26
26826 26
26827 26
26828 26
26829 26
26830 26
26831 26
26832 26
26833 26
26834 26
26835 26
26836 26
26837 26
26838 26
26839 26
26840 26
26841 26
26842 26
26843 26
26844 26
26845 26
26846 26
26847 26
26848 26
26849 26
26850 26
26851 26
26852 26
26853 26
26854 26
26855 26
26856 26
26857 26
26858 26
26859 26
26860 26
26861 26
26862 26
26863 26
26864 26
26865 26
26866 26
26867 26
26868 26
26869 26
26870 26
26871 26
26872 26
26873 26
26874 26
26875 26
26876 26
26877 26
26878 26
26879 26
26880 26
26881 26
26882 26
26883 26
26884 26
26885 26
26886 26
26887 26
26888 26
26889 26
26890 26
26891 26
26892 26
26893 26
26894 26
26895 26
26896 26
26897 26
26898 26
26899 26
26900 26
26901 26
26902 26
26903 26
26904 26
26905 26
26906 26
26907 26
26908 26
26909 26
26910 26
26911 26
26912 26
26913 26
26914 26
26915 26
26916 26
26917 26
26918 26
26919 26
26920 26
26921 26
26922 26
26923 26
26924 26
26925 26
26926 26
26927 26
26928 26
26929 26
26930 26
26931 26
26932 26
26933 26
26934 26
26935 26
26936 26
26937 26
26938 26
26939 26
26940 26
26941 26
26942 26
26943 26
26944 26
26945 26
26946 26
26947 26
26948 26
26949 26
26950 26
26951 26
26952 26
26953 26
26954 26
26955 26
26956 26
26957 26
26958 26
26959 26
26960 26
26961 26
26962 26
26963 26
26964 26
26965 26
26966 26
26967 26
26968 26
26969 26
26970 26
26971 26
26972 26
26973 26
26974 26
26975 26
26976 26
26977 26
26978 26
26979 26
26980 26
26981 26
26982 26
26983 26
26984 26
26985 26
26986 26
26987 26
26988 26
26989 26
26990 26
26991 26
26992 26
26993 26
26994 26
26995 26
26996 26
26997 26
26998 26
26999 26
27000 27
27001 27
27002 27
27003 27
27004 27
27005 27
27006 27
27007 27
27008 27
27009 27
27010 27
27011 27
27012 27
27013 27
27014 27
27015 27
27016 27
27017 27
27018 27
27019 27
27020 27
27021 27
27022 27
27023 27
27024 27
27025 27
27026 27
27027 27
27028 27
27029 27
27030 27
27031 27
27032 27
27033 27
27034 27
27035 27
27036 27
27037 27
27038 27
27039 27
27040 27
27041 27
27042 27
27043 27
27044 27
27045 27
27046 27
27047 27
27048 27
27049 27
27050 27
27051 27
27052 27
27053 27
27054 27
27055 27
27056 27
27057 27
27058 27
27059 27
27060 27
27061 27
27062 27
27063 27
27064 27
27065 27
27066 27
27067 27
27068 27
27069 27
27070 27
27071 27
27072 27
27073 27
27074 27
27075 27
27076 27
27077 27
27078 27
27079 27
27080 27
27081 27
27082 27
27083 27
27084 27
27085 27
27086 27
27087 27
27088 27
27089 27
27090 27
27091 27
27092 27
27093 27
27094 27
27095 27
27096 27
27097 27
27098 27
27099 27
27100 27
27101 27
27102 27
27103 27
27104 27
27105 27
27106 27
27107 27
27108 27
27109 27
27110 27
27111 27
27112 27
27113 27
27114 27
27115 27
27116 27
27117 27
27118 27
27119 27
27120 27
27121 27
27122 27
27123 27
27124 27
27125 27
27126 27
27127 27
27128 27
27129 27
27130 27
27131 27
27132 27
27133 27
27134 27
27135 27
27136 27
27137 27
27138 27
27139 27
27140 27
27141 27
27142 27
27143 27
27144 27
27145 27
27146 27
27147 27
27148 27
27149 27
27150 27
27151 27
27152 27
27153 27
27154 27
27155 27
27156 27
27157 27
27158 27
27159 27
27160 27
27161 27
27162 27
27163 27
27164 27
27165 27
27166 27
27167 27
27168 27
27169 27
27170 27
27171 27
27172 27
27173 27
27174 27
27175 27
27176 27
27177 27
27178 27
27179 27
27180 27
27181 27
27182 27
27183 27
27184 27
27185 27
27186 27
27187 27
27188 27
27189 27
27190 27
27191 27
27192 27
27193 27
27194 27
27195 27
27196 27
27197 27
27198 27
27199 27
27200 27
27201 27
27202 27
27203 27
27204 27
27205 27
27206 27
27207 27
27208 27
27209 27
27210 27
27211 27
27212 27
27213 27
27214 27
27215 27
27216 27
27217 27
27218 27
27219 27
27220 27
27221 27
27222 27
27223 27
27224 27
27225 27
27226 27
27227 27
27228 27
27229 27
27230 27
27231 27
27232 27
27233 27
27234 27
27235 27
27236 27
27237 27
27238 27
27239 27
27240 27
27241 27
27242 27
27243 27
27244 27
27245 27
27246 27
27247 27
27248 27
27249 27
27250 27
27251 27
27252 27
27253 27
27254 27
27255 27
27256 27
27257 27
27258 27
27259 27
27260 27
27261 27
27262 27
27263 27
27264 27
27265 27
27266 27
27267 27
27268 27
27269 27
27270 27
27271 27
27272 27
27273 27
27274 27
27275 27
27276 27
27277 27
27278 27
27279 27
27280 27
27281 27
27282 27
27283 27
27284 27
27285 27
27286 27
27287 27
27288 27
27289 27
27290 27
27291 27
27292 27
27293 27
27294 27
27295 27
27296 27
27297 27
27298 27
27299 27
27300 27
27301 27
27302 27
27303 27
27304 27
27305 27
27306 27
27307 27
27308 27
27309 27
27310 27
27311 27
27312 27
27313 27
27314 27
27315 27
27316 27
27317 27
27318 27
27319 27
27320 27
27321 27
27322 27
27323 27
27324 27
27325 27
27326 27
27327 27
27328 27
27329 27
27330 27
27331 27
27332 27
27333 27
27334 27
27335 27
27336 27
27337 27
27338 27
27339 27
27340 27
27341 27
27342 27
27343 27
27344 27
27345 27
27346 27
27347 27
27348 27
27349 27
27350 27
27351 27
27352 27
27353 27
27354 27
27355 27
27356 27
27357 27
27358 27
27359 27
27360 27
27361 27
27362 27
27363 27
27364 27
27365 27
27366 27
27367 27
27368 27
27369 27
27370 27
27371 27
27372 27
27373 27
27374 27
27375 27
27376 27
27377 27
27378 27
27379 27
27380 27
27381 27
27382 27
27383 27
27384 27
27385 27
27386 27
27387 27
27388 27
27389 27
27390 27
27391 27
27392 27
27393 27
27394 27
27395 27
27396 27
27397 27
27398 27
27399 27
27400 27
27401 27
27402 27
27403 27
27404 27
27405 27
27406 27
27407 27
27408 27
27409 27
27410 27
27411 27
27412 27
27413 27
27414 27
27415 27
27416 27
27417 27
27418 27
27419 27
27420 27
27421 27
27422 27
27423 27
27424 27
27425 27
27426 27
27427 27
27428 27
27429 27
27430 27
27431 27
27432 27
27433 27
27434 27
27435 27
27436 27
27437 27
27438 27
27439 27
27440 27
27441 27
27442 27
27443 27
27444 27
27445 27
27446 27
27447 27
27448 27
27449 27
27450 27
27451 27
27452 27
27453 27
27454 27
27455 27
27456 27
27457 27
27458 27
27459 27
27460 27
27461 27
27462 27
27463 27
27464 27
27465 27
27466 27
27467 27
27468 27
27469 27
27470 27
27471 27
27472 27
27473 27
27474 27
27475 27
27476 27
27477 27
27478 27
27479 27
27480 27
27481 27
27482 27
27483 27
27484 27
27485 27
27486 27
27487 27
27488 27
27489 27
27490 27
27491 27
27492 27
27493 27
27494 27
27495 27
27496 27
27497 27
27498 27
27499 27
27500 27
27501 27
27502 27
27503 27
27504 27
27505 27
27506 27
27507 27
27508 27
27509 27
27510 27
27511 27
27512 27
27513 27
27514 27
27515 27
27516 27
27517 27
27518 27
27519 27
27520 27
27521 27
27522 27
27523 27
27524 27
27525 27
27526 27
27527 27
27528 27
27529 27
27530 27
27531 27
27532 27
27533 27
27534 27
27535 27
27536 27
27537 27
27538 27
27539 27
27540 27
27541 27
27542 27
27543 27
27544 27
27545 27
27546 27
27547 27
27548 27
27549 27
27550 27
27551 27
27552 27
27553 27
27554 27
27555 27
27556 27
27557 27
27558 27
27559 27
27560 27
27561 27
27562 27
27563 27
27564 27
27565 27
27566 27
27567 27
27568 27
27569 27
27570 27
27571 27
27572 27
27573 27
27574 27
27575 27
27576 27
27577 27
27578 27
27579 27
27580 27
27581 27
27582 27
27583 27
27584 27
27585 27
27586 27
27587 27
27588 27
27589 27
27590 27
27591 27
27592 27
27593 27
27594 27
27595 27
27596 27
27597 27
27598 27
27599 27
27600 27
27601 27
27602 27
27603 27
27604 27
27605 27
27606 27
27607 27
27608 27
27609 27
27610 27
27611 27
27612 27
27613 27
27614 27
27615 27
27616 27
27617 27
27618 27
27619 27
27620 27
27621 27
27622 27
27623 27
27624 27
27625 27
27626 27
27627 27
27628 27
27629 27
27630 27
27631 27
27632 27
27633 27
27634 27
27635 27
27636 27
27637 27
27638 27
27639 27
27640 27
27641 27
27642 27
27643 27
27644 27
27645 27
27646 27
27647 27
27648 27
27649 27
27650 27
27651 27
27652 27
27653 27
27654 27
27655 27
27656 27
27657 27
27658 27
27659 27
27660 27
27661 27
27662 27
27663 27
27664 27
27665 27
27666 27
27667 27
27668 27
27669 27
27670 27
27671 27
27672 27
27673 27
27674 27
27675 27
27676 27
27677 27
27678 27
27679 27
27680 27
27681 27
27682 27
27683 27
27684 27
27685 27
27686 27
27687 27
27688 27
27689 27
27690 27
27691 27
27692 27
27693 27
27694 27
27695 27
27696 27
27697 27
27698 27
27699 27
27700 27
27701 27
27702 27
27703 27
27704 27
27705 27
27706 27
27707 27
27708 27
27709 27
27710 27
27711 27
27712 27
27713 27
27714 27
27715 27
27716 27
27717 27
27718 27
27719 27
27720 27
27721 27
27722 27
27723 27
27724 27
27725 27
27726 27
27727 27
27728 27
27729 27
27730 27
27731 27
27732 27
27733 27
27734 27
27735 27
27736 27
27737 27
27738 27
27739 27
27740 27
27741 27
27742 27
27743 27
27744 27
27745 27
27746 27
27747 27
27748 27
27749 27
27750 27
27751 27
27752 27
27753 27
27754 27
27755 27
27756 27
27757 27
27758 27
27759 27
27760 27
27761 27
27762 27
27763 27
27764 27
27765 27
27766 27
27767 27
27768 27
27769 27
27770 27
27771 27
27772 27
27773 27
27774 27
27775 27
27776 27
27777 27
27778 27
27779 27
27780 27
27781 27
27782 27
27783 27
27784 27
27785 27
27786 27
27787 27
27788 27
27789 27
27790 27
27791 27
27792 27
27793 27
27794 27
27795 27
27796 27
27797 27
27798 27
27799 27
27800 27
27801 27
27802 27
27803 27
27804 27
27805 27
27806 27
27807 27
27808 27
27809 27
27810 27
27811 27
27812 27
27813 27
27814 27
27815 27
27816 27
27817 27
27818 27
27819 27
27820 27
27821 27
27822 27
27823 27
27824 27
27825 27
27826 27
27827 27
27828 27
27829 27
27830 27
27831 27
27832 27
27833 27
27834 27
27835 27
27836 27
27837 27
27838 27
27839 27
27840 27
27841 27
27842 27
27843 27
27844 27
27845 27
27846 27
27847 27
27848 27
27849 27
27850 27
27851 27
27852 27
27853 27
27854 27
27855 27
27856 27
27857 27
27858 27
27859 27
27860 27
27861 27
27862 27
27863 27
27864 27
27865 27
27866 27
27867 27
27868 27
27869 27
27870 27
27871 27
27872 27
27873 27
27874 27
27875 27
27876 27
27877 27
27878 27
27879 27
27880 27
27881 27
27882 27
27883 27
27884 27
27885 27
27886 27
27887 27
27888 27
27889 27
27890 27
27891 27
27892 27
27893 27
27894 27
27895 27
27896 27
27897 27
27898 27
27899 27
27900 27
27901 27
27902 27
27903 27
27904 27
27905 27
27906 27
27907 27
27908 27
27909 27
27910 27
27911 27
27912 27
27913 27
27914 27
27915 27
27916 27
27917 27
27918 27
27919 27
27920 27
27921 27
27922 27
27923 27
27924 27
27925 27
27926 27
27927 27
27928 27
27929 27
27930 27
27931 27
27932 27
27933 27
27934 27
27935 27
27936 27
27937 27
27938 27
27939 27
27940 27
27941 27
27942 27
27943 27
27944 27
27945 27
27946 27
27947 27
27948 27
27949 27
27950 27
27951 27
27952 27
27953 27
27954 27
27955 27
27956 27
27957 27
27958 27
27959 27
27960 27
27961 27
27962 27
27963 27
27964 27
27965 27
27966 27
27967 27
27968 27
27969 27
27970 27
27971 27
27972 27
27973 27
27974 27
27975 27
27976 27
27977 27
27978 27
27979 27
27980 27
27981 27
27982 27
27983 27
27984 27
27985 27
27986 27
27987 27
27988 27
27989 27
27990 27
27991 27
27992 27
27993 27
27994 27
27995 27
27996 27
27997 27
27998 27
27999 27
28000 28
28001 28
28002 28
28003 28
28004 28
28005 28
28006 28
28007 28
28008 28
28009 28
28010 28
28011 28
28012 28
28013 28
28014 28
28015 28
28016 28
28017 28
28018 28
28019 28
28020 28
28021 28
28022 28
28023 28
28024 28
28025 28
28026 28
28027 28
28028 28
28029 28
28030 28
28031 28
28032 28
28033 28
28034 28
28035 28
28036 28
28037 28
28038 28
28039 28
28040 28
28041 28
28042 28
28043 28
28044 28
28045 28
28046 28
28047 28
28048 28
28049 28
28050 28
28051 28
28052 28
28053 28
28054 28
28055 28
28056 28
28057 28
28058 28
28059 28
28060 28
28061 28
28062 28
28063 28
28064 28
28065 28
28066 28
28067 28
28068 28
28069 28
28070 28
28071 28
28072 28
28073 28
28074 28
28075 28
28076 28
28077 28
28078 28
28079 28
28080 28
28081 28
28082 28
28083 28
28084 28
28085 28
28086 28
28087 28
28088 28
28089 28
28090 28
28091 28
28092 28
28093 28
28094 28
28095 28
28096 28
28097 28
28098 28
28099 28
28100 28
28101 28
28102 28
28103 28
28104 28
28105 28
28106 28
28107 28
28108 28
28109 28
28110 28
28111 28
28112 28
28113 28
28114 28
28115 28
28116 28
28117 28
28118 28
28119 28
28120 28
28121 28
28122 28
28123 28
28124 28
28125 28
28126 28
28127 28
28128 28
28129 28
28130 28
28131 28
28132 28
28133 28
28134 28
28135 28
28136 28
28137 28
28138 28
28139 28
28140 28
28141 28
28142 28
28143 28
28144 28
28145 28
28146 28
28147 28
28148 28
28149 28
28150 28
28151 28
28152 28
28153 28
28154 28
28155 28
28156 28
28157 28
28158 28
28159 28
28160 28
28161 28
28162 28
28163 28
28164 28
28165 28
28166 28
28167 28
28168 28
28169 28
28170 28
28171 28
28172 28
28173 28
28174 28
28175 28
28176 28
28177 28
28178 28
28179 28
28180 28
28181 28
28182 28
28183 28
28184 28
28185 28
28186 28
28187 28
28188 28
28189 28
28190 28
28191 28
28192 28
28193 28
28194 28
28195 28
28196 28
28197 28
28198 28
28199 28
28200 28
28201 28
28202 28
28203 28
28204 28
28205 28
28206 28
28207 28
28208 28
28209 28
28210 28
28211 28
28212 28
28213 28
28214 28
28215 28
28216 28
28217 28
28218 28
28219 28
28220 28
28221 28
28222 28
28223 28
28224 28
28225 28
28226 28
28227 28
28228 28
28229 28
28230 28
28231 28
28232 28
28233 28
28234 28
28235 28
28236 28
28237 28
28238 28
28239 28
28240 28
28241 28
28242 28
28243 28
28244 28
28245 28
28246 28
28247 28
28248 28
28249 28
28250 28
28251 28
28252 28
28253 28
28254 28
28255 28
28256 28
28257 28
28258 28
28259 28
28260 28
28261 28
28262 28
28263 28
28264 28
28265 28
28266 28
28267 28
28268 28
28269 28
28270 28
28271 28
28272 28
28273 28
28274 28
28275 28
28276 28
28277 28
28278 28
28279 28
28280 28
28281 28
28282 28
28283 28
28284 28
28285 28
28286 28
28287 28
28288 28
28289 28
28290 28
28291 28
28292 28
28293 28
28294 28
28295 28
28296 28
28297 28
28298 28
28299 28
28300 28
28301 28
28302 28
28303 28
28304 28
28305 28
28306 28
28307 28
28308 28
28309 28
28310 28
28311 28
28312 28
28313 28
28314 28
28315 28
28316 28
28317 28
28318 28
28319 28
28320 28
28321 28
28322 28
28323 28
28324 28
28325 28
28326 28
28327 28
28328 28
28329 28
28330 28
28331 28
28332 28
28333 28
28334 28
28335 28
28336 28
28337 28
28338 28
28339 28
28340 28
28341 28
28342 28
28343 28
28344 28
28345 28
28346 28
28347 28
28348 28
28349 28
28350 28
28351 28
28352 28
28353 28
28354 28
28355 28
28356 28
28357 28
28358 28
28359 28
28360 28
28361 28
28362 28
28363 28
28364 28
28365 28
28366 28
28367 28
28368 28
28369 28
28370 28
28371 28
28372 28
28373 28
28374 28
28375 28
28376 28
28377 28
28378 28
28379 28
28380 28
28381 28
28382 28
28383 28
28384 28
28385 28
28386 28
28387 28
28388 28
28389 28
28390 28
28391 28
28392 28
28393 28
28394 28
28395 28
28396 28
28397 28
28398 28
28399 28
28400 28
28401 28
28402 28
28403 28
28404 28
28405 28
28406 28
28407 28
28408 28
28409 28
28410 28
28411 28
28412 28
28413 28
28414 28
28415 28
28416 28
28417 28
28418 28
28419 28
28420 28
28421 28
28422 28
28423 28
28424 28
28425 28
28426 28
28427 28
28428 28
28429 28
28430 28
28431 28
28432 28
28433 28
28434 28
28435 28
28436 28
28437 28
28438 28
28439 28
28440 28
28441 28
28442 28
28443 28
28444 28
28445 28
28446 28
28447 28
28448 28
28449 28
28450 28
28451 28
28452 28
28453 28
28454 28
28455 28
28456 28
28457 28
28458 28
28459 28
28460 28
28461 28
28462 28
28463 28
28464 28
28465 28
28466 28
28467 28
28468 28
28469 28
28470 28
28471 28
28472 28
28473 28
28474 28
28475 28
28476 28
28477 28
28478 28
28479 28
28480 28
28481 28
28482 28
28483 28
28484 28
28485 28
28486 28
28487 28
28488 28
28489 28
28490 28
28491 28
28492 28
28493 28
28494 28
28495 28
28496 28
28497 28
28498 28
28499 28
28500 28
28501 28
28502 28
28503 28
28504 28
28505 28
28506 28
28507 28
28508 28
28509 28
28510 28
28511 28
28512 28
28513 28
28514 28
28515 28
28516 28
28517 28
28518 28
28519 28
28520 28
28521 28
28522 28
28523 28
28524 28
28525 28
28526 28
28527 28
28528 28
28529 28
28530 28
28531 28
28532 28
28533 28
28534 28
28535 28
28536 28
28537 28
28538 28
28539 28
28540 28
28541 28
28542 28
28543 28
28544 28
28545 28
28546 28
28547 28
28548 28
28549 28
28550 28
28551 28
28552 28
28553 28
28554 28
28555 28
28556 28
28557 28
28558 28
28559 28
28560 28
28561 28
28562 28
28563 28
28564 28
28565 28
28566 28
28567 28
28568 28
28569 28
28570 28
28571 28
28572 28
28573 28
28574 28
28575 28
28576 28
28577 28
28578 28
28579 28
28580 28
28581 28
28582 28
28583 28
28584 28
28585 28
28586 28
28587 28
28588 28
28589 28
28590 28
28591 28
28592 28
28593 28
28594 28
28595 28
28596 28
28597 28
28598 28
28599 28
28600 28
28601 28
28602 28
28603 28
28604 28
28605 28
28606 28
28607 28
28608 28
28609 28
28610 28
28611 28
28612 28
28613 28
28614 28
28615 28
28616 28
28617 28
28618 28
28619 28
28620 28
28621 28
28622 28
28623 28
28624 28
28625 28
28626 28
28627 28
28628 28
28629 28
28630 28
28631 28
28632 28
28633 28
28634 28
28635 28
28636 28
28637 28
28638 28
28639 28
28640 28
28641 28
28642 28
28643 28
28644 28
28645 28
28646 28
28647 28
28648 28
28649 28
28650 28
28651 28
28652 28
28653 28
28654 28
28655 28
28656 28
28657 28
28658 28
28659 28
28660 28
28661 28
28662 28
28663 28
28664 28
28665 28
28666 28
28667 28
28668 28
28669 28
28670 28
28671 28
28672 28
28673 28
28674 28
28675 28
28676 28
28677 28
28678 28
28679 28
28680 28
28681 28
28682 28
28683 28
28684 28
28685 28
28686 28
28687 28
28688 28
28689 28
28690 28
28691 28
28692 28
28693 28
28694 28
28695 28
28696 28
28697 28
28698 28
28699 28
28700 28
28701 28
28702 28
28703 28
28704 28
28705 28
28706 28
28707 28
28708 28
28709 28
28710 28
28711 28
28712 28
28713 28
28714 28
28715 28
28716 28
28717 28
28718 28
28719 28
28720 28
28721 28
28722 28
28723 28
28724 28
28725 28
28726 28
28727 28
28728 28
28729 28
28730 28
28731 28
28732 28
28733 28
28734 28
28735 28
28736 28
28737 28
28738 28
28739 28
28740 28
28741 28
28742 28
28743 28
28744 28
28745 28
28746 28
28747 28
28748 28
28749 28
28750 28
28751 28
28752 28
28753 28
28754 28
28755 28
28756 28
28757 28
28758 28
28759 28
28760 28
28761 28
28762 28
28763 28
28764 28
28765 28
28766 28
28767 28
28768 28
28769 28
28770 28
28771 28
28772 28
28773 28
28774 28
28775 28
28776 28
28777 28
28778 28
28779 28
28780 28
28781 28
28782 28
28783 28
28784 28
28785 28
28786 28
28787 28
28788 28
28789 28
28790 28
28791 28
28792 28
28793 28
28794 28
28795 28
28796 28
28797 28
28798 28
28799 28
28800 28
28801 28
28802 28
28803 28
28804 28
28805 28
28806 28
28807 28
28808 28
28809 28
28810 28
28811 28
28812 28
28813 28
28814 28
28815 28
28816 28
28817 28
28818 28
28819 28
28820 28
28821 28
28822 28
28823 28
28824 28
28825 28
28826 28
28827 28
28828 28
28829 28
28830 28
28831 28
28832 28
28833 28
28834 28
28835 28
28836 28
28837 28
28838 28
28839 28
28840 28
28841 28
28842 28
28843 28
28844 28
28845 28
28846 28
28847 28
28848 28
28849 28
28850 28
28851 28
28852 28
28853 28
28854 28
28855 28
28856 28
28857 28
28858 28
28859 28
28860 28
28861 28
28862 28
28863 28
28864 28
28865 28
28866 28
28867 28
28868 28
28869 28
28870 28
28871 28
28872 28
28873 28
28874 28
28875 28
28876 28
28877 28
28878 28
28879 28
28880 28
28881 28
28882 28
28883 28
28884 28
28885 28
28886 28
28887 28
28888 28
28889 28
28890 28
28891 28
28892 28
28893 28
28894 28
28895 28
28896 28
28897 28
28898 28
28899 28
28900 28
28901 28
28902 28
28903 28
28904 28
28905 28
28906 28
28907 28
28908 28
28909 28
28910 28
28911 28
28912 28
28913 28
28914 28
28915 28
28916 28
28917 28
28918 28
28919 28
28920 28
28921 28
28922 28
28923 28
28924 28
28925 28
28926 28
28927 28
28928 28
28929 28
28930 28
28931 28
28932 28
28933 28
28934 28
28935 28
28936 28
28937 28
28938 28
28939 28
28940 28
28941 28
28942 28
28943 28
28944 28
28945 28
28946 28
28947 28
28948 28
28949 28
28950 28
28951 28
28952 28
28953 28
28954 28
28955 28
28956 28
28957 28
28958 28
28959 28
28960 28
28961 28
28962 28
28963 28
28964 28
28965 28
28966 28
28967 28
28968 28
28969 28
28970 28
28971 28
28972 28
28973 28
28974 28
28975 28
28976 28
28977 28
28978 28
28979 28
28980 28
28981 28
28982 28
28983 28
28984 28
28985 28
28986 28
28987 28
28988 28
28989 28
28990 28
28991 28
28992 28
28993 28
28994 28
28995 28
28996 28
28997 28
28998 28
28999 28
29000 29
29001 29
29002 29
29003 29
29004 29
29005 29
29006 29
29007 29
29008 29
29009 29
29010 29
29011 29
29012 29
29013 29
29014 29
29015 29
29016 29
29017 29
29018 29
29019 29
29020 29
29021 29
29022 29
29023 29
29024 29
29025 29
29026 29
29027 29
29028 29
29029 29
29030 29
29031 29
29032 29
29033 29
29034 29
29035 29
29036 29
29037 29
29038 29
29039 29
29040 29
29041 29
29042 29
29043 29
29044 29
29045 29
29046 29
29047 29
29048 29
29049 29
29050 29
29051 29
29052 29
29053 29
29054 29
29055 29
29056 29
29057 29
29058 29
29059 29
29060 29
29061 29
29062 29
29063 29
29064 29
29065 29
29066 29
29067 29
29068 29
29069 29
29070 29
29071 29
29072 29
29073 29
29074 29
29075 29
29076 29
29077 29
29078 29
29079 29
29080 29
29081 29
29082 29
29083 29
29084 29
29085 29
29086 29
29087 29
29088 29
29089 29
29090 29
29091 29
29092 29
29093 29
29094 29
29095 29
29096 29
29097 29
29098 29
29099 29
29100 29
29101 29
29102 29
29103 29
29104 29
29105 29
29106 29
29107 29
29108 29
29109 29
29110 29
29111 29
29112 29
29113 29
29114 29
29115 29
29116 29
29117 29
29118 29
29119 29
29120 29
29121 29
29122 29
29123 29
29124 29
29125 29
29126 29
29127 29
29128 29
29129 29
29130 29
29131 29
29132 29
29133 29
29134 29
29135 29
29136 29
29137 29
29138 29
29139 29
29140 29
29141 29
29142 29
29143 29
29144 29
29145 29
29146 29
29147 29
29148 29
29149 29
29150 29
29151 29
29152 29
29153 29
29154 29
29155 29
29156 29
29157 29
29158 29
29159 29
29160 29
29161 29
29162 29
29163 29
29164 29
29165 29
29166 29
29167 29
29168 29
29169 29
29170 29
29171 29
29172 29
29173 29
29174 29
29175 29
29176 29
29177 29
29178 29
29179 29
29180 29
29181 29
29182 29
29183 29
29184 29
29185 29
29186 29
29187 29
29188 29
29189 29
29190 29
29191 29
29192 29
29193 29
29194 29
29195 29
29196 29
29197 29
29198 29
29199 29
29200 29
29201 29
29202 29
29203 29
29204 29
29205 29
29206 29
29207 29
29208 29
29209 29
29210 29
29211 29
29212 29
29213 29
29214 29
29215 29
29216 29
29217 29
29218 29
29219 29
29220 29
29221 29
29222 29
29223 29
29224 29
29225 29
29226 29
29227 29
29228 29
29229 29
29230 29
29231 29
29232 29
29233 29
29234 29
29235 29
29236 29
29237 29
29238 29
29239 29
29240 29
29241 29
29242 29
29243 29
29244 29
29245 29
29246 29
29247 29
29248 29
29249 29
29250 29
29251 29
29252 29
29253 29
29254 29
29255 29
29256 29
29257 29
29258 29
29259 29
29260 29
29261 29
29262 29
29263 29
29264 29
29265 29
29266 29
29267 29
29268 29
29269 29
29270 29
29271 29
29272 29
29273 29
29274 29
29275 29
29276 29
29277 29
29278 29
29279 29
29280 29
29281 29
29282 29
29283 29
29284 29
29285 29
29286 29
29287 29
29288 29
29289 29
29290 29
29291 29
29292 29
29293 29
29294 29
29295 29
29296 29
29297 29
29298 29
29299 29
29300 29
29301 29
29302 29
29303 29
29304 29
29305 29
29306 29
29307 29
29308 29
29309 29
29310 29
29311 29
29312 29
29313 29
29314 29
29315 29
29316 29
29317 29
29318 29
29319 29
29320 29
29321 29
29322 29
29323 29
29324 29
29325 29
29326 29
29327 29
29328 29
29329 29
29330 29
29331 29
29332 29
29333 29
29334 29
29335 29
29336 29
29337 29
29338 29
29339 29
29340 29
29341 29
29342 29
29343 29
29344 29
29345 29
29346 29
29347 29
29348 29
29349 29
29350 29
29351 29
29352 29
29353 29
29354 29
29355 29
29356 29
29357 29
29358 29
29359 29
29360 29
29361 29
29362 29
29363 29
29364 29
29365 29
29366 29
29367 29
29368 29
29369 29
29370 29
29371 29
29372 29
29373 29
29374 29
29375 29
29376 29
29377 29
29378 29
29379 29
29380 29
29381 29
29382 29
29383 29
29384 29
29385 29
29386 29
29387 29
29388 29
29389 29
29390 29
29391 29
29392 29
29393 29
29394 29
29395 29
29396 29
29397 29
29398 29
29399 29
29400 29
29401 29
29402 29
29403 29
29404 29
29405 29
29406 29
29407 29
29408 29
29409 29
29410 29
29411 29
29412 29
29413 29
29414 29
29415 29
29416 29
29417 29
29418 29
29419 29
29420 29
29421 29
29422 29
29423 29
29424 29
29425 29
29426 29
29427 29
29428 29
29429 29
29430 29
29431 29
29432 29
29433 29
29434 29
29435 29
29436 29
29437 29
29438 29
29439 29
29440 29
29441 29
29442 29
29443 29
29444 29
29445 29
29446 29
29447 29
29448 29
29449 29
29450 29
29451 29
29452 29
29453 29
29454 29
29455 29
29456 29
29457 29
29458 29
29459 29
29460 29
29461 29
29462 29
29463 29
29464 29
29465 29
29466 29
29467 29
29468 29
29469 29
29470 29
29471 29
29472 29
29473 29
29474 29
29475 29
29476 29
29477 29
29478 29
29479 29
29480 29
29481 29
29482 29
29483 29
29484 29
29485 29
29486 29
29487 29
29488 29
29489 29
29490 29
29491 29
29492 29
29493 29
29494 29
29495 29
29496 29
29497 29
29498 29
29499 29
29500 29
29501 29
29502 29
29503 29
29504 29
29505 29
29506 29
29507 29
29508 29
29509 29
29510 29
29511 29
29512 29
29513 29
29514 29
29515 29
29516 29
29517 29
29518 29
29519 29
29520 29
29521 29
29522 29
29523 29
29524 29
29525 29
29526 29
29527 29
29528 29
29529 29
29530 29
29531 29
29532 29
29533 29
29534 29
29535 29
29536 29
29537 29
29538 29
29539 29
29540 29
29541 29
29542 29
29543 29
29544 29
29545 29
29546 29
29547 29
29548 29
29549 29
29550 29
29551 29
29552 29
29553 29
29554 29
29555 29
29556 29
29557 29
29558 29
29559 29
29560 29
29561 29
29562 29
29563 29
29564 29
29565 29
29566 29
29567 29
29568 29
29569 29
29570 29
29571 29
29572 29
29573 29
29574 29
29575 29
29576 29
29577 29
29578 29
29579 29
29580 29
29581 29
29582 29
29583 29
29584 29
29585 29
29586 29
29587 29
29588 29
29589 29
29590 29
29591 29
29592 29
29593 29
29594 29
29595 29
29596 29
29597 29
29598 29
29599 29
29600 29
29601 29
29602 29
29603 29
29604 29
29605 29
29606 29
29607 29
29608 29
29609 29
29610 29
29611 29
29612 29
29613 29
29614 29
29615 29
29616 29
29617 29
29618 29
29619 29
29620 29
29621 29
29622 29
29623 29
29624 29
29625 29
29626 29
29627 29
29628 29
29629 29
29630 29
29631 29
29632 29
29633 29
29634 29
29635 29
29636 29
29637 29
29638 29
29639 29
29640 29
29641 29
29642 29
29643 29
29644 29
29645 29
29646 29
29647 29
29648 29
29649 29
29650 29
29651 29
29652 29
29653 29
29654 29
29655 29
29656 29
29657 29
29658 29
29659 29
29660 29
29661 29
29662 29
29663 29
29664 29
29665 29
29666 29
29667 29
29668 29
29669 29
29670 29
29671 29
29672 29
29673 29
29674 29
29675 29
29676 29
29677 29
29678 29
29679 29
29680 29
29681 29
29682 29
29683 29
29684 29
29685 29
29686 29
29687 29
29688 29
29689 29
29690 29
29691 29
29692 29
29693 29
29694 29
29695 29
29696 29
29697 29
29698 29
29699 29
29700 29
29701 29
29702 29
29703 29
29704 29
29705 29
29706 29
29707 29
29708 29
29709 29
29710 29
29711 29
29712 29
29713 29
29714 29
29715 29
29716 29
29717 29
29718 29
29719 29
29720 29
29721 29
29722 29
29723 29
29724 29
29725 29
29726 29
29727 29
29728 29
29729 29
29730 29
29731 29
29732 29
29733 29
29734 29
29735 29
29736 29
29737 29
29738 29
29739 29
29740 29
29741 29
29742 29
29743 29
29744 29
29745 29
29746 29
29747 29
29748 29
29749 29
29750 29
29751 29
29752 29
29753 29
29754 29
29755 29
29756 29
29757 29
29758 29
29759 29
29760 29
29761 29
29762 29
29763 29
29764 29
29765 29
29766 29
29767 29
29768 29
29769 29
29770 29
29771 29
29772 29
29773 29
29774 29
29775 29
29776 29
29777 29
29778 29
29779 29
29780 29
29781 29
29782 29
29783 29
29784 29
29785 29
29786 29
29787 29
29788 29
29789 29
29790 29
29791 29
29792 29
29793 29
29794 29
29795 29
29796 29
29797 29
29798 29
29799 29
29800 29
29801 29
29802 29
29803 29
29804 29
29805 29
29806 29
29807 29
29808 29
29809 29
29810 29
29811 29
29812 29
29813 29
29814 29
29815 29
29816 29
29817 29
29818 29
29819 29
29820 29
29821 29
29822 29
29823 29
29824 29
29825 29
29826 29
29827 29
29828 29
29829 29
29830 29
29831 29
29832 29
29833 29
29834 29
29835 29
29836 29
29837 29
29838 29
29839 29
29840 29
29841 29
29842 29
29843 29
29844 29
29845 29
29846 29
29847 29
29848 29
29849 29
29850 29
29851 29
29852 29
29853 29
29854 29
29855 29
29856 29
29857 29
29858 29
29859 29
29860 29
29861 29
29862 29
29863 29
29864 29
29865 29
29866 29
29867 29
29868 29
29869 29
29870 29
29871 29
29872 29
29873 29
29874 29
29875 29
29876 29
29877 29
29878 29
29879 29
29880 29
29881 29
29882 29
29883 29
29884 29
29885 29
29886 29
29887 29
29888 29
29889 29
29890 29
29891 29
29892 29
29893 29
29894 29
29895 29
29896 29
29897 29
29898 29
29899 29
29900 29
29901 29
29902 29
29903 29
29904 29
29905 29
29906 29
29907 29
29908 29
29909 29
29910 29
29911 29
29912 29
29913 29
29914 29
29915 29
29916 29
29917 29
29918 29
29919 29
29920 29
29921 29
29922 29
29923 29
29924 29
29925 29
29926 29
29927 29
29928 29
29929 29
29930 29
29931 29
29932 29
29933 29
29934 29
29935 29
29936 29
29937 29
29938 29
29939 29
29940 29
29941 29
29942 29
29943 29
29944 29
29945 29
29946 29
29947 29
29948 29
29949 29
29950 29
29951 29
29952 29
29953 29
29954 29
29955 29
29956 29
29957 29
29958 29
29959 29
29960 29
29961 29
29962 29
29963 29
29964 29
29965 29
29966 29
29967 29
29968 29
29969 29
29970 29
29971 29
29972 29
29973 29
29974 29
29975 29
29976 29
29977 29
29978 29
29979 29
29980 29
29981 29
29982 29
29983 29
29984 29
29985 29
29986 29
29987 29
29988 29
29989 29
29990 29
29991 29
29992 29
29993 29
29994 29
29995 29
29996 29
29997 29
29998 29
29999 29
30000 30
30001 30
30002 30
30003 30
30004 30
30005 30
30006 30
30007 30
30008 30
30009 30
30010 30
30011 30
30012 30
30013 30
30014 30
30015 30
30016 30
30017 30
30018 30
30019 30
30020 30
30021 30
30022 30
30023 30
30024 30
30025 30
30026 30
30027 30
30028 30
30029 30
30030 30
30031 30
30032 30
30033 30
30034 30
30035 30
30036 30
30037 30
30038 30
30039 30
30040 30
30041 30
30042 30
30043 30
30044 30
30045 30
30046 30
30047 30
30048 30
30049 30
30050 30
30051 30
30052 30
30053 30
30054 30
30055 30
30056 30
30057 30
30058 30
30059 30
30060 30
30061 30
30062 30
30063 30
30064 30
30065 30
30066 30
30067 30
30068 30
30069 30
30070 30
30071 30
30072 30
30073 30
30074 30
30075 30
30076 30
30077 30
30078 30
30079 30
30080 30
30081 30
30082 30
30083 30
30084 30
30085 30
30086 30
30087 30
30088 30
30089 30
30090 30
30091 30
30092 30
30093 30
30094 30
30095 30
30096 30
30097 30
30098 30
30099 30
30100 30
30101 30
30102 30
30103 30
30104 30
30105 30
30106 30
30107 30
30108 30
30109 30
30110 30
30111 30
30112 30
30113 30
30114 30
30115 30
30116 30
30117 30
30118 30
30119 30
30120 30
30121 30
30122 30
30123 30
30124 30
30125 30
30126 30
30127 30
30128 30
30129 30
30130 30
30131 30
30132 30
30133 30
30134 30
30135 30
30136 30
30137 30
30138 30
30139 30
30140 30
30141 30
30142 30
30143 30
30144 30
30145 30
30146 30
30147 30
30148 30
30149 30
30150 30
30151 30
30152 30
30153 30
30154 30
30155 30
30156 30
30157 30
30158 30
30159 30
30160 30
30161 30
30162 30
30163 30
30164 30
30165 30
30166 30
30167 30
30168 30
30169 30
30170 30
30171 30
30172 30
30173 30
30174 30
30175 30
30176 30
30177 30
30178 30
30179 30
30180 30
30181 30
30182 30
30183 30
30184 30
30185 30
30186 30
30187 30
30188 30
30189 30
30190 30
30191 30
30192 30
30193 30
30194 30
30195 30
30196 30
30197 30
30198 30
30199 30
30200 30
30201 30
30202 30
30203 30
30204 30
30205 30
30206 30
30207 30
30208 30
30209 30
30210 30
30211 30
30212 30
30213 30
30214 30
30215 30
30216 30
30217 30
30218 30
30219 30
30220 30
30221 30
30222 30
30223 30
30224 30
30225 30
30226 30
30227 30
30228 30
30229 30
30230 30
30231 30
30232 30
30233 30
30234 30
30235 30
30236 30
30237 30
30238 30
30239 30
30240 30
30241 30
30242 30
30243 30
30244 30
30245 30
30246 30
30247 30
30248 30
30249 30
30250 30
30251 30
30252 30
30253 30
30254 30
30255 30
30256 30
30257 30
30258 30
30259 30
30260 30
30261 30
30262 30
30263 30
30264 30
30265 30
30266 30
30267 30
30268 30
30269 30
30270 30
30271 30
30272 30
30273 30
30274 30
30275 30
30276 30
30277 30
30278 30
30279 30
30280 30
30281 30
30282 30
30283 30
30284 30
30285 30
30286 30
30287 30
30288 30
30289 30
30290 30
30291 30
30292 30
30293 30
30294 30
30295 30
30296 30
30297 30
30298 30
30299 30
30300 30
30301 30
30302 30
30303 30
30304 30
30305 30
30306 30
30307 30
30308 30
30309 30
30310 30
30311 30
30312 30
30313 30
30314 30
30315 30
30316 30
30317 30
30318 30
30319 30
30320 30
30321 30
30322 30
30323 30
30324 30
30325 30
30326 30
30327 30
30328 30
30329 30
30330 30
30331 30
30332 30
30333 30
30334 30
30335 30
30336 30
30337 30
30338 30
30339 30
30340 30
30341 30
30342 30
30343 30
30344 30
30345 30
30346 30
30347 30
30348 30
30349 30
30350 30
30351 30
30352 30
30353 30
30354 30
30355 30
30356 30
30357 30
30358 30
30359 30
30360 30
30361 30
30362 30
30363 30
30364 30
30365 30
30366 30
30367 30
30368 30
30369 30
30370 30
30371 30
30372 30
30373 30
30374 30
30375 30
30376 30
30377 30
30378 30
30379 30
30380 30
30381 30
30382 30
30383 30
30384 30
30385 30
30386 30
30387 30
30388 30
30389 30
30390 30
30391 30
30392 30
30393 30
30394 30
30395 30
30396 30
30397 30
30398 30
30399 30
30400 30
30401 30
30402 30
30403 30
30404 30
30405 30
30406 30
30407 30
30408 30
30409 30
30410 30
30411 30
30412 30
30413 30
30414 30
30415 30
30416 30
30417 30
30418 30
30419 30
30420 30
30421 30
30422 30
30423 30
30424 30
30425 30
30426 30
30427 30
30428 30
30429 30
30430 30
30431 30
30432 30
30433 30
30434 30
30435 30
30436 30
30437 30
30438 30
30439 30
30440 30
30441 30
30442 30
30443 30
30444 30
30445 30
30446 30
30447 30
30448 30
30449 30
30450 30
30451 30
30452 30
30453 30
30454 30
30455 30
30456 30
30457 30
30458 30
30459 30
30460 30
30461 30
30462 30
30463 30
30464 30
30465 30
30466 30
30467 30
30468 30
30469 30
30470 30
30471 30
30472 30
30473 30
30474 30
30475 30
30476 30
30477 30
30478 30
30479 30
30480 30
30481 30
30482 30
30483 30
30484 30
30485 30
30486 30
30487 30
30488 30
30489 30
30490 30
30491 30
30492 30
30493 30
30494 30
30495 30
30496 30
30497 30
30498 30
30499 30
30500 30
30501 30
30502 30
30503 30
30504 30
30505 30
30506 30
30507 30
30508 30
30509 30
30510 30
30511 30
30512 30
30513 30
30514 30
30515 30
30516 30
30517 30
30518 30
30519 30
30520 30
30521 30
30522 30
30523 30
30524 30
30525 30
30526 30
30527 30
30528 30
30529 30
30530 30
30531 30
30532 30
30533 30
30534 30
30535 30
30536 30
30537 30
30538 30
30539 30
30540 30
30541 30
30542 30
30543 30
30544 30
30545 30
30546 30
30547 30
30548 30
30549 30
30550 30
30551 30
30552 30
30553 30
30554 30
30555 30
30556 30
30557 30
30558 30
30559 30
30560 30
30561 30
30562 30
30563 30
30564 30
30565 30
30566 30
30567 30
30568 30
30569 30
30570 30
30571 30
30572 30
30573 30
30574 30
30575 30
30576 30
30577 30
30578 30
30579 30
30580 30
30581 30
30582 30
30583 30
30584 30
30585 30
30586 30
30587 30
30588 30
30589 30
30590 30
30591 30
30592 30
30593 30
30594 30
30595 30
30596 30
30597 30
30598 30
30599 30
30600 30
30601 30
30602 30
30603 30
30604 30
30605 30
30606 30
30607 30
30608 30
30609 30
30610 30
30611 30
30612 30
30613 30
30614 30
30615 30
30616 30
30617 30
30618 30
30619 30
30620 30
30621 30
30622 30
30623 30
30624 30
30625 30
30626 30
30627 30
30628 30
30629 30
30630 30
30631 30
30632 30
30633 30
30634 30
30635 30
30636 30
30637 30
30638 30
30639 30
30640 30
30641 30
30642 30
30643 30
30644 30
30645 30
30646 30
30647 30
30648 30
30649 30
30650 30
30651 30
30652 30
30653 30
30654 30
30655 30
30656 30
30657 30
30658 30
30659 30
30660 30
30661 30
30662 30
30663 30
30664 30
30665 30
30666 30
30667 30
30668 30
30669 30
30670 30
30671 30
30672 30
30673 30
30674 30
30675 30
30676 30
30677 30
30678 30
30679 30
30680 30
30681 30
30682 30
30683 30
30684 30
30685 30
30686 30
30687 30
30688 30
30689 30
30690 30
30691 30
30692 30
30693 30
30694 30
30695 30
30696 30
30697 30
30698 30
30699 30
30700 30
30701 30
30702 30
30703 30
30704 30
30705 30
30706 30
30707 30
30708 30
30709 30
30710 30
30711 30
30712 30
30713 30
30714 30
30715 30
30716 30
30717 30
30718 30
30719 30
30720 30
30721 30
30722 30
30723 30
30724 30
30725 30
30726 30
30727 30
30728 30
30729 30
30730 30
30731 30
30732 30
30733 30
30734 30
30735 30
30736 30
30737 30
30738 30
30739 30
30740 30
30741 30
30742 30
30743 30
30744 30
30745 30
30746 30
30747 30
30748 30
30749 30
30750 30
30751 30
30752 30
30753 30
30754 30
30755 30
30756 30
30757 30
30758 30
30759 30
30760 30
30761 30
30762 30
30763 30
30764 30
30765 30
30766 30
30767 30
30768 30
30769 30
30770 30
30771 30
30772 30
30773 30
30774 30
30775 30
30776 30
30777 30
30778 30
30779 30
30780 30
30781 30
30782 30
30783 30
30784 30
30785 30
30786 30
30787 30
30788 30
30789 30
30790 30
30791 30
30792 30
30793 30
30794 30
30795 30
30796 30
30797 30
30798 30
30799 30
30800 30
30801 30
30802 30
30803 30
30804 30
30805 30
30806 30
30807 30
30808 30
30809 30
30810 30
30811 30
30812 30
30813 30
30814 30
30815 30
30816 30
30817 30
30818 30
30819 30
30820 30
30821 30
30822 30
30823 30
30824 30
30825 30
30826 30
30827 30
30828 30
30829 30
30830 30
30831 30
30832 30
30833 30
30834 30
30835 30
30836 30
30837 30
30838 30
30839 30
30840 30
30841 30
30842 30
30843 30
30844 30
30845 30
30846 30
30847 30
30848 30
30849 30
30850 30
30851 30
30852 30
30853 30
30854 30
30855 30
30856 30
30857 30
30858 30
30859 30
30860 30
30861 30
30862 30
30863 30
30864 30
30865 30
30866 30
30867 30
30868 30
30869 30
30870 30
30871 30
30872 30
30873 30
30874 30
30875 30
30876 30
30877 30
30878 30
30879 30
30880 30
30881 30
30882 30
30883 30
30884 30
30885 30
30886 30
30887 30
30888 30
30889 30
30890 30
30891 30
30892 30
30893 30
30894 30
30895 30
30896 30
30897 30
30898 30
30899 30
30900 30
30901 30
30902 30
30903 30
30904 30
30905 30
30906 30
30907 30
30908 30
30909 30
30910 30
30911 30
30912 30
30913 30
30914 30
30915 30
30916 30
30917 30
30918 30
30919 30
30920 30
30921 30
30922 30
30923 30
30924 30
30925 30
30926 30
30927 30
30928 30
30929 30
30930 30
30931 30
30932 30
30933 30
30934 30
30935 30
30936 30
30937 30
30938 30
30939 30
30940 30
30941 30
30942 30
30943 30
30944 30
30945 30
30946 30
30947 30
30948 30
30949 30
30950 30
30951 30
30952 30
30953 30
30954 30
30955 30
30956 30
30957 30
30958 30
30959 30
30960 30
30961 30
30962 30
30963 30
30964 30
30965 30
30966 30
30967 30
30968 30
30969 30
30970 30
30971 30
30972 30
30973 30
30974 30
30975 30
30976 30
30977 30
30978 30
30979 30
30980 30
30981 30
30982 30
30983 30
30984 30
30985 30
30986 30
30987 30
30988 30
30989 30
30990 30
30991 30
30992 30
30993 30
30994 30
30995 30
30996 30
30997 30
30998 30
30999 30
31000 31
31001 31
31002 31
31003 31
31004 31
31005 31
31006 31
31007 31
31008 31
31009 31
31010 31
31011 31
31012 31
31013 31
31014 31
31015 31
31016 31
31017 31
31018 31
31019 31
31020 31
31021 31
31022 31
31023 31
31024 31
31025 31
31026 31
31027 31
31028 31
31029 31
31030 31
31031 31
31032 31
31033 31
31034 31
31035 31
31036 31
31037 31
31038 31
31039 31
31040 31
31041 31
31042 31
31043 31
31044 31
31045 31
31046 31
31047 31
31048 31
31049 31
31050 31
31051 31
31052 31
31053 31
31054 31
31055 31
31056 31
31057 31
31058 31
31059 31
31060 31
31061 31
31062 31
31063 31
31064 31
31065 31
31066 31
31067 31
31068 31
31069 31
31070 31
31071 31
31072 31
31073 31
31074 31
31075 31
31076 31
31077 31
31078 31
31079 31
31080 31
31081 31
31082 31
31083 31
31084 31
31085 31
31086 31
31087 31
31088 31
31089 31
31090 31
31091 31
31092 31
31093 31
31094 31
31095 31
31096 31
31097 31
31098 31
31099 31
31100 31
31101 31
31102 31
31103 31
31104 31
31105 31
31106 31
31107 31
31108 31
31109 31
31110 31
31111 31
31112 31
31113 31
31114 31
31115 31
31116 31
31117 31
31118 31
31119 31
31120 31
31121 31
31122 31
31123 31
31124 31
31125 31
31126 31
31127 31
31128 31
31129 31
31130 31
31131 31
31132 31
31133 31
31134 31
31135 31
31136 31
31137 31
31138 31
31139 31
31140 31
31141 31
31142 31
31143 31
31144 31
31145 31
31146 31
31147 31
31148 31
31149 31
31150 31
31151 31
31152 31
31153 31
31154 31
31155 31
31156 31
31157 31
31158 31
31159 31
31160 31
31161 31
31162 31
31163 31
31164 31
31165 31
31166 31
31167 31
31168 31
31169 31
31170 31
31171 31
31172 31
31173 31
31174 31
31175 31
31176 31
31177 31
31178 31
31179 31
31180 31
31181 31
31182 31
31183 31
31184 31
31185 31
31186 31
31187 31
31188 31
31189 31
31190 31
31191 31
31192 31
31193 31
31194 31
31195 31
31196 31
31197 31
31198 31
31199 31
31200 31
31201 31
31202 31
31203 31
31204 31
31205 31
31206 31
31207 31
31208 31
31209 31
31210 31
31211 31
31212 31
31213 31
31214 31
31215 31
31216 31
31217 31
31218 31
31219 31
31220 31
31221 31
31222 31
31223 31
31224 31
31225 31
31226 31
31227 31
31228 31
31229 31
31230 31
31231 31
31232 31
31233 31
31234 31
31235 31
31236 31
31237 31
31238 31
31239 31
31240 31
31241 31
31242 31
31243 31
31244 31
31245 31
31246 31
31247 31
31248 31
31249 31
31250 31
31251 31
31252 31
31253 31
31254 31
31255 31
31256 31
31257 31
31258 31
31259 31
31260 31
31261 31
31262 31
31263 31
31264 31
31265 31
31266 31
31267 31
31268 31
31269 31
31270 31
31271 31
31272 31
31273 31
31274 31
31275 31
31276 31
31277 31
31278 31
31279 31
31280 31
31281 31
31282 31
31283 31
31284 31
31285 31
31286 31
31287 31
31288 31
31289 31
31290 31
31291 31
31292 31
31293 31
31294 31
31295 31
31296 31
31297 31
31298 31
31299 31
31300 31
31301 31
31302 31
31303 31
31304 31
31305 31
31306 31
31307 31
31308 31
31309 31
31310 31
31311 31
31312 31
31313 31
31314 31
31315 31
31316 31
31317 31
31318 31
31319 31
31320 31
31321 31
31322 31
31323 31
31324 31
31325 31
31326 31
31327 31
31328 31
31329 31
31330 31
31331 31
31332 31
31333 31
31334 31
31335 31
31336 31
31337 31
31338 31
31339 31
31340 31
31341 31
31342 31
31343 31
31344 31
31345 31
31346 31
31347 31
31348 31
31349 31
31350 31
31351 31
31352 31
31353 31
31354 31
31355 31
31356 31
31357 31
31358 31
31359 31
31360 31
31361 31
31362 31
31363 31
31364 31
31365 31
31366 31
31367 31
31368 31
31369 31
31370 31
31371 31
31372 31
31373 31
31374 31
31375 31
31376 31
31377 31
31378 31
31379 31
31380 31
31381 31
31382 31
31383 31
31384 31
31385 31
31386 31
31387 31
31388 31
31389 31
31390 31
31391 31
31392 31
31393 31
31394 31
31395 31
31396 31
31397 31
31398 31
31399 31
31400 31
31401 31
31402 31
31403 31
31404 31
31405 31
31406 31
31407 31
31408 31
31409 31
31410 31
31411 31
31412 31
31413 31
31414 31
31415 31
31416 31
31417 31
31418 31
31419 31
31420 31
31421 31
31422 31
31423 31
31424 31
31425 31
31426 31
31427 31
31428 31
31429 31
31430 31
31431 31
31432 31
31433 31
31434 31
31435 31
31436 31
31437 31
31438 31
31439 31
31440 31
31441 31
31442 31
31443 31
31444 31
31445 31
31446 31
31447 31
31448 31
31449 31
31450 31
31451 31
31452 31
31453 31
31454 31
31455 31
31456 31
31457 31
31458 31
31459 31
31460 31
31461 31
31462 31
31463 31
31464 31
31465 31
31466 31
31467 31
31468 31
31469 31
31470 31
31471 31
31472 31
31473 31
31474 31
31475 31
31476 31
31477 31
31478 31
31479 31
31480 31
31481 31
31482 31
31483 31
31484 31
31485 31
31486 31
31487 31
31488 31
31489 31
31490 31
31491 31
31492 31
31493 31
31494 31
31495 31
31496 31
31497 31
31498 31
31499 31
31500 31
31501 31
31502 31
31503 31
31504 31
31505 31
31506 31
31507 31
31508 31
31509 31
31510 31
31511 31
31512 31
31513 31
31514 31
31515 31
31516 31
31517 31
31518 31
31519 31
31520 31
31521 31
31522 31
31523 31
31524 31
31525 31
31526 31
31527 31
31528 31
31529 31
31530 31
31531 31
31532 31
31533 31
31534 31
31535 31
31536 31
31537 31
31538 31
31539 31
31540 31
31541 31
31542 31
31543 31
31544 31
31545 31
31546 31
31547 31
31548 31
31549 31
31550 31
31551 31
31552 31
31553 31
31554 31
31555 31
31556 31
31557 31
31558 31
31559 31
31560 31
31561 31
31562 31
31563 31
31564 31
31565 31
31566 31
31567 31
31568 31
31569 31
31570 31
31571 31
31572 31
31573 31
31574 31
31575 31
31576 31
31577 31
31578 31
31579 31
31580 31
31581 31
31582 31
31583 31
31584 31
31585 31
31586 31
31587 31
31588 31
31589 31
31590 31
31591 31
31592 31
31593 31
31594 31
31595 31
31596 31
31597 31
31598 31
31599 31
31600 31
31601 31
31602 31
31603 31
31604 31
31605 31
31606 31
31607 31
31608 31
31609 31
31610 31
31611 31
31612 31
31613 31
31614 31
31615 31
31616 31
31617 31
31618 31
31619 31
31620 31
31621 31
31622 31
31623 31
31624 31
31625 31
31626 31
31627 31
31628 31
31629 31
31630 31
31631 31
31632 31
31633 31
31634 31
31635 31
31636 31
31637 31
31638 31
31639 31
31640 31
31641 31
31642 31
31643 31
31644 31
31645 31
31646 31
31647 31
31648 31
31649 31
31650 31
31651 31
31652 31
31653 31
31654 31
31655 31
31656 31
31657 31
31658 31
31659 31
31660 31
31661 31
31662 31
31663 31
31664 31
31665 31
31666 31
31667 31
31668 31
31669 31
31670 31
31671 31
31672 31
31673 31
31674 31
31675 31
31676 31
31677 31
31678 31
31679 31
31680 31
31681 31
31682 31
31683 31
31684 31
31685 31
31686 31
31687 31
31688 31
31689 31
31690 31
31691 31
31692 31
31693 31
31694 31
31695 31
31696 31
31697 31
31698 31
31699 31
31700 31
31701 31
31702 31
31703 31
31704 31
31705 31
31706 31
31707 31
31708 31
31709 31
31710 31
31711 31
31712 31
31713 31
31714 31
31715 31
31716 31
31717 31
31718 31
31719 31
31720 31
31721 31
31722 31
31723 31
31724 31
31725 31
31726 31
31727 31
31728 31
31729 31
31730 31
31731 31
31732 31
31733 31
31734 31
31735 31
31736 31
31737 31
31738 31
31739 31
31740 31
31741 31
31742 31
31743 31
31744 31
31745 31
31746 31
31747 31
31748 31
31749 31
31750 31
31751 31
31752 31
31753 31
31754 31
31755 31
31756 31
31757 31
31758 31
31759 31
31760 31
31761 31
31762 31
31763 31
31764 31
31765 31
31766 31
31767 31
31768 31
31769 31
31770 31
31771 31
31772 31
31773 31
31774 31
31775 31
31776 31
31777 31
31778 31
31779 31
31780 31
31781 31
31782 31
31783 31
31784 31
31785 31
31786 31
31787 31
31788 31
31789 31
31790 31
31791 31
31792 31
31793 31
31794 31
31795 31
31796 31
31797 31
31798 31
31799 31
31800 31
31801 31
31802 31
31803 31
31804 31
31805 31
31806 31
31807 31
31808 31
31809 31
31810 31
31811 31
31812 31
31813 31
31814 31
31815 31
31816 31
31817 31
31818 31
31819 31
31820 31
31821 31
31822 31
31823 31
31824 31
31825 31
31826 31
31827 31
31828 31
31829 31
31830 31
31831 31
31832 31
31833 31
31834 31
31835 31
31836 31
31837 31
31838 31
31839 31
31840 31
31841 31
31842 31
31843 31
31844 31
31845 31
31846 31
31847 31
31848 31
31849 31
31850 31
31851 31
31852 31
31853 31
31854 31
31855 31
31856 31
31857 31
31858 31
31859 31
31860 31
31861 31
31862 31
31863 31
31864 31
31865 31
31866 31
31867 31
31868 31
31869 31
31870 31
31871 31
31872 31
31873 31
31874 31
31875 31
31876 31
31877 31
31878 31
31879 31
31880 31
31881 31
31882 31
31883 31
31884 31
31885 31
31886 31
31887 31
31888 31
31889 31
31890 31
31891 31
31892 31
31893 31
31894 31
31895 31
31896 31
31897 31
31898 31
31899 31
31900 31
31901 31
31902 31
31903 31
31904 31
31905 31
31906 31
31907 31
31908 31
31909 31
31910 31
31911 31
31912 31
31913 31
31914 31
31915 31
31916 31
31917 31
31918 31
31919 31
31920 31
31921 31
31922 31
31923 31
31924 31
31925 31
31926 31
31927 31
31928 31
31929 31
31930 31
31931 31
31932 31
31933 31
31934 31
31935 31
31936 31
31937 31
31938 31
31939 31
31940 31
31941 31
31942 31
31943 31
31944 31
31945 31
31946 31
31947 31
31948 31
31949 31
31950 31
31951 31
31952 31
31953 31
31954 31
31955 31
31956 31
31957 31
31958 31
31959 31
31960 31
31961 31
31962 31
31963 31
31964 31
31965 31
31966 31
31967 31
31968 31
31969 31
31970 31
31971 31
31972 31
31973 31
31974 31
31975 31
31976 31
31977 31
31978 31
31979 31
31980 31
31981 31
31982 31
31983 31
31984 31
31985 31
31986 31
31987 31
31988 31
31989 31
31990 31
31991 31
31992 31
31993 31
31994 31
31995 31
31996 31
31997 31
31998 31
31999 31
32000 32
32001 32
32002 32
32003 32
32004 32
32005 32
32006 32
32007 32
32008 32
32009 32
32010 32
32011 32
32012 32
32013 32
32014 32
32015 32
32016 32
32017 32
32018 32
32019 32
32020 32
32021 32
32022 32
32023 32
32024 32
32025 32
32026 32
32027 32
32028 32
32029 32
32030 32
32031 32
32032 32
32033 32
32034 32
32035 32
32036 32
32037 32
32038 32
32039 32
32040 32
32041 32
32042 32
32043 32
32044 32
32045 32
32046 32
32047 32
32048 32
32049 32
32050 32
32051 32
32052 32
32053 32
32054 32
32055 32
32056 32
32057 32
32058 32
32059 32
32060 32
32061 32
32062 32
32063 32
32064 32
32065 32
32066 32
32067 32
32068 32
32069 32
32070 32
32071 32
32072 32
32073 32
32074 32
32075 32
32076 32
32077 32
32078 32
32079 32
32080 32
32081 32
32082 32
32083 32
32084 32
32085 32
32086 32
32087 32
32088 32
32089 32
32090 32
32091 32
32092 32
32093 32
32094 32
32095 32
32096 32
32097 32
32098 32
32099 32
32100 32
32101 32
32102 32
32103 32
32104 32
32105 32
32106 32
32107 32
32108 32
32109 32
32110 32
32111 32
32112 32
32113 32
32114 32
32115 32
32116 32
32117 32
32118 32
32119 32
32120 32
32121 32
32122 32
32123 32
32124 32
32125 32
32126 32
32127 32
32128 32
32129 32
32130 32
32131 32
32132 32
32133 32
32134 32
32135 32
32136 32
32137 32
32138 32
32139 32
32140 32
32141 32
32142 32
32143 32
32144 32
32145 32
32146 32
32147 32
32148 32
32149 32
32150 32
32151 32
32152 32
32153 32
32154 32
32155 32
32156 32
32157 32
32158 32
32159 32
32160 32
32161 32
32162 32
32163 32
32164 32
32165 32
32166 32
32167 32
32168 32
32169 32
32170 32
32171 32
32172 32
32173 32
32174 32
32175 32
32176 32
32177 32
32178 32
32179 32
32180 32
32181 32
32182 32
32183 32
32184 32
32185 32
32186 32
32187 32
32188 32
32189 32
32190 32
32191 32
32192 32
32193 32
32194 32
32195 32
32196 32
32197 32
32198 32
32199 32
32200 32
32201 32
32202 32
32203 32
32204 32
32205 32
32206 32
32207 32
32208 32
32209 32
32210 32
32211 32
32212 32
32213 32
32214 32
32215 32
32216 32
32217 32
32218 32
32219 32
32220 32
32221 32
32222 32
32223 32
32224 32
32225 32
32226 32
32227 32
32228 32
32229 32
32230 32
32231 32
32232 32
32233 32
32234 32
32235 32
32236 32
32237 32
32238 32
32239 32
32240 32
32241 32
32242 32
32243 32
32244 32
32245 32
32246 32
32247 32
32248 32
32249 32
32250 32
32251 32
32252 32
32253 32
32254 32
32255 32
32256 32
32257 32
32258 32
32259 32
32260 32
32261 32
32262 32
32263 32
32264 32
32265 32
32266 32
32267 32
32268 32
32269 32
32270 32
32271 32
32272 32
32273 32
32274 32
32275 32
32276 32
32277 32
32278 32
32279 32
32280 32
32281 32
32282 32
32283 32
32284 32
32285 32
32286 32
32287 32
32288 32
32289 32
32290 32
32291 32
32292 32
32293 32
32294 32
32295 32
32296 32
32297 32
32298 32
32299 32
32300 32
32301 32
32302 32
32303 32
32304 32
32305 32
32306 32
32307 32
32308 32
32309 32
32310 32
32311 32
32312 32
32313 32
32314 32
32315 32
32316 32
32317 32
32318 32
32319 32
32320 32
32321 32
32322 32
32323 32
32324 32
32325 32
32326 32
32327 32
32328 32
32329 32
32330 32
32331 32
32332 32
32333 32
32334 32
32335 32
32336 32
32337 32
32338 32
32339 32
32340 32
32341 32
32342 32
32343 32
32344 32
32345 32
32346 32
32347 32
32348 32
32349 32
32350 32
32351 32
32352 32
32353 32
32354 32
32355 32
32356 32
32357 32
32358 32
32359 32
32360 32
32361 32
32362 32
32363 32
32364 32
32365 32
32366 32
32367 32
32368 32
32369 32
32370 32
32371 32
32372 32
32373 32
32374 32
32375 32
32376 32
32377 32
32378 32
32379 32
32380 32
32381 32
32382 32
32383 32
32384 32
32385 32
32386 32
32387 32
32388 32
32389 32
32390 32
32391 32
32392 32
32393 32
32394 32
32395 32
32396 32
32397 32
32398 32
32399 32
32400 32
32401 32
32402 32
32403 32
32404 32
32405 32
32406 32
32407 32
32408 32
32409 32
32410 32
32411 32
32412 32
32413 32
32414 32
32415 32
32416 32
32417 32
32418 32
32419 32
32420 32
32421 32
32422 32
32423 32
32424 32
32425 32
32426 32
32427 32
32428 32
32429 32
32430 32
32431 32
32432 32
32433 32
32434 32
32435 32
32436 32
32437 32
32438 32
32439 32
32440 32
32441 32
32442 32
32443 32
32444 32
32445 32
32446 32
32447 32
32448 32
32449 32
32450 32
32451 32
32452 32
32453 32
32454 32
32455 32
32456 32
32457 32
32458 32
32459 32
32460 32
32461 32
32462 32
32463 32
32464 32
32465 32
32466 32
32467 32
32468 32
32469 32
32470 32
32471 32
32472 32
32473 32
32474 32
32475 32
32476 32
32477 32
32478 32
32479 32
32480 32
32481 32
32482 32
32483 32
32484 32
32485 32
32486 32
32487 32
32488 32
32489 32
32490 32
32491 32
32492 32
32493 32
32494 32
32495 32
32496 32
32497 32
32498 32
32499 32
32500 32
32501 32
32502 32
32503 32
32504 32
32505 32
32506 32
32507 32
32508 32
32509 32
32510 32
32511 32
32512 32
32513 32
32514 32
32515 32
32516 32
32517 32
32518 32
32519 32
32520 32
32521 32
32522 32
32523 32
32524 32
32525 32
32526 32
32527 32
32528 32
32529 32
32530 32
32531 32
32532 32
32533 32
32534 32
32535 32
32536 32
32537 32
32538 32
32539 32
32540 32
32541 32
32542 32
32543 32
32544 32
32545 32
32546 32
32547 32
32548 32
32549 32
32550 32
32551 32
32552 32
32553 32
32554 32
32555 32
32556 32
32557 32
32558 32
32559 32
32560 32
32561 32
32562 32
32563 32
32564 32
32565 32
32566 32
32567 32
32568 32
32569 32
32570 32
32571 32
32572 32
32573 32
32574 32
32575 32
32576 32
32577 32
32578 32
32579 32
32580 32
32581 32
32582 32
32583 32
32584 32
32585 32
32586 32
32587 32
32588 32
32589 32
32590 32
32591 32
32592 32
32593 32
32594 32
32595 32
32596 32
32597 32
32598 32
32599 32
32600 32
32601 32
32602 32
32603 32
32604 32
32605 32
32606 32
32607 32
32608 32
32609 32
32610 32
32611 32
32612 32
32613 32
32614 32
32615 32
32616 32
32617 32
32618 32
32619 32
32620 32
32621 32
32622 32
32623 32
32624 32
32625 32
32626 32
32627 32
32628 32
32629 32
32630 32
32631 32
32632 32
32633 32
32634 32
32635 32
32636 32
32637 32
32638 32
32639 32
32640 32
32641 32
32642 32
32643 32
32644 32
32645 32
32646 32
32647 32
32648 32
32649 32
32650 32
32651 32
32652 32
32653 32
32654 32
32655 32
32656 32
32657 32
32658 32
32659 32
32660 32
32661 32
32662 32
32663 32
32664 32
32665 32
32666 32
32667 32
32668 32
32669 32
32670 32
32671 32
32672 32
32673 32
32674 32
32675 32
32676 32
32677 32
32678 32
32679 32
32680 32
32681 32
32682 32
32683 32
32684 32
32685 32
32686 32
32687 32
32688 32
32689 32
32690 32
32691 32
32692 32
32693 32
32694 32
32695 32
32696 32
32697 32
32698 32
32699 32
32700 32
32701 32
32702 32
32703 32
32704 32
32705 32
32706 32
32707 32
32708 32
32709 32
32710 32
32711 32
32712 32
32713 32
32714 32
32715 32
32716 32
32717 32
32718 32
32719 32
32720 32
32721 32
32722 32
32723 32
32724 32
32725 32
32726 32
32727 32
32728 32
32729 32
32730 32
32731 32
32732 32
32733 32
32734 32
32735 32
32736 32
32737 32
32738 32
32739 32
32740 32
32741 32
32742 32
32743 32
32744 32
32745 32
32746 32
32747 32
32748 32
32749 32
32750 32
32751 32
32752 32
32753 32
32754 32
32755 32
32756 32
32757 32
32758 32
32759 32
32760 32
32761 32
32762 32
32763 32
32764 32
32765 32
32766 32
32767 32
32768 32
32769 32
32770 32
32771 32
32772 32
32773 32
32774 32
32775 32
32776 32
32777 32
32778 32
32779 32
32780 32
32781 32
32782 32
32783 32
32784 32
32785 32
32786 32
32787 32
32788 32
32789 32
32790 32
32791 32
32792 32
32793 32
32794 32
32795 32
32796 32
32797 32
32798 32
32799 32
32800 32
32801 32
32802 32
32803 32
32804 32
32805 32
32806 32
32807 32
32808 32
32809 32
32810 32
32811 32
32812 32
32813 32
32814 32
32815 32
32816 32
32817 32
32818 32
32819 32
32820 32
32821 32
32822 32
32823 32
32824 32
32825 32
32826 32
32827 32
32828 32
32829 32
32830 32
32831 32
32832 32
32833 32
32834 32
32835 32
32836 32
32837 32
32838 32
32839 32
32840 32
32841 32
32842 32
32843 32
32844 32
32845 32
32846 32
32847 32
32848 32
32849 32
32850 32
32851 32
32852 32
32853 32
32854 32
32855 32
32856 32
32857 32
32858 32
32859 32
32860 32
32861 32
32862 32
32863 32
32864 32
32865 32
32866 32
32867 32
32868 32
32869 32
32870 32
32871 32
32872 32
32873 32
32874 32
32875 32
32876 32
32877 32
32878 32
32879 32
32880 32
32881 32
32882 32
32883 32
32884 32
32885 32
32886 32
32887 32
32888 32
32889 32
32890 32
32891 32
32892 32
32893 32
32894 32
32895 32
32896 32
32897 32
32898 32
32899 32
32900 32
32901 32
32902 32
32903 32
32904 32
32905 32
32906 32
32907 32
32908 32
32909 32
32910 32
32911 32
32912 32
32913 32
32914 32
32915 32
32916 32
32917 32
32918 32
32919 32
32920 32
32921 32
32922 32
32923 32
32924 32
32925 32
32926 32
32927 32
32928 32
32929 32
32930 32
32931 32
32932 32
32933 32
32934 32
32935 32
32936 32
32937 32
32938 32
32939 32
32940 32
32941 32
32942 32
32943 32
32944 32
32945 32
32946 32
32947 32
32948 32
32949 32
32950 32
32951 32
32952 32
32953 32
32954 32
32955 32
32956 32
32957 32
32958 32
32959 32
32960 32
32961 32
32962 32
32963 32
32964 32
32965 32
32966 32
32967 32
32968 32
32969 32
32970 32
32971 32
32972 32
32973 32
32974 32
32975 32
32976 32
32977 32
32978 32
32979 32
32980 32
32981 32
32982 32
32983 32
32984 32
32985 32
32986 32
32987 32
32988 32
32989 32
32990 32
32991 32
32992 32
32993 32
32994 32
32995 32
32996 32
32997 32
32998 32
32999 32
33000 33
33001 33
33002 33
33003 33
33004 33
33005 33
33006 33
33007 33
33008 33
33009 33
33010 33
33011 33
33012 33
33013 33
33014 33
33015 33
33016 33
33017 33
33018 33
33019 33
33020 33
33021 33
33022 33
33023 33
33024 33
33025 33
33026 33
33027 33
33028 33
33029 33
33030 33
33031 33
33032 33
33033 33
33034 33
33035 33
33036 33
33037 33
33038 33
33039 33
33040 33
33041 33
33042 33
33043 33
33044 33
33045 33
33046 33
33047 33
33048 33
33049 33
33050 33
33051 33
33052 33
33053 33
33054 33
33055 33
33056 33
33057 33
33058 33
33059 33
33060 33
33061 33
33062 33
33063 33
33064 33
33065 33
33066 33
33067 33
33068 33
33069 33
33070 33
33071 33
33072 33
33073 33
33074 33
33075 33
33076 33
33077 33
33078 33
33079 33
33080 33
33081 33
33082 33
33083 33
33084 33
33085 33
33086 33
33087 33
33088 33
33089 33
33090 33
33091 33
33092 33
33093 33
33094 33
33095 33
33096 33
33097 33
33098 33
33099 33
33100 33
33101 33
33102 33
33103 33
33104 33
33105 33
33106 33
33107 33
33108 33
33109 33
33110 33
33111 33
33112 33
33113 33
33114 33
33115 33
33116 33
33117 33
33118 33
33119 33
33120 33
33121 33
33122 33
33123 33
33124 33
33125 33
33126 33
33127 33
33128 33
33129 33
33130 33
33131 33
33132 33
33133 33
33134 33
33135 33
33136 33
33137 33
33138 33
33139 33
33140 33
33141 33
33142 33
33143 33
33144 33
33145 33
33146 33
33147 33
33148 33
33149 33
33150 33
33151 33
33152 33
33153 33
33154 33
33155 33
33156 33
33157 33
33158 33
33159 33
33160 33
33161 33
33162 33
33163 33
33164 33
33165 33
33166 33
33167 33
33168 33
33169 33
33170 33
33171 33
33172 33
33173 33
33174 33
33175 33
33176 33
33177 33
33178 33
33179 33
33180 33
33181 33
33182 33
33183 33
33184 33
33185 33
33186 33
33187 33
33188 33
33189 33
33190 33
33191 33
33192 33
33193 33
33194 33
33195 33
33196 33
33197 33
33198 33
33199 33
33200 33
33201 33
33202 33
33203 33
33204 33
33205 33
33206 33
33207 33
33208 33
33209 33
33210 33
33211 33
33212 33
33213 33
33214 33
33215 33
33216 33
33217 33
33218 33
33219 33
33220 33
33221 33
33222 33
33223 33
33224 33
33225 33
33226 33
33227 33
33228 33
33229 33
33230 33
33231 33
33232 33
33233 33
33234 33
33235 33
33236 33
33237 33
33238 33
33239 33
33240 33
33241 33
33242 33
33243 33
33244 33
33245 33
33246 33
33247 33
33248 33
33249 33
33250 33
33251 33
33252 33
33253 33
33254 33
33255 33
33256 33
33257 33
33258 33
33259 33
33260 33
33261 33
33262 33
33263 33
33264 33
33265 33
33266 33
33267 33
33268 33
33269 33
33270 33
33271 33
33272 33
33273 33
33274 33
33275 33
33276 33
33277 33
33278 33
33279 33
33280 33
33281 33
33282 33
33283 33
33284 33
33285 33
33286 33
33287 33
33288 33
33289 33
33290 33
33291 33
33292 33
33293 33
33294 33
33295 33
33296 33
33297 33
33298 33
33299 33
33300 33
33301 33
33302 33
33303 33
33304 33
33305 33
33306 33
33307 33
33308 33
33309 33
33310 33
33311 33
33312 33
33313 33
33314 33
33315 33
33316 33
33317 33
33318 33
33319 33
33320 33
33321 33
33322 33
33323 33
33324 33
33325 33
33326 33
33327 33
33328 33
33329 33
33330 33
33331 33
33332 33
33333 33
33334 33
33335 33
33336 33
33337 33
33338 33
33339 33
33340 33
33341 33
33342 33
33343 33
33344 33
33345 33
33346 33
33347 33
33348 33
33349 33
33350 33
33351 33
33352 33
33353 33
33354 33
33355 33
33356 33
33357 33
33358 33
33359 33
33360 33
33361 33
33362 33
33363 33
33364 33
33365 33
33366 33
33367 33
33368 33
33369 33
33370 33
33371 33
33372 33
33373 33
33374 33
33375 33
33376 33
33377 33
33378 33
33379 33
33380 33
33381 33
33382 33
33383 33
33384 33
33385 33
33386 33
33387 33
33388 33
33389 33
33390 33
33391 33
33392 33
33393 33
33394 33
33395 33
33396 33
33397 33
33398 33
33399 33
33400 33
33401 33
33402 33
33403 33
33404 33
33405 33
33406 33
33407 33
33408 33
33409 33
33410 33
33411 33
33412 33
33413 33
33414 33
33415 33
33416 33
33417 33
33418 33
33419 33
33420 33
33421 33
33422 33
33423 33
33424 33
33425 33
33426 33
33427 33
33428 33
33429 33
33430 33
33431 33
33432 33
33433 33
33434 33
33435 33
33436 33
33437 33
33438 33
33439 33
33440 33
33441 33
33442 33
33443 33
33444 33
33445 33
33446 33
33447 33
33448 33
33449 33
33450 33
33451 33
33452 33
33453 33
33454 33
33455 33
33456 33
33457 33
33458 33
33459 33
33460 33
33461 33
33462 33
33463 33
33464 33
33465 33
33466 33
33467 33
33468 33
33469 33
33470 33
33471 33
33472 33
33473 33
33474 33
33475 33
33476 33
33477 33
33478 33
33479 33
33480 33
33481 33
33482 33
33483 33
33484 33
33485 33
33486 33
33487 33
33488 33
33489 33
33490 33
33491 33
33492 33
33493 33
33494 33
33495 33
33496 33
33497 33
33498 33
33499 33
33500 33
33501 33
33502 33
33503 33
33504 33
33505 33
33506 33
33507 33
33508 33
33509 33
33510 33
33511 33
33512 33
33513 33
33514 33
33515 33
33516 33
33517 33
33518 33
33519 33
33520 33
33521 33
33522 33
33523 33
33524 33
33525 33
33526 33
33527 33
33528 33
33529 33
33530 33
33531 33
33532 33
33533 33
33534 33
33535 33
33536 33
33537 33
33538 33
33539 33
33540 33
33541 33
33542 33
33543 33
33544 33
33545 33
33546 33
33547 33
33548 33
33549 33
33550 33
33551 33
33552 33
33553 33
33554 33
33555 33
33556 33
33557 33
33558 33
33559 33
33560 33
33561 33
33562 33
33563 33
33564 33
33565 33
33566 33
33567 33
33568 33
33569 33
33570 33
33571 33
33572 33
33573 33
33574 33
33575 33
33576 33
33577 33
33578 33
33579 33
33580 33
33581 33
33582 33
33583 33
33584 33
33585 33
33586 33
33587 33
33588 33
33589 33
33590 33
33591 33
33592 33
33593 33
33594 33
33595 33
33596 33
33597 33
33598 33
33599 33
33600 33
33601 33
33602 33
33603 33
33604 33
33605 33
33606 33
33607 33
33608 33
33609 33
33610 33
33611 33
33612 33
33613 33
33614 33
33615 33
33616 33
33617 33
33618 33
33619 33
33620 33
33621 33
33622 33
33623 33
33624 33
33625 33
33626 33
33627 33
33628 33
33629 33
33630 33
33631 33
33632 33
33633 33
33634 33
33635 33
33636 33
33637 33
33638 33
33639 33
33640 33
33641 33
33642 33
33643 33
33644 33
33645 33
33646 33
33647 33
33648 33
33649 33
33650 33
33651 33
33652 33
33653 33
33654 33
33655 33
33656 33
33657 33
33658 33
33659 33
33660 33
33661 33
33662 33
33663 33
33664 33
33665 33
33666 33
33667 33
33668 33
33669 33
33670 33
33671 33
33672 33
33673 33
33674 33
33675 33
33676 33
33677 33
33678 33
33679 33
33680 33
33681 33
33682 33
33683 33
33684 33
33685 33
33686 33
33687 33
33688 33
33689 33
33690 33
33691 33
33692 33
33693 33
33694 33
33695 33
33696 33
33697 33
33698 33
33699 33
33700 33
33701 33
33702 33
33703 33
33704 33
33705 33
33706 33
33707 33
33708 33
33709 33
33710 33
33711 33
33712 33
33713 33
33714 33
33715 33
33716 33
33717 33
33718 33
33719 33
33720 33
33721 33
33722 33
33723 33
33724 33
33725 33
33726 33
33727 33
33728 33
33729 33
33730 33
33731 33
33732 33
33733 33
33734 33
33735 33
33736 33
33737 33
33738 33
33739 33
33740 33
33741 33
33742 33
33743 33
33744 33
33745 33
33746 33
33747 33
33748 33
33749 33
33750 33
33751 33
33752 33
33753 33
33754 33
33755 33
33756 33
33757 33
33758 33
33759 33
33760 33
33761 33
33762 33
33763 33
33764 33
33765 33
33766 33
33767 33
33768 33
33769 33
33770 33
33771 33
33772 33
33773 33
33774 33
33775 33
33776 33
33777 33
33778 33
33779 33
33780 33
33781 33
33782 33
33783 33
33784 33
33785 33
33786 33
33787 33
33788 33
33789 33
33790 33
33791 33
33792 33
33793 33
33794 33
33795 33
33796 33
33797 33
33798 33
33799 33
33800 33
33801 33
33802 33
33803 33
33804 33
33805 33
33806 33
33807 33
33808 33
33809 33
33810 33
33811 33
33812 33
33813 33
33814 33
33815 33
33816 33
33817 33
33818 33
33819 33
33820 33
33821 33
33822 33
33823 33
33824 33
33825 33
33826 33
33827 33
33828 33
33829 33
33830 33
33831 33
33832 33
33833 33
33834 33
33835 33
33836 33
33837 33
33838 33
33839 33
33840 33
33841 33
33842 33
33843 33
33844 33
33845 33
33846 33
33847 33
33848 33
33849 33
33850 33
33851 33
33852 33
33853 33
33854 33
33855 33
33856 33
33857 33
33858 33
33859 33
33860 33
33861 33
33862 33
33863 33
33864 33
33865 33
33866 33
33867 33
33868 33
33869 33
33870 33
33871 33
33872 33
33873 33
33874 33
33875 33
33876 33
33877 33
33878 33
33879 33
33880 33
33881 33
33882 33
33883 33
33884 33
33885 33
33886 33
33887 33
33888 33
33889 33
33890 33
33891 33
33892 33
33893 33
33894 33
33895 33
33896 33
33897 33
33898 33
33899 33
33900 33
33901 33
33902 33
33903 33
33904 33
33905 33
33906 33
33907 33
33908 33
33909 33
33910 33
33911 33
33912 33
33913 33
33914 33
33915 33
33916 33
33917 33
33918 33
33919 33
33920 33
33921 33
33922 33
33923 33
33924 33
33925 33
33926 33
33927 33
33928 33
33929 33
33930 33
33931 33
33932 33
33933 33
33934 33
33935 33
33936 33
33937 33
33938 33
33939 33
33940 33
33941 33
33942 33
33943 33
33944 33
33945 33
33946 33
33947 33
33948 33
33949 33
33950 33
33951 33
33952 33
33953 33
33954 33
33955 33
33956 33
33957 33
33958 33
33959 33
33960 33
33961 33
33962 33
33963 33
33964 33
33965 33
33966 33
33967 33
33968 33
33969 33
33970 33
33971 33
33972 33
33973 33
33974 33
33975 33
33976 33
33977 33
33978 33
33979 33
33980 33
33981 33
33982 33
33983 33
33984 33
33985 33
33986 33
33987 33
33988 33
33989 33
33990 33
33991 33
33992 33
33993 33
33994 33
33995 33
33996 33
33997 33
33998 33
33999 33
34000 34
34001 34
34002 34
34003 34
34004 34
34005 34
34006 34
34007 34
34008 34
34009 34
34010 34
34011 34
34012 34
34013 34
34014 34
34015 34
34016 34
34017 34
34018 34
34019 34
34020 34
34021 34
34022 34
34023 34
34024 34
34025 34
34026 34
34027 34
34028 34
34029 34
34030 34
34031 34
34032 34
34033 34
34034 34
34035 34
34036 34
34037 34
34038 34
34039 34
34040 34
34041 34
34042 34
34043 34
34044 34
34045 34
34046 34
34047 34
34048 34
34049 34
34050 34
34051 34
34052 34
34053 34
34054 34
34055 34
34056 34
34057 34
34058 34
34059 34
34060 34
34061 34
34062 34
34063 34
34064 34
34065 34
34066 34
34067 34
34068 34
34069 34
34070 34
34071 34
34072 34
34073 34
34074 34
34075 34
34076 34
34077 34
34078 34
34079 34
34080 34
34081 34
34082 34
34083 34
34084 34
34085 34
34086 34
34087 34
34088 34
34089 34
34090 34
34091 34
34092 34
34093 34
34094 34
34095 34
34096 34
34097 34
34098 34
34099 34
34100 34
34101 34
34102 34
34103 34
34104 34
34105 34
34106 34
34107 34
34108 34
34109 34
34110 34
34111 34
34112 34
34113 34
34114 34
34115 34
34116 34
34117 34
34118 34
34119 34
34120 34
34121 34
34122 34
34123 34
34124 34
34125 34
34126 34
34127 34
34128 34
34129 34
34130 34
34131 34
34132 34
34133 34
34134 34
34135 34
34136 34
34137 34
34138 34
34139 34
34140 34
34141 34
34142 34
34143 34
34144 34
34145 34
34146 34
34147 34
34148 34
34149 34
34150 34
34151 34
34152 34
34153 34
34154 34
34155 34
34156 34
34157 34
34158 34
34159 34
34160 34
34161 34
34162 34
34163 34
34164 34
34165 34
34166 34
34167 34
34168 34
34169 34
34170 34
34171 34
34172 34
34173 34
34174 34
34175 34
34176 34
34177 34
34178 34
34179 34
34180 34
34181 34
34182 34
34183 34
34184 34
34185 34
34186 34
34187 34
34188 34
34189 34
34190 34
34191 34
34192 34
34193 34
34194 34
34195 34
34196 34
34197 34
34198 34
34199 34
34200 34
34201 34
34202 34
34203 34
34204 34
34205 34
34206 34
34207 34
34208 34
34209 34
34210 34
34211 34
34212 34
34213 34
34214 34
34215 34
34216 34
34217 34
34218 34
34219 34
34220 34
34221 34
34222 34
34223 34
34224 34
34225 34
34226 34
34227 34
34228 34
34229 34
34230 34
34231 34
34232 34
34233 34
34234 34
34235 34
34236 34
34237 34
34238 34
34239 34
34240 34
34241 34
34242 34
34243 34
34244 34
34245 34
34246 34
34247 34
34248 34
34249 34
34250 34
34251 34
34252 34
34253 34
34254 34
34255 34
34256 34
34257 34
34258 34
34259 34
34260 34
34261 34
34262 34
34263 34
34264 34
34265 34
34266 34
34267 34
34268 34
34269 34
34270 34
34271 34
34272 34
34273 34
34274 34
34275 34
34276 34
34277 34
34278 34
34279 34
34280 34
34281 34
34282 34
34283 34
34284 34
34285 34
34286 34
34287 34
34288 34
34289 34
34290 34
34291 34
34292 34
34293 34
34294 34
34295 34
34296 34
34297 34
34298 34
34299 34
34300 34
34301 34
34302 34
34303 34
34304 34
34305 34
34306 34
34307 34
34308 34
34309 34
34310 34
34311 34
34312 34
34313 34
34314 34
34315 34
34316 34
34317 34
34318 34
34319 34
34320 34
34321 34
34322 34
34323 34
34324 34
34325 34
34326 34
34327 34
34328 34
34329 34
34330 34
34331 34
34332 34
34333 34
34334 34
34335 34
34336 34
34337 34
34338 34
34339 34
34340 34
34341 34
34342 34
34343 34
34344 34
34345 34
34346 34
34347 34
34348 34
34349 34
34350 34
34351 34
34352 34
34353 34
34354 34
34355 34
34356 34
34357 34
34358 34
34359 34
34360 34
34361 34
34362 34
34363 34
34364 34
34365 34
34366 34
34367 34
34368 34
34369 34
34370 34
34371 34
34372 34
34373 34
34374 34
34375 34
34376 34
34377 34
34378 34
34379 34
34380 34
34381 34
34382 34
34383 34
34384 34
34385 34
34386 34
34387 34
34388 34
34389 34
34390 34
34391 34
34392 34
34393 34
34394 34
34395 34
34396 34
34397 34
34398 34
34399 34
34400 34
34401 34
34402 34
34403 34
34404 34
34405 34
34406 34
34407 34
34408 34
34409 34
34410 34
34411 34
34412 34
34413 34
34414 34
34415 34
34416 34
34417 34
34418 34
34419 34
34420 34
34421 34
34422 34
34423 34
34424 34
34425 34
34426 34
34427 34
34428 34
34429 34
34430 34
34431 34
34432 34
34433 34
34434 34
34435 34
34436 34
34437 34
34438 34
34439 34
34440 34
34441 34
34442 34
34443 34
34444 34
34445 34
34446 34
34447 34
34448 34
34449 34
34450 34
34451 34
34452 34
34453 34
34454 34
34455 34
34456 34
34457 34
34458 34
34459 34
34460 34
34461 34
34462 34
34463 34
34464 34
34465 34
34466 34
34467 34
34468 34
34469 34
34470 34
34471 34
34472 34
34473 34
34474 34
34475 34
34476 34
34477 34
34478 34
34479 34
34480 34
34481 34
34482 34
34483 34
34484 34
34485 34
34486 34
34487 34
34488 34
34489 34
34490 34
34491 34
34492 34
34493 34
34494 34
34495 34
34496 34
34497 34
34498 34
34499 34
34500 34
34501 34
34502 34
34503 34
34504 34
34505 34
34506 34
34507 34
34508 34
34509 34
34510 34
34511 34
34512 34
34513 34
34514 34
34515 34
34516 34
34517 34
34518 34
34519 34
34520 34
34521 34
34522 34
34523 34
34524 34
34525 34
34526 34
34527 34
34528 34
34529 34
34530 34
34531 34
34532 34
34533 34
34534 34
34535 34
34536 34
34537 34
34538 34
34539 34
34540 34
34541 34
34542 34
34543 34
34544 34
34545 34
34546 34
34547 34
34548 34
34549 34
34550 34
34551 34
34552 34
34553 34
34554 34
34555 34
34556 34
34557 34
34558 34
34559 34
34560 34
34561 34
34562 34
34563 34
34564 34
34565 34
34566 34
34567 34
34568 34
34569 34
34570 34
34571 34
34572 34
34573 34
34574 34
34575 34
34576 34
34577 34
34578 34
34579 34
34580 34
34581 34
34582 34
34583 34
34584 34
34585 34
34586 34
34587 34
34588 34
34589 34
34590 34
34591 34
34592 34
34593 34
34594 34
34595 34
34596 34
34597 34
34598 34
34599 34
34600 34
34601 34
34602 34
34603 34
34604 34
34605 34
34606 34
34607 34
34608 34
34609 34
34610 34
34611 34
34612 34
34613 34
34614 34
34615 34
34616 34
34617 34
34618 34
34619 34
34620 34
34621 34
34622 34
34623 34
34624 34
34625 34
34626 34
34627 34
34628 34
34629 34
34630 34
34631 34
34632 34
34633 34
34634 34
34635 34
34636 34
34637 34
34638 34
34639 34
34640 34
34641 34
34642 34
34643 34
34644 34
34645 34
34646 34
34647 34
34648 34
34649 34
34650 34
34651 34
34652 34
34653 34
34654 34
34655 34
34656 34
34657 34
34658 34
34659 34
34660 34
34661 34
34662 34
34663 34
34664 34
34665 34
34666 34
34667 34
34668 34
34669 34
34670 34
34671 34
34672 34
34673 34
34674 34
34675 34
34676 34
34677 34
34678 34
34679 34
34680 34
34681 34
34682 34
34683 34
34684 34
34685 34
34686 34
34687 34
34688 34
34689 34
34690 34
34691 34
34692 34
34693 34
34694 34
34695 34
34696 34
34697 34
34698 34
34699 34
34700 34
34701 34
34702 34
34703 34
34704 34
34705 34
34706 34
34707 34
34708 34
34709 34
34710 34
34711 34
34712 34
34713 34
34714 34
34715 34
34716 34
34717 34
34718 34
34719 34
34720 34
34721 34
34722 34
34723 34
34724 34
34725 34
34726 34
34727 34
34728 34
34729 34
34730 34
34731 34
34732 34
34733 34
34734 34
34735 34
34736 34
34737 34
34738 34
34739 34
34740 34
34741 34
34742 34
34743 34
34744 34
34745 34
34746 34
34747 34
34748 34
34749 34
34750 34
34751 34
34752 34
34753 34
34754 34
34755 34
34756 34
34757 34
34758 34
34759 34
34760 34
34761 34
34762 34
34763 34
34764 34
34765 34
34766 34
34767 34
34768 34
34769 34
34770 34
34771 34
34772 34
34773 34
34774 34
34775 34
34776 34
34777 34
34778 34
34779 34
34780 34
34781 34
34782 34
34783 34
34784 34
34785 34
34786 34
34787 34
34788 34
34789 34
34790 34
34791 34
34792 34
34793 34
34794 34
34795 34
34796 34
34797 34
34798 34
34799 34
34800 34
34801 34
34802 34
34803 34
34804 34
34805 34
34806 34
34807 34
34808 34
34809 34
34810 34
34811 34
34812 34
34813 34
34814 34
34815 34
34816 34
34817 34
34818 34
34819 34
34820 34
34821 34
34822 34
34823 34
34824 34
34825 34
34826 34
34827 34
34828 34
34829 34
34830 34
34831 34
34832 34
34833 34
34834 34
34835 34
34836 34
34837 34
34838 34
34839 34
34840 34
34841 34
34842 34
34843 34
34844 34
34845 34
34846 34
34847 34
34848 34
34849 34
34850 34
34851 34
34852 34
34853 34
34854 34
34855 34
34856 34
34857 34
34858 34
34859 34
34860 34
34861 34
34862 34
34863 34
34864 34
34865 34
34866 34
34867 34
34868 34
34869 34
34870 34
34871 34
34872 34
34873 34
34874 34
34875 34
34876 34
34877 34
34878 34
34879 34
34880 34
34881 34
34882 34
34883 34
34884 34
34885 34
34886 34
34887 34
34888 34
34889 34
34890 34
34891 34
34892 34
34893 34
34894 34
34895 34
34896 34
34897 34
34898 34
34899 34
34900 34
34901 34
34902 34
34903 34
34904 34
34905 34
34906 34
34907 34
34908 34
34909 34
34910 34
34911 34
34912 34
34913 34
34914 34
34915 34
34916 34
34917 34
34918 34
34919 34
34920 34
34921 34
34922 34
34923 34
34924 34
34925 34
34926 34
34927 34
34928 34
34929 34
34930 34
34931 34
34932 34
34933 34
34934 34
34935 34
34936 34
34937 34
34938 34
34939 34
34940 34
34941 34
34942 34
34943 34
34944 34
34945 34
34946 34
34947 34
34948 34
34949 34
34950 34
34951 34
34952 34
34953 34
34954 34
34955 34
34956 34
34957 34
34958 34
34959 34
34960 34
34961 34
34962 34
34963 34
34964 34
34965 34
34966 34
34967 34
34968 34
34969 34
34970 34
34971 34
34972 34
34973 34
34974 34
34975 34
34976 34
34977 34
34978 34
34979 34
34980 34
34981 34
34982 34
34983 34
34984 34
34985 34
34986 34
34987 34
34988 34
34989 34
34990 34
34991 34
34992 34
34993 34
34994 34
34995 34
34996 34
34997 34
34998 34
34999 34
35000 35
35001 35
35002 35
35003 35
35004 35
35005 35
35006 35
35007 35
35008 35
35009 35
35010 35
35011 35
35012 35
35013 35
35014 35
35015 35
35016 35
35017 35
35018 35
35019 35
35020 35
35021 35
35022 35
35023 35
35024 35
35025 35
35026 35
35027 35
35028 35
35029 35
35030 35
35031 35
35032 35
35033 35
35034 35
35035 35
35036 35
35037 35
35038 35
35039 35
35040 35
35041 35
35042 35
35043 35
35044 35
35045 35
35046 35
35047 35
35048 35
35049 35
35050 35
35051 35
35052 35
35053 35
35054 35
35055 35
35056 35
35057 35
35058 35
35059 35
35060 35
35061 35
35062 35
35063 35
35064 35
35065 35
35066 35
35067 35
35068 35
35069 35
35070 35
35071 35
35072 35
35073 35
35074 35
35075 35
35076 35
35077 35
35078 35
35079 35
35080 35
35081 35
35082 35
35083 35
35084 35
35085 35
35086 35
35087 35
35088 35
35089 35
35090 35
35091 35
35092 35
35093 35
35094 35
35095 35
35096 35
35097 35
35098 35
35099 35
35100 35
35101 35
35102 35
35103 35
35104 35
35105 35
35106 35
35107 35
35108 35
35109 35
35110 35
35111 35
35112 35
35113 35
35114 35
35115 35
35116 35
35117 35
35118 35
35119 35
35120 35
35121 35
35122 35
35123 35
35124 35
35125 35
35126 35
35127 35
35128 35
35129 35
35130 35
35131 35
35132 35
35133 35
35134 35
35135 35
35136 35
35137 35
35138 35
35139 35
35140 35
35141 35
35142 35
35143 35
35144 35
35145 35
35146 35
35147 35
35148 35
35149 35
35150 35
35151 35
35152 35
35153 35
35154 35
35155 35
35156 35
35157 35
35158 35
35159 35
35160 35
35161 35
35162 35
35163 35
35164 35
35165 35
35166 35
35167 35
35168 35
35169 35
35170 35
35171 35
35172 35
35173 35
35174 35
35175 35
35176 35
35177 35
35178 35
35179 35
35180 35
35181 35
35182 35
35183 35
35184 35
35185 35
35186 35
35187 35
35188 35
35189 35
35190 35
35191 35
35192 35
35193 35
35194 35
35195 35
35196 35
35197 35
35198 35
35199 35
35200 35
35201 35
35202 35
35203 35
35204 35
35205 35
35206 35
35207 35
35208 35
35209 35
35210 35
35211 35
35212 35
35213 35
35214 35
35215 35
35216 35
35217 35
35218 35
35219 35
35220 35
35221 35
35222 35
35223 35
35224 35
35225 35
35226 35
35227 35
35228 35
35229 35
35230 35
35231 35
35232 35
35233 35
35234 35
35235 35
35236 35
35237 35
35238 35
35239 35
35240 35
35241 35
35242 35
35243 35
35244 35
35245 35
35246 35
35247 35
35248 35
35249 35
35250 35
35251 35
35252 35
35253 35
35254 35
35255 35
35256 35
35257 35
35258 35
35259 35
35260 35
35261 35
35262 35
35263 35
35264 35
35265 35
35266 35
35267 35
35268 35
35269 35
35270 35
35271 35
35272 35
35273 35
35274 35
35275 35
35276 35
35277 35
35278 35
35279 35
35280 35
35281 35
35282 35
35283 35
35284 35
35285 35
35286 35
35287 35
35288 35
35289 35
35290 35
35291 35
35292 35
35293 35
35294 35
35295 35
35296 35
35297 35
35298 35
35299 35
35300 35
35301 35
35302 35
35303 35
35304 35
35305 35
35306 35
35307 35
35308 35
35309 35
35310 35
35311 35
35312 35
35313 35
35314 35
35315 35
35316 35
35317 35
35318 35
35319 35
35320 35
35321 35
35322 35
35323 35
35324 35
35325 35
35326 35
35327 35
35328 35
35329 35
35330 35
35331 35
35332 35
35333 35
35334 35
35335 35
35336 35
35337 35
35338 35
35339 35
35340 35
35341 35
35342 35
35343 35
35344 35
35345 35
35346 35
35347 35
35348 35
35349 35
35350 35
35351 35
35352 35
35353 35
35354 35
35355 35
35356 35
35357 35
35358 35
35359 35
35360 35
35361 35
35362 35
35363 35
35364 35
35365 35
35366 35
35367 35
35368 35
35369 35
35370 35
35371 35
35372 35
35373 35
35374 35
35375 35
35376 35
35377 35
35378 35
35379 35
35380 35
35381 35
35382 35
35383 35
35384 35
35385 35
35386 35
35387 35
35388 35
35389 35
35390 35
35391 35
35392 35
35393 35
35394 35
35395 35
35396 35
35397 35
35398 35
35399 35
35400 35
35401 35
35402 35
35403 35
35404 35
35405 35
35406 35
35407 35
35408 35
35409 35
35410 35
35411 35
35412 35
35413 35
35414 35
35415 35
35416 35
35417 35
35418 35
35419 35
35420 35
35421 35
35422 35
35423 35
35424 35
35425 35
35426 35
35427 35
35428 35
35429 35
35430 35
35431 35
35432 35
35433 35
35434 35
35435 35
35436 35
35437 35
35438 35
35439 35
35440 35
35441 35
35442 35
35443 35
35444 35
35445 35
35446 35
35447 35
35448 35
35449 35
35450 35
35451 35
35452 35
35453 35
35454 35
35455 35
35456 35
35457 35
35458 35
35459 35
35460 35
35461 35
35462 35
35463 35
35464 35
35465 35
35466 35
35467 35
35468 35
35469 35
35470 35
35471 35
35472 35
35473 35
35474 35
35475 35
35476 35
35477 35
35478 35
35479 35
35480 35
35481 35
35482 35
35483 35
35484 35
35485 35
35486 35
35487 35
35488 35
35489 35
35490 35
35491 35
35492 35
35493 35
35494 35
35495 35
35496 35
35497 35
35498 35
35499 35
35500 35
35501 35
35502 35
35503 35
35504 35
35505 35
35506 35
35507 35
35508 35
35509 35
35510 35
35511 35
35512 35
35513 35
35514 35
35515 35
35516 35
35517 35
35518 35
35519 35
35520 35
35521 35
35522 35
35523 35
35524 35
35525 35
35526 35
35527 35
35528 35
35529 35
35530 35
35531 35
35532 35
35533 35
35534 35
35535 35
35536 35
35537 35
35538 35
35539 35
35540 35
35541 35
35542 35
35543 35
35544 35
35545 35
35546 35
35547 35
35548 35
35549 35
35550 35
35551 35
35552 35
35553 35
35554 35
35555 35
35556 35
35557 35
35558 35
35559 35
35560 35
35561 35
35562 35
35563 35
35564 35
35565 35
35566 35
35567 35
35568 35
35569 35
35570 35
35571 35
35572 35
35573 35
35574 35
35575 35
35576 35
35577 35
35578 35
35579 35
35580 35
35581 35
35582 35
35583 35
35584 35
35585 35
35586 35
35587 35
35588 35
35589 35
35590 35
35591 35
35592 35
35593 35
35594 35
35595 35
35596 35
35597 35
35598 35
35599 35
35600 35
35601 35
35602 35
35603 35
35604 35
35605 35
35606 35
35607 35
35608 35
35609 35
35610 35
35611 35
35612 35
35613 35
35614 35
35615 35
35616 35
35617 35
35618 35
35619 35
35620 35
35621 35
35622 35
35623 35
35624 35
35625 35
35626 35
35627 35
35628 35
35629 35
35630 35
35631 35
35632 35
35633 35
35634 35
35635 35
35636 35
35637 35
35638 35
35639 35
35640 35
35641 35
35642 35
35643 35
35644 35
35645 35
35646 35
35647 35
35648 35
35649 35
35650 35
35651 35
35652 35
35653 35
35654 35
35655 35
35656 35
35657 35
35658 35
35659 35
35660 35
35661 35
35662 35
35663 35
35664 35
35665 35
35666 35
35667 35
35668 35
35669 35
35670 35
35671 35
35672 35
35673 35
35674 35
35675 35
35676 35
35677 35
35678 35
35679 35
35680 35
35681 35
35682 35
35683 35
35684 35
35685 35
35686 35
35687 35
35688 35
35689 35
35690 35
35691 35
35692 35
35693 35
35694 35
35695 35
35696 35
35697 35
35698 35
35699 35
35700 35
35701 35
35702 35
35703 35
35704 35
35705 35
35706 35
35707 35
35708 35
35709 35
35710 35
35711 35
35712 35
35713 35
35714 35
35715 35
35716 35
35717 35
35718 35
35719 35
35720 35
35721 35
35722 35
35723 35
35724 35
35725 35
35726 35
35727 35
35728 35
35729 35
35730 35
35731 35
35732 35
35733 35
35734 35
35735 35
35736 35
35737 35
35738 35
35739 35
35740 35
35741 35
35742 35
35743 35
35744 35
35745 35
35746 35
35747 35
35748 35
35749 35
35750 35
35751 35
35752 35
35753 35
35754 35
35755 35
35756 35
35757 35
35758 35
35759 35
35760 35
35761 35
35762 35
35763 35
35764 35
35765 35
35766 35
35767 35
35768 35
35769 35
35770 35
35771 35
35772 35
35773 35
35774 35
35775 35
35776 35
35777 35
35778 35
35779 35
35780 35
35781 35
35782 35
35783 35
35784 35
35785 35
35786 35
35787 35
35788 35
35789 35
35790 35
35791 35
35792 35
35793 35
35794 35
35795 35
35796 35
35797 35
35798 35
35799 35
35800 35
35801 35
35802 35
35803 35
35804 35
35805 35
35806 35
35807 35
35808 35
35809 35
35810 35
35811 35
35812 35
35813 35
35814 35
35815 35
35816 35
35817 35
35818 35
35819 35
35820 35
35821 35
35822 35
35823 35
35824 35
35825 35
35826 35
35827 35
35828 35
35829 35
35830 35
35831 35
35832 35
35833 35
35834 35
35835 35
35836 35
35837 35
35838 35
35839 35
35840 35
35841 35
35842 35
35843 35
35844 35
35845 35
35846 35
35847 35
35848 35
35849 35
35850 35
35851 35
35852 35
35853 35
35854 35
35855 35
35856 35
35857 35
35858 35
35859 35
35860 35
35861 35
35862 35
35863 35
35864 35
35865 35
35866 35
35867 35
35868 35
35869 35
35870 35
35871 35
35872 35
35873 35
35874 35
35875 35
35876 35
35877 35
35878 35
35879 35
35880 35
35881 35
35882 35
35883 35
35884 35
35885 35
35886 35
35887 35
35888 35
35889 35
35890 35
35891 35
35892 35
35893 35
35894 35
35895 35
35896 35
35897 35
35898 35
35899 35
35900 35
35901 35
35902 35
35903 35
35904 35
35905 35
35906 35
35907 35
35908 35
35909 35
35910 35
35911 35
35912 35
35913 35
35914 35
35915 35
35916 35
35917 35
35918 35
35919 35
35920 35
35921 35
35922 35
35923 35
35924 35
35925 35
35926 35
35927 35
35928 35
35929 35
35930 35
35931 35
35932 35
35933 35
35934 35
35935 35
35936 35
35937 35
35938 35
35939 35
35940 35
35941 35
35942 35
35943 35
35944 35
35945 35
35946 35
35947 35
35948 35
35949 35
35950 35
35951 35
35952 35
35953 35
35954 35
35955 35
35956 35
35957 35
35958 35
35959 35
35960 35
35961 35
35962 35
35963 35
35964 35
35965 35
35966 35
35967 35
35968 35
35969 35
35970 35
35971 35
35972 35
35973 35
35974 35
35975 35
35976 35
35977 35
35978 35
35979 35
35980 35
35981 35
35982 35
35983 35
35984 35
35985 35
35986 35
35987 35
35988 35
35989 35
35990 35
35991 35
35992 35
35993 35
35994 35
35995 35
35996 35
35997 35
35998 35
35999 35
36000 36
36001 36
36002 36
36003 36
36004 36
36005 36
36006 36
36007 36
36008 36
36009 36
36010 36
36011 36
36012 36
36013 36
36014 36
36015 36
36016 36
36017 36
36018 36
36019 36
36020 36
36021 36
36022 36
36023 36
36024 36
36025 36
36026 36
36027 36
36028 36
36029 36
36030 36
36031 36
36032 36
36033 36
36034 36
36035 36
36036 36
36037 36
36038 36
36039 36
36040 36
36041 36
36042 36
36043 36
36044 36
36045 36
36046 36
36047 36
36048 36
36049 36
36050 36
36051 36
36052 36
36053 36
36054 36
36055 36
36056 36
36057 36
36058 36
36059 36
36060 36
36061 36
36062 36
36063 36
36064 36
36065 36
36066 36
36067 36
36068 36
36069 36
36070 36
36071 36
36072 36
36073 36
36074 36
36075 36
36076 36
36077 36
36078 36
36079 36
36080 36
36081 36
36082 36
36083 36
36084 36
36085 36
36086 36
36087 36
36088 36
36089 36
36090 36
36091 36
36092 36
36093 36
36094 36
36095 36
36096 36
36097 36
36098 36
36099 36
36100 36
36101 36
36102 36
36103 36
36104 36
36105 36
36106 36
36107 36
36108 36
36109 36
36110 36
36111 36
36112 36
36113 36
36114 36
36115 36
36116 36
36117 36
36118 36
36119 36
36120 36
36121 36
36122 36
36123 36
36124 36
36125 36
36126 36
36127 36
36128 36
36129 36
36130 36
36131 36
36132 36
36133 36
36134 36
36135 36
36136 36
36137 36
36138 36
36139 36
36140 36
36141 36
36142 36
36143 36
36144 36
36145 36
36146 36
36147 36
36148 36
36149 36
36150 36
36151 36
36152 36
36153 36
36154 36
36155 36
36156 36
36157 36
36158 36
36159 36
36160 36
36161 36
36162 36
36163 36
36164 36
36165 36
36166 36
36167 36
36168 36
36169 36
36170 36
36171 36
36172 36
36173 36
36174 36
36175 36
36176 36
36177 36
36178 36
36179 36
36180 36
36181 36
36182 36
36183 36
36184 36
36185 36
36186 36
36187 36
36188 36
36189 36
36190 36
36191 36
36192 36
36193 36
36194 36
36195 36
36196 36
36197 36
36198 36
36199 36
36200 36
36201 36
36202 36
36203 36
36204 36
36205 36
36206 36
36207 36
36208 36
36209 36
36210 36
36211 36
36212 36
36213 36
36214 36
36215 36
36216 36
36217 36
36218 36
36219 36
36220 36
36221 36
36222 36
36223 36
36224 36
36225 36
36226 36
36227 36
36228 36
36229 36
36230 36
36231 36
36232 36
36233 36
36234 36
36235 36
36236 36
36237 36
36238 36
36239 36
36240 36
36241 36
36242 36
36243 36
36244 36
36245 36
36246 36
36247 36
36248 36
36249 36
36250 36
36251 36
36252 36
36253 36
36254 36
36255 36
36256 36
36257 36
36258 36
36259 36
36260 36
36261 36
36262 36
36263 36
36264 36
36265 36
36266 36
36267 36
36268 36
36269 36
36270 36
36271 36
36272 36
36273 36
36274 36
36275 36
36276 36
36277 36
36278 36
36279 36
36280 36
36281 36
36282 36
36283 36
36284 36
36285 36
36286 36
36287 36
36288 36
36289 36
36290 36
36291 36
36292 36
36293 36
36294 36
36295 36
36296 36
36297 36
36298 36
36299 36
36300 36
36301 36
36302 36
36303 36
36304 36
36305 36
36306 36
36307 36
36308 36
36309 36
36310 36
36311 36
36312 36
36313 36
36314 36
36315 36
36316 36
36317 36
36318 36
36319 36
36320 36
36321 36
36322 36
36323 36
36324 36
36325 36
36326 36
36327 36
36328 36
36329 36
36330 36
36331 36
36332 36
36333 36
36334 36
36335 36
36336 36
36337 36
36338 36
36339 36
36340 36
36341 36
36342 36
36343 36
36344 36
36345 36
36346 36
36347 36
36348 36
36349 36
36350 36
36351 36
36352 36
36353 36
36354 36
36355 36
36356 36
36357 36
36358 36
36359 36
36360 36
36361 36
36362 36
36363 36
36364 36
36365 36
36366 36
36367 36
36368 36
36369 36
36370 36
36371 36
36372 36
36373 36
36374 36
36375 36
36376 36
36377 36
36378 36
36379 36
36380 36
36381 36
36382 36
36383 36
36384 36
36385 36
36386 36
36387 36
36388 36
36389 36
36390 36
36391 36
36392 36
36393 36
36394 36
36395 36
36396 36
36397 36
36398 36
36399 36
36400 36
36401 36
36402 36
36403 36
36404 36
36405 36
36406 36
36407 36
36408 36
36409 36
36410 36
36411 36
36412 36
36413 36
36414 36
36415 36
36416 36
36417 36
36418 36
36419 36
36420 36
36421 36
36422 36
36423 36
36424 36
36425 36
36426 36
36427 36
36428 36
36429 36
36430 36
36431 36
36432 36
36433 36
36434 36
36435 36
36436 36
36437 36
36438 36
36439 36
36440 36
36441 36
36442 36
36443 36
36444 36
36445 36
36446 36
36447 36
36448 36
36449 36
36450 36
36451 36
36452 36
36453 36
36454 36
36455 36
36456 36
36457 36
36458 36
36459 36
36460 36
36461 36
36462 36
36463 36
36464 36
36465 36
36466 36
36467 36
36468 36
36469 36
36470 36
36471 36
36472 36
36473 36
36474 36
36475 36
36476 36
36477 36
36478 36
36479 36
36480 36
36481 36
36482 36
36483 36
36484 36
36485 36
36486 36
36487 36
36488 36
36489 36
36490 36
36491 36
36492 36
36493 36
36494 36
36495 36
36496 36
36497 36
36498 36
36499 36
36500 36
36501 36
36502 36
36503 36
36504 36
36505 36
36506 36
36507 36
36508 36
36509 36
36510 36
36511 36
36512 36
36513 36
36514 36
36515 36
36516 36
36517 36
36518 36
36519 36
36520 36
36521 36
36522 36
36523 36
36524 36
36525 36
36526 36
36527 36
36528 36
36529 36
36530 36
36531 36
36532 36
36533 36
36534 36
36535 36
36536 36
36537 36
36538 36
36539 36
36540 36
36541 36
36542 36
36543 36
36544 36
36545 36
36546 36
36547 36
36548 36
36549 36
36550 36
36551 36
36552 36
36553 36
36554 36
36555 36
36556 36
36557 36
36558 36
36559 36
36560 36
36561 36
36562 36
36563 36
36564 36
36565 36
36566 36
36567 36
36568 36
36569 36
36570 36
36571 36
36572 36
36573 36
36574 36
36575 36
36576 36
36577 36
36578 36
36579 36
36580 36
36581 36
36582 36
36583 36
36584 36
36585 36
36586 36
36587 36
36588 36
36589 36
36590 36
36591 36
36592 36
36593 36
36594 36
36595 36
36596 36
36597 36
36598 36
36599 36
36600 36
36601 36
36602 36
36603 36
36604 36
36605 36
36606 36
36607 36
36608 36
36609 36
36610 36
36611 36
36612 36
36613 36
36614 36
36615 36
36616 36
36617 36
36618 36
36619 36
36620 36
36621 36
36622 36
36623 36
36624 36
36625 36
36626 36
36627 36
36628 36
36629 36
36630 36
36631 36
36632 36
36633 36
36634 36
36635 36
36636 36
36637 36
36638 36
36639 36
36640 36
36641 36
36642 36
36643 36
36644 36
36645 36
36646 36
36647 36
36648 36
36649 36
36650 36
36651 36
36652 36
36653 36
36654 36
36655 36
36656 36
36657 36
36658 36
36659 36
36660 36
36661 36
36662 36
36663 36
36664 36
36665 36
36666 36
36667 36
36668 36
36669 36
36670 36
36671 36
36672 36
36673 36
36674 36
36675 36
36676 36
36677 36
36678 36
36679 36
36680 36
36681 36
36682 36
36683 36
36684 36
36685 36
36686 36
36687 36
36688 36
36689 36
36690 36
36691 36
36692 36
36693 36
36694 36
36695 36
36696 36
36697 36
36698 36
36699 36
36700 36
36701 36
36702 36
36703 36
36704 36
36705 36
36706 36
36707 36
36708 36
36709 36
36710 36
36711 36
36712 36
36713 36
36714 36
36715 36
36716 36
36717 36
36718 36
36719 36
36720 36
36721 36
36722 36
36723 36
36724 36
36725 36
36726 36
36727 36
36728 36
36729 36
36730 36
36731 36
36732 36
36733 36
36734 36
36735 36
36736 36
36737 36
36738 36
36739 36
36740 36
36741 36
36742 36
36743 36
36744 36
36745 36
36746 36
36747 36
36748 36
36749 36
36750 36
36751 36
36752 36
36753 36
36754 36
36755 36
36756 36
36757 36
36758 36
36759 36
36760 36
36761 36
36762 36
36763 36
36764 36
36765 36
36766 36
36767 36
36768 36
36769 36
36770 36
36771 36
36772 36
36773 36
36774 36
36775 36
36776 36
36777 36
36778 36
36779 36
36780 36
36781 36
36782 36
36783 36
36784 36
36785 36
36786 36
36787 36
36788 36
36789 36
36790 36
36791 36
36792 36
36793 36
36794 36
36795 36
36796 36
36797 36
36798 36
36799 36
36800 36
36801 36
36802 36
36803 36
36804 36
36805 36
36806 36
36807 36
36808 36
36809 36
36810 36
36811 36
36812 36
36813 36
36814 36
36815 36
36816 36
36817 36
36818 36
36819 36
36820 36
36821 36
36822 36
36823 36
36824 36
36825 36
36826 36
36827 36
36828 36
36829 36
36830 36
36831 36
36832 36
36833 36
36834 36
36835 36
36836 36
36837 36
36838 36
36839 36
36840 36
36841 36
36842 36
36843 36
36844 36
36845 36
36846 36
36847 36
36848 36
36849 36
36850 36
36851 36
36852 36
36853 36
36854 36
36855 36
36856 36
36857 36
36858 36
36859 36
36860 36
36861 36
36862 36
36863 36
36864 36
36865 36
36866 36
36867 36
36868 36
36869 36
36870 36
36871 36
36872 36
36873 36
36874 36
36875 36
36876 36
36877 36
36878 36
36879 36
36880 36
36881 36
36882 36
36883 36
36884 36
36885 36
36886 36
36887 36
36888 36
36889 36
36890 36
36891 36
36892 36
36893 36
36894 36
36895 36
36896 36
36897 36
36898 36
36899 36
36900 36
36901 36
36902 36
36903 36
36904 36
36905 36
36906 36
36907 36
36908 36
36909 36
36910 36
36911 36
36912 36
36913 36
36914 36
36915 36
36916 36
36917 36
36918 36
36919 36
36920 36
36921 36
36922 36
36923 36
36924 36
36925 36
36926 36
36927 36
36928 36
36929 36
36930 36
36931 36
36932 36
36933 36
36934 36
36935 36
36936 36
36937 36
36938 36
36939 36
36940 36
36941 36
36942 36
36943 36
36944 36
36945 36
36946 36
36947 36
36948 36
36949 36
36950 36
36951 36
36952 36
36953 36
36954 36
36955 36
36956 36
36957 36
36958 36
36959 36
36960 36
36961 36
36962 36
36963 36
36964 36
36965 36
36966 36
36967 36
36968 36
36969 36
36970 36
36971 36
36972 36
36973 36
36974 36
36975 36
36976 36
36977 36
36978 36
36979 36
36980 36
36981 36
36982 36
36983 36
36984 36
36985 36
36986 36
36987 36
36988 36
36989 36
36990 36
36991 36
36992 36
36993 36
36994 36
36995 36
36996 36
36997 36
36998 36
36999 36
37000 37
37001 37
37002 37
37003 37
37004 37
37005 37
37006 37
37007 37
37008 37
37009 37
37010 37
37011 37
37012 37
37013 37
37014 37
37015 37
37016 37
37017 37
37018 37
37019 37
37020 37
37021 37
37022 37
37023 37
37024 37
37025 37
37026 37
37027 37
37028 37
37029 37
37030 37
37031 37
37032 37
37033 37
37034 37
37035 37
37036 37
37037 37
37038 37
37039 37
37040 37
37041 37
37042 37
37043 37
37044 37
37045 37
37046 37
37047 37
37048 37
37049 37
37050 37
37051 37
37052 37
37053 37
37054 37
37055 37
37056 37
37057 37
37058 37
37059 37
37060 37
37061 37
37062 37
37063 37
37064 37
37065 37
37066 37
37067 37
37068 37
37069 37
37070 37
37071 37
37072 37
37073 37
37074 37
37075 37
37076 37
37077 37
37078 37
37079 37
37080 37
37081 37
37082 37
37083 37
37084 37
37085 37
37086 37
37087 37
37088 37
37089 37
37090 37
37091 37
37092 37
37093 37
37094 37
37095 37
37096 37
37097 37
37098 37
37099 37
37100 37
37101 37
37102 37
37103 37
37104 37
37105 37
37106 37
37107 37
37108 37
37109 37
37110 37
37111 37
37112 37
37113 37
37114 37
37115 37
37116 37
37117 37
37118 37
37119 37
37120 37
37121 37
37122 37
37123 37
37124 37
37125 37
37126 37
37127 37
37128 37
37129 37
37130 37
37131 37
37132 37
37133 37
37134 37
37135 37
37136 37
37137 37
37138 37
37139 37
37140 37
37141 37
37142 37
37143 37
37144 37
37145 37
37146 37
37147 37
37148 37
37149 37
37150 37
37151 37
37152 37
37153 37
37154 37
37155 37
37156 37
37157 37
37158 37
37159 37
37160 37
37161 37
37162 37
37163 37
37164 37
37165 37
37166 37
37167 37
37168 37
37169 37
37170 37
37171 37
37172 37
37173 37
37174 37
37175 37
37176 37
37177 37
37178 37
37179 37
37180 37
37181 37
37182 37
37183 37
37184 37
37185 37
37186 37
37187 37
37188 37
37189 37
37190 37
37191 37
37192 37
37193 37
37194 37
37195 37
37196 37
37197 37
37198 37
37199 37
37200 37
37201 37
37202 37
37203 37
37204 37
37205 37
37206 37
37207 37
37208 37
37209 37
37210 37
37211 37
37212 37
37213 37
37214 37
37215 37
37216 37
37217 37
37218 37
37219 37
37220 37
37221 37
37222 37
37223 37
37224 37
37225 37
37226 37
37227 37
37228 37
37229 37
37230 37
37231 37
37232 37
37233 37
37234 37
37235 37
37236 37
37237 37
37238 37
37239 37
37240 37
37241 37
37242 37
37243 37
37244 37
37245 37
37246 37
37247 37
37248 37
37249 37
37250 37
37251 37
37252 37
37253 37
37254 37
37255 37
37256 37
37257 37
37258 37
37259 37
37260 37
37261 37
37262 37
37263 37
37264 37
37265 37
37266 37
37267 37
37268 37
37269 37
37270 37
37271 37
37272 37
37273 37
37274 37
37275 37
37276 37
37277 37
37278 37
37279 37
37280 37
37281 37
37282 37
37283 37
37284 37
37285 37
37286 37
37287 37
37288 37
37289 37
37290 37
37291 37
37292 37
37293 37
37294 37
37295 37
37296 37
37297 37
37298 37
37299 37
37300 37
37301 37
37302 37
37303 37
37304 37
37305 37
37306 37
37307 37
37308 37
37309 37
37310 37
37311 37
37312 37
37313 37
37314 37
37315 37
37316 37
37317 37
37318 37
37319 37
37320 37
37321 37
37322 37
37323 37
37324 37
37325 37
37326 37
37327 37
37328 37
37329 37
37330 37
37331 37
37332 37
37333 37
37334 37
37335 37
37336 37
37337 37
37338 37
37339 37
37340 37
37341 37
37342 37
37343 37
37344 37
37345 37
37346 37
37347 37
37348 37
37349 37
37350 37
37351 37
37352 37
37353 37
37354 37
37355 37
37356 37
37357 37
37358 37
37359 37
37360 37
37361 37
37362 37
37363 37
37364 37
37365 37
37366 37
37367 37
37368 37
37369 37
37370 37
37371 37
37372 37
37373 37
37374 37
37375 37
37376 37
37377 37
37378 37
37379 37
37380 37
37381 37
37382 37
37383 37
37384 37
37385 37
37386 37
37387 37
37388 37
37389 37
37390 37
37391 37
37392 37
37393 37
37394 37
37395 37
37396 37
37397 37
37398 37
37399 37
37400 37
37401 37
37402 37
37403 37
37404 37
37405 37
37406 37
37407 37
37408 37
37409 37
37410 37
37411 37
37412 37
37413 37
37414 37
37415 37
37416 37
37417 37
37418 37
37419 37
37420 37
37421 37
37422 37
37423 37
37424 37
37425 37
37426 37
37427 37
37428 37
37429 37
37430 37
37431 37
37432 37
37433 37
37434 37
37435 37
37436 37
37437 37
37438 37
37439 37
37440 37
37441 37
37442 37
37443 37
37444 37
37445 37
37446 37
37447 37
37448 37
37449 37
37450 37
37451 37
37452 37
37453 37
37454 37
37455 37
37456 37
37457 37
37458 37
37459 37
37460 37
37461 37
37462 37
37463 37
37464 37
37465 37
37466 37
37467 37
37468 37
37469 37
37470 37
37471 37
37472 37
37473 37
37474 37
37475 37
37476 37
37477 37
37478 37
37479 37
37480 37
37481 37
37482 37
37483 37
37484 37
37485 37
37486 37
37487 37
37488 37
37489 37
37490 37
37491 37
37492 37
37493 37
37494 37
37495 37
37496 37
37497 37
37498 37
37499 37
37500 37
37501 37
37502 37
37503 37
37504 37
37505 37
37506 37
37507 37
37508 37
37509 37
37510 37
37511 37
37512 37
37513 37
37514 37
37515 37
37516 37
37517 37
37518 37
37519 37
37520 37
37521 37
37522 37
37523 37
37524 37
37525 37
37526 37
37527 37
37528 37
37529 37
37530 37
37531 37
37532 37
37533 37
37534 37
37535 37
37536 37
37537 37
37538 37
37539 37
37540 37
37541 37
37542 37
37543 37
37544 37
37545 37
37546 37
37547 37
37548 37
37549 37
37550 37
37551 37
37552 37
37553 37
37554 37
37555 37
37556 37
37557 37
37558 37
37559 37
37560 37
37561 37
37562 37
37563 37
37564 37
37565 37
37566 37
37567 37
37568 37
37569 37
37570 37
37571 37
37572 37
37573 37
37574 37
37575 37
37576 37
37577 37
37578 37
37579 37
37580 37
37581 37
37582 37
37583 37
37584 37
37585 37
37586 37
37587 37
37588 37
37589 37
37590 37
37591 37
37592 37
37593 37
37594 37
37595 37
37596 37
37597 37
37598 37
37599 37
37600 37
37601 37
37602 37
37603 37
37604 37
37605 37
37606 37
37607 37
37608 37
37609 37
37610 37
37611 37
37612 37
37613 37
37614 37
37615 37
37616 37
37617 37
37618 37
37619 37
37620 37
37621 37
37622 37
37623 37
37624 37
37625 37
37626 37
37627 37
37628 37
37629 37
37630 37
37631 37
37632 37
37633 37
37634 37
37635 37
37636 37
37637 37
37638 37
37639 37
37640 37
37641 37
37642 37
37643 37
37644 37
37645 37
37646 37
37647 37
37648 37
37649 37
37650 37
37651 37
37652 37
37653 37
37654 37
37655 37
37656 37
37657 37
37658 37
37659 37
37660 37
37661 37
37662 37
37663 37
37664 37
37665 37
37666 37
37667 37
37668 37
37669 37
37670 37
37671 37
37672 37
37673 37
37674 37
37675 37
37676 37
37677 37
37678 37
37679 37
37680 37
37681 37
37682 37
37683 37
37684 37
37685 37
37686 37
37687 37
37688 37
37689 37
37690 37
37691 37
37692 37
37693 37
37694 37
37695 37
37696 37
37697 37
37698 37
37699 37
37700 37
37701 37
37702 37
37703 37
37704 37
37705 37
37706 37
37707 37
37708 37
37709 37
37710 37
37711 37
37712 37
37713 37
37714 37
37715 37
37716 37
37717 37
37718 37
37719 37
37720 37
37721 37
37722 37
37723 37
37724 37
37725 37
37726 37
37727 37
37728 37
37729 37
37730 37
37731 37
37732 37
37733 37
37734 37
37735 37
37736 37
37737 37
37738 37
37739 37
37740 37
37741 37
37742 37
37743 37
37744 37
37745 37
37746 37
37747 37
37748 37
37749 37
37750 37
37751 37
37752 37
37753 37
37754 37
37755 37
37756 37
37757 37
37758 37
37759 37
37760 37
37761 37
37762 37
37763 37
37764 37
37765 37
37766 37
37767 37
37768 37
37769 37
37770 37
37771 37
37772 37
37773 37
37774 37
37775 37
37776 37
37777 37
37778 37
37779 37
37780 37
37781 37
37782 37
37783 37
37784 37
37785 37
37786 37
37787 37
37788 37
37789 37
37790 37
37791 37
37792 37
37793 37
37794 37
37795 37
37796 37
37797 37
37798 37
37799 37
37800 37
37801 37
37802 37
37803 37
37804 37
37805 37
37806 37
37807 37
37808 37
37809 37
37810 37
37811 37
37812 37
37813 37
37814 37
37815 37
37816 37
37817 37
37818 37
37819 37
37820 37
37821 37
37822 37
37823 37
37824 37
37825 37
37826 37
37827 37
37828 37
37829 37
37830 37
37831 37
37832 37
37833 37
37834 37
37835 37
37836 37
37837 37
37838 37
37839 37
37840 37
37841 37
37842 37
37843 37
37844 37
37845 37
37846 37
37847 37
37848 37
37849 37
37850 37
37851 37
37852 37
37853 37
37854 37
37855 37
37856 37
37857 37
37858 37
37859 37
37860 37
37861 37
37862 37
37863 37
37864 37
37865 37
37866 37
37867 37
37868 37
37869 37
37870 37
37871 37
37872 37
37873 37
37874 37
37875 37
37876 37
37877 37
37878 37
37879 37
37880 37
37881 37
37882 37
37883 37
37884 37
37885 37
37886 37
37887 37
37888 37
37889 37
37890 37
37891 37
37892 37
37893 37
37894 37
37895 37
37896 37
37897 37
37898 37
37899 37
37900 37
37901 37
37902 37
37903 37
37904 37
37905 37
37906 37
37907 37
37908 37
37909 37
37910 37
37911 37
37912 37
37913 37
37914 37
37915 37
37916 37
37917 37
37918 37
37919 37
37920 37
37921 37
37922 37
37923 37
37924 37
37925 37
37926 37
37927 37
37928 37
37929 37
37930 37
37931 37
37932 37
37933 37
37934 37
37935 37
37936 37
37937 37
37938 37
37939 37
37940 37
37941 37
37942 37
37943 37
37944 37
37945 37
37946 37
37947 37
37948 37
37949 37
37950 37
37951 37
37952 37
37953 37
37954 37
37955 37
37956 37
37957 37
37958 37
37959 37
37960 37
37961 37
37962 37
37963 37
37964 37
37965 37
37966 37
37967 37
37968 37
37969 37
37970 37
37971 37
37972 37
37973 37
37974 37
37975 37
37976 37
37977 37
37978 37
37979 37
37980 37
37981 37
37982 37
37983 37
37984 37
37985 37
37986 37
37987 37
37988 37
37989 37
37990 37
37991 37
37992 37
37993 37
37994 37
37995 37
37996 37
37997 37
37998 37
37999 37
38000 38
38001 38
38002 38
38003 38
38004 38
38005 38
38006 38
38007 38
38008 38
38009 38
38010 38
38011 38
38012 38
38013 38
38014 38
38015 38
38016 38
38017 38
38018 38
38019 38
38020 38
38021 38
38022 38
38023 38
38024 38
38025 38
38026 38
38027 38
38028 38
38029 38
38030 38
38031 38
38032 38
38033 38
38034 38
38035 38
38036 38
38037 38
38038 38
38039 38
38040 38
38041 38
38042 38
38043 38
38044 38
38045 38
38046 38
38047 38
38048 38
38049 38
38050 38
38051 38
38052 38
38053 38
38054 38
38055 38
38056 38
38057 38
38058 38
38059 38
38060 38
38061 38
38062 38
38063 38
38064 38
38065 38
38066 38
38067 38
38068 38
38069 38
38070 38
38071 38
38072 38
38073 38
38074 38
38075 38
38076 38
38077 38
38078 38
38079 38
38080 38
38081 38
38082 38
38083 38
38084 38
38085 38
38086 38
38087 38
38088 38
38089 38
38090 38
38091 38
38092 38
38093 38
38094 38
38095 38
38096 38
38097 38
38098 38
38099 38
38100 38
38101 38
38102 38
38103 38
38104 38
38105 38
38106 38
38107 38
38108 38
38109 38
38110 38
38111 38
38112 38
38113 38
38114 38
38115 38
38116 38
38117 38
38118 38
38119 38
38120 38
38121 38
38122 38
38123 38
38124 38
38125 38
38126 38
38127 38
38128 38
38129 38
38130 38
38131 38
38132 38
38133 38
38134 38
38135 38
38136 38
38137 38
38138 38
38139 38
38140 38
38141 38
38142 38
38143 38
38144 38
38145 38
38146 38
38147 38
38148 38
38149 38
38150 38
38151 38
38152 38
38153 38
38154 38
38155 38
38156 38
38157 38
38158 38
38159 38
38160 38
38161 38
38162 38
38163 38
38164 38
38165 38
38166 38
38167 38
38168 38
38169 38
38170 38
38171 38
38172 38
38173 38
38174 38
38175 38
38176 38
38177 38
38178 38
38179 38
38180 38
38181 38
38182 38
38183 38
38184 38
38185 38
38186 38
38187 38
38188 38
38189 38
38190 38
38191 38
38192 38
38193 38
38194 38
38195 38
38196 38
38197 38
38198 38
38199 38
38200 38
38201 38
38202 38
38203 38
38204 38
38205 38
38206 38
38207 38
38208 38
38209 38
38210 38
38211 38
38212 38
38213 38
38214 38
38215 38
38216 38
38217 38
38218 38
38219 38
38220 38
38221 38
38222 38
38223 38
38224 38
38225 38
38226 38
38227 38
38228 38
38229 38
38230 38
38231 38
38232 38
38233 38
38234 38
38235 38
38236 38
38237 38
38238 38
38239 38
38240 38
38241 38
38242 38
38243 38
38244 38
38245 38
38246 38
38247 38
38248 38
38249 38
38250 38
38251 38
38252 38
38253 38
38254 38
38255 38
38256 38
38257 38
38258 38
38259 38
38260 38
38261 38
38262 38
38263 38
38264 38
38265 38
38266 38
38267 38
38268 38
38269 38
38270 38
38271 38
38272 38
38273 38
38274 38
38275 38
38276 38
38277 38
38278 38
38279 38
38280 38
38281 38
38282 38
38283 38
38284 38
38285 38
38286 38
38287 38
38288 38
38289 38
38290 38
38291 38
38292 38
38293 38
38294 38
38295 38
38296 38
38297 38
38298 38
38299 38
38300 38
38301 38
38302 38
38303 38
38304 38
38305 38
38306 38
38307 38
38308 38
38309 38
38310 38
38311 38
38312 38
38313 38
38314 38
38315 38
38316 38
38317 38
38318 38
38319 38
38320 38
38321 38
38322 38
38323 38
38324 38
38325 38
38326 38
38327 38
38328 38
38329 38
38330 38
38331 38
38332 38
38333 38
38334 38
38335 38
38336 38
38337 38
38338 38
38339 38
38340 38
38341 38
38342 38
38343 38
38344 38
38345 38
38346 38
38347 38
38348 38
38349 38
38350 38
38351 38
38352 38
38353 38
38354 38
38355 38
38356 38
38357 38
38358 38
38359 38
38360 38
38361 38
38362 38
38363 38
38364 38
38365 38
38366 38
38367 38
38368 38
38369 38
38370 38
38371 38
38372 38
38373 38
38374 38
38375 38
38376 38
38377 38
38378 38
38379 38
38380 38
38381 38
38382 38
38383 38
38384 38
38385 38
38386 38
38387 38
38388 38
38389 38
38390 38
38391 38
38392 38
38393 38
38394 38
38395 38
38396 38
38397 38
38398 38
38399 38
38400 38
38401 38
38402 38
38403 38
38404 38
38405 38
38406 38
38407 38
38408 38
38409 38
38410 38
38411 38
38412 38
38413 38
38414 38
38415 38
38416 38
38417 38
38418 38
38419 38
38420 38
38421 38
38422 38
38423 38
38424 38
38425 38
38426 38
38427 38
38428 38
38429 38
38430 38
38431 38
38432 38
38433 38
38434 38
38435 38
38436 38
38437 38
38438 38
38439 38
38440 38
38441 38
38442 38
38443 38
38444 38
38445 38
38446 38
38447 38
38448 38
38449 38
38450 38
38451 38
38452 38
38453 38
38454 38
38455 38
38456 38
38457 38
38458 38
38459 38
38460 38
38461 38
38462 38
38463 38
38464 38
38465 38
38466 38
38467 38
38468 38
38469 38
38470 38
38471 38
38472 38
38473 38
38474 38
38475 38
38476 38
38477 38
38478 38
38479 38
38480 38
38481 38
38482 38
38483 38
38484 38
38485 38
38486 38
38487 38
38488 38
38489 38
38490 38
38491 38
38492 38
38493 38
38494 38
38495 38
38496 38
38497 38
38498 38
38499 38
38500 38
38501 38
38502 38
38503 38
38504 38
38505 38
38506 38
38507 38
38508 38
38509 38
38510 38
38511 38
38512 38
38513 38
38514 38
38515 38
38516 38
38517 38
38518 38
38519 38
38520 38
38521 38
38522 38
38523 38
38524 38
38525 38
38526 38
38527 38
38528 38
38529 38
38530 38
38531 38
38532 38
38533 38
38534 38
38535 38
38536 38
38537 38
38538 38
38539 38
38540 38
38541 38
38542 38
38543 38
38544 38
38545 38
38546 38
38547 38
38548 38
38549 38
38550 38
38551 38
38552 38
38553 38
38554 38
38555 38
38556 38
38557 38
38558 38
38559 38
38560 38
38561 38
38562 38
38563 38
38564 38
38565 38
38566 38
38567 38
38568 38
38569 38
38570 38
38571 38
38572 38
38573 38
38574 38
38575 38
38576 38
38577 38
38578 38
38579 38
38580 38
38581 38
38582 38
38583 38
38584 38
38585 38
38586 38
38587 38
38588 38
38589 38
38590 38
38591 38
38592 38
38593 38
38594 38
38595 38
38596 38
38597 38
38598 38
38599 38
38600 38
38601 38
38602 38
38603 38
38604 38
38605 38
38606 38
38607 38
38608 38
38609 38
38610 38
38611 38
38612 38
38613 38
38614 38
38615 38
38616 38
38617 38
38618 38
38619 38
38620 38
38621 38
38622 38
38623 38
38624 38
38625 38
38626 38
38627 38
38628 38
38629 38
38630 38
38631 38
38632 38
38633 38
38634 38
38635 38
38636 38
38637 38
38638 38
38639 38
38640 38
38641 38
38642 38
38643 38
38644 38
38645 38
38646 38
38647 38
38648 38
38649 38
38650 38
38651 38
38652 38
38653 38
38654 38
38655 38
38656 38
38657 38
38658 38
38659 38
38660 38
38661 38
38662 38
38663 38
38664 38
38665 38
38666 38
38667 38
38668 38
38669 38
38670 38
38671 38
38672 38
38673 38
38674 38
38675 38
38676 38
38677 38
38678 38
38679 38
38680 38
38681 38
38682 38
38683 38
38684 38
38685 38
38686 38
38687 38
38688 38
38689 38
38690 38
38691 38
38692 38
38693 38
38694 38
38695 38
38696 38
38697 38
38698 38
38699 38
38700 38
38701 38
38702 38
38703 38
38704 38
38705 38
38706 38
38707 38
38708 38
38709 38
38710 38
38711 38
38712 38
38713 38
38714 38
38715 38
38716 38
38717 38
38718 38
38719 38
38720 38
38721 38
38722 38
38723 38
38724 38
38725 38
38726 38
38727 38
38728 38
38729 38
38730 38
38731 38
38732 38
38733 38
38734 38
38735 38
38736 38
38737 38
38738 38
38739 38
38740 38
38741 38
38742 38
38743 38
38744 38
38745 38
38746 38
38747 38
38748 38
38749 38
38750 38
38751 38
38752 38
38753 38
38754 38
38755 38
38756 38
38757 38
38758 38
38759 38
38760 38
38761 38
38762 38
38763 38
38764 38
38765 38
38766 38
38767 38
38768 38
38769 38
38770 38
38771 38
38772 38
38773 38
38774 38
38775 38
38776 38
38777 38
38778 38
38779 38
38780 38
38781 38
38782 38
38783 38
38784 38
38785 38
38786 38
38787 38
38788 38
38789 38
38790 38
38791 38
38792 38
38793 38
38794 38
38795 38
38796 38
38797 38
38798 38
38799 38
38800 38
38801 38
38802 38
38803 38
38804 38
38805 38
38806 38
38807 38
38808 38
38809 38
38810 38
38811 38
38812 38
38813 38
38814 38
38815 38
38816 38
38817 38
38818 38
38819 38
38820 38
38821 38
38822 38
38823 38
38824 38
38825 38
38826 38
38827 38
38828 38
38829 38
38830 38
38831 38
38832 38
38833 38
38834 38
38835 38
38836 38
38837 38
38838 38
38839 38
38840 38
38841 38
38842 38
38843 38
38844 38
38845 38
38846 38
38847 38
38848 38
38849 38
38850 38
38851 38
38852 38
38853 38
38854 38
38855 38
38856 38
38857 38
38858 38
38859 38
38860 38
38861 38
38862 38
38863 38
38864 38
38865 38
38866 38
38867 38
38868 38
38869 38
38870 38
38871 38
38872 38
38873 38
38874 38
38875 38
38876 38
38877 38
38878 38
38879 38
38880 38
38881 38
38882 38
38883 38
38884 38
38885 38
38886 38
38887 38
38888 38
38889 38
38890 38
38891 38
38892 38
38893 38
38894 38
38895 38
38896 38
38897 38
38898 38
38899 38
38900 38
38901 38
38902 38
38903 38
38904 38
38905 38
38906 38
38907 38
38908 38
38909 38
38910 38
38911 38
38912 38
38913 38
38914 38
38915 38
38916 38
38917 38
38918 38
38919 38
38920 38
38921 38
38922 38
38923 38
38924 38
38925 38
38926 38
38927 38
38928 38
38929 38
38930 38
38931 38
38932 38
38933 38
38934 38
38935 38
38936 38
38937 38
38938 38
38939 38
38940 38
38941 38
38942 38
38943 38
38944 38
38945 38
38946 38
38947 38
38948 38
38949 38
38950 38
38951 38
38952 38
38953 38
38954 38
38955 38
38956 38
38957 38
38958 38
38959 38
38960 38
38961 38
38962 38
38963 38
38964 38
38965 38
38966 38
38967 38
38968 38
38969 38
38970 38
38971 38
38972 38
38973 38
38974 38
38975 38
38976 38
38977 38
38978 38
38979 38
38980 38
38981 38
38982 38
38983 38
38984 38
38985 38
38986 38
38987 38
38988 38
38989 38
38990 38
38991 38
38992 38
38993 38
38994 38
38995 38
38996 38
38997 38
38998 38
38999 38
39000 39
39001 39
39002 39
39003 39
39004 39
39005 39
39006 39
39007 39
39008 39
39009 39
39010 39
39011 39
39012 39
39013 39
39014 39
39015 39
39016 39
39017 39
39018 39
39019 39
39020 39
39021 39
39022 39
39023 39
39024 39
39025 39
39026 39
39027 39
39028 39
39029 39
39030 39
39031 39
39032 39
39033 39
39034 39
39035 39
39036 39
39037 39
39038 39
39039 39
39040 39
39041 39
39042 39
39043 39
39044 39
39045 39
39046 39
39047 39
39048 39
39049 39
39050 39
39051 39
39052 39
39053 39
39054 39
39055 39
39056 39
39057 39
39058 39
39059 39
39060 39
39061 39
39062 39
39063 39
39064 39
39065 39
39066 39
39067 39
39068 39
39069 39
39070 39
39071 39
39072 39
39073 39
39074 39
39075 39
39076 39
39077 39
39078 39
39079 39
39080 39
39081 39
39082 39
39083 39
39084 39
39085 39
39086 39
39087 39
39088 39
39089 39
39090 39
39091 39
39092 39
39093 39
39094 39
39095 39
39096 39
39097 39
39098 39
39099 39
39100 39
39101 39
39102 39
39103 39
39104 39
39105 39
39106 39
39107 39
39108 39
39109 39
39110 39
39111 39
39112 39
39113 39
39114 39
39115 39
39116 39
39117 39
39118 39
39119 39
39120 39
39121 39
39122 39
39123 39
39124 39
39125 39
39126 39
39127 39
39128 39
39129 39
39130 39
39131 39
39132 39
39133 39
39134 39
39135 39
39136 39
39137 39
39138 39
39139 39
39140 39
39141 39
39142 39
39143 39
39144 39
39145 39
39146 39
39147 39
39148 39
39149 39
39150 39
39151 39
39152 39
39153 39
39154 39
39155 39
39156 39
39157 39
39158 39
39159 39
39160 39
39161 39
39162 39
39163 39
39164 39
39165 39
39166 39
39167 39
39168 39
39169 39
39170 39
39171 39
39172 39
39173 39
39174 39
39175 39
39176 39
39177 39
39178 39
39179 39
39180 39
39181 39
39182 39
39183 39
39184 39
39185 39
39186 39
39187 39
39188 39
39189 39
39190 39
39191 39
39192 39
39193 39
39194 39
39195 39
39196 39
39197 39
39198 39
39199 39
39200 39
39201 39
39202 39
39203 39
39204 39
39205 39
39206 39
39207 39
39208 39
39209 39
39210 39
39211 39
39212 39
39213 39
39214 39
39215 39
39216 39
39217 39
39218 39
39219 39
39220 39
39221 39
39222 39
39223 39
39224 39
39225 39
39226 39
39227 39
39228 39
39229 39
39230 39
39231 39
39232 39
39233 39
39234 39
39235 39
39236 39
39237 39
39238 39
39239 39
39240 39
39241 39
39242 39
39243 39
39244 39
39245 39
39246 39
39247 39
39248 39
39249 39
39250 39
39251 39
39252 39
39253 39
39254 39
39255 39
39256 39
39257 39
39258 39
39259 39
39260 39
39261 39
39262 39
39263 39
39264 39
39265 39
39266 39
39267 39
39268 39
39269 39
39270 39
39271 39
39272 39
39273 39
39274 39
39275 39
39276 39
39277 39
39278 39
39279 39
39280 39
39281 39
39282 39
39283 39
39284 39
39285 39
39286 39
39287 39
39288 39
39289 39
39290 39
39291 39
39292 39
39293 39
39294 39
39295 39
39296 39
39297 39
39298 39
39299 39
39300 39
39301 39
39302 39
39303 39
39304 39
39305 39
39306 39
39307 39
39308 39
39309 39
39310 39
39311 39
39312 39
39313 39
39314 39
39315 39
39316 39
39317 39
39318 39
39319 39
39320 39
39321 39
39322 39
39323 39
39324 39
39325 39
39326 39
39327 39
39328 39
39329 39
39330 39
39331 39
39332 39
39333 39
39334 39
39335 39
39336 39
39337 39
39338 39
39339 39
39340 39
39341 39
39342 39
39343 39
39344 39
39345 39
39346 39
39347 39
39348 39
39349 39
39350 39
39351 39
39352 39
39353 39
39354 39
39355 39
39356 39
39357 39
39358 39
39359 39
39360 39
39361 39
39362 39
39363 39
39364 39
39365 39
39366 39
39367 39
39368 39
39369 39
39370 39
39371 39
39372 39
39373 39
39374 39
39375 39
39376 39
39377 39
39378 39
39379 39
39380 39
39381 39
39382 39
39383 39
39384 39
39385 39
39386 39
39387 39
39388 39
39389 39
39390 39
39391 39
39392 39
39393 39
39394 39
39395 39
39396 39
39397 39
39398 39
39399 39
39400 39
39401 39
39402 39
39403 39
39404 39
39405 39
39406 39
39407 39
39408 39
39409 39
39410 39
39411 39
39412 39
39413 39
39414 39
39415 39
39416 39
39417 39
39418 39
39419 39
39420 39
39421 39
39422 39
39423 39
39424 39
39425 39
39426 39
39427 39
39428 39
39429 39
39430 39
39431 39
39432 39
39433 39
39434 39
39435 39
39436 39
39437 39
39438 39
39439 39
39440 39
39441 39
39442 39
39443 39
39444 39
39445 39
39446 39
39447 39
39448 39
39449 39
39450 39
39451 39
39452 39
39453 39
39454 39
39455 39
39456 39
39457 39
39458 39
39459 39
39460 39
39461 39
39462 39
39463 39
39464 39
39465 39
39466 39
39467 39
39468 39
39469 39
39470 39
39471 39
39472 39
39473 39
39474 39
39475 39
39476 39
39477 39
39478 39
39479 39
39480 39
39481 39
39482 39
39483 39
39484 39
39485 39
39486 39
39487 39
39488 39
39489 39
39490 39
39491 39
39492 39
39493 39
39494 39
39495 39
39496 39
39497 39
39498 39
39499 39
39500 39
39501 39
39502 39
39503 39
39504 39
39505 39
39506 39
39507 39
39508 39
39509 39
39510 39
39511 39
39512 39
39513 39
39514 39
39515 39
39516 39
39517 39
39518 39
39519 39
39520 39
39521 39
39522 39
39523 39
39524 39
39525 39
39526 39
39527 39
39528 39
39529 39
39530 39
39531 39
39532 39
39533 39
39534 39
39535 39
39536 39
39537 39
39538 39
39539 39
39540 39
39541 39
39542 39
39543 39
39544 39
39545 39
39546 39
39547 39
39548 39
39549 39
39550 39
39551 39
39552 39
39553 39
39554 39
39555 39
39556 39
39557 39
39558 39
39559 39
39560 39
39561 39
39562 39
39563 39
39564 39
39565 39
39566 39
39567 39
39568 39
39569 39
39570 39
39571 39
39572 39
39573 39
39574 39
39575 39
39576 39
39577 39
39578 39
39579 39
39580 39
39581 39
39582 39
39583 39
39584 39
39585 39
39586 39
39587 39
39588 39
39589 39
39590 39
39591 39
39592 39
39593 39
39594 39
39595 39
39596 39
39597 39
39598 39
39599 39
39600 39
39601 39
39602 39
39603 39
39604 39
39605 39
39606 39
39607 39
39608 39
39609 39
39610 39
39611 39
39612 39
39613 39
39614 39
39615 39
39616 39
39617 39
39618 39
39619 39
39620 39
39621 39
39622 39
39623 39
39624 39
39625 39
39626 39
39627 39
39628 39
39629 39
39630 39
39631 39
39632 39
39633 39
39634 39
39635 39
39636 39
39637 39
39638 39
39639 39
39640 39
39641 39
39642 39
39643 39
39644 39
39645 39
39646 39
39647 39
39648 39
39649 39
39650 39
39651 39
39652 39
39653 39
39654 39
39655 39
39656 39
39657 39
39658 39
39659 39
39660 39
39661 39
39662 39
39663 39
39664 39
39665 39
39666 39
39667 39
39668 39
39669 39
39670 39
39671 39
39672 39
39673 39
39674 39
39675 39
39676 39
39677 39
39678 39
39679 39
39680 39
39681 39
39682 39
39683 39
39684 39
39685 39
39686 39
39687 39
39688 39
39689 39
39690 39
39691 39
39692 39
39693 39
39694 39
39695 39
39696 39
39697 39
39698 39
39699 39
39700 39
39701 39
39702 39
39703 39
39704 39
39705 39
39706 39
39707 39
39708 39
39709 39
39710 39
39711 39
39712 39
39713 39
39714 39
39715 39
39716 39
39717 39
39718 39
39719 39
39720 39
39721 39
39722 39
39723 39
39724 39
39725 39
39726 39
39727 39
39728 39
39729 39
39730 39
39731 39
39732 39
39733 39
39734 39
39735 39
39736 39
39737 39
39738 39
39739 39
39740 39
39741 39
39742 39
39743 39
39744 39
39745 39
39746 39
39747 39
39748 39
39749 39
39750 39
39751 39
39752 39
39753 39
39754 39
39755 39
39756 39
39757 39
39758 39
39759 39
39760 39
39761 39
39762 39
39763 39
39764 39
39765 39
39766 39
39767 39
39768 39
39769 39
39770 39
39771 39
39772 39
39773 39
39774 39
39775 39
39776 39
39777 39
39778 39
39779 39
39780 39
39781 39
39782 39
39783 39
39784 39
39785 39
39786 39
39787 39
39788 39
39789 39
39790 39
39791 39
39792 39
39793 39
39794 39
39795 39
39796 39
39797 39
39798 39
39799 39
39800 39
39801 39
39802 39
39803 39
39804 39
39805 39
39806 39
39807 39
39808 39
39809 39
39810 39
39811 39
39812 39
39813 39
39814 39
39815 39
39816 39
39817 39
39818 39
39819 39
39820 39
39821 39
39822 39
39823 39
39824 39
39825 39
39826 39
39827 39
39828 39
39829 39
39830 39
39831 39
39832 39
39833 39
39834 39
39835 39
39836 39
39837 39
39838 39
39839 39
39840 39
39841 39
39842 39
39843 39
39844 39
39845 39
39846 39
39847 39
39848 39
39849 39
39850 39
39851 39
39852 39
39853 39
39854 39
39855 39
39856 39
39857 39
39858 39
39859 39
39860 39
39861 39
39862 39
39863 39
39864 39
39865 39
39866 39
39867 39
39868 39
39869 39
39870 39
39871 39
39872 39
39873 39
39874 39
39875 39
39876 39
39877 39
39878 39
39879 39
39880 39
39881 39
39882 39
39883 39
39884 39
39885 39
39886 39
39887 39
39888 39
39889 39
39890 39
39891 39
39892 39
39893 39
39894 39
39895 39
39896 39
39897 39
39898 39
39899 39
39900 39
39901 39
39902 39
39903 39
39904 39
39905 39
39906 39
39907 39
39908 39
39909 39
39910 39
39911 39
39912 39
39913 39
39914 39
39915 39
39916 39
39917 39
39918 39
39919 39
39920 39
39921 39
39922 39
39923 39
39924 39
39925 39
39926 39
39927 39
39928 39
39929 39
39930 39
39931 39
39932 39
39933 39
39934 39
39935 39
39936 39
39937 39
39938 39
39939 39
39940 39
39941 39
39942 39
39943 39
39944 39
39945 39
39946 39
39947 39
39948 39
39949 39
39950 39
39951 39
39952 39
39953 39
39954 39
39955 39
39956 39
39957 39
39958 39
39959 39
39960 39
39961 39
39962 39
39963 39
39964 39
39965 39
39966 39
39967 39
39968 39
39969 39
39970 39
39971 39
39972 39
39973 39
39974 39
39975 39
39976 39
39977 39
39978 39
39979 39
39980 39
39981 39
39982 39
39983 39
39984 39
39985 39
39986 39
39987 39
39988 39
39989 39
39990 39
39991 39
39992 39
39993 39
39994 39
39995 39
39996 39
39997 39
39998 39
39999 39
40000 40
40001 40
40002 40
40003 40
40004 40
40005 40
40006 40
40007 40
40008 40
40009 40
40010 40
40011 40
40012 40
40013 40
40014 40
40015 40
40016 40
40017 40
40018 40
40019 40
40020 40
40021 40
40022 40
40023 40
40024 40
40025 40
40026 40
40027 40
40028 40
40029 40
40030 40
40031 40
40032 40
40033 40
40034 40
40035 40
40036 40
40037 40
40038 40
40039 40
40040 40
40041 40
40042 40
40043 40
40044 40
40045 40
40046 40
40047 40
40048 40
40049 40
40050 40
40051 40
40052 40
40053 40
40054 40
40055 40
40056 40
40057 40
40058 40
40059 40
40060 40
40061 40
40062 40
40063 40
40064 40
40065 40
40066 40
40067 40
40068 40
40069 40
40070 40
40071 40
40072 40
40073 40
40074 40
40075 40
40076 40
40077 40
40078 40
40079 40
40080 40
40081 40
40082 40
40083 40
40084 40
40085 40
40086 40
40087 40
40088 40
40089 40
40090 40
40091 40
40092 40
40093 40
40094 40
40095 40
40096 40
40097 40
40098 40
40099 40
40100 40
40101 40
40102 40
40103 40
40104 40
40105 40
40106 40
40107 40
40108 40
40109 40
40110 40
40111 40
40112 40
40113 40
40114 40
40115 40
40116 40
40117 40
40118 40
40119 40
40120 40
40121 40
40122 40
40123 40
40124 40
40125 40
40126 40
40127 40
40128 40
40129 40
40130 40
40131 40
40132 40
40133 40
40134 40
40135 40
40136 40
40137 40
40138 40
40139 40
40140 40
40141 40
40142 40
40143 40
40144 40
40145 40
40146 40
40147 40
40148 40
40149 40
40150 40
40151 40
40152 40
40153 40
40154 40
40155 40
40156 40
40157 40
40158 40
40159 40
40160 40
40161 40
40162 40
40163 40
40164 40
40165 40
40166 40
40167 40
40168 40
40169 40
40170 40
40171 40
40172 40
40173 40
40174 40
40175 40
40176 40
40177 40
40178 40
40179 40
40180 40
40181 40
40182 40
40183 40
40184 40
40185 40
40186 40
40187 40
40188 40
40189 40
40190 40
40191 40
40192 40
40193 40
40194 40
40195 40
40196 40
40197 40
40198 40
40199 40
40200 40
40201 40
40202 40
40203 40
40204 40
40205 40
40206 40
40207 40
40208 40
40209 40
40210 40
40211 40
40212 40
40213 40
40214 40
40215 40
40216 40
40217 40
40218 40
40219 40
40220 40
40221 40
40222 40
40223 40
40224 40
40225 40
40226 40
40227 40
40228 40
40229 40
40230 40
40231 40
40232 40
40233 40
40234 40
40235 40
40236 40
40237 40
40238 40
40239 40
40240 40
40241 40
40242 40
40243 40
40244 40
40245 40
40246 40
40247 40
40248 40
40249 40
40250 40
40251 40
40252 40
40253 40
40254 40
40255 40
40256 40
40257 40
40258 40
40259 40
40260 40
40261 40
40262 40
40263 40
40264 40
40265 40
40266 40
40267 40
40268 40
40269 40
40270 40
40271 40
40272 40
40273 40
40274 40
40275 40
40276 40
40277 40
40278 40
40279 40
40280 40
40281 40
40282 40
40283 40
40284 40
40285 40
40286 40
40287 40
40288 40
40289 40
40290 40
40291 40
40292 40
40293 40
40294 40
40295 40
40296 40
40297 40
40298 40
40299 40
40300 40
40301 40
40302 40
40303 40
40304 40
40305 40
40306 40
40307 40
40308 40
40309 40
40310 40
40311 40
40312 40
40313 40
40314 40
40315 40
40316 40
40317 40
40318 40
40319 40
40320 40
40321 40
40322 40
40323 40
40324 40
40325 40
40326 40
40327 40
40328 40
40329 40
40330 40
40331 40
40332 40
40333 40
40334 40
40335 40
40336 40
40337 40
40338 40
40339 40
40340 40
40341 40
40342 40
40343 40
40344 40
40345 40
40346 40
40347 40
40348 40
40349 40
40350 40
40351 40
40352 40
40353 40
40354 40
40355 40
40356 40
40357 40
40358 40
40359 40
40360 40
40361 40
40362 40
40363 40
40364 40
40365 40
40366 40
40367 40
40368 40
40369 40
40370 40
40371 40
40372 40
40373 40
40374 40
40375 40
40376 40
40377 40
40378 40
40379 40
40380 40
40381 40
40382 40
40383 40
40384 40
40385 40
40386 40
40387 40
40388 40
40389 40
40390 40
40391 40
40392 40
40393 40
40394 40
40395 40
40396 40
40397 40
40398 40
40399 40
40400 40
40401 40
40402 40
40403 40
40404 40
40405 40
40406 40
40407 40
40408 40
40409 40
40410 40
40411 40
40412 40
40413 40
40414 40
40415 40
40416 40
40417 40
40418 40
40419 40
40420 40
40421 40
40422 40
40423 40
40424 40
40425 40
40426 40
40427 40
40428 40
40429 40
40430 40
40431 40
40432 40
40433 40
40434 40
40435 40
40436 40
40437 40
40438 40
40439 40
40440 40
40441 40
40442 40
40443 40
40444 40
40445 40
40446 40
40447 40
40448 40
40449 40
40450 40
40451 40
40452 40
40453 40
40454 40
40455 40
40456 40
40457 40
40458 40
40459 40
40460 40
40461 40
40462 40
40463 40
40464 40
40465 40
40466 40
40467 40
40468 40
40469 40
40470 40
40471 40
40472 40
40473 40
40474 40
40475 40
40476 40
40477 40
40478 40
40479 40
40480 40
40481 40
40482 40
40483 40
40484 40
40485 40
40486 40
40487 40
40488 40
40489 40
40490 40
40491 40
40492 40
40493 40
40494 40
40495 40
40496 40
40497 40
40498 40
40499 40
40500 40
40501 40
40502 40
40503 40
40504 40
40505 40
40506 40
40507 40
40508 40
40509 40
40510 40
40511 40
40512 40
40513 40
40514 40
40515 40
40516 40
40517 40
40518 40
40519 40
40520 40
40521 40
40522 40
40523 40
40524 40
40525 40
40526 40
40527 40
40528 40
40529 40
40530 40
40531 40
40532 40
40533 40
40534 40
40535 40
40536 40
40537 40
40538 40
40539 40
40540 40
40541 40
40542 40
40543 40
40544 40
40545 40
40546 40
40547 40
40548 40
40549 40
40550 40
40551 40
40552 40
40553 40
40554 40
40555 40
40556 40
40557 40
40558 40
40559 40
40560 40
40561 40
40562 40
40563 40
40564 40
40565 40
40566 40
40567 40
40568 40
40569 40
40570 40
40571 40
40572 40
40573 40
40574 40
40575 40
40576 40
40577 40
40578 40
40579 40
40580 40
40581 40
40582 40
40583 40
40584 40
40585 40
40586 40
40587 40
40588 40
40589 40
40590 40
40591 40
40592 40
40593 40
40594 40
40595 40
40596 40
40597 40
40598 40
40599 40
40600 40
40601 40
40602 40
40603 40
40604 40
40605 40
40606 40
40607 40
40608 40
40609 40
40610 40
40611 40
40612 40
40613 40
40614 40
40615 40
40616 40
40617 40
40618 40
40619 40
40620 40
40621 40
40622 40
40623 40
40624 40
40625 40
40626 40
40627 40
40628 40
40629 40
40630 40
40631 40
40632 40
40633 40
40634 40
40635 40
40636 40
40637 40
40638 40
40639 40
40640 40
40641 40
40642 40
40643 40
40644 40
40645 40
40646 40
40647 40
40648 40
40649 40
40650 40
40651 40
40652 40
40653 40
40654 40
40655 40
40656 40
40657 40
40658 40
40659 40
40660 40
40661 40
40662 40
40663 40
40664 40
40665 40
40666 40
40667 40
40668 40
40669 40
40670 40
40671 40
40672 40
40673 40
40674 40
40675 40
40676 40
40677 40
40678 40
40679 40
40680 40
40681 40
40682 40
40683 40
40684 40
40685 40
40686 40
40687 40
40688 40
40689 40
40690 40
40691 40
40692 40
40693 40
40694 40
40695 40
40696 40
40697 40
40698 40
40699 40
40700 40
40701 40
40702 40
40703 40
40704 40
40705 40
40706 40
40707 40
40708 40
40709 40
40710 40
40711 40
40712 40
40713 40
40714 40
40715 40
40716 40
40717 40
40718 40
40719 40
40720 40
40721 40
40722 40
40723 40
40724 40
40725 40
40726 40
40727 40
40728 40
40729 40
40730 40
40731 40
40732 40
40733 40
40734 40
40735 40
40736 40
40737 40
40738 40
40739 40
40740 40
40741 40
40742 40
40743 40
40744 40
40745 40
40746 40
40747 40
40748 40
40749 40
40750 40
40751 40
40752 40
40753 40
40754 40
40755 40
40756 40
40757 40
40758 40
40759 40
40760 40
40761 40
40762 40
40763 40
40764 40
40765 40
40766 40
40767 40
40768 40
40769 40
40770 40
40771 40
40772 40
40773 40
40774 40
40775 40
40776 40
40777 40
40778 40
40779 40
40780 40
40781 40
40782 40
40783 40
40784 40
40785 40
40786 40
40787 40
40788 40
40789 40
40790 40
40791 40
40792 40
40793 40
40794 40
40795 40
40796 40
40797 40
40798 40
40799 40
40800 40
40801 40
40802 40
40803 40
40804 40
40805 40
40806 40
40807 40
40808 40
40809 40
40810 40
40811 40
40812 40
40813 40
40814 40
40815 40
40816 40
40817 40
40818 40
40819 40
40820 40
40821 40
40822 40
40823 40
40824 40
40825 40
40826 40
40827 40
40828 40
40829 40
40830 40
40831 40
40832 40
40833 40
40834 40
40835 40
40836 40
40837 40
40838 40
40839 40
40840 40
40841 40
40842 40
40843 40
40844 40
40845 40
40846 40
40847 40
40848 40
40849 40
40850 40
40851 40
40852 40
40853 40
40854 40
40855 40
40856 40
40857 40
40858 40
40859 40
40860 40
40861 40
40862 40
40863 40
40864 40
40865 40
40866 40
40867 40
40868 40
40869 40
40870 40
40871 40
40872 40
40873 40
40874 40
40875 40
40876 40
40877 40
40878 40
40879 40
40880 40
40881 40
40882 40
40883 40
40884 40
40885 40
40886 40
40887 40
40888 40
40889 40
40890 40
40891 40
40892 40
40893 40
40894 40
40895 40
40896 40
40897 40
40898 40
40899 40
40900 40
40901 40
40902 40
40903 40
40904 40
40905 40
40906 40
40907 40
40908 40
40909 40
40910 40
40911 40
40912 40
40913 40
40914 40
40915 40
40916 40
40917 40
40918 40
40919 40
40920 40
40921 40
40922 40
40923 40
40924 40
40925 40
40926 40
40927 40
40928 40
40929 40
40930 40
40931 40
40932 40
40933 40
40934 40
40935 40
40936 40
40937 40
40938 40
40939 40
40940 40
40941 40
40942 40
40943 40
40944 40
40945 40
40946 40
40947 40
40948 40
40949 40
40950 40
40951 40
40952 40
40953 40
40954 40
40955 40
40956 40
40957 40
40958 40
40959 40
40960 40
40961 40
40962 40
40963 40
40964 40
40965 40
40966 40
40967 40
40968 40
40969 40
40970 40
40971 40
40972 40
40973 40
40974 40
40975 40
40976 40
40977 40
40978 40
40979 40
40980 40
40981 40
40982 40
40983 40
40984 40
40985 40
40986 40
40987 40
40988 40
40989 40
40990 40
40991 40
40992 40
40993 40
40994 40
40995 40
40996 40
40997 40
40998 40
40999 40
41000 41
41001 41
41002 41
41003 41
41004 41
41005 41
41006 41
41007 41
41008 41
41009 41
41010 41
41011 41
41012 41
41013 41
41014 41
41015 41
41016 41
41017 41
41018 41
41019 41
41020 41
41021 41
41022 41
41023 41
41024 41
41025 41
41026 41
41027 41
41028 41
41029 41
41030 41
41031 41
41032 41
41033 41
41034 41
41035 41
41036 41
41037 41
41038 41
41039 41
41040 41
41041 41
41042 41
41043 41
41044 41
41045 41
41046 41
41047 41
41048 41
41049 41
41050 41
41051 41
41052 41
41053 41
41054 41
41055 41
41056 41
41057 41
41058 41
41059 41
41060 41
41061 41
41062 41
41063 41
41064 41
41065 41
41066 41
41067 41
41068 41
41069 41
41070 41
41071 41
41072 41
41073 41
41074 41
41075 41
41076 41
41077 41
41078 41
41079 41
41080 41
41081 41
41082 41
41083 41
41084 41
41085 41
41086 41
41087 41
41088 41
41089 41
41090 41
41091 41
41092 41
41093 41
41094 41
41095 41
41096 41
41097 41
41098 41
41099 41
41100 41
41101 41
41102 41
41103 41
41104 41
41105 41
41106 41
41107 41
41108 41
41109 41
41110 41
41111 41
41112 41
41113 41
41114 41
41115 41
41116 41
41117 41
41118 41
41119 41
41120 41
41121 41
41122 41
41123 41
41124 41
41125 41
41126 41
41127 41
41128 41
41129 41
41130 41
41131 41
41132 41
41133 41
41134 41
41135 41
41136 41
41137 41
41138 41
41139 41
41140 41
41141 41
41142 41
41143 41
41144 41
41145 41
41146 41
41147 41
41148 41
41149 41
41150 41
41151 41
41152 41
41153 41
41154 41
41155 41
41156 41
41157 41
41158 41
41159 41
41160 41
41161 41
41162 41
41163 41
41164 41
41165 41
41166 41
41167 41
41168 41
41169 41
41170 41
41171 41
41172 41
41173 41
41174 41
41175 41
41176 41
41177 41
41178 41
41179 41
41180 41
41181 41
41182 41
41183 41
41184 41
41185 41
41186 41
41187 41
41188 41
41189 41
41190 41
41191 41
41192 41
41193 41
41194 41
41195 41
41196 41
41197 41
41198 41
41199 41
41200 41
41201 41
41202 41
41203 41
41204 41
41205 41
41206 41
41207 41
41208 41
41209 41
41210 41
41211 41
41212 41
41213 41
41214 41
41215 41
41216 41
41217 41
41218 41
41219 41
41220 41
41221 41
41222 41
41223 41
41224 41
41225 41
41226 41
41227 41
41228 41
41229 41
41230 41
41231 41
41232 41
41233 41
41234 41
41235 41
41236 41
41237 41
41238 41
41239 41
41240 41
41241 41
41242 41
41243 41
41244 41
41245 41
41246 41
41247 41
41248 41
41249 41
41250 41
41251 41
41252 41
41253 41
41254 41
41255 41
41256 41
41257 41
41258 41
41259 41
41260 41
41261 41
41262 41
41263 41
41264 41
41265 41
41266 41
41267 41
41268 41
41269 41
41270 41
41271 41
41272 41
41273 41
41274 41
41275 41
41276 41
41277 41
41278 41
41279 41
41280 41
41281 41
41282 41
41283 41
41284 41
41285 41
41286 41
41287 41
41288 41
41289 41
41290 41
41291 41
41292 41
41293 41
41294 41
41295 41
41296 41
41297 41
41298 41
41299 41
41300 41
41301 41
41302 41
41303 41
41304 41
41305 41
41306 41
41307 41
41308 41
41309 41
41310 41
41311 41
41312 41
41313 41
41314 41
41315 41
41316 41
41317 41
41318 41
41319 41
41320 41
41321 41
41322 41
41323 41
41324 41
41325 41
41326 41
41327 41
41328 41
41329 41
41330 41
41331 41
41332 41
41333 41
41334 41
41335 41
41336 41
41337 41
41338 41
41339 41
41340 41
41341 41
41342 41
41343 41
41344 41
41345 41
41346 41
41347 41
41348 41
41349 41
41350 41
41351 41
41352 41
41353 41
41354 41
41355 41
41356 41
41357 41
41358 41
41359 41
41360 41
41361 41
41362 41
41363 41
41364 41
41365 41
41366 41
41367 41
41368 41
41369 41
41370 41
41371 41
41372 41
41373 41
41374 41
41375 41
41376 41
41377 41
41378 41
41379 41
41380 41
41381 41
41382 41
41383 41
41384 41
41385 41
41386 41
41387 41
41388 41
41389 41
41390 41
41391 41
41392 41
41393 41
41394 41
41395 41
41396 41
41397 41
41398 41
41399 41
41400 41
41401 41
41402 41
41403 41
41404 41
41405 41
41406 41
41407 41
41408 41
41409 41
41410 41
41411 41
41412 41
41413 41
41414 41
41415 41
41416 41
41417 41
41418 41
41419 41
41420 41
41421 41
41422 41
41423 41
41424 41
41425 41
41426 41
41427 41
41428 41
41429 41
41430 41
41431 41
41432 41
41433 41
41434 41
41435 41
41436 41
41437 41
41438 41
41439 41
41440 41
41441 41
41442 41
41443 41
41444 41
41445 41
41446 41
41447 41
41448 41
41449 41
41450 41
41451 41
41452 41
41453 41
41454 41
41455 41
41456 41
41457 41
41458 41
41459 41
41460 41
41461 41
41462 41
41463 41
41464 41
41465 41
41466 41
41467 41
41468 41
41469 41
41470 41
41471 41
41472 41
41473 41
41474 41
41475 41
41476 41
41477 41
41478 41
41479 41
41480 41
41481 41
41482 41
41483 41
41484 41
41485 41
41486 41
41487 41
41488 41
41489 41
41490 41
41491 41
41492 41
41493 41
41494 41
41495 41
41496 41
41497 41
41498 41
41499 41
41500 41
41501 41
41502 41
41503 41
41504 41
41505 41
41506 41
41507 41
41508 41
41509 41
41510 41
41511 41
41512 41
41513 41
41514 41
41515 41
41516 41
41517 41
41518 41
41519 41
41520 41
41521 41
41522 41
41523 41
41524 41
41525 41
41526 41
41527 41
41528 41
41529 41
41530 41
41531 41
41532 41
41533 41
41534 41
41535 41
41536 41
41537 41
41538 41
41539 41
41540 41
41541 41
41542 41
41543 41
41544 41
41545 41
41546 41
41547 41
41548 41
41549 41
41550 41
41551 41
41552 41
41553 41
41554 41
41555 41
41556 41
41557 41
41558 41
41559 41
41560 41
41561 41
41562 41
41563 41
41564 41
41565 41
41566 41
41567 41
41568 41
41569 41
41570 41
41571 41
41572 41
41573 41
41574 41
41575 41
41576 41
41577 41
41578 41
41579 41
41580 41
41581 41
41582 41
41583 41
41584 41
41585 41
41586 41
41587 41
41588 41
41589 41
41590 41
41591 41
41592 41
41593 41
41594 41
41595 41
41596 41
41597 41
41598 41
41599 41
41600 41
41601 41
41602 41
41603 41
41604 41
41605 41
41606 41
41607 41
41608 41
41609 41
41610 41
41611 41
41612 41
41613 41
41614 41
41615 41
41616 41
41617 41
41618 41
41619 41
41620 41
41621 41
41622 41
41623 41
41624 41
41625 41
41626 41
41627 41
41628 41
41629 41
41630 41
41631 41
41632 41
41633 41
41634 41
41635 41
41636 41
41637 41
41638 41
41639 41
41640 41
41641 41
41642 41
41643 41
41644 41
41645 41
41646 41
41647 41
41648 41
41649 41
41650 41
41651 41
41652 41
41653 41
41654 41
41655 41
41656 41
41657 41
41658 41
41659 41
41660 41
41661 41
41662 41
41663 41
41664 41
41665 41
41666 41
41667 41
41668 41
41669 41
41670 41
41671 41
41672 41
41673 41
41674 41
41675 41
41676 41
41677 41
41678 41
41679 41
41680 41
41681 41
41682 41
41683 41
41684 41
41685 41
41686 41
41687 41
41688 41
41689 41
41690 41
41691 41
41692 41
41693 41
41694 41
41695 41
41696 41
41697 41
41698 41
41699 41
41700 41
41701 41
41702 41
41703 41
41704 41
41705 41
41706 41
41707 41
41708 41
41709 41
41710 41
41711 41
41712 41
41713 41
41714 41
41715 41
41716 41
41717 41
41718 41
41719 41
41720 41
41721 41
41722 41
41723 41
41724 41
41725 41
41726 41
41727 41
41728 41
41729 41
41730 41
41731 41
41732 41
41733 41
41734 41
41735 41
41736 41
41737 41
41738 41
41739 41
41740 41
41741 41
41742 41
41743 41
41744 41
41745 41
41746 41
41747 41
41748 41
41749 41
41750 41
41751 41
41752 41
41753 41
41754 41
41755 41
41756 41
41757 41
41758 41
41759 41
41760 41
41761 41
41762 41
41763 41
41764 41
41765 41
41766 41
41767 41
41768 41
41769 41
41770 41
41771 41
41772 41
41773 41
41774 41
41775 41
41776 41
41777 41
41778 41
41779 41
41780 41
41781 41
41782 41
41783 41
41784 41
41785 41
41786 41
41787 41
41788 41
41789 41
41790 41
41791 41
41792 41
41793 41
41794 41
41795 41
41796 41
41797 41
41798 41
41799 41
41800 41
41801 41
41802 41
41803 41
41804 41
41805 41
41806 41
41807 41
41808 41
41809 41
41810 41
41811 41
41812 41
41813 41
41814 41
41815 41
41816 41
41817 41
41818 41
41819 41
41820 41
41821 41
41822 41
41823 41
41824 41
41825 41
41826 41
41827 41
41828 41
41829 41
41830 41
41831 41
41832 41
41833 41
41834 41
41835 41
41836 41
41837 41
41838 41
41839 41
41840 41
41841 41
41842 41
41843 41
41844 41
41845 41
41846 41
41847 41
41848 41
41849 41
41850 41
41851 41
41852 41
41853 41
41854 41
41855 41
41856 41
41857 41
41858 41
41859 41
41860 41
41861 41
41862 41
41863 41
41864 41
41865 41
41866 41
41867 41
41868 41
41869 41
41870 41
41871 41
41872 41
41873 41
41874 41
41875 41
41876 41
41877 41
41878 41
41879 41
41880 41
41881 41
41882 41
41883 41
41884 41
41885 41
41886 41
41887 41
41888 41
41889 41
41890 41
41891 41
41892 41
41893 41
41894 41
41895 41
41896 41
41897 41
41898 41
41899 41
41900 41
41901 41
41902 41
41903 41
41904 41
41905 41
41906 41
41907 41
41908 41
41909 41
41910 41
41911 41
41912 41
41913 41
41914 41
41915 41
41916 41
41917 41
41918 41
41919 41
41920 41
41921 41
41922 41
41923 41
41924 41
41925 41
41926 41
41927 41
41928 41
41929 41
41930 41
41931 41
41932 41
41933 41
41934 41
41935 41
41936 41
41937 41
41938 41
41939 41
41940 41
41941 41
41942 41
41943 41
41944 41
41945 41
41946 41
41947 41
41948 41
41949 41
41950 41
41951 41
41952 41
41953 41
41954 41
41955 41
41956 41
41957 41
41958 41
41959 41
41960 41
41961 41
41962 41
41963 41
41964 41
41965 41
41966 41
41967 41
41968 41
41969 41
41970 41
41971 41
41972 41
41973 41
41974 41
41975 41
41976 41
41977 41
41978 41
41979 41
41980 41
41981 41
41982 41
41983 41
41984 41
41985 41
41986 41
41987 41
41988 41
41989 41
41990 41
41991 41
41992 41
41993 41
41994 41
41995 41
41996 41
41997 41
41998 41
41999 41
42000 42
42001 42
42002 42
42003 42
42004 42
42005 42
42006 42
42007 42
42008 42
42009 42
42010 42
42011 42
42012 42
42013 42
42014 42
42015 42
42016 42
42017 42
42018 42
42019 42
42020 42
42021 42
42022 42
42023 42
42024 42
42025 42
42026 42
42027 42
42028 42
42029 42
42030 42
42031 42
42032 42
42033 42
42034 42
42035 42
42036 42
42037 42
42038 42
42039 42
42040 42
42041 42
42042 42
42043 42
42044 42
42045 42
42046 42
42047 42
42048 42
42049 42
42050 42
42051 42
42052 42
42053 42
42054 42
42055 42
42056 42
42057 42
42058 42
42059 42
42060 42
42061 42
42062 42
42063 42
42064 42
42065 42
42066 42
42067 42
42068 42
42069 42
42070 42
42071 42
42072 42
42073 42
42074 42
42075 42
42076 42
42077 42
42078 42
42079 42
42080 42
42081 42
42082 42
42083 42
42084 42
42085 42
42086 42
42087 42
42088 42
42089 42
42090 42
42091 42
42092 42
42093 42
42094 42
42095 42
42096 42
42097 42
42098 42
42099 42
42100 42
42101 42
42102 42
42103 42
42104 42
42105 42
42106 42
42107 42
42108 42
42109 42
42110 42
42111 42
42112 42
42113 42
42114 42
42115 42
42116 42
42117 42
42118 42
42119 42
42120 42
42121 42
42122 42
42123 42
42124 42
42125 42
42126 42
42127 42
42128 42
42129 42
42130 42
42131 42
42132 42
42133 42
42134 42
42135 42
42136 42
42137 42
42138 42
42139 42
42140 42
42141 42
42142 42
42143 42
42144 42
42145 42
42146 42
42147 42
42148 42
42149 42
42150 42
42151 42
42152 42
42153 42
42154 42
42155 42
42156 42
42157 42
42158 42
42159 42
42160 42
42161 42
42162 42
42163 42
42164 42
42165 42
42166 42
42167 42
42168 42
42169 42
42170 42
42171 42
42172 42
42173 42
42174 42
42175 42
42176 42
42177 42
42178 42
42179 42
42180 42
42181 42
42182 42
42183 42
42184 42
42185 42
42186 42
42187 42
42188 42
42189 42
42190 42
42191 42
42192 42
42193 42
42194 42
42195 42
42196 42
42197 42
42198 42
42199 42
42200 42
42201 42
42202 42
42203 42
42204 42
42205 42
42206 42
42207 42
42208 42
42209 42
42210 42
42211 42
42212 42
42213 42
42214 42
42215 42
42216 42
42217 42
42218 42
42219 42
42220 42
42221 42
42222 42
42223 42
42224 42
42225 42
42226 42
42227 42
42228 42
42229 42
42230 42
42231 42
42232 42
42233 42
42234 42
42235 42
42236 42
42237 42
42238 42
42239 42
42240 42
42241 42
42242 42
42243 42
42244 42
42245 42
42246 42
42247 42
42248 42
42249 42
42250 42
42251 42
42252 42
42253 42
42254 42
42255 42
42256 42
42257 42
42258 42
42259 42
42260 42
42261 42
42262 42
42263 42
42264 42
42265 42
42266 42
42267 42
42268 42
42269 42
42270 42
42271 42
42272 42
42273 42
42274 42
42275 42
42276 42
42277 42
42278 42
42279 42
42280 42
42281 42
42282 42
42283 42
42284 42
42285 42
42286 42
42287 42
42288 42
42289 42
42290 42
42291 42
42292 42
42293 42
42294 42
42295 42
42296 42
42297 42
42298 42
42299 42
42300 42
42301 42
42302 42
42303 42
42304 42
42305 42
42306 42
42307 42
42308 42
42309 42
42310 42
42311 42
42312 42
42313 42
42314 42
42315 42
42316 42
42317 42
42318 42
42319 42
42320 42
42321 42
42322 42
42323 42
42324 42
42325 42
42326 42
42327 42
42328 42
42329 42
42330 42
42331 42
42332 42
42333 42
42334 42
42335 42
42336 42
42337 42
42338 42
42339 42
42340 42
42341 42
42342 42
42343 42
42344 42
42345 42
42346 42
42347 42
42348 42
42349 42
42350 42
42351 42
42352 42
42353 42
42354 42
42355 42
42356 42
42357 42
42358 42
42359 42
42360 42
42361 42
42362 42
42363 42
42364 42
42365 42
42366 42
42367 42
42368 42
42369 42
42370 42
42371 42
42372 42
42373 42
42374 42
42375 42
42376 42
42377 42
42378 42
42379 42
42380 42
42381 42
42382 42
42383 42
42384 42
42385 42
42386 42
42387 42
42388 42
42389 42
42390 42
42391 42
42392 42
42393 42
42394 42
42395 42
42396 42
42397 42
42398 42
42399 42
42400 42
42401 42
42402 42
42403 42
42404 42
42405 42
42406 42
42407 42
42408 42
42409 42
42410 42
42411 42
42412 42
42413 42
42414 42
42415 42
42416 42
42417 42
42418 42
42419 42
42420 42
42421 42
42422 42
42423 42
42424 42
42425 42
42426 42
42427 42
42428 42
42429 42
42430 42
42431 42
42432 42
42433 42
42434 42
42435 42
42436 42
42437 42
42438 42
42439 42
42440 42
42441 42
42442 42
42443 42
42444 42
42445 42
42446 42
42447 42
42448 42
42449 42
42450 42
42451 42
42452 42
42453 42
42454 42
42455 42
42456 42
42457 42
42458 42
42459 42
42460 42
42461 42
42462 42
42463 42
42464 42
42465 42
42466 42
42467 42
42468 42
42469 42
42470 42
42471 42
42472 42
42473 42
42474 42
42475 42
42476 42
42477 42
42478 42
42479 42
42480 42
42481 42
42482 42
42483 42
42484 42
42485 42
42486 42
42487 42
42488 42
42489 42
42490 42
42491 42
42492 42
42493 42
42494 42
42495 42
42496 42
42497 42
42498 42
42499 42
42500 42
42501 42
42502 42
42503 42
42504 42
42505 42
42506 42
42507 42
42508 42
42509 42
42510 42
42511 42
42512 42
42513 42
42514 42
42515 42
42516 42
42517 42
42518 42
42519 42
42520 42
42521 42
42522 42
42523 42
42524 42
42525 42
42526 42
42527 42
42528 42
42529 42
42530 42
42531 42
42532 42
42533 42
42534 42
42535 42
42536 42
42537 42
42538 42
42539 42
42540 42
42541 42
42542 42
42543 42
42544 42
42545 42
42546 42
42547 42
42548 42
42549 42
42550 42
42551 42
42552 42
42553 42
42554 42
42555 42
42556 42
42557 42
42558 42
42559 42
42560 42
42561 42
42562 42
42563 42
42564 42
42565 42
42566 42
42567 42
42568 42
42569 42
42570 42
42571 42
42572 42
42573 42
42574 42
42575 42
42576 42
42577 42
42578 42
42579 42
42580 42
42581 42
42582 42
42583 42
42584 42
42585 42
42586 42
42587 42
42588 42
42589 42
42590 42
42591 42
42592 42
42593 42
42594 42
42595 42
42596 42
42597 42
42598 42
42599 42
42600 42
42601 42
42602 42
42603 42
42604 42
42605 42
42606 42
42607 42
42608 42
42609 42
42610 42
42611 42
42612 42
42613 42
42614 42
42615 42
42616 42
42617 42
42618 42
42619 42
42620 42
42621 42
42622 42
42623 42
42624 42
42625 42
42626 42
42627 42
42628 42
42629 42
42630 42
42631 42
42632 42
42633 42
42634 42
42635 42
42636 42
42637 42
42638 42
42639 42
42640 42
42641 42
42642 42
42643 42
42644 42
42645 42
42646 42
42647 42
42648 42
42649 42
42650 42
42651 42
42652 42
42653 42
42654 42
42655 42
42656 42
42657 42
42658 42
42659 42
42660 42
42661 42
42662 42
42663 42
42664 42
42665 42
42666 42
42667 42
42668 42
42669 42
42670 42
42671 42
42672 42
42673 42
42674 42
42675 42
42676 42
42677 42
42678 42
42679 42
42680 42
42681 42
42682 42
42683 42
42684 42
42685 42
42686 42
42687 42
42688 42
42689 42
42690 42
42691 42
42692 42
42693 42
42694 42
42695 42
42696 42
42697 42
42698 42
42699 42
42700 42
42701 42
42702 42
42703 42
42704 42
42705 42
42706 42
42707 42
42708 42
42709 42
42710 42
42711 42
42712 42
42713 42
42714 42
42715 42
42716 42
42717 42
42718 42
42719 42
42720 42
42721 42
42722 42
42723 42
42724 42
42725 42
42726 42
42727 42
42728 42
42729 42
42730 42
42731 42
42732 42
42733 42
42734 42
42735 42
42736 42
42737 42
42738 42
42739 42
42740 42
42741 42
42742 42
42743 42
42744 42
42745 42
42746 42
42747 42
42748 42
42749 42
42750 42
42751 42
42752 42
42753 42
42754 42
42755 42
42756 42
42757 42
42758 42
42759 42
42760 42
42761 42
42762 42
42763 42
42764 42
42765 42
42766 42
42767 42
42768 42
42769 42
42770 42
42771 42
42772 42
42773 42
42774 42
42775 42
42776 42
42777 42
42778 42
42779 42
42780 42
42781 42
42782 42
42783 42
42784 42
42785 42
42786 42
42787 42
42788 42
42789 42
42790 42
42791 42
42792 42
42793 42
42794 42
42795 42
42796 42
42797 42
42798 42
42799 42
42800 42
42801 42
42802 42
42803 42
42804 42
42805 42
42806 42
42807 42
42808 42
42809 42
42810 42
42811 42
42812 42
42813 42
42814 42
42815 42
42816 42
42817 42
42818 42
42819 42
42820 42
42821 42
42822 42
42823 42
42824 42
42825 42
42826 42
42827 42
42828 42
42829 42
42830 42
42831 42
42832 42
42833 42
42834 42
42835 42
42836 42
42837 42
42838 42
42839 42
42840 42
42841 42
42842 42
42843 42
42844 42
42845 42
42846 42
42847 42
42848 42
42849 42
42850 42
42851 42
42852 42
42853 42
42854 42
42855 42
42856 42
42857 42
42858 42
42859 42
42860 42
42861 42
42862 42
42863 42
42864 42
42865 42
42866 42
42867 42
42868 42
42869 42
42870 42
42871 42
42872 42
42873 42
42874 42
42875 42
42876 42
42877 42
42878 42
42879 42
42880 42
42881 42
42882 42
42883 42
42884 42
42885 42
42886 42
42887 42
42888 42
42889 42
42890 42
42891 42
42892 42
42893 42
42894 42
42895 42
42896 42
42897 42
42898 42
42899 42
42900 42
42901 42
42902 42
42903 42
42904 42
42905 42
42906 42
42907 42
42908 42
42909 42
42910 42
42911 42
42912 42
42913 42
42914 42
42915 42
42916 42
42917 42
42918 42
42919 42
42920 42
42921 42
42922 42
42923 42
42924 42
42925 42
42926 42
42927 42
42928 42
42929 42
42930 42
42931 42
42932 42
42933 42
42934 42
42935 42
42936 42
42937 42
42938 42
42939 42
42940 42
42941 42
42942 42
42943 42
42944 42
42945 42
42946 42
42947 42
42948 42
42949 42
42950 42
42951 42
42952 42
42953 42
42954 42
42955 42
42956 42
42957 42
42958 42
42959 42
42960 42
42961 42
42962 42
42963 42
42964 42
42965 42
42966 42
42967 42
42968 42
42969 42
42970 42
42971 42
42972 42
42973 42
42974 42
42975 42
42976 42
42977 42
42978 42
42979 42
42980 42
42981 42
42982 42
42983 42
42984 42
42985 42
42986 42
42987 42
42988 42
42989 42
42990 42
42991 42
42992 42
42993 42
42994 42
42995 42
42996 42
42997 42
42998 42
42999 42
43000 43
43001 43
43002 43
43003 43
43004 43
43005 43
43006 43
43007 43
43008 43
43009 43
43010 43
43011 43
43012 43
43013 43
43014 43
43015 43
43016 43
43017 43
43018 43
43019 43
43020 43
43021 43
43022 43
43023 43
43024 43
43025 43
43026 43
43027 43
43028 43
43029 43
43030 43
43031 43
43032 43
43033 43
43034 43
43035 43
43036 43
43037 43
43038 43
43039 43
43040 43
43041 43
43042 43
43043 43
43044 43
43045 43
43046 43
43047 43
43048 43
43049 43
43050 43
43051 43
43052 43
43053 43
43054 43
43055 43
43056 43
43057 43
43058 43
43059 43
43060 43
43061 43
43062 43
43063 43
43064 43
43065 43
43066 43
43067 43
43068 43
43069 43
43070 43
43071 43
43072 43
43073 43
43074 43
43075 43
43076 43
43077 43
43078 43
43079 43
43080 43
43081 43
43082 43
43083 43
43084 43
43085 43
43086 43
43087 43
43088 43
43089 43
43090 43
43091 43
43092 43
43093 43
43094 43
43095 43
43096 43
43097 43
43098 43
43099 43
43100 43
43101 43
43102 43
43103 43
43104 43
43105 43
43106 43
43107 43
43108 43
43109 43
43110 43
43111 43
43112 43
43113 43
43114 43
43115 43
43116 43
43117 43
43118 43
43119 43
43120 43
43121 43
43122 43
43123 43
43124 43
43125 43
43126 43
43127 43
43128 43
43129 43
43130 43
43131 43
43132 43
43133 43
43134 43
43135 43
43136 43
43137 43
43138 43
43139 43
43140 43
43141 43
43142 43
43143 43
43144 43
43145 43
43146 43
43147 43
43148 43
43149 43
43150 43
43151 43
43152 43
43153 43
43154 43
43155 43
43156 43
43157 43
43158 43
43159 43
43160 43
43161 43
43162 43
43163 43
43164 43
43165 43
43166 43
43167 43
43168 43
43169 43
43170 43
43171 43
43172 43
43173 43
43174 43
43175 43
43176 43
43177 43
43178 43
43179 43
43180 43
43181 43
43182 43
43183 43
43184 43
43185 43
43186 43
43187 43
43188 43
43189 43
43190 43
43191 43
43192 43
43193 43
43194 43
43195 43
43196 43
43197 43
43198 43
43199 43
43200 43
43201 43
43202 43
43203 43
43204 43
43205 43
43206 43
43207 43
43208 43
43209 43
43210 43
43211 43
43212 43
43213 43
43214 43
43215 43
43216 43
43217 43
43218 43
43219 43
43220 43
43221 43
43222 43
43223 43
43224 43
43225 43
43226 43
43227 43
43228 43
43229 43
43230 43
43231 43
43232 43
43233 43
43234 43
43235 43
43236 43
43237 43
43238 43
43239 43
43240 43
43241 43
43242 43
43243 43
43244 43
43245 43
43246 43
43247 43
43248 43
43249 43
43250 43
43251 43
43252 43
43253 43
43254 43
43255 43
43256 43
43257 43
43258 43
43259 43
43260 43
43261 43
43262 43
43263 43
43264 43
43265 43
43266 43
43267 43
43268 43
43269 43
43270 43
43271 43
43272 43
43273 43
43274 43
43275 43
43276 43
43277 43
43278 43
43279 43
43280 43
43281 43
43282 43
43283 43
43284 43
43285 43
43286 43
43287 43
43288 43
43289 43
43290 43
43291 43
43292 43
43293 43
43294 43
43295 43
43296 43
43297 43
43298 43
43299 43
43300 43
43301 43
43302 43
43303 43
43304 43
43305 43
43306 43
43307 43
43308 43
43309 43
43310 43
43311 43
43312 43
43313 43
43314 43
43315 43
43316 43
43317 43
43318 43
43319 43
43320 43
43321 43
43322 43
43323 43
43324 43
43325 43
43326 43
43327 43
43328 43
43329 43
43330 43
43331 43
43332 43
43333 43
43334 43
43335 43
43336 43
43337 43
43338 43
43339 43
43340 43
43341 43
43342 43
43343 43
43344 43
43345 43
43346 43
43347 43
43348 43
43349 43
43350 43
43351 43
43352 43
43353 43
43354 43
43355 43
43356 43
43357 43
43358 43
43359 43
43360 43
43361 43
43362 43
43363 43
43364 43
43365 43
43366 43
43367 43
43368 43
43369 43
43370 43
43371 43
43372 43
43373 43
43374 43
43375 43
43376 43
43377 43
43378 43
43379 43
43380 43
43381 43
43382 43
43383 43
43384 43
43385 43
43386 43
43387 43
43388 43
43389 43
43390 43
43391 43
43392 43
43393 43
43394 43
43395 43
43396 43
43397 43
43398 43
43399 43
43400 43
43401 43
43402 43
43403 43
43404 43
43405 43
43406 43
43407 43
43408 43
43409 43
43410 43
43411 43
43412 43
43413 43
43414 43
43415 43
43416 43
43417 43
43418 43
43419 43
43420 43
43421 43
43422 43
43423 43
43424 43
43425 43
43426 43
43427 43
43428 43
43429 43
43430 43
43431 43
43432 43
43433 43
43434 43
43435 43
43436 43
43437 43
43438 43
43439 43
43440 43
43441 43
43442 43
43443 43
43444 43
43445 43
43446 43
43447 43
43448 43
43449 43
43450 43
43451 43
43452 43
43453 43
43454 43
43455 43
43456 43
43457 43
43458 43
43459 43
43460 43
43461 43
43462 43
43463 43
43464 43
43465 43
43466 43
43467 43
43468 43
43469 43
43470 43
43471 43
43472 43
43473 43
43474 43
43475 43
43476 43
43477 43
43478 43
43479 43
43480 43
43481 43
43482 43
43483 43
43484 43
43485 43
43486 43
43487 43
43488 43
43489 43
43490 43
43491 43
43492 43
43493 43
43494 43
43495 43
43496 43
43497 43
43498 43
43499 43
43500 43
43501 43
43502 43
43503 43
43504 43
43505 43
43506 43
43507 43
43508 43
43509 43
43510 43
43511 43
43512 43
43513 43
43514 43
43515 43
43516 43
43517 43
43518 43
43519 43
43520 43
43521 43
43522 43
43523 43
43524 43
43525 43
43526 43
43527 43
43528 43
43529 43
43530 43
43531 43
43532 43
43533 43
43534 43
43535 43
43536 43
43537 43
43538 43
43539 43
43540 43
43541 43
43542 43
43543 43
43544 43
43545 43
43546 43
43547 43
43548 43
43549 43
43550 43
43551 43
43552 43
43553 43
43554 43
43555 43
43556 43
43557 43
43558 43
43559 43
43560 43
43561 43
43562 43
43563 43
43564 43
43565 43
43566 43
43567 43
43568 43
43569 43
43570 43
43571 43
43572 43
43573 43
43574 43
43575 43
43576 43
43577 43
43578 43
43579 43
43580 43
43581 43
43582 43
43583 43
43584 43
43585 43
43586 43
43587 43
43588 43
43589 43
43590 43
43591 43
43592 43
43593 43
43594 43
43595 43
43596 43
43597 43
43598 43
43599 43
43600 43
43601 43
43602 43
43603 43
43604 43
43605 43
43606 43
43607 43
43608 43
43609 43
43610 43
43611 43
43612 43
43613 43
43614 43
43615 43
43616 43
43617 43
43618 43
43619 43
43620 43
43621 43
43622 43
43623 43
43624 43
43625 43
43626 43
43627 43
43628 43
43629 43
43630 43
43631 43
43632 43
43633 43
43634 43
43635 43
43636 43
43637 43
43638 43
43639 43
43640 43
43641 43
43642 43
43643 43
43644 43
43645 43
43646 43
43647 43
43648 43
43649 43
43650 43
43651 43
43652 43
43653 43
43654 43
43655 43
43656 43
43657 43
43658 43
43659 43
43660 43
43661 43
43662 43
43663 43
43664 43
43665 43
43666 43
43667 43
43668 43
43669 43
43670 43
43671 43
43672 43
43673 43
43674 43
43675 43
43676 43
43677 43
43678 43
43679 43
43680 43
43681 43
43682 43
43683 43
43684 43
43685 43
43686 43
43687 43
43688 43
43689 43
43690 43
43691 43
43692 43
43693 43
43694 43
43695 43
43696 43
43697 43
43698 43
43699 43
43700 43
43701 43
43702 43
43703 43
43704 43
43705 43
43706 43
43707 43
43708 43
43709 43
43710 43
43711 43
43712 43
43713 43
43714 43
43715 43
43716 43
43717 43
43718 43
43719 43
43720 43
43721 43
43722 43
43723 43
43724 43
43725 43
43726 43
43727 43
43728 43
43729 43
43730 43
43731 43
43732 43
43733 43
43734 43
43735 43
43736 43
43737 43
43738 43
43739 43
43740 43
43741 43
43742 43
43743 43
43744 43
43745 43
43746 43
43747 43
43748 43
43749 43
43750 43
43751 43
43752 43
43753 43
43754 43
43755 43
43756 43
43757 43
43758 43
43759 43
43760 43
43761 43
43762 43
43763 43
43764 43
43765 43
43766 43
43767 43
43768 43
43769 43
43770 43
43771 43
43772 43
43773 43
43774 43
43775 43
43776 43
43777 43
43778 43
43779 43
43780 43
43781 43
43782 43
43783 43
43784 43
43785 43
43786 43
43787 43
43788 43
43789 43
43790 43
43791 43
43792 43
43793 43
43794 43
43795 43
43796 43
43797 43
43798 43
43799 43
43800 43
43801 43
43802 43
43803 43
43804 43
43805 43
43806 43
43807 43
43808 43
43809 43
43810 43
43811 43
43812 43
43813 43
43814 43
43815 43
43816 43
43817 43
43818 43
43819 43
43820 43
43821 43
43822 43
43823 43
43824 43
43825 43
43826 43
43827 43
43828 43
43829 43
43830 43
43831 43
43832 43
43833 43
43834 43
43835 43
43836 43
43837 43
43838 43
43839 43
43840 43
43841 43
43842 43
43843 43
43844 43
43845 43
43846 43
43847 43
43848 43
43849 43
43850 43
43851 43
43852 43
43853 43
43854 43
43855 43
43856 43
43857 43
43858 43
43859 43
43860 43
43861 43
43862 43
43863 43
43864 43
43865 43
43866 43
43867 43
43868 43
43869 43
43870 43
43871 43
43872 43
43873 43
43874 43
43875 43
43876 43
43877 43
43878 43
43879 43
43880 43
43881 43
43882 43
43883 43
43884 43
43885 43
43886 43
43887 43
43888 43
43889 43
43890 43
43891 43
43892 43
43893 43
43894 43
43895 43
43896 43
43897 43
43898 43
43899 43
43900 43
43901 43
43902 43
43903 43
43904 43
43905 43
43906 43
43907 43
43908 43
43909 43
43910 43
43911 43
43912 43
43913 43
43914 43
43915 43
43916 43
43917 43
43918 43
43919 43
43920 43
43921 43
43922 43
43923 43
43924 43
43925 43
43926 43
43927 43
43928 43
43929 43
43930 43
43931 43
43932 43
43933 43
43934 43
43935 43
43936 43
43937 43
43938 43
43939 43
43940 43
43941 43
43942 43
43943 43
43944 43
43945 43
43946 43
43947 43
43948 43
43949 43
43950 43
43951 43
43952 43
43953 43
43954 43
43955 43
43956 43
43957 43
43958 43
43959 43
43960 43
43961 43
43962 43
43963 43
43964 43
43965 43
43966 43
43967 43
43968 43
43969 43
43970 43
43971 43
43972 43
43973 43
43974 43
43975 43
43976 43
43977 43
43978 43
43979 43
43980 43
43981 43
43982 43
43983 43
43984 43
43985 43
43986 43
43987 43
43988 43
43989 43
43990 43
43991 43
43992 43
43993 43
43994 43
43995 43
43996 43
43997 43
43998 43
43999 43
44000 44
44001 44
44002 44
44003 44
44004 44
44005 44
44006 44
44007 44
44008 44
44009 44
44010 44
44011 44
44012 44
44013 44
44014 44
44015 44
44016 44
44017 44
44018 44
44019 44
44020 44
44021 44
44022 44
44023 44
44024 44
44025 44
44026 44
44027 44
44028 44
44029 44
44030 44
44031 44
44032 44
44033 44
44034 44
44035 44
44036 44
44037 44
44038 44
44039 44
44040 44
44041 44
44042 44
44043 44
44044 44
44045 44
44046 44
44047 44
44048 44
44049 44
44050 44
44051 44
44052 44
44053 44
44054 44
44055 44
44056 44
44057 44
44058 44
44059 44
44060 44
44061 44
44062 44
44063 44
44064 44
44065 44
44066 44
44067 44
44068 44
44069 44
44070 44
44071 44
44072 44
44073 44
44074 44
44075 44
44076 44
44077 44
44078 44
44079 44
44080 44
44081 44
44082 44
44083 44
44084 44
44085 44
44086 44
44087 44
44088 44
44089 44
44090 44
44091 44
44092 44
44093 44
44094 44
44095 44
44096 44
44097 44
44098 44
44099 44
44100 44
44101 44
44102 44
44103 44
44104 44
44105 44
44106 44
44107 44
44108 44
44109 44
44110 44
44111 44
44112 44
44113 44
44114 44
44115 44
44116 44
44117 44
44118 44
44119 44
44120 44
44121 44
44122 44
44123 44
44124 44
44125 44
44126 44
44127 44
44128 44
44129 44
44130 44
44131 44
44132 44
44133 44
44134 44
44135 44
44136 44
44137 44
44138 44
44139 44
44140 44
44141 44
44142 44
44143 44
44144 44
44145 44
44146 44
44147 44
44148 44
44149 44
44150 44
44151 44
44152 44
44153 44
44154 44
44155 44
44156 44
44157 44
44158 44
44159 44
44160 44
44161 44
44162 44
44163 44
44164 44
44165 44
44166 44
44167 44
44168 44
44169 44
44170 44
44171 44
44172 44
44173 44
44174 44
44175 44
44176 44
44177 44
44178 44
44179 44
44180 44
44181 44
44182 44
44183 44
44184 44
44185 44
44186 44
44187 44
44188 44
44189 44
44190 44
44191 44
44192 44
44193 44
44194 44
44195 44
44196 44
44197 44
44198 44
44199 44
44200 44
44201 44
44202 44
44203 44
44204 44
44205 44
44206 44
44207 44
44208 44
44209 44
44210 44
44211 44
44212 44
44213 44
44214 44
44215 44
44216 44
44217 44
44218 44
44219 44
44220 44
44221 44
44222 44
44223 44
44224 44
44225 44
44226 44
44227 44
44228 44
44229 44
44230 44
44231 44
44232 44
44233 44
44234 44
44235 44
44236 44
44237 44
44238 44
44239 44
44240 44
44241 44
44242 44
44243 44
44244 44
44245 44
44246 44
44247 44
44248 44
44249 44
44250 44
44251 44
44252 44
44253 44
44254 44
44255 44
44256 44
44257 44
44258 44
44259 44
44260 44
44261 44
44262 44
44263 44
44264 44
44265 44
44266 44
44267 44
44268 44
44269 44
44270 44
44271 44
44272 44
44273 44
44274 44
44275 44
44276 44
44277 44
44278 44
44279 44
44280 44
44281 44
44282 44
44283 44
44284 44
44285 44
44286 44
44287 44
44288 44
44289 44
44290 44
44291 44
44292 44
44293 44
44294 44
44295 44
44296 44
44297 44
44298 44
44299 44
44300 44
44301 44
44302 44
44303 44
44304 44
44305 44
44306 44
44307 44
44308 44
44309 44
44310 44
44311 44
44312 44
44313 44
44314 44
44315 44
44316 44
44317 44
44318 44
44319 44
44320 44
44321 44
44322 44
44323 44
44324 44
44325 44
44326 44
44327 44
44328 44
44329 44
44330 44
44331 44
44332 44
44333 44
44334 44
44335 44
44336 44
44337 44
44338 44
44339 44
44340 44
44341 44
44342 44
44343 44
44344 44
44345 44
44346 44
44347 44
44348 44
44349 44
44350 44
44351 44
44352 44
44353 44
44354 44
44355 44
44356 44
44357 44
44358 44
44359 44
44360 44
44361 44
44362 44
44363 44
44364 44
44365 44
44366 44
44367 44
44368 44
44369 44
44370 44
44371 44
44372 44
44373 44
44374 44
44375 44
44376 44
44377 44
44378 44
44379 44
44380 44
44381 44
44382 44
44383 44
44384 44
44385 44
44386 44
44387 44
44388 44
44389 44
44390 44
44391 44
44392 44
44393 44
44394 44
44395 44
44396 44
44397 44
44398 44
44399 44
44400 44
44401 44
44402 44
44403 44
44404 44
44405 44
44406 44
44407 44
44408 44
44409 44
44410 44
44411 44
44412 44
44413 44
44414 44
44415 44
44416 44
44417 44
44418 44
44419 44
44420 44
44421 44
44422 44
44423 44
44424 44
44425 44
44426 44
44427 44
44428 44
44429 44
44430 44
44431 44
44432 44
44433 44
44434 44
44435 44
44436 44
44437 44
44438 44
44439 44
44440 44
44441 44
44442 44
44443 44
44444 44
44445 44
44446 44
44447 44
44448 44
44449 44
44450 44
44451 44
44452 44
44453 44
44454 44
44455 44
44456 44
44457 44
44458 44
44459 44
44460 44
44461 44
44462 44
44463 44
44464 44
44465 44
44466 44
44467 44
44468 44
44469 44
44470 44
44471 44
44472 44
44473 44
44474 44
44475 44
44476 44
44477 44
44478 44
44479 44
44480 44
44481 44
44482 44
44483 44
44484 44
44485 44
44486 44
44487 44
44488 44
44489 44
44490 44
44491 44
44492 44
44493 44
44494 44
44495 44
44496 44
44497 44
44498 44
44499 44
44500 44
44501 44
44502 44
44503 44
44504 44
44505 44
44506 44
44507 44
44508 44
44509 44
44510 44
44511 44
44512 44
44513 44
44514 44
44515 44
44516 44
44517 44
44518 44
44519 44
44520 44
44521 44
44522 44
44523 44
44524 44
44525 44
44526 44
44527 44
44528 44
44529 44
44530 44
44531 44
44532 44
44533 44
44534 44
44535 44
44536 44
44537 44
44538 44
44539 44
44540 44
44541 44
44542 44
44543 44
44544 44
44545 44
44546 44
44547 44
44548 44
44549 44
44550 44
44551 44
44552 44
44553 44
44554 44
44555 44
44556 44
44557 44
44558 44
44559 44
44560 44
44561 44
44562 44
44563 44
44564 44
44565 44
44566 44
44567 44
44568 44
44569 44
44570 44
44571 44
44572 44
44573 44
44574 44
44575 44
44576 44
44577 44
44578 44
44579 44
44580 44
44581 44
44582 44
44583 44
44584 44
44585 44
44586 44
44587 44
44588 44
44589 44
44590 44
44591 44
44592 44
44593 44
44594 44
44595 44
44596 44
44597 44
44598 44
44599 44
44600 44
44601 44
44602 44
44603 44
44604 44
44605 44
44606 44
44607 44
44608 44
44609 44
44610 44
44611 44
44612 44
44613 44
44614 44
44615 44
44616 44
44617 44
44618 44
44619 44
44620 44
44621 44
44622 44
44623 44
44624 44
44625 44
44626 44
44627 44
44628 44
44629 44
44630 44
44631 44
44632 44
44633 44
44634 44
44635 44
44636 44
44637 44
44638 44
44639 44
44640 44
44641 44
44642 44
44643 44
44644 44
44645 44
44646 44
44647 44
44648 44
44649 44
44650 44
44651 44
44652 44
44653 44
44654 44
44655 44
44656 44
44657 44
44658 44
44659 44
44660 44
44661 44
44662 44
44663 44
44664 44
44665 44
44666 44
44667 44
44668 44
44669 44
44670 44
44671 44
44672 44
44673 44
44674 44
44675 44
44676 44
44677 44
44678 44
44679 44
44680 44
44681 44
44682 44
44683 44
44684 44
44685 44
44686 44
44687 44
44688 44
44689 44
44690 44
44691 44
44692 44
44693 44
44694 44
44695 44
44696 44
44697 44
44698 44
44699 44
44700 44
44701 44
44702 44
44703 44
44704 44
44705 44
44706 44
44707 44
44708 44
44709 44
44710 44
44711 44
44712 44
44713 44
44714 44
44715 44
44716 44
44717 44
44718 44
44719 44
44720 44
44721 44
44722 44
44723 44
44724 44
44725 44
44726 44
44727 44
44728 44
44729 44
44730 44
44731 44
44732 44
44733 44
44734 44
44735 44
44736 44
44737 44
44738 44
44739 44
44740 44
44741 44
44742 44
44743 44
44744 44
44745 44
44746 44
44747 44
44748 44
44749 44
44750 44
44751 44
44752 44
44753 44
44754 44
44755 44
44756 44
44757 44
44758 44
44759 44
44760 44
44761 44
44762 44
44763 44
44764 44
44765 44
44766 44
44767 44
44768 44
44769 44
44770 44
44771 44
44772 44
44773 44
44774 44
44775 44
44776 44
44777 44
44778 44
44779 44
44780 44
44781 44
44782 44
44783 44
44784 44
44785 44
44786 44
44787 44
44788 44
44789 44
44790 44
44791 44
44792 44
44793 44
44794 44
44795 44
44796 44
44797 44
44798 44
44799 44
44800 44
44801 44
44802 44
44803 44
44804 44
44805 44
44806 44
44807 44
44808 44
44809 44
44810 44
44811 44
44812 44
44813 44
44814 44
44815 44
44816 44
44817 44
44818 44
44819 44
44820 44
44821 44
44822 44
44823 44
44824 44
44825 44
44826 44
44827 44
44828 44
44829 44
44830 44
44831 44
44832 44
44833 44
44834 44
44835 44
44836 44
44837 44
44838 44
44839 44
44840 44
44841 44
44842 44
44843 44
44844 44
44845 44
44846 44
44847 44
44848 44
44849 44
44850 44
44851 44
44852 44
44853 44
44854 44
44855 44
44856 44
44857 44
44858 44
44859 44
44860 44
44861 44
44862 44
44863 44
44864 44
44865 44
44866 44
44867 44
44868 44
44869 44
44870 44
44871 44
44872 44
44873 44
44874 44
44875 44
44876 44
44877 44
44878 44
44879 44
44880 44
44881 44
44882 44
44883 44
44884 44
44885 44
44886 44
44887 44
44888 44
44889 44
44890 44
44891 44
44892 44
44893 44
44894 44
44895 44
44896 44
44897 44
44898 44
44899 44
44900 44
44901 44
44902 44
44903 44
44904 44
44905 44
44906 44
44907 44
44908 44
44909 44
44910 44
44911 44
44912 44
44913 44
44914 44
44915 44
44916 44
44917 44
44918 44
44919 44
44920 44
44921 44
44922 44
44923 44
44924 44
44925 44
44926 44
44927 44
44928 44
44929 44
44930 44
44931 44
44932 44
44933 44
44934 44
44935 44
44936 44
44937 44
44938 44
44939 44
44940 44
44941 44
44942 44
44943 44
44944 44
44945 44
44946 44
44947 44
44948 44
44949 44
44950 44
44951 44
44952 44
44953 44
44954 44
44955 44
44956 44
44957 44
44958 44
44959 44
44960 44
44961 44
44962 44
44963 44
44964 44
44965 44
44966 44
44967 44
44968 44
44969 44
44970 44
44971 44
44972 44
44973 44
44974 44
44975 44
44976 44
44977 44
44978 44
44979 44
44980 44
44981 44
44982 44
44983 44
44984 44
44985 44
44986 44
44987 44
44988 44
44989 44
44990 44
44991 44
44992 44
44993 44
44994 44
44995 44
44996 44
44997 44
44998 44
44999 44
45000 45
45001 45
45002 45
45003 45
45004 45
45005 45
45006 45
45007 45
45008 45
45009 45
45010 45
45011 45
45012 45
45013 45
45014 45
45015 45
45016 45
45017 45
45018 45
45019 45
45020 45
45021 45
45022 45
45023 45
45024 45
45025 45
45026 45
45027 45
45028 45
45029 45
45030 45
45031 45
45032 45
45033 45
45034 45
45035 45
45036 45
45037 45
45038 45
45039 45
45040 45
45041 45
45042 45
45043 45
45044 45
45045 45
45046 45
45047 45
45048 45
45049 45
45050 45
45051 45
45052 45
45053 45
45054 45
45055 45
45056 45
45057 45
45058 45
45059 45
45060 45
45061 45
45062 45
45063 45
45064 45
45065 45
45066 45
45067 45
45068 45
45069 45
45070 45
45071 45
45072 45
45073 45
45074 45
45075 45
45076 45
45077 45
45078 45
45079 45
45080 45
45081 45
45082 45
45083 45
45084 45
45085 45
45086 45
45087 45
45088 45
45089 45
45090 45
45091 45
45092 45
45093 45
45094 45
45095 45
45096 45
45097 45
45098 45
45099 45
45100 45
45101 45
45102 45
45103 45
45104 45
45105 45
45106 45
45107 45
45108 45
45109 45
45110 45
45111 45
45112 45
45113 45
45114 45
45115 45
45116 45
45117 45
45118 45
45119 45
45120 45
45121 45
45122 45
45123 45
45124 45
45125 45
45126 45
45127 45
45128 45
45129 45
45130 45
45131 45
45132 45
45133 45
45134 45
45135 45
45136 45
45137 45
45138 45
45139 45
45140 45
45141 45
45142 45
45143 45
45144 45
45145 45
45146 45
45147 45
45148 45
45149 45
45150 45
45151 45
45152 45
45153 45
45154 45
45155 45
45156 45
45157 45
45158 45
45159 45
45160 45
45161 45
45162 45
45163 45
45164 45
45165 45
45166 45
45167 45
45168 45
45169 45
45170 45
45171 45
45172 45
45173 45
45174 45
45175 45
45176 45
45177 45
45178 45
45179 45
45180 45
45181 45
45182 45
45183 45
45184 45
45185 45
45186 45
45187 45
45188 45
45189 45
45190 45
45191 45
45192 45
45193 45
45194 45
45195 45
45196 45
45197 45
45198 45
45199 45
45200 45
45201 45
45202 45
45203 45
45204 45
45205 45
45206 45
45207 45
45208 45
45209 45
45210 45
45211 45
45212 45
45213 45
45214 45
45215 45
45216 45
45217 45
45218 45
45219 45
45220 45
45221 45
45222 45
45223 45
45224 45
45225 45
45226 45
45227 45
45228 45
45229 45
45230 45
45231 45
45232 45
45233 45
45234 45
45235 45
45236 45
45237 45
45238 45
45239 45
45240 45
45241 45
45242 45
45243 45
45244 45
45245 45
45246 45
45247 45
45248 45
45249 45
45250 45
45251 45
45252 45
45253 45
45254 45
45255 45
45256 45
45257 45
45258 45
45259 45
45260 45
45261 45
45262 45
45263 45
45264 45
45265 45
45266 45
45267 45
45268 45
45269 45
45270 45
45271 45
45272 45
45273 45
45274 45
45275 45
45276 45
45277 45
45278 45
45279 45
45280 45
45281 45
45282 45
45283 45
45284 45
45285 45
45286 45
45287 45
45288 45
45289 45
45290 45
45291 45
45292 45
45293 45
45294 45
45295 45
45296 45
45297 45
45298 45
45299 45
45300 45
45301 45
45302 45
45303 45
45304 45
45305 45
45306 45
45307 45
45308 45
45309 45
45310 45
45311 45
45312 45
45313 45
45314 45
45315 45
45316 45
45317 45
45318 45
45319 45
45320 45
45321 45
45322 45
45323 45
45324 45
45325 45
45326 45
45327 45
45328 45
45329 45
45330 45
45331 45
45332 45
45333 45
45334 45
45335 45
45336 45
45337 45
45338 45
45339 45
45340 45
45341 45
45342 45
45343 45
45344 45
45345 45
45346 45
45347 45
45348 45
45349 45
45350 45
45351 45
45352 45
45353 45
45354 45
45355 45
45356 45
45357 45
45358 45
45359 45
45360 45
45361 45
45362 45
45363 45
45364 45
45365 45
45366 45
45367 45
45368 45
45369 45
45370 45
45371 45
45372 45
45373 45
45374 45
45375 45
45376 45
45377 45
45378 45
45379 45
45380 45
45381 45
45382 45
45383 45
45384 45
45385 45
45386 45
45387 45
45388 45
45389 45
45390 45
45391 45
45392 45
45393 45
45394 45
45395 45
45396 45
45397 45
45398 45
45399 45
45400 45
45401 45
45402 45
45403 45
45404 45
45405 45
45406 45
45407 45
45408 45
45409 45
45410 45
45411 45
45412 45
45413 45
45414 45
45415 45
45416 45
45417 45
45418 45
45419 45
45420 45
45421 45
45422 45
45423 45
45424 45
45425 45
45426 45
45427 45
45428 45
45429 45
45430 45
45431 45
45432 45
45433 45
45434 45
45435 45
45436 45
45437 45
45438 45
45439 45
45440 45
45441 45
45442 45
45443 45
45444 45
45445 45
45446 45
45447 45
45448 45
45449 45
45450 45
45451 45
45452 45
45453 45
45454 45
45455 45
45456 45
45457 45
45458 45
45459 45
45460 45
45461 45
45462 45
45463 45
45464 45
45465 45
45466 45
45467 45
45468 45
45469 45
45470 45
45471 45
45472 45
45473 45
45474 45
45475 45
45476 45
45477 45
45478 45
45479 45
45480 45
45481 45
45482 45
45483 45
45484 45
45485 45
45486 45
45487 45
45488 45
45489 45
45490 45
45491 45
45492 45
45493 45
45494 45
45495 45
45496 45
45497 45
45498 45
45499 45
45500 45
45501 45
45502 45
45503 45
45504 45
45505 45
45506 45
45507 45
45508 45
45509 45
45510 45
45511 45
45512 45
45513 45
45514 45
45515 45
45516 45
45517 45
45518 45
45519 45
45520 45
45521 45
45522 45
45523 45
45524 45
45525 45
45526 45
45527 45
45528 45
45529 45
45530 45
45531 45
45532 45
45533 45
45534 45
45535 45
45536 45
45537 45
45538 45
45539 45
45540 45
45541 45
45542 45
45543 45
45544 45
45545 45
45546 45
45547 45
45548 45
45549 45
45550 45
45551 45
45552 45
45553 45
45554 45
45555 45
45556 45
45557 45
45558 45
45559 45
45560 45
45561 45
45562 45
45563 45
45564 45
45565 45
45566 45
45567 45
45568 45
45569 45
45570 45
45571 45
45572 45
45573 45
45574 45
45575 45
45576 45
45577 45
45578 45
45579 45
45580 45
45581 45
45582 45
45583 45
45584 45
45585 45
45586 45
45587 45
45588 45
45589 45
45590 45
45591 45
45592 45
45593 45
45594 45
45595 45
45596 45
45597 45
45598 45
45599 45
45600 45
45601 45
45602 45
45603 45
45604 45
45605 45
45606 45
45607 45
45608 45
45609 45
45610 45
45611 45
45612 45
45613 45
45614 45
45615 45
45616 45
45617 45
45618 45
45619 45
45620 45
45621 45
45622 45
45623 45
45624 45
45625 45
45626 45
45627 45
45628 45
45629 45
45630 45
45631 45
45632 45
45633 45
45634 45
45635 45
45636 45
45637 45
45638 45
45639 45
45640 45
45641 45
45642 45
45643 45
45644 45
45645 45
45646 45
45647 45
45648 45
45649 45
45650 45
45651 45
45652 45
45653 45
45654 45
45655 45
45656 45
45657 45
45658 45
45659 45
45660 45
45661 45
45662 45
45663 45
45664 45
45665 45
45666 45
45667 45
45668 45
45669 45
45670 45
45671 45
45672 45
45673 45
45674 45
45675 45
45676 45
45677 45
45678 45
45679 45
45680 45
45681 45
45682 45
45683 45
45684 45
45685 45
45686 45
45687 45
45688 45
45689 45
45690 45
45691 45
45692 45
45693 45
45694 45
45695 45
45696 45
45697 45
45698 45
45699 45
45700 45
45701 45
45702 45
45703 45
45704 45
45705 45
45706 45
45707 45
45708 45
45709 45
45710 45
45711 45
45712 45
45713 45
45714 45
45715 45
45716 45
45717 45
45718 45
45719 45
45720 45
45721 45
45722 45
45723 45
45724 45
45725 45
45726 45
45727 45
45728 45
45729 45
45730 45
45731 45
45732 45
45733 45
45734 45
45735 45
45736 45
45737 45
45738 45
45739 45
45740 45
45741 45
45742 45
45743 45
45744 45
45745 45
45746 45
45747 45
45748 45
45749 45
45750 45
45751 45
45752 45
45753 45
45754 45
45755 45
45756 45
45757 45
45758 45
45759 45
45760 45
45761 45
45762 45
45763 45
45764 45
45765 45
45766 45
45767 45
45768 45
45769 45
45770 45
45771 45
45772 45
45773 45
45774 45
45775 45
45776 45
45777 45
45778 45
45779 45
45780 45
45781 45
45782 45
45783 45
45784 45
45785 45
45786 45
45787 45
45788 45
45789 45
45790 45
45791 45
45792 45
45793 45
45794 45
45795 45
45796 45
45797 45
45798 45
45799 45
45800 45
45801 45
45802 45
45803 45
45804 45
45805 45
45806 45
45807 45
45808 45
45809 45
45810 45
45811 45
45812 45
45813 45
45814 45
45815 45
45816 45
45817 45
45818 45
45819 45
45820 45
45821 45
45822 45
45823 45
45824 45
45825 45
45826 45
45827 45
45828 45
45829 45
45830 45
45831 45
45832 45
45833 45
45834 45
45835 45
45836 45
45837 45
45838 45
45839 45
45840 45
45841 45
45842 45
45843 45
45844 45
45845 45
45846 45
45847 45
45848 45
45849 45
45850 45
45851 45
45852 45
45853 45
45854 45
45855 45
45856 45
45857 45
45858 45
45859 45
45860 45
45861 45
45862 45
45863 45
45864 45
45865 45
45866 45
45867 45
45868 45
45869 45
45870 45
45871 45
45872 45
45873 45
45874 45
45875 45
45876 45
45877 45
45878 45
45879 45
45880 45
45881 45
45882 45
45883 45
45884 45
45885 45
45886 45
45887 45
45888 45
45889 45
45890 45
45891 45
45892 45
45893 45
45894 45
45895 45
45896 45
45897 45
45898 45
45899 45
45900 45
45901 45
45902 45
45903 45
45904 45
45905 45
45906 45
45907 45
45908 45
45909 45
45910 45
45911 45
45912 45
45913 45
45914 45
45915 45
45916 45
45917 45
45918 45
45919 45
45920 45
45921 45
45922 45
45923 45
45924 45
45925 45
45926 45
45927 45
45928 45
45929 45
45930 45
45931 45
45932 45
45933 45
45934 45
45935 45
45936 45
45937 45
45938 45
45939 45
45940 45
45941 45
45942 45
45943 45
45944 45
45945 45
45946 45
45947 45
45948 45
45949 45
45950 45
45951 45
45952 45
45953 45
45954 45
45955 45
45956 45
45957 45
45958 45
45959 45
45960 45
45961 45
45962 45
45963 45
45964 45
45965 45
45966 45
45967 45
45968 45
45969 45
45970 45
45971 45
45972 45
45973 45
45974 45
45975 45
45976 45
45977 45
45978 45
45979 45
45980 45
45981 45
45982 45
45983 45
45984 45
45985 45
45986 45
45987 45
45988 45
45989 45
45990 45
45991 45
45992 45
45993 45
45994 45
45995 45
45996 45
45997 45
45998 45
45999 45
46000 46
46001 46
46002 46
46003 46
46004 46
46005 46
46006 46
46007 46
46008 46
46009 46
46010 46
46011 46
46012 46
46013 46
46014 46
46015 46
46016 46
46017 46
46018 46
46019 46
46020 46
46021 46
46022 46
46023 46
46024 46
46025 46
46026 46
46027 46
46028 46
46029 46
46030 46
46031 46
46032 46
46033 46
46034 46
46035 46
46036 46
46037 46
46038 46
46039 46
46040 46
46041 46
46042 46
46043 46
46044 46
46045 46
46046 46
46047 46
46048 46
46049 46
46050 46
46051 46
46052 46
46053 46
46054 46
46055 46
46056 46
46057 46
46058 46
46059 46
46060 46
46061 46
46062 46
46063 46
46064 46
46065 46
46066 46
46067 46
46068 46
46069 46
46070 46
46071 46
46072 46
46073 46
46074 46
46075 46
46076 46
46077 46
46078 46
46079 46
46080 46
46081 46
46082 46
46083 46
46084 46
46085 46
46086 46
46087 46
46088 46
46089 46
46090 46
46091 46
46092 46
46093 46
46094 46
46095 46
46096 46
46097 46
46098 46
46099 46
46100 46
46101 46
46102 46
46103 46
46104 46
46105 46
46106 46
46107 46
46108 46
46109 46
46110 46
46111 46
46112 46
46113 46
46114 46
46115 46
46116 46
46117 46
46118 46
46119 46
46120 46
46121 46
46122 46
46123 46
46124 46
46125 46
46126 46
46127 46
46128 46
46129 46
46130 46
46131 46
46132 46
46133 46
46134 46
46135 46
46136 46
46137 46
46138 46
46139 46
46140 46
46141 46
46142 46
46143 46
46144 46
46145 46
46146 46
46147 46
46148 46
46149 46
46150 46
46151 46
46152 46
46153 46
46154 46
46155 46
46156 46
46157 46
46158 46
46159 46
46160 46
46161 46
46162 46
46163 46
46164 46
46165 46
46166 46
46167 46
46168 46
46169 46
46170 46
46171 46
46172 46
46173 46
46174 46
46175 46
46176 46
46177 46
46178 46
46179 46
46180 46
46181 46
46182 46
46183 46
46184 46
46185 46
46186 46
46187 46
46188 46
46189 46
46190 46
46191 46
46192 46
46193 46
46194 46
46195 46
46196 46
46197 46
46198 46
46199 46
46200 46
46201 46
46202 46
46203 46
46204 46
46205 46
46206 46
46207 46
46208 46
46209 46
46210 46
46211 46
46212 46
46213 46
46214 46
46215 46
46216 46
46217 46
46218 46
46219 46
46220 46
46221 46
46222 46
46223 46
46224 46
46225 46
46226 46
46227 46
46228 46
46229 46
46230 46
46231 46
46232 46
46233 46
46234 46
46235 46
46236 46
46237 46
46238 46
46239 46
46240 46
46241 46
46242 46
46243 46
46244 46
46245 46
46246 46
46247 46
46248 46
46249 46
46250 46
46251 46
46252 46
46253 46
46254 46
46255 46
46256 46
46257 46
46258 46
46259 46
46260 46
46261 46
46262 46
46263 46
46264 46
46265 46
46266 46
46267 46
46268 46
46269 46
46270 46
46271 46
46272 46
46273 46
46274 46
46275 46
46276 46
46277 46
46278 46
46279 46
46280 46
46281 46
46282 46
46283 46
46284 46
46285 46
46286 46
46287 46
46288 46
46289 46
46290 46
46291 46
46292 46
46293 46
46294 46
46295 46
46296 46
46297 46
46298 46
46299 46
46300 46
46301 46
46302 46
46303 46
46304 46
46305 46
46306 46
46307 46
46308 46
46309 46
46310 46
46311 46
46312 46
46313 46
46314 46
46315 46
46316 46
46317 46
46318 46
46319 46
46320 46
46321 46
46322 46
46323 46
46324 46
46325 46
46326 46
46327 46
46328 46
46329 46
46330 46
46331 46
46332 46
46333 46
46334 46
46335 46
46336 46
46337 46
46338 46
46339 46
46340 46
46341 46
46342 46
46343 46
46344 46
46345 46
46346 46
46347 46
46348 46
46349 46
46350 46
46351 46
46352 46
46353 46
46354 46
46355 46
46356 46
46357 46
46358 46
46359 46
46360 46
46361 46
46362 46
46363 46
46364 46
46365 46
46366 46
46367 46
46368 46
46369 46
46370 46
46371 46
46372 46
46373 46
46374 46
46375 46
46376 46
46377 46
46378 46
46379 46
46380 46
46381 46
46382 46
46383 46
46384 46
46385 46
46386 46
46387 46
46388 46
46389 46
46390 46
46391 46
46392 46
46393 46
46394 46
46395 46
46396 46
46397 46
46398 46
46399 46
46400 46
46401 46
46402 46
46403 46
46404 46
46405 46
46406 46
46407 46
46408 46
46409 46
46410 46
46411 46
46412 46
46413 46
46414 46
46415 46
46416 46
46417 46
46418 46
46419 46
46420 46
46421 46
46422 46
46423 46
46424 46
46425 46
46426 46
46427 46
46428 46
46429 46
46430 46
46431 46
46432 46
46433 46
46434 46
46435 46
46436 46
46437 46
46438 46
46439 46
46440 46
46441 46
46442 46
46443 46
46444 46
46445 46
46446 46
46447 46
46448 46
46449 46
46450 46
46451 46
46452 46
46453 46
46454 46
46455 46
46456 46
46457 46
46458 46
46459 46
46460 46
46461 46
46462 46
46463 46
46464 46
46465 46
46466 46
46467 46
46468 46
46469 46
46470 46
46471 46
46472 46
46473 46
46474 46
46475 46
46476 46
46477 46
46478 46
46479 46
46480 46
46481 46
46482 46
46483 46
46484 46
46485 46
46486 46
46487 46
46488 46
46489 46
46490 46
46491 46
46492 46
46493 46
46494 46
46495 46
46496 46
46497 46
46498 46
46499 46
46500 46
46501 46
46502 46
46503 46
46504 46
46505 46
46506 46
46507 46
46508 46
46509 46
46510 46
46511 46
46512 46
46513 46
46514 46
46515 46
46516 46
46517 46
46518 46
46519 46
46520 46
46521 46
46522 46
46523 46
46524 46
46525 46
46526 46
46527 46
46528 46
46529 46
46530 46
46531 46
46532 46
46533 46
46534 46
46535 46
46536 46
46537 46
46538 46
46539 46
46540 46
46541 46
46542 46
46543 46
46544 46
46545 46
46546 46
46547 46
46548 46
46549 46
46550 46
46551 46
46552 46
46553 46
46554 46
46555 46
46556 46
46557 46
46558 46
46559 46
46560 46
46561 46
46562 46
46563 46
46564 46
46565 46
46566 46
46567 46
46568 46
46569 46
46570 46
46571 46
46572 46
46573 46
46574 46
46575 46
46576 46
46577 46
46578 46
46579 46
46580 46
46581 46
46582 46
46583 46
46584 46
46585 46
46586 46
46587 46
46588 46
46589 46
46590 46
46591 46
46592 46
46593 46
46594 46
46595 46
46596 46
46597 46
46598 46
46599 46
46600 46
46601 46
46602 46
46603 46
46604 46
46605 46
46606 46
46607 46
46608 46
46609 46
46610 46
46611 46
46612 46
46613 46
46614 46
46615 46
46616 46
46617 46
46618 46
46619 46
46620 46
46621 46
46622 46
46623 46
46624 46
46625 46
46626 46
46627 46
46628 46
46629 46
46630 46
46631 46
46632 46
46633 46
46634 46
46635 46
46636 46
46637 46
46638 46
46639 46
46640 46
46641 46
46642 46
46643 46
46644 46
46645 46
46646 46
46647 46
46648 46
46649 46
46650 46
46651 46
46652 46
46653 46
46654 46
46655 46
46656 46
46657 46
46658 46
46659 46
46660 46
46661 46
46662 46
46663 46
46664 46
46665 46
46666 46
46667 46
46668 46
46669 46
46670 46
46671 46
46672 46
46673 46
46674 46
46675 46
46676 46
46677 46
46678 46
46679 46
46680 46
46681 46
46682 46
46683 46
46684 46
46685 46
46686 46
46687 46
46688 46
46689 46
46690 46
46691 46
46692 46
46693 46
46694 46
46695 46
46696 46
46697 46
46698 46
46699 46
46700 46
46701 46
46702 46
46703 46
46704 46
46705 46
46706 46
46707 46
46708 46
46709 46
46710 46
46711 46
46712 46
46713 46
46714 46
46715 46
46716 46
46717 46
46718 46
46719 46
46720 46
46721 46
46722 46
46723 46
46724 46
46725 46
46726 46
46727 46
46728 46
46729 46
46730 46
46731 46
46732 46
46733 46
46734 46
46735 46
46736 46
46737 46
46738 46
46739 46
46740 46
46741 46
46742 46
46743 46
46744 46
46745 46
46746 46
46747 46
46748 46
46749 46
46750 46
46751 46
46752 46
46753 46
46754 46
46755 46
46756 46
46757 46
46758 46
46759 46
46760 46
46761 46
46762 46
46763 46
46764 46
46765 46
46766 46
46767 46
46768 46
46769 46
46770 46
46771 46
46772 46
46773 46
46774 46
46775 46
46776 46
46777 46
46778 46
46779 46
46780 46
46781 46
46782 46
46783 46
46784 46
46785 46
46786 46
46787 46
46788 46
46789 46
46790 46
46791 46
46792 46
46793 46
46794 46
46795 46
46796 46
46797 46
46798 46
46799 46
46800 46
46801 46
46802 46
46803 46
46804 46
46805 46
46806 46
46807 46
46808 46
46809 46
46810 46
46811 46
46812 46
46813 46
46814 46
46815 46
46816 46
46817 46
46818 46
46819 46
46820 46
46821 46
46822 46
46823 46
46824 46
46825 46
46826 46
46827 46
46828 46
46829 46
46830 46
46831 46
46832 46
46833 46
46834 46
46835 46
46836 46
46837 46
46838 46
46839 46
46840 46
46841 46
46842 46
46843 46
46844 46
46845 46
46846 46
46847 46
46848 46
46849 46
46850 46
46851 46
46852 46
46853 46
46854 46
46855 46
46856 46
46857 46
46858 46
46859 46
46860 46
46861 46
46862 46
46863 46
46864 46
46865 46
46866 46
46867 46
46868 46
46869 46
46870 46
46871 46
46872 46
46873 46
46874 46
46875 46
46876 46
46877 46
46878 46
46879 46
46880 46
46881 46
46882 46
46883 46
46884 46
46885 46
46886 46
46887 46
46888 46
46889 46
46890 46
46891 46
46892 46
46893 46
46894 46
46895 46
46896 46
46897 46
46898 46
46899 46
46900 46
46901 46
46902 46
46903 46
46904 46
46905 46
46906 46
46907 46
46908 46
46909 46
46910 46
46911 46
46912 46
46913 46
46914 46
46915 46
46916 46
46917 46
46918 46
46919 46
46920 46
46921 46
46922 46
46923 46
46924 46
46925 46
46926 46
46927 46
46928 46
46929 46
46930 46
46931 46
46932 46
46933 46
46934 46
46935 46
46936 46
46937 46
46938 46
46939 46
46940 46
46941 46
46942 46
46943 46
46944 46
46945 46
46946 46
46947 46
46948 46
46949 46
46950 46
46951 46
46952 46
46953 46
46954 46
46955 46
46956 46
46957 46
46958 46
46959 46
46960 46
46961 46
46962 46
46963 46
46964 46
46965 46
46966 46
46967 46
46968 46
46969 46
46970 46
46971 46
46972 46
46973 46
46974 46
46975 46
46976 46
46977 46
46978 46
46979 46
46980 46
46981 46
46982 46
46983 46
46984 46
46985 46
46986 46
46987 46
46988 46
46989 46
46990 46
46991 46
46992 46
46993 46
46994 46
46995 46
46996 46
46997 46
46998 46
46999 46
47000 47
47001 47
47002 47
47003 47
47004 47
47005 47
47006 47
47007 47
47008 47
47009 47
47010 47
47011 47
47012 47
47013 47
47014 47
47015 47
47016 47
47017 47
47018 47
47019 47
47020 47
47021 47
47022 47
47023 47
47024 47
47025 47
47026 47
47027 47
47028 47
47029 47
47030 47
47031 47
47032 47
47033 47
47034 47
47035 47
47036 47
47037 47
47038 47
47039 47
47040 47
47041 47
47042 47
47043 47
47044 47
47045 47
47046 47
47047 47
47048 47
47049 47
47050 47
47051 47
47052 47
47053 47
47054 47
47055 47
47056 47
47057 47
47058 47
47059 47
47060 47
47061 47
47062 47
47063 47
47064 47
47065 47
47066 47
47067 47
47068 47
47069 47
47070 47
47071 47
47072 47
47073 47
47074 47
47075 47
47076 47
47077 47
47078 47
47079 47
47080 47
47081 47
47082 47
47083 47
47084 47
47085 47
47086 47
47087 47
47088 47
47089 47
47090 47
47091 47
47092 47
47093 47
47094 47
47095 47
47096 47
47097 47
47098 47
47099 47
47100 47
47101 47
47102 47
47103 47
47104 47
47105 47
47106 47
47107 47
47108 47
47109 47
47110 47
47111 47
47112 47
47113 47
47114 47
47115 47
47116 47
47117 47
47118 47
47119 47
47120 47
47121 47
47122 47
47123 47
47124 47
47125 47
47126 47
47127 47
47128 47
47129 47
47130 47
47131 47
47132 47
47133 47
47134 47
47135 47
47136 47
47137 47
47138 47
47139 47
47140 47
47141 47
47142 47
47143 47
47144 47
47145 47
47146 47
47147 47
47148 47
47149 47
47150 47
47151 47
47152 47
47153 47
47154 47
47155 47
47156 47
47157 47
47158 47
47159 47
47160 47
47161 47
47162 47
47163 47
47164 47
47165 47
47166 47
47167 47
47168 47
47169 47
47170 47
47171 47
47172 47
47173 47
47174 47
47175 47
47176 47
47177 47
47178 47
47179 47
47180 47
47181 47
47182 47
47183 47
47184 47
47185 47
47186 47
47187 47
47188 47
47189 47
47190 47
47191 47
47192 47
47193 47
47194 47
47195 47
47196 47
47197 47
47198 47
47199 47
47200 47
47201 47
47202 47
47203 47
47204 47
47205 47
47206 47
47207 47
47208 47
47209 47
47210 47
47211 47
47212 47
47213 47
47214 47
47215 47
47216 47
47217 47
47218 47
47219 47
47220 47
47221 47
47222 47
47223 47
47224 47
47225 47
47226 47
47227 47
47228 47
47229 47
47230 47
47231 47
47232 47
47233 47
47234 47
47235 47
47236 47
47237 47
47238 47
47239 47
47240 47
47241 47
47242 47
47243 47
47244 47
47245 47
47246 47
47247 47
47248 47
47249 47
47250 47
47251 47
47252 47
47253 47
47254 47
47255 47
47256 47
47257 47
47258 47
47259 47
47260 47
47261 47
47262 47
47263 47
47264 47
47265 47
47266 47
47267 47
47268 47
47269 47
47270 47
47271 47
47272 47
47273 47
47274 47
47275 47
47276 47
47277 47
47278 47
47279 47
47280 47
47281 47
47282 47
47283 47
47284 47
47285 47
47286 47
47287 47
47288 47
47289 47
47290 47
47291 47
47292 47
47293 47
47294 47
47295 47
47296 47
47297 47
47298 47
47299 47
47300 47
47301 47
47302 47
47303 47
47304 47
47305 47
47306 47
47307 47
47308 47
47309 47
47310 47
47311 47
47312 47
47313 47
47314 47
47315 47
47316 47
47317 47
47318 47
47319 47
47320 47
47321 47
47322 47
47323 47
47324 47
47325 47
47326 47
47327 47
47328 47
47329 47
47330 47
47331 47
47332 47
47333 47
47334 47
47335 47
47336 47
47337 47
47338 47
47339 47
47340 47
47341 47
47342 47
47343 47
47344 47
47345 47
47346 47
47347 47
47348 47
47349 47
47350 47
47351 47
47352 47
47353 47
47354 47
47355 47
47356 47
47357 47
47358 47
47359 47
47360 47
47361 47
47362 47
47363 47
47364 47
47365 47
47366 47
47367 47
47368 47
47369 47
47370 47
47371 47
47372 47
47373 47
47374 47
47375 47
47376 47
47377 47
47378 47
47379 47
47380 47
47381 47
47382 47
47383 47
47384 47
47385 47
47386 47
47387 47
47388 47
47389 47
47390 47
47391 47
47392 47
47393 47
47394 47
47395 47
47396 47
47397 47
47398 47
47399 47
47400 47
47401 47
47402 47
47403 47
47404 47
47405 47
47406 47
47407 47
47408 47
47409 47
47410 47
47411 47
47412 47
47413 47
47414 47
47415 47
47416 47
47417 47
47418 47
47419 47
47420 47
47421 47
47422 47
47423 47
47424 47
47425 47
47426 47
47427 47
47428 47
47429 47
47430 47
47431 47
47432 47
47433 47
47434 47
47435 47
47436 47
47437 47
47438 47
47439 47
47440 47
47441 47
47442 47
47443 47
47444 47
47445 47
47446 47
47447 47
47448 47
47449 47
47450 47
47451 47
47452 47
47453 47
47454 47
47455 47
47456 47
47457 47
47458 47
47459 47
47460 47
47461 47
47462 47
47463 47
47464 47
47465 47
47466 47
47467 47
47468 47
47469 47
47470 47
47471 47
47472 47
47473 47
47474 47
47475 47
47476 47
47477 47
47478 47
47479 47
47480 47
47481 47
47482 47
47483 47
47484 47
47485 47
47486 47
47487 47
47488 47
47489 47
47490 47
47491 47
47492 47
47493 47
47494 47
47495 47
47496 47
47497 47
47498 47
47499 47
47500 47
47501 47
47502 47
47503 47
47504 47
47505 47
47506 47
47507 47
47508 47
47509 47
47510 47
47511 47
47512 47
47513 47
47514 47
47515 47
47516 47
47517 47
47518 47
47519 47
47520 47
47521 47
47522 47
47523 47
47524 47
47525 47
47526 47
47527 47
47528 47
47529 47
47530 47
47531 47
47532 47
47533 47
47534 47
47535 47
47536 47
47537 47
47538 47
47539 47
47540 47
47541 47
47542 47
47543 47
47544 47
47545 47
47546 47
47547 47
47548 47
47549 47
47550 47
47551 47
47552 47
47553 47
47554 47
47555 47
47556 47
47557 47
47558 47
47559 47
47560 47
47561 47
47562 47
47563 47
47564 47
47565 47
47566 47
47567 47
47568 47
47569 47
47570 47
47571 47
47572 47
47573 47
47574 47
47575 47
47576 47
47577 47
47578 47
47579 47
47580 47
47581 47
47582 47
47583 47
47584 47
47585 47
47586 47
47587 47
47588 47
47589 47
47590 47
47591 47
47592 47
47593 47
47594 47
47595 47
47596 47
47597 47
47598 47
47599 47
47600 47
47601 47
47602 47
47603 47
47604 47
47605 47
47606 47
47607 47
47608 47
47609 47
47610 47
47611 47
47612 47
47613 47
47614 47
47615 47
47616 47
47617 47
47618 47
47619 47
47620 47
47621 47
47622 47
47623 47
47624 47
47625 47
47626 47
47627 47
47628 47
47629 47
47630 47
47631 47
47632 47
47633 47
47634 47
47635 47
47636 47
47637 47
47638 47
47639 47
47640 47
47641 47
47642 47
47643 47
47644 47
47645 47
47646 47
47647 47
47648 47
47649 47
47650 47
47651 47
47652 47
47653 47
47654 47
47655 47
47656 47
47657 47
47658 47
47659 47
47660 47
47661 47
47662 47
47663 47
47664 47
47665 47
47666 47
47667 47
47668 47
47669 47
47670 47
47671 47
47672 47
47673 47
47674 47
47675 47
47676 47
47677 47
47678 47
47679 47
47680 47
47681 47
47682 47
47683 47
47684 47
47685 47
47686 47
47687 47
47688 47
47689 47
47690 47
47691 47
47692 47
47693 47
47694 47
47695 47
47696 47
47697 47
47698 47
47699 47
47700 47
47701 47
47702 47
47703 47
47704 47
47705 47
47706 47
47707 47
47708 47
47709 47
47710 47
47711 47
47712 47
47713 47
47714 47
47715 47
47716 47
47717 47
47718 47
47719 47
47720 47
47721 47
47722 47
47723 47
47724 47
47725 47
47726 47
47727 47
47728 47
47729 47
47730 47
47731 47
47732 47
47733 47
47734 47
47735 47
47736 47
47737 47
47738 47
47739 47
47740 47
47741 47
47742 47
47743 47
47744 47
47745 47
47746 47
47747 47
47748 47
47749 47
47750 47
47751 47
47752 47
47753 47
47754 47
47755 47
47756 47
47757 47
47758 47
47759 47
47760 47
47761 47
47762 47
47763 47
47764 47
47765 47
47766 47
47767 47
47768 47
47769 47
47770 47
47771 47
47772 47
47773 47
47774 47
47775 47
47776 47
47777 47
47778 47
47779 47
47780 47
47781 47
47782 47
47783 47
47784 47
47785 47
47786 47
47787 47
47788 47
47789 47
47790 47
47791 47
47792 47
47793 47
47794 47
47795 47
47796 47
47797 47
47798 47
47799 47
47800 47
47801 47
47802 47
47803 47
47804 47
47805 47
47806 47
47807 47
47808 47
47809 47
47810 47
47811 47
47812 47
47813 47
47814 47
47815 47
47816 47
47817 47
47818 47
47819 47
47820 47
47821 47
47822 47
47823 47
47824 47
47825 47
47826 47
47827 47
47828 47
47829 47
47830 47
47831 47
47832 47
47833 47
47834 47
47835 47
47836 47
47837 47
47838 47
47839 47
47840 47
47841 47
47842 47
47843 47
47844 47
47845 47
47846 47
47847 47
47848 47
47849 47
47850 47
47851 47
47852 47
47853 47
47854 47
47855 47
47856 47
47857 47
47858 47
47859 47
47860 47
47861 47
47862 47
47863 47
47864 47
47865 47
47866 47
47867 47
47868 47
47869 47
47870 47
47871 47
47872 47
47873 47
47874 47
47875 47
47876 47
47877 47
47878 47
47879 47
47880 47
47881 47
47882 47
47883 47
47884 47
47885 47
47886 47
47887 47
47888 47
47889 47
47890 47
47891 47
47892 47
47893 47
47894 47
47895 47
47896 47
47897 47
47898 47
47899 47
47900 47
47901 47
47902 47
47903 47
47904 47
47905 47
47906 47
47907 47
47908 47
47909 47
47910 47
47911 47
47912 47
47913 47
47914 47
47915 47
47916 47
47917 47
47918 47
47919 47
47920 47
47921 47
47922 47
47923 47
47924 47
47925 47
47926 47
47927 47
47928 47
47929 47
47930 47
47931 47
47932 47
47933 47
47934 47
47935 47
47936 47
47937 47
47938 47
47939 47
47940 47
47941 47
47942 47
47943 47
47944 47
47945 47
47946 47
47947 47
47948 47
47949 47
47950 47
47951 47
47952 47
47953 47
47954 47
47955 47
47956 47
47957 47
47958 47
47959 47
47960 47
47961 47
47962 47
47963 47
47964 47
47965 47
47966 47
47967 47
47968 47
47969 47
47970 47
47971 47
47972 47
47973 47
47974 47
47975 47
47976 47
47977 47
47978 47
47979 47
47980 47
47981 47
47982 47
47983 47
47984 47
47985 47
47986 47
47987 47
47988 47
47989 47
47990 47
47991 47
47992 47
47993 47
47994 47
47995 47
47996 47
47997 47
47998 47
47999 47
48000 48
48001 48
48002 48
48003 48
48004 48
48005 48
48006 48
48007 48
48008 48
48009 48
48010 48
48011 48
48012 48
48013 48
48014 48
48015 48
48016 48
48017 48
48018 48
48019 48
48020 48
48021 48
48022 48
48023 48
48024 48
48025 48
48026 48
48027 48
48028 48
48029 48
48030 48
48031 48
48032 48
48033 48
48034 48
48035 48
48036 48
48037 48
48038 48
48039 48
48040 48
48041 48
48042 48
48043 48
48044 48
48045 48
48046 48
48047 48
48048 48
48049 48
48050 48
48051 48
48052 48
48053 48
48054 48
48055 48
48056 48
48057 48
48058 48
48059 48
48060 48
48061 48
48062 48
48063 48
48064 48
48065 48
48066 48
48067 48
48068 48
48069 48
48070 48
48071 48
48072 48
48073 48
48074 48
48075 48
48076 48
48077 48
48078 48
48079 48
48080 48
48081 48
48082 48
48083 48
48084 48
48085 48
48086 48
48087 48
48088 48
48089 48
48090 48
48091 48
48092 48
48093 48
48094 48
48095 48
48096 48
48097 48
48098 48
48099 48
48100 48
48101 48
48102 48
48103 48
48104 48
48105 48
48106 48
48107 48
48108 48
48109 48
48110 48
48111 48
48112 48
48113 48
48114 48
48115 48
48116 48
48117 48
48118 48
48119 48
48120 48
48121 48
48122 48
48123 48
48124 48
48125 48
48126 48
48127 48
48128 48
48129 48
48130 48
48131 48
48132 48
48133 48
48134 48
48135 48
48136 48
48137 48
48138 48
48139 48
48140 48
48141 48
48142 48
48143 48
48144 48
48145 48
48146 48
48147 48
48148 48
48149 48
48150 48
48151 48
48152 48
48153 48
48154 48
48155 48
48156 48
48157 48
48158 48
48159 48
48160 48
48161 48
48162 48
48163 48
48164 48
48165 48
48166 48
48167 48
48168 48
48169 48
48170 48
48171 48
48172 48
48173 48
48174 48
48175 48
48176 48
48177 48
48178 48
48179 48
48180 48
48181 48
48182 48
48183 48
48184 48
48185 48
48186 48
48187 48
48188 48
48189 48
48190 48
48191 48
48192 48
48193 48
48194 48
48195 48
48196 48
48197 48
48198 48
48199 48
48200 48
48201 48
48202 48
48203 48
48204 48
48205 48
48206 48
48207 48
48208 48
48209 48
48210 48
48211 48
48212 48
48213 48
48214 48
48215 48
48216 48
48217 48
48218 48
48219 48
48220 48
48221 48
48222 48
48223 48
48224 48
48225 48
48226 48
48227 48
48228 48
48229 48
48230 48
48231 48
48232 48
48233 48
48234 48
48235 48
48236 48
48237 48
48238 48
48239 48
48240 48
48241 48
48242 48
48243 48
48244 48
48245 48
48246 48
48247 48
48248 48
48249 48
48250 48
48251 48
48252 48
48253 48
48254 48
48255 48
48256 48
48257 48
48258 48
48259 48
48260 48
48261 48
48262 48
48263 48
48264 48
48265 48
48266 48
48267 48
48268 48
48269 48
48270 48
48271 48
48272 48
48273 48
48274 48
48275 48
48276 48
48277 48
48278 48
48279 48
48280 48
48281 48
48282 48
48283 48
48284 48
48285 48
48286 48
48287 48
48288 48
48289 48
48290 48
48291 48
48292 48
48293 48
48294 48
48295 48
48296 48
48297 48
48298 48
48299 48
48300 48
48301 48
48302 48
48303 48
48304 48
48305 48
48306 48
48307 48
48308 48
48309 48
48310 48
48311 48
48312 48
48313 48
48314 48
48315 48
48316 48
48317 48
48318 48
48319 48
48320 48
48321 48
48322 48
48323 48
48324 48
48325 48
48326 48
48327 48
48328 48
48329 48
48330 48
48331 48
48332 48
48333 48
48334 48
48335 48
48336 48
48337 48
48338 48
48339 48
48340 48
48341 48
48342 48
48343 48
48344 48
48345 48
48346 48
48347 48
48348 48
48349 48
48350 48
48351 48
48352 48
48353 48
48354 48
48355 48
48356 48
48357 48
48358 48
48359 48
48360 48
48361 48
48362 48
48363 48
48364 48
48365 48
48366 48
48367 48
48368 48
48369 48
48370 48
48371 48
48372 48
48373 48
48374 48
48375 48
48376 48
48377 48
48378 48
48379 48
48380 48
48381 48
48382 48
48383 48
48384 48
48385 48
48386 48
48387 48
48388 48
48389 48
48390 48
48391 48
48392 48
48393 48
48394 48
48395 48
48396 48
48397 48
48398 48
48399 48
48400 48
48401 48
48402 48
48403 48
48404 48
48405 48
48406 48
48407 48
48408 48
48409 48
48410 48
48411 48
48412 48
48413 48
48414 48
48415 48
48416 48
48417 48
48418 48
48419 48
48420 48
48421 48
48422 48
48423 48
48424 48
48425 48
48426 48
48427 48
48428 48
48429 48
48430 48
48431 48
48432 48
48433 48
48434 48
48435 48
48436 48
48437 48
48438 48
48439 48
48440 48
48441 48
48442 48
48443 48
48444 48
48445 48
48446 48
48447 48
48448 48
48449 48
48450 48
48451 48
48452 48
48453 48
48454 48
48455 48
48456 48
48457 48
48458 48
48459 48
48460 48
48461 48
48462 48
48463 48
48464 48
48465 48
48466 48
48467 48
48468 48
48469 48
48470 48
48471 48
48472 48
48473 48
48474 48
48475 48
48476 48
48477 48
48478 48
48479 48
48480 48
48481 48
48482 48
48483 48
48484 48
48485 48
48486 48
48487 48
48488 48
48489 48
48490 48
48491 48
48492 48
48493 48
48494 48
48495 48
48496 48
48497 48
48498 48
48499 48
48500 48
48501 48
48502 48
48503 48
48504 48
48505 48
48506 48
48507 48
48508 48
48509 48
48510 48
48511 48
48512 48
48513 48
48514 48
48515 48
48516 48
48517 48
48518 48
48519 48
48520 48
48521 48
48522 48
48523 48
48524 48
48525 48
48526 48
48527 48
48528 48
48529 48
48530 48
48531 48
48532 48
48533 48
48534 48
48535 48
48536 48
48537 48
48538 48
48539 48
48540 48
48541 48
48542 48
48543 48
48544 48
48545 48
48546 48
48547 48
48548 48
48549 48
48550 48
48551 48
48552 48
48553 48
48554 48
48555 48
48556 48
48557 48
48558 48
48559 48
48560 48
48561 48
48562 48
48563 48
48564 48
48565 48
48566 48
48567 48
48568 48
48569 48
48570 48
48571 48
48572 48
48573 48
48574 48
48575 48
48576 48
48577 48
48578 48
48579 48
48580 48
48581 48
48582 48
48583 48
48584 48
48585 48
48586 48
48587 48
48588 48
48589 48
48590 48
48591 48
48592 48
48593 48
48594 48
48595 48
48596 48
48597 48
48598 48
48599 48
48600 48
48601 48
48602 48
48603 48
48604 48
48605 48
48606 48
48607 48
48608 48
48609 48
48610 48
48611 48
48612 48
48613 48
48614 48
48615 48
48616 48
48617 48
48618 48
48619 48
48620 48
48621 48
48622 48
48623 48
48624 48
48625 48
48626 48
48627 48
48628 48
48629 48
48630 48
48631 48
48632 48
48633 48
48634 48
48635 48
48636 48
48637 48
48638 48
48639 48
48640 48
48641 48
48642 48
48643 48
48644 48
48645 48
48646 48
48647 48
48648 48
48649 48
48650 48
48651 48
48652 48
48653 48
48654 48
48655 48
48656 48
48657 48
48658 48
48659 48
48660 48
48661 48
48662 48
48663 48
48664 48
48665 48
48666 48
48667 48
48668 48
48669 48
48670 48
48671 48
48672 48
48673 48
48674 48
48675 48
48676 48
48677 48
48678 48
48679 48
48680 48
48681 48
48682 48
48683 48
48684 48
48685 48
48686 48
48687 48
48688 48
48689 48
48690 48
48691 48
48692 48
48693 48
48694 48
48695 48
48696 48
48697 48
48698 48
48699 48
48700 48
48701 48
48702 48
48703 48
48704 48
48705 48
48706 48
48707 48
48708 48
48709 48
48710 48
48711 48
48712 48
48713 48
48714 48
48715 48
48716 48
48717 48
48718 48
48719 48
48720 48
48721 48
48722 48
48723 48
48724 48
48725 48
48726 48
48727 48
48728 48
48729 48
48730 48
48731 48
48732 48
48733 48
48734 48
48735 48
48736 48
48737 48
48738 48
48739 48
48740 48
48741 48
48742 48
48743 48
48744 48
48745 48
48746 48
48747 48
48748 48
48749 48
48750 48
48751 48
48752 48
48753 48
48754 48
48755 48
48756 48
48757 48
48758 48
48759 48
48760 48
48761 48
48762 48
48763 48
48764 48
48765 48
48766 48
48767 48
48768 48
48769 48
48770 48
48771 48
48772 48
48773 48
48774 48
48775 48
48776 48
48777 48
48778 48
48779 48
48780 48
48781 48
48782 48
48783 48
48784 48
48785 48
48786 48
48787 48
48788 48
48789 48
48790 48
48791 48
48792 48
48793 48
48794 48
48795 48
48796 48
48797 48
48798 48
48799 48
48800 48
48801 48
48802 48
48803 48
48804 48
48805 48
48806 48
48807 48
48808 48
48809 48
48810 48
48811 48
48812 48
48813 48
48814 48
48815 48
48816 48
48817 48
48818 48
48819 48
48820 48
48821 48
48822 48
48823 48
48824 48
48825 48
48826 48
48827 48
48828 48
48829 48
48830 48
48831 48
48832 48
48833 48
48834 48
48835 48
48836 48
48837 48
48838 48
48839 48
48840 48
48841 48
48842 48
48843 48
48844 48
48845 48
48846 48
48847 48
48848 48
48849 48
48850 48
48851 48
48852 48
48853 48
48854 48
48855 48
48856 48
48857 48
48858 48
48859 48
48860 48
48861 48
48862 48
48863 48
48864 48
48865 48
48866 48
48867 48
48868 48
48869 48
48870 48
48871 48
48872 48
48873 48
48874 48
48875 48
48876 48
48877 48
48878 48
48879 48
48880 48
48881 48
48882 48
48883 48
48884 48
48885 48
48886 48
48887 48
48888 48
48889 48
48890 48
48891 48
48892 48
48893 48
48894 48
48895 48
48896 48
48897 48
48898 48
48899 48
48900 48
48901 48
48902 48
48903 48
48904 48
48905 48
48906 48
48907 48
48908 48
48909 48
48910 48
48911 48
48912 48
48913 48
48914 48
48915 48
48916 48
48917 48
48918 48
48919 48
48920 48
48921 48
48922 48
48923 48
48924 48
48925 48
48926 48
48927 48
48928 48
48929 48
48930 48
48931 48
48932 48
48933 48
48934 48
48935 48
48936 48
48937 48
48938 48
48939 48
48940 48
48941 48
48942 48
48943 48
48944 48
48945 48
48946 48
48947 48
48948 48
48949 48
48950 48
48951 48
48952 48
48953 48
48954 48
48955 48
48956 48
48957 48
48958 48
48959 48
48960 48
48961 48
48962 48
48963 48
48964 48
48965 48
48966 48
48967 48
48968 48
48969 48
48970 48
48971 48
48972 48
48973 48
48974 48
48975 48
48976 48
48977 48
48978 48
48979 48
48980 48
48981 48
48982 48
48983 48
48984 48
48985 48
48986 48
48987 48
48988 48
48989 48
48990 48
48991 48
48992 48
48993 48
48994 48
48995 48
48996 48
48997 48
48998 48
48999 48
49000 49
49001 49
49002 49
49003 49
49004 49
49005 49
49006 49
49007 49
49008 49
49009 49
49010 49
49011 49
49012 49
49013 49
49014 49
49015 49
49016 49
49017 49
49018 49
49019 49
49020 49
49021 49
49022 49
49023 49
49024 49
49025 49
49026 49
49027 49
49028 49
49029 49
49030 49
49031 49
49032 49
49033 49
49034 49
49035 49
49036 49
49037 49
49038 49
49039 49
49040 49
49041 49
49042 49
49043 49
49044 49
49045 49
49046 49
49047 49
49048 49
49049 49
49050 49
49051 49
49052 49
49053 49
49054 49
49055 49
49056 49
49057 49
49058 49
49059 49
49060 49
49061 49
49062 49
49063 49
49064 49
49065 49
49066 49
49067 49
49068 49
49069 49
49070 49
49071 49
49072 49
49073 49
49074 49
49075 49
49076 49
49077 49
49078 49
49079 49
49080 49
49081 49
49082 49
49083 49
49084 49
49085 49
49086 49
49087 49
49088 49
49089 49
49090 49
49091 49
49092 49
49093 49
49094 49
49095 49
49096 49
49097 49
49098 49
49099 49
49100 49
49101 49
49102 49
49103 49
49104 49
49105 49
49106 49
49107 49
49108 49
49109 49
49110 49
49111 49
49112 49
49113 49
49114 49
49115 49
49116 49
49117 49
49118 49
49119 49
49120 49
49121 49
49122 49
49123 49
49124 49
49125 49
49126 49
49127 49
49128 49
49129 49
49130 49
49131 49
49132 49
49133 49
49134 49
49135 49
49136 49
49137 49
49138 49
49139 49
49140 49
49141 49
49142 49
49143 49
49144 49
49145 49
49146 49
49147 49
49148 49
49149 49
49150 49
49151 49
49152 49
49153 49
49154 49
49155 49
49156 49
49157 49
49158 49
49159 49
49160 49
49161 49
49162 49
49163 49
49164 49
49165 49
49166 49
49167 49
49168 49
49169 49
49170 49
49171 49
49172 49
49173 49
49174 49
49175 49
49176 49
49177 49
49178 49
49179 49
49180 49
49181 49
49182 49
49183 49
49184 49
49185 49
49186 49
49187 49
49188 49
49189 49
49190 49
49191 49
49192 49
49193 49
49194 49
49195 49
49196 49
49197 49
49198 49
49199 49
49200 49
49201 49
49202 49
49203 49
49204 49
49205 49
49206 49
49207 49
49208 49
49209 49
49210 49
49211 49
49212 49
49213 49
49214 49
49215 49
49216 49
49217 49
49218 49
49219 49
49220 49
49221 49
49222 49
49223 49
49224 49
49225 49
49226 49
49227 49
49228 49
49229 49
49230 49
49231 49
49232 49
49233 49
49234 49
49235 49
49236 49
49237 49
49238 49
49239 49
49240 49
49241 49
49242 49
49243 49
49244 49
49245 49
49246 49
49247 49
49248 49
49249 49
49250 49
49251 49
49252 49
49253 49
49254 49
49255 49
49256 49
49257 49
49258 49
49259 49
49260 49
49261 49
49262 49
49263 49
49264 49
49265 49
49266 49
49267 49
49268 49
49269 49
49270 49
49271 49
49272 49
49273 49
49274 49
49275 49
49276 49
49277 49
49278 49
49279 49
49280 49
49281 49
49282 49
49283 49
49284 49
49285 49
49286 49
49287 49
49288 49
49289 49
49290 49
49291 49
49292 49
49293 49
49294 49
49295 49
49296 49
49297 49
49298 49
49299 49
49300 49
49301 49
49302 49
49303 49
49304 49
49305 49
49306 49
49307 49
49308 49
49309 49
49310 49
49311 49
49312 49
49313 49
49314 49
49315 49
49316 49
49317 49
49318 49
49319 49
49320 49
49321 49
49322 49
49323 49
49324 49
49325 49
49326 49
49327 49
49328 49
49329 49
49330 49
49331 49
49332 49
49333 49
49334 49
49335 49
49336 49
49337 49
49338 49
49339 49
49340 49
49341 49
49342 49
49343 49
49344 49
49345 49
49346 49
49347 49
49348 49
49349 49
49350 49
49351 49
49352 49
49353 49
49354 49
49355 49
49356 49
49357 49
49358 49
49359 49
49360 49
49361 49
49362 49
49363 49
49364 49
49365 49
49366 49
49367 49
49368 49
49369 49
49370 49
49371 49
49372 49
49373 49
49374 49
49375 49
49376 49
49377 49
49378 49
49379 49
49380 49
49381 49
49382 49
49383 49
49384 49
49385 49
49386 49
49387 49
49388 49
49389 49
49390 49
49391 49
49392 49
49393 49
49394 49
49395 49
49396 49
49397 49
49398 49
49399 49
49400 49
49401 49
49402 49
49403 49
49404 49
49405 49
49406 49
49407 49
49408 49
49409 49
49410 49
49411 49
49412 49
49413 49
49414 49
49415 49
49416 49
49417 49
49418 49
49419 49
49420 49
49421 49
49422 49
49423 49
49424 49
49425 49
49426 49
49427 49
49428 49
49429 49
49430 49
49431 49
49432 49
49433 49
49434 49
49435 49
49436 49
49437 49
49438 49
49439 49
49440 49
49441 49
49442 49
49443 49
49444 49
49445 49
49446 49
49447 49
49448 49
49449 49
49450 49
49451 49
49452 49
49453 49
49454 49
49455 49
49456 49
49457 49
49458 49
49459 49
49460 49
49461 49
49462 49
49463 49
49464 49
49465 49
49466 49
49467 49
49468 49
49469 49
49470 49
49471 49
49472 49
49473 49
49474 49
49475 49
49476 49
49477 49
49478 49
49479 49
49480 49
49481 49
49482 49
49483 49
49484 49
49485 49
49486 49
49487 49
49488 49
49489 49
49490 49
49491 49
49492 49
49493 49
49494 49
49495 49
49496 49
49497 49
49498 49
49499 49
49500 49
49501 49
49502 49
49503 49
49504 49
49505 49
49506 49
49507 49
49508 49
49509 49
49510 49
49511 49
49512 49
49513 49
49514 49
49515 49
49516 49
49517 49
49518 49
49519 49
49520 49
49521 49
49522 49
49523 49
49524 49
49525 49
49526 49
49527 49
49528 49
49529 49
49530 49
49531 49
49532 49
49533 49
49534 49
49535 49
49536 49
49537 49
49538 49
49539 49
49540 49
49541 49
49542 49
49543 49
49544 49
49545 49
49546 49
49547 49
49548 49
49549 49
49550 49
49551 49
49552 49
49553 49
49554 49
49555 49
49556 49
49557 49
49558 49
49559 49
49560 49
49561 49
49562 49
49563 49
49564 49
49565 49
49566 49
49567 49
49568 49
49569 49
49570 49
49571 49
49572 49
49573 49
49574 49
49575 49
49576 49
49577 49
49578 49
49579 49
49580 49
49581 49
49582 49
49583 49
49584 49
49585 49
49586 49
49587 49
49588 49
49589 49
49590 49
49591 49
49592 49
49593 49
49594 49
49595 49
49596 49
49597 49
49598 49
49599 49
49600 49
49601 49
49602 49
49603 49
49604 49
49605 49
49606 49
49607 49
49608 49
49609 49
49610 49
49611 49
49612 49
49613 49
49614 49
49615 49
49616 49
49617 49
49618 49
49619 49
49620 49
49621 49
49622 49
49623 49
49624 49
49625 49
49626 49
49627 49
49628 49
49629 49
49630 49
49631 49
49632 49
49633 49
49634 49
49635 49
49636 49
49637 49
49638 49
49639 49
49640 49
49641 49
49642 49
49643 49
49644 49
49645 49
49646 49
49647 49
49648 49
49649 49
49650 49
49651 49
49652 49
49653 49
49654 49
49655 49
49656 49
49657 49
49658 49
49659 49
49660 49
49661 49
49662 49
49663 49
49664 49
49665 49
49666 49
49667 49
49668 49
49669 49
49670 49
49671 49
49672 49
49673 49
49674 49
49675 49
49676 49
49677 49
49678 49
49679 49
49680 49
49681 49
49682 49
49683 49
49684 49
49685 49
49686 49
49687 49
49688 49
49689 49
49690 49
49691 49
49692 49
49693 49
49694 49
49695 49
49696 49
49697 49
49698 49
49699 49
49700 49
49701 49
49702 49
49703 49
49704 49
49705 49
49706 49
49707 49
49708 49
49709 49
49710 49
49711 49
49712 49
49713 49
49714 49
49715 49
49716 49
49717 49
49718 49
49719 49
49720 49
49721 49
49722 49
49723 49
49724 49
49725 49
49726 49
49727 49
49728 49
49729 49
49730 49
49731 49
49732 49
49733 49
49734 49
49735 49
49736 49
49737 49
49738 49
49739 49
49740 49
49741 49
49742 49
49743 49
49744 49
49745 49
49746 49
49747 49
49748 49
49749 49
49750 49
49751 49
49752 49
49753 49
49754 49
49755 49
49756 49
49757 49
49758 49
49759 49
49760 49
49761 49
49762 49
49763 49
49764 49
49765 49
49766 49
49767 49
49768 49
49769 49
49770 49
49771 49
49772 49
49773 49
49774 49
49775 49
49776 49
49777 49
49778 49
49779 49
49780 49
49781 49
49782 49
49783 49
49784 49
49785 49
49786 49
49787 49
49788 49
49789 49
49790 49
49791 49
49792 49
49793 49
49794 49
49795 49
49796 49
49797 49
49798 49
49799 49
49800 49
49801 49
49802 49
49803 49
49804 49
49805 49
49806 49
49807 49
49808 49
49809 49
49810 49
49811 49
49812 49
49813 49
49814 49
49815 49
49816 49
49817 49
49818 49
49819 49
49820 49
49821 49
49822 49
49823 49
49824 49
49825 49
49826 49
49827 49
49828 49
49829 49
49830 49
49831 49
49832 49
49833 49
49834 49
49835 49
49836 49
49837 49
49838 49
49839 49
49840 49
49841 49
49842 49
49843 49
49844 49
49845 49
49846 49
49847 49
49848 49
49849 49
49850 49
49851 49
49852 49
49853 49
49854 49
49855 49
49856 49
49857 49
49858 49
49859 49
49860 49
49861 49
49862 49
49863 49
49864 49
49865 49
49866 49
49867 49
49868 49
49869 49
49870 49
49871 49
49872 49
49873 49
49874 49
49875 49
49876 49
49877 49
49878 49
49879 49
49880 49
49881 49
49882 49
49883 49
49884 49
49885 49
49886 49
49887 49
49888 49
49889 49
49890 49
49891 49
49892 49
49893 49
49894 49
49895 49
49896 49
49897 49
49898 49
49899 49
49900 49
49901 49
49902 49
49903 49
49904 49
49905 49
49906 49
49907 49
49908 49
49909 49
49910 49
49911 49
49912 49
49913 49
49914 49
49915 49
49916 49
49917 49
49918 49
49919 49
49920 49
49921 49
49922 49
49923 49
49924 49
49925 49
49926 49
49927 49
49928 49
49929 49
49930 49
49931 49
49932 49
49933 49
49934 49
49935 49
49936 49
49937 49
49938 49
49939 49
49940 49
49941 49
49942 49
49943 49
49944 49
49945 49
49946 49
49947 49
49948 49
49949 49
49950 49
49951 49
49952 49
49953 49
49954 49
49955 49
49956 49
49957 49
49958 49
49959 49
49960 49
49961 49
49962 49
49963 49
49964 49
49965 49
49966 49
49967 49
49968 49
49969 49
49970 49
49971 49
49972 49
49973 49
49974 49
49975 49
49976 49
49977 49
49978 49
49979 49
49980 49
49981 49
49982 49
49983 49
49984 49
49985 49
49986 49
49987 49
49988 49
49989 49
49990 49
49991 49
49992 49
49993 49
49994 49
49995 49
49996 49
49997 49
49998 49
49999 49
Execution time: 32.0795 ms
