Algorithm: SSSP
Source: 0

Vertex Distance
0 0
1 20
2 30
3 48
4 53
5 60
6 71
7 74
8 72
9 67
10 72
11 62
12 64
13 72
14 55
15 60
16 63
17 69
18 70
19 71
20 68
21 67
22 75
23 72
24 61
25 54
26 60
27 71
28 67
29 66
30 72
31 73
32 63
33 72
34 73
35 57
36 60
37 73
38 59
39 50
40 53
41 58
42 62
43 70
44 71
45 73
46 78
47 62
48 58
49 49
50 53
51 64
52 69
53 66
54 68
55 79
56 80
57 70
58 79
59 82
60 74
61 67
62 59
63 71
64 72
65 66
66 79
67 78
68 73
69 78
70 76
71 72
72 67
73 77
74 63
75 71
76 71
77 71
78 73
79 86
80 75
81 69
82 67
83 66
84 69
85 73
86 69
87 60
88 59
89 65
90 69
91 63
92 68
93 68
94 80
95 80
96 69
97 61
98 61
99 67
100 72
101 82
102 70
103 67
104 72
105 76
106 81
107 78
108 66
109 61
110 67
111 70
112 72
113 71
114 66
115 75
116 65
117 78
118 86
119 90
120 82
121 72
122 67
123 64
124 73
125 79
126 78
127 74
128 73
129 74
130 79
131 70
132 77
133 74
134 65
135 79
136 65
137 62
138 63
139 60
140 55
141 61
142 67
143 70
144 71
145 66
146 58
147 62
148 73
149 62
150 71
151 65
152 69
153 78
154 76
155 72
156 70
157 68
158 64
159 66
160 71
161 79
162 72
163 66
164 70
165 63
166 68
167 74
168 64
169 67
170 72
171 63
172 63
173 64
174 64
175 67
176 59
177 73
178 73
179 72
180 69
181 67
182 71
183 68
184 73
185 71
186 70
187 69
188 78
189 75
190 75
191 67
192 75
193 70
194 67
195 76
196 70
197 66
198 59
199 79
200 73
201 57
202 70
203 67
204 67
205 66
206 59
207 66
208 67
209 73
210 71
211 66
212 62
213 61
214 60
215 68
216 74
217 68
218 81
219 73
220 67
221 73
222 63
223 71
224 74
225 67
226 72
227 66
228 68
229 75
230 78
231 73
232 74
233 69
234 63
235 56
236 54
237 69
238 71
239 55
240 49
241 64
242 69
243 69
244 70
245 72
246 57
247 60
248 62
249 67
250 74
251 72
252 76
253 81
254 74
255 69
256 79
257 69
258 68
259 72
260 74
261 79
262 75
263 65
264 71
265 73
266 72
267 74
268 77
269 76
270 93
271 74
272 71
273 63
274 57
275 58
276 72
277 73
278 63
279 59
280 60
281 68
282 65
283 66
284 71
285 72
286 68
287 86
288 81
289 87
290 80
291 86
292 70
293 81
294 70
295 69
296 74
297 84
298 73
299 78
300 73
301 77
302 73
303 68
304 71
305 69
306 78
307 67
308 58
309 61
310 68
311 67
312 67
313 71
314 68
315 74
316 79
317 72
318 75
319 76
320 70
321 75
322 72
323 60
324 59
325 63
326 69
327 74
328 84
329 72
330 64
331 84
332 69
333 70
334 66
335 67
336 77
337 62
338 47
339 46
340 62
341 59
342 56
343 73
344 71
345 57
346 65
347 70
348 67
349 68
350 75
351 71
352 61
353 68
354 73
355 76
356 75
357 78
358 63
359 67
360 72
361 67
362 68
363 69
364 68
365 72
366 55
367 66
368 66
369 60
370 51
371 54
372 60
373 73
374 65
375 61
376 58
377 64
378 71
379 74
380 73
381 72
382 83
383 74
384 64
385 65
386 70
387 73
388 63
389 66
390 57
391 70
392 79
393 81
394 75
395 82
396 75
397 68
398 65
399 83
400 72
401 64
402 70
403 73
404 75
405 76
406 64
407 72
408 66
409 62
410 69
411 82
412 80
413 73
414 67
415 65
416 67
417 80
418 76
419 76
420 64
421 71
422 72
423 57
424 58
425 67
426 65
427 69
428 65
429 66
430 72
431 68
432 79
433 74
434 69
435 65
436 69
437 65
438 63
439 65
440 67
441 70
442 58
443 57
444 72
445 67
446 61
447 72
448 75
449 74
450 73
451 68
452 61
453 67
454 71
455 60
456 64
457 64
458 68
459 86
460 81
461 70
462 70
463 64
464 57
465 74
466 73
467 72
468 70
469 58
470 68
471 63
472 77
473 77
474 81
475 82
476 66
477 68
478 71
479 82
480 75
481 77
482 81
483 64
484 66
485 70
486 67
487 74
488 68
489 79
490 68
491 71
492 61
493 70
494 72
495 64
496 65
497 69
498 71
499 74
500 70
501 69
502 77
503 76
504 72
505 71
506 67
507 67
508 76
509 73
510 70
511 69
512 70
513 65
514 76
515 80
516 69
517 77
518 72
519 71
520 78
521 65
522 75
523 66
524 72
525 80
526 77
527 61
528 67
529 82
530 78
531 75
532 68
533 77
534 76
535 74
536 79
537 78
538 74
539 77
540 76
541 76
542 81
543 62
544 64
545 65
546 64
547 57
548 53
549 52
550 48
551 44
552 50
553 57
554 68
555 74
556 67
557 69
558 70
559 72
560 62
561 70
562 72
563 76
564 69
565 66
566 72
567 58
568 55
569 63
570 72
571 73
572 71
573 51
574 67
575 72
576 78
577 79
578 78
579 83
580 68
581 68
582 66
583 79
584 79
585 78
586 75
587 75
588 79
589 73
590 65
591 80
592 75
593 73
594 67
595 76
596 67
597 64
598 52
599 51
600 52
601 48
602 39
603 48
604 66
605 51
606 64
607 72
608 66
609 59
610 47
611 57
612 63
613 55
614 51
615 59
616 72
617 74
618 64
619 60
620 63
621 66
622 69
623 61
624 68
625 78
626 67
627 58
628 56
629 68
630 70
631 85
632 76
633 75
634 77
635 78
636 79
637 68
638 66
639 69
640 62
641 76
642 65
643 70
644 76
645 74
646 73
647 75
648 57
649 67
650 67
651 69
652 60
653 66
654 72
655 65
656 64
657 66
658 58
659 73
660 69
661 55
662 63
663 64
664 61
665 55
666 70
667 71
668 55
669 60
670 63
671 71
672 78
673 65
674 71
675 73
676 75
677 72
678 75
679 75
680 70
681 66
682 76
683 58
684 59
685 60
686 64
687 73
688 75
689 70
690 76
691 82
692 71
693 83
694 68
695 72
696 70
697 60
698 74
699 76
700 65
701 67
702 68
703 63
704 69
705 67
706 81
707 84
708 65
709 60
710 74
711 75
712 74
713 70
714 77
715 75
716 78
717 84
718 71
719 66
720 61
721 64
722 62
723 65
724 66
725 70
726 76
727 74
728 71
729 67
730 66
731 60
732 69
733 52
734 46
735 40
736 48
737 54
738 66
739 67
740 62
741 76
742 75
743 71
744 70
745 76
746 71
747 73
748 73
749 56
750 62
751 72
752 76
753 69
754 70
755 77
756 78
757 74
758 72
759 82
760 75
761 74
762 79
763 73
764 80
765 79
766 76
767 80
768 82
769 76
770 73
771 79
772 77
773 66
774 83
775 69
776 78
777 73
778 69
779 59
780 63
781 69
782 71
783 73
784 66
785 67
786 59
787 57
788 63
789 63
790 71
791 69
792 68
793 66
794 77
795 76
796 67
797 73
798 68
799 77
800 71
801 71
802 70
803 70
804 71
805 78
806 67
807 65
808 67
809 70
810 75
811 67
812 68
813 71
814 76
815 64
816 67
817 75
818 70
819 71
820 75
821 77
822 75
823 75
824 69
825 54
826 74
827 70
828 71
829 86
830 75
831 71
832 67
833 73
834 68
835 68
836 75
837 72
838 76
839 65
840 70
841 82
842 75
843 67
844 76
845 64
846 66
847 61
848 67
849 68
850 66
851 83
852 79
853 62
854 70
855 64
856 69
857 64
858 57
859 66
860 76
861 82
862 74
863 70
864 74
865 69
866 66
867 78
868 81
869 65
870 68
871 70
872 76
873 92
874 75
875 59
876 67
877 63
878 77
879 88
880 79
881 75
882 67
883 71
884 55
885 60
886 70
887 68
888 70
889 82
890 70
891 72
892 73
893 80
894 84
895 74
896 68
897 60
898 58
899 58
900 54
901 53
902 63
903 71
904 63
905 63
906 60
907 69
908 78
909 78
910 68
911 77
912 74
913 80
914 73
915 65
916 71
917 72
918 71
919 79
920 82
921 62
922 64
923 66
924 68
925 76
926 69
927 66
928 63
929 73
930 71
931 72
932 72
933 57
934 59
935 60
936 58
937 66
938 69
939 77
940 78
941 73
942 74
943 62
944 58
945 60
946 67
947 62
948 71
949 73
950 67
951 54
952 57
953 62
954 69
955 70
956 74
957 72
958 54
959 56
960 51
961 52
962 67
963 76
964 71
965 77
966 77
967 70
968 65
969 65
970 74
971 73
972 74
973 67
974 64
975 64
976 68
977 70
978 73
979 67
980 69
981 85
982 78
983 61
984 74
985 66
986 67
987 65
988 71
989 72
990 83
991 72
992 83
993 65
994 50
995 59
996 61
997 74
998 65
999 53
1000 72
1001 69
1002 60
1003 66
1004 78
1005 75
1006 77
1007 66
1008 74
1009 73
1010 69
1011 68
1012 65
1013 54
1014 74
1015 65
1016 68
1017 68
1018 65
1019 72
1020 67
1021 71
1022 76
1023 64
1024 67
1025 54
1026 58
1027 73
1028 74
1029 73
1030 70
1031 71
1032 66
1033 77
1034 75
1035 76
1036 74
1037 70
1038 68
1039 64
1040 65
1041 66
1042 71
1043 77
1044 63
1045 67
1046 68
1047 70
1048 59
1049 58
1050 61
1051 72
1052 69
1053 67
1054 79
1055 90
1056 74
1057 74
1058 73
1059 62
1060 59
1061 69
1062 73
1063 70
1064 65
1065 66
1066 75
1067 73
1068 64
1069 73
1070 66
1071 74
1072 69
1073 76
1074 65
1075 70
1076 71
1077 81
1078 78
1079 84
1080 78
1081 65
1082 77
1083 71
1084 70
1085 73
1086 75
1087 86
1088 78
1089 65
1090 63
1091 71
1092 66
1093 72
1094 70
1095 68
1096 66
1097 78
1098 75
1099 79
1100 70
1101 63
1102 71
1103 74
1104 76
1105 74
1106 64
1107 57
1108 67
1109 62
1110 80
1111 83
1112 70
1113 74
1114 57
1115 64
1116 70
1117 63
1118 58
1119 56
1120 60
1121 70
1122 64
1123 71
1124 82
1125 66
1126 65
1127 61
1128 63
1129 64
1130 69
1131 74
1132 78
1133 82
1134 78
1135 66
1136 72
1137 73
1138 70
1139 69
1140 68
1141 76
1142 71
1143 81
1144 71
1145 68
1146 72
1147 69
1148 68
1149 67
1150 72
1151 69
1152 71
1153 63
1154 62
1155 74
1156 74
1157 76
1158 77
1159 70
1160 69
1161 59
1162 78
1163 66
1164 64
1165 56
1166 66
1167 69
1168 64
1169 67
1170 71
1171 68
1172 75
1173 74
1174 68
1175 64
1176 73
1177 77
1178 81
1179 68
1180 74
1181 71
1182 67
1183 69
1184 68
1185 81
1186 86
1187 72
1188 70
1189 59
1190 74
1191 61
1192 73
1193 76
1194 80
1195 84
1196 83
1197 77
1198 72
1199 70
1200 74
1201 81
1202 69
1203 68
1204 67
1205 77
1206 81
1207 76
1208 64
1209 57
1210 54
1211 50
1212 48
1213 44
1214 54
1215 62
1216 70
1217 54
1218 66
1219 72
1220 65
1221 66
1222 77
1223 84
1224 68
1225 71
1226 67
1227 67
1228 78
1229 77
1230 59
1231 54
1232 43
1233 45
1234 51
1235 52
1236 61
1237 68
1238 72
1239 80
1240 76
1241 79
1242 81
1243 81
1244 77
1245 80
1246 70
1247 68
1248 76
1249 70
1250 67
1251 73
1252 73
1253 63
1254 75
1255 72
1256 71
1257 70
1258 60
1259 68
1260 70
1261 76
1262 75
1263 67
1264 63
1265 64
1266 75
1267 74
1268 64
1269 66
1270 64
1271 63
1272 65
1273 68
1274 66
1275 68
1276 48
1277 50
1278 54
1279 63
1280 74
1281 67
1282 75
1283 70
1284 59
1285 64
1286 70
1287 73
1288 78
1289 81
1290 87
1291 81
1292 77
1293 71
1294 68
1295 67
1296 62
1297 63
1298 59
1299 58
1300 61
1301 67
1302 66
1303 67
1304 70
1305 70
1306 64
1307 68
1308 77
1309 71
1310 70
1311 66
1312 71
1313 75
1314 71
1315 76
1316 61
1317 70
1318 74
1319 69
1320 69
1321 67
1322 66
1323 71
1324 90
1325 86
1326 75
1327 83
1328 68
1329 73
1330 74
1331 74
1332 72
1333 69
1334 74
1335 78
1336 87
1337 80
1338 78
1339 70
1340 61
1341 67
1342 66
1343 64
1344 72
1345 68
1346 67
1347 60
1348 67
1349 77
1350 66
1351 67
1352 63
1353 74
1354 72
1355 67
1356 71
1357 74
1358 65
1359 75
1360 76
1361 70
1362 66
1363 65
1364 70
1365 74
1366 66
1367 69
1368 63
1369 65
1370 60
1371 69
1372 53
1373 46
1374 51
1375 71
1376 74
1377 77
1378 61
1379 62
1380 67
1381 67
1382 66
1383 74
1384 78
1385 69
1386 60
1387 63
1388 62
1389 77
1390 78
1391 80
1392 65
1393 53
1394 51
1395 67
1396 62
1397 76
1398 85
1399 79
1400 73
1401 72
1402 73
1403 68
1404 59
1405 65
1406 71
1407 70
1408 69
1409 75
1410 67
1411 65
1412 73
1413 81
1414 94
1415 77
1416 73
1417 67
1418 69
1419 63
1420 66
1421 69
1422 73
1423 69
1424 76
1425 72
1426 76
1427 71
1428 54
1429 64
1430 71
1431 66
1432 66
1433 73
1434 72
1435 73
1436 70
1437 79
1438 71
1439 66
1440 63
1441 68
1442 74
1443 72
1444 73
1445 72
1446 69
1447 64
1448 55
1449 59
1450 68
1451 75
1452 73
1453 65
1454 70
1455 60
1456 53
1457 57
1458 55
1459 68
1460 76
1461 70
1462 67
1463 75
1464 70
1465 69
1466 70
1467 67
1468 64
1469 57
1470 48
1471 56
1472 68
1473 74
1474 74
1475 64
1476 73
1477 77
1478 75
1479 61
1480 60
1481 64
1482 76
1483 71
1484 73
1485 75
1486 77
1487 68
1488 65
1489 70
1490 68
1491 62
1492 77
1493 69
1494 63
1495 78
1496 70
1497 67
1498 63
1499 72
1500 67
1501 73
1502 72
1503 61
1504 67
1505 74
1506 71
1507 66
1508 78
1509 66
1510 63
1511 62
1512 59
1513 74
1514 74
1515 74
1516 70
1517 63
1518 62
1519 61
1520 71
1521 64
1522 61
1523 64
1524 71
1525 69
1526 73
1527 80
1528 73
1529 70
1530 69
1531 62
1532 63
1533 66
1534 57
1535 67
1536 74
1537 57
1538 55
1539 47
1540 44
1541 47
1542 62
1543 70
1544 76
1545 69
1546 73
1547 71
1548 87
1549 78
1550 69
1551 61
1552 67
1553 68
1554 71
1555 61
1556 76
1557 65
1558 60
1559 74
1560 71
1561 67
1562 68
1563 54
1564 68
1565 82
1566 77
1567 58
1568 57
1569 70
1570 82
1571 78
1572 66
1573 66
1574 71
1575 66
1576 70
1577 65
1578 55
1579 61
1580 68
1581 68
1582 66
1583 65
1584 65
1585 52
1586 56
1587 58
1588 64
1589 66
1590 71
1591 84
1592 94
1593 91
1594 76
1595 67
1596 57
1597 60
1598 50
1599 68
1600 73
1601 75
1602 70
1603 67
1604 75
1605 74
1606 61
1607 75
1608 74
1609 58
1610 63
1611 71
1612 73
1613 68
1614 75
1615 64
1616 63
1617 67
1618 60
1619 76
1620 60
1621 48
1622 37
1623 51
1624 59
1625 66
1626 79
1627 86
1628 68
1629 65
1630 80
1631 84
1632 86
1633 80
1634 70
1635 66
1636 65
1637 55
1638 62
1639 79
1640 71
1641 65
1642 61
1643 74
1644 71
1645 72
1646 77
1647 68
1648 74
1649 77
1650 61
1651 67
1652 80
1653 74
1654 72
1655 80
1656 85
1657 72
1658 68
1659 56
1660 55
1661 67
1662 70
1663 62
1664 71
1665 76
1666 68
1667 68
1668 66
1669 59
1670 54
1671 49
1672 55
1673 62
1674 68
1675 77
1676 67
1677 56
1678 66
1679 71
1680 74
1681 65
1682 64
1683 71
1684 82
1685 77
1686 69
1687 71
1688 66
1689 73
1690 69
1691 72
1692 67
1693 68
1694 69
1695 79
1696 69
1697 71
1698 82
1699 83
1700 70
1701 66
1702 51
1703 65
1704 63
1705 50
1706 51
1707 54
1708 62
1709 67
1710 66
1711 62
1712 59
1713 64
1714 70
1715 74
1716 80
1717 66
1718 63
1719 69
1720 82
1721 79
1722 65
1723 58
1724 66
1725 69
1726 69
1727 72
1728 73
1729 64
1730 72
1731 79
1732 83
1733 78
1734 70
1735 61
1736 66
1737 70
1738 71
1739 83
1740 71
1741 69
1742 66
1743 63
1744 66
1745 77
1746 78
1747 65
1748 66
1749 71
1750 76
1751 84
1752 81
1753 78
1754 78
1755 84
1756 64
1757 61
1758 67
1759 70
1760 84
1761 64
1762 70
1763 59
1764 53
1765 56
1766 60
1767 65
1768 68
1769 66
1770 70
1771 65
1772 64
1773 68
1774 67
1775 61
1776 60
1777 66
1778 72
1779 75
1780 71
1781 77
1782 66
1783 74
1784 55
1785 70
1786 75
1787 57
1788 66
1789 59
1790 62
1791 66
1792 60
1793 72
1794 70
1795 72
1796 78
1797 82
1798 79
1799 62
1800 69
1801 60
1802 71
1803 70
1804 62
1805 74
1806 80
1807 76
1808 84
1809 82
1810 78
1811 69
1812 67
1813 71
1814 75
1815 68
1816 72
1817 68
1818 64
1819 61
1820 70
1821 72
1822 75
1823 63
1824 71
1825 81
1826 84
1827 65
1828 62
1829 80
1830 77
1831 73
1832 79
1833 73
1834 74
1835 76
1836 70
1837 64
1838 65
1839 61
1840 60
1841 79
1842 83
1843 78
1844 75
1845 68
1846 81
1847 67
1848 70
1849 69
1850 49
1851 67
1852 73
1853 70
1854 71
1855 68
1856 80
1857 85
1858 74
1859 65
1860 62
1861 69
1862 70
1863 75
1864 62
1865 74
1866 80
1867 74
1868 67
1869 60
1870 72
1871 63
1872 76
1873 75
1874 75
1875 71
1876 70
1877 84
1878 66
1879 72
1880 57
1881 71
1882 81
1883 84
1884 77
1885 80
1886 70
1887 68
1888 59
1889 74
1890 67
1891 85
1892 90
1893 73
1894 63
1895 64
1896 69
1897 79
1898 62
1899 66
1900 79
1901 79
1902 76
1903 68
1904 73
1905 64
1906 66
1907 72
1908 74
1909 75
1910 62
1911 65
1912 67
1913 62
1914 66
1915 68
1916 71
1917 77
1918 65
1919 77
1920 82
1921 74
1922 71
1923 71
1924 77
1925 76
1926 59
1927 58
1928 65
1929 67
1930 72
1931 68
1932 59
1933 45
1934 48
1935 53
1936 64
1937 65
1938 70
1939 73
1940 58
1941 60
1942 58
1943 74
1944 75
1945 71
1946 57
1947 66
1948 78
1949 70
1950 66
1951 67
1952 75
1953 82
1954 69
1955 67
1956 60
1957 61
1958 52
1959 62
1960 72
1961 71
1962 62
1963 63
1964 60
1965 65
1966 64
1967 61
1968 69
1969 72
1970 63
1971 72
1972 69
1973 66
1974 60
1975 56
1976 67
1977 66
1978 46
1979 57
1980 51
1981 64
1982 68
1983 68
1984 71
1985 73
1986 68
1987 75
1988 71
1989 72
1990 55
1991 66
1992 71
1993 73
1994 65
1995 51
1996 65
1997 69
1998 78
1999 70
2000 68
2001 66
2002 68
2003 77
2004 74
2005 69
2006 76
2007 83
2008 63
2009 67
2010 80
2011 78
2012 75
2013 65
2014 61
2015 67
2016 68
2017 70
2018 66
2019 71
2020 59
2021 71
2022 78
2023 77
2024 74
2025 71
2026 69
2027 64
2028 64
2029 63
2030 75
2031 73
2032 62
2033 55
2034 68
2035 75
2036 72
2037 65
2038 68
2039 72
2040 72
2041 76
2042 72
2043 77
2044 62
2045 76
2046 80
2047 83
2048 64
2049 76
2050 75
2051 68
2052 75
2053 70
2054 75
2055 66
2056 67
2057 71
2058 67
2059 75
2060 61
2061 65
2062 66
2063 72
2064 66
2065 76
2066 76
2067 72
2068 58
2069 58
2070 69
2071 77
2072 81
2073 67
2074 69
2075 71
2076 68
2077 67
2078 65
2079 64
2080 74
2081 73
2082 78
2083 72
2084 54
2085 68
2086 68
2087 65
2088 68
2089 65
2090 60
2091 67
2092 66
2093 65
2094 80
2095 74
2096 78
2097 73
2098 66
2099 69
2100 82
2101 74
2102 65
2103 83
2104 76
2105 72
2106 68
2107 66
2108 55
2109 66
2110 67
2111 71
2112 66
2113 70
2114 72
2115 67
2116 77
2117 61
2118 62
2119 73
2120 77
2121 79
2122 74
2123 72
2124 66
2125 68
2126 74
2127 66
2128 66
2129 64
2130 71
2131 63
2132 73
2133 70
2134 64
2135 75
2136 77
2137 60
2138 61
2139 58
2140 64
2141 66
2142 76
2143 66
2144 68
2145 69
2146 78
2147 66
2148 76
2149 82
2150 79
2151 65
2152 54
2153 58
2154 70
2155 62
2156 64
2157 65
2158 75
2159 69
2160 63
2161 61
2162 51
2163 64
2164 71
2165 61
2166 58
2167 65
2168 66
2169 61
2170 59
2171 63
2172 75
2173 69
2174 70
2175 68
2176 49
2177 65
2178 67
2179 68
2180 75
2181 79
2182 69
2183 51
2184 60
2185 57
2186 77
2187 75
2188 74
2189 73
2190 69
2191 51
2192 49
2193 64
2194 71
2195 68
2196 74
2197 61
2198 68
2199 67
2200 74
2201 67
2202 62
2203 67
2204 71
2205 65
2206 62
2207 63
2208 76
2209 80
2210 69
2211 63
2212 75
2213 73
2214 72
2215 56
2216 66
2217 63
2218 60
2219 68
2220 67
2221 64
2222 70
2223 66
2224 69
2225 80
2226 70
2227 57
2228 56
2229 67
2230 62
2231 65
2232 57
2233 59
2234 66
2235 65
2236 66
2237 75
2238 72
2239 75
2240 70
2241 82
2242 80
2243 68
2244 62
2245 67
2246 60
2247 68
2248 70
2249 70
2250 75
2251 66
2252 59
2253 56
2254 61
2255 63
2256 65
2257 63
2258 67
2259 66
2260 63
2261 58
2262 60
2263 80
2264 76
2265 71
2266 70
2267 54
2268 57
2269 75
2270 65
2271 64
2272 74
2273 69
2274 80
2275 64
2276 75
2277 87
2278 82
2279 68
2280 70
2281 73
2282 80
2283 74
2284 72
2285 66
2286 62
2287 70
2288 69
2289 85
2290 71
2291 63
2292 63
2293 65
2294 69
2295 66
2296 65
2297 70
2298 64
2299 66
2300 70
2301 79
2302 64
2303 56
2304 57
2305 68
2306 73
2307 78
2308 71
2309 67
2310 62
2311 63
2312 73
2313 66
2314 76
2315 74
2316 73
2317 70
2318 76
2319 75
2320 68
2321 70
2322 72
2323 65
2324 65
2325 70
2326 72
2327 66
2328 67
2329 78
2330 72
2331 63
2332 70
2333 60
2334 54
2335 59
2336 59
2337 48
2338 63
2339 65
2340 75
2341 72
2342 69
2343 69
2344 59
2345 66
2346 72
2347 63
2348 63
2349 83
2350 70
2351 82
2352 68
2353 64
2354 66
2355 78
2356 64
2357 70
2358 67
2359 68
2360 65
2361 59
2362 54
2363 66
2364 71
2365 66
2366 65
2367 73
2368 73
2369 74
2370 69
2371 72
2372 68
2373 58
2374 67
2375 69
2376 76
2377 67
2378 70
2379 72
2380 62
2381 61
2382 65
2383 73
2384 77
2385 65
2386 69
2387 66
2388 67
2389 77
2390 69
2391 66
2392 72
2393 71
2394 71
2395 69
2396 86
2397 85
2398 79
2399 73
2400 65
2401 71
2402 74
2403 78
2404 63
2405 72
2406 58
2407 57
2408 63
2409 58
2410 59
2411 73
2412 78
2413 62
2414 67
2415 59
2416 53
2417 61
2418 65
2419 71
2420 76
2421 82
2422 68
2423 68
2424 69
2425 74
2426 75
2427 69
2428 57
2429 55
2430 71
2431 74
2432 62
2433 62
2434 53
2435 52
2436 49
2437 54
2438 60
2439 65
2440 69
2441 76
2442 69
2443 61
2444 68
2445 59
2446 63
2447 60
2448 64
2449 69
2450 73
2451 60
2452 63
2453 66
2454 56
2455 57
2456 68
2457 56
2458 68
2459 69
2460 68
2461 62
2462 76
2463 69
2464 72
2465 71
2466 72
2467 67
2468 70
2469 56
2470 65
2471 66
2472 71
2473 67
2474 86
2475 87
2476 76
2477 68
2478 69
2479 74
2480 71
2481 67
2482 65
2483 56
2484 61
2485 70
2486 73
2487 63
2488 70
2489 72
2490 90
2491 81
2492 67
2493 54
2494 58
2495 72
2496 66
2497 73
2498 74
2499 76
2500 80
2501 70
2502 62
2503 60
2504 68
2505 81
2506 61
2507 63
2508 64
2509 63
2510 66
2511 58
2512 70
2513 73
2514 69
2515 78
2516 59
2517 65
2518 72
2519 56
2520 65
2521 64
2522 58
2523 63
2524 61
2525 66
2526 75
2527 71
2528 69
2529 81
2530 69
2531 54
2532 53
2533 67
2534 68
2535 72
2536 80
2537 60
2538 55
2539 68
2540 72
2541 69
2542 74
2543 61
2544 75
2545 71
2546 76
2547 69
2548 72
2549 55
2550 54
2551 58
2552 67
2553 64
2554 72
2555 70
2556 67
2557 70
2558 68
2559 65
2560 68
2561 64
2562 69
2563 75
2564 69
2565 63
2566 66
2567 75
2568 70
2569 75
2570 77
2571 73
2572 67
2573 64
2574 74
2575 68
2576 69
2577 73
2578 61
2579 66
2580 66
2581 68
2582 68
2583 69
2584 77
2585 72
2586 69
2587 58
2588 51
2589 59
2590 68
2591 69
2592 68
2593 71
2594 62
2595 64
2596 61
2597 59
2598 70
2599 74
2600 83
2601 85
2602 75
2603 74
2604 69
2605 66
2606 73
2607 66
2608 65
2609 55
2610 57
2611 65
2612 63
2613 67
2614 66
2615 76
2616 65
2617 72
2618 65
2619 68
2620 69
2621 77
2622 74
2623 71
2624 70
2625 70
2626 77
2627 71
2628 59
2629 58
2630 55
2631 54
2632 65
2633 62
2634 62
2635 77
2636 76
2637 58
2638 72
2639 73
2640 67
2641 64
2642 71
2643 65
2644 59
2645 71
2646 77
2647 69
2648 66
2649 70
2650 76
2651 67
2652 77
2653 66
2654 63
2655 65
2656 77
2657 80
2658 73
2659 68
2660 67
2661 75
2662 64
2663 53
2664 64
2665 57
2666 59
2667 63
2668 67
2669 70
2670 61
2671 58
2672 59
2673 57
2674 59
2675 62
2676 66
2677 67
2678 87
2679 72
2680 65
2681 68
2682 75
2683 77
2684 75
2685 72
2686 78
2687 63
2688 74
2689 71
2690 76
2691 67
2692 71
2693 65
2694 69
2695 73
2696 80
2697 77
2698 77
2699 65
2700 71
2701 69
2702 70
2703 67
2704 63
2705 69
2706 83
2707 71
2708 82
2709 79
2710 72
2711 69
2712 54
2713 69
2714 66
2715 68
2716 73
2717 71
2718 69
2719 70
2720 65
2721 76
2722 79
2723 79
2724 60
2725 79
2726 68
2727 53
2728 58
2729 72
2730 75
2731 68
2732 85
2733 77
2734 89
2735 72
2736 60
2737 69
2738 64
2739 60
2740 79
2741 75
2742 83
2743 71
2744 66
2745 74
2746 74
2747 68
2748 72
2749 77
2750 74
2751 72
2752 63
2753 74
2754 79
2755 66
2756 68
2757 74
2758 74
2759 64
2760 69
2761 54
2762 63
2763 67
2764 82
2765 68
2766 72
2767 87
2768 81
2769 74
2770 72
2771 77
2772 74
2773 73
2774 63
2775 63
2776 67
2777 68
2778 60
2779 64
2780 65
2781 69
2782 73
2783 68
2784 80
2785 83
2786 72
2787 82
2788 68
2789 72
2790 78
2791 66
2792 68
2793 77
2794 66
2795 71
2796 62
2797 69
2798 64
2799 67
2800 73
2801 78
2802 59
2803 72
2804 65
2805 69
2806 62
2807 61
2808 62
2809 63
2810 71
2811 64
2812 71
2813 70
2814 63
2815 74
2816 75
2817 69
2818 73
2819 68
2820 65
2821 71
2822 73
2823 72
2824 65
2825 82
2826 70
2827 53
2828 57
2829 66
2830 53
2831 63
2832 69
2833 60
2834 71
2835 79
2836 73
2837 74
2838 78
2839 73
2840 80
2841 71
2842 70
2843 76
2844 68
2845 74
2846 67
2847 59
2848 48
2849 58
2850 66
2851 60
2852 67
2853 66
2854 63
2855 74
2856 77
2857 74
2858 56
2859 57
2860 68
2861 66
2862 61
2863 57
2864 54
2865 58
2866 66
2867 63
2868 75
2869 75
2870 62
2871 60
2872 74
2873 78
2874 81
2875 85
2876 72
2877 74
2878 78
2879 66
2880 71
2881 66
2882 70
2883 74
2884 63
2885 62
2886 68
2887 75
2888 63
2889 70
2890 71
2891 66
2892 71
2893 68
2894 65
2895 79
2896 77
2897 73
2898 67
2899 68
2900 67
2901 70
2902 70
2903 68
2904 60
2905 62
2906 75
2907 78
2908 70
2909 72
2910 65
2911 71
2912 62
2913 71
2914 72
2915 69
2916 74
2917 72
2918 71
2919 68
2920 77
2921 69
2922 77
2923 65
2924 69
2925 75
2926 66
2927 76
2928 72
2929 66
2930 54
2931 67
2932 66
2933 62
2934 68
2935 68
2936 82
2937 70
2938 71
2939 75
2940 66
2941 59
2942 55
2943 55
2944 47
2945 65
2946 66
2947 71
2948 71
2949 77
2950 69
2951 66
2952 62
2953 54
2954 74
2955 72
2956 75
2957 77
2958 74
2959 65
2960 63
2961 78
2962 73
2963 68
2964 68
2965 75
2966 71
2967 78
2968 77
2969 76
2970 78
2971 65
2972 64
2973 61
2974 78
2975 60
2976 59
2977 54
2978 69
2979 62
2980 66
2981 74
2982 83
2983 71
2984 71
2985 61
2986 56
2987 60
2988 75
2989 69
2990 61
2991 62
2992 59
2993 64
2994 68
2995 72
2996 69
2997 66
2998 72
2999 77
3000 72
3001 63
3002 57
3003 71
3004 64
3005 61
3006 63
3007 72
3008 78
3009 70
3010 61
3011 59
3012 56
3013 58
3014 62
3015 57
3016 53
3017 58
3018 65
3019 69
3020 70
3021 74
3022 80
3023 67
3024 65
3025 74
3026 74
3027 66
3028 67
3029 56
3030 70
3031 69
3032 73
3033 77
3034 59
3035 58
3036 64
3037 65
3038 75
3039 74
3040 62
3041 64
3042 65
3043 72
3044 77
3045 67
3046 75
3047 64
3048 76
3049 84
3050 76
3051 71
3052 67
3053 69
3054 70
3055 72
3056 74
3057 57
3058 66
3059 67
3060 69
3061 71
3062 69
3063 70
3064 72
3065 64
3066 76
3067 69
3068 73
3069 77
3070 80
3071 72
3072 62
3073 64
3074 73
3075 64
3076 67
3077 64
3078 64
3079 61
3080 78
3081 82
3082 75
3083 66
3084 64
3085 79
3086 68
3087 81
3088 63
3089 67
3090 72
3091 72
3092 73
3093 73
3094 75
3095 78
3096 65
3097 47
3098 46
3099 58
3100 73
3101 77
3102 75
3103 82
3104 85
3105 69
3106 72
3107 67
3108 55
3109 51
3110 52
3111 62
3112 74
3113 76
3114 70
3115 74
3116 70
3117 75
3118 72
3119 76
3120 71
3121 74
3122 78
3123 69
3124 61
3125 68
3126 71
3127 69
3128 72
3129 82
3130 73
3131 66
3132 72
3133 65
3134 58
3135 72
3136 66
3137 65
3138 72
3139 75
3140 77
3141 71
3142 72
3143 74
3144 77
3145 68
3146 62
3147 70
3148 74
3149 71
3150 68
3151 66
3152 74
3153 75
3154 75
3155 84
3156 88
3157 75
3158 64
3159 72
3160 76
3161 68
3162 81
3163 76
3164 63
3165 66
3166 63
3167 71
3168 67
3169 75
3170 74
3171 64
3172 79
3173 79
3174 73
3175 73
3176 60
3177 58
3178 66
3179 69
3180 70
3181 71
3182 61
3183 62
3184 63
3185 83
3186 76
3187 76
3188 72
3189 77
3190 65
3191 69
3192 64
3193 68
3194 77
3195 73
3196 76
3197 80
3198 68
3199 76
3200 62
3201 55
3202 71
3203 88
3204 70
3205 77
3206 66
3207 77
3208 74
3209 65
3210 85
3211 81
3212 77
3213 74
3214 74
3215 71
3216 63
3217 65
3218 58
3219 63
3220 65
3221 58
3222 63
3223 66
3224 76
3225 68
3226 64
3227 62
3228 69
3229 64
3230 66
3231 69
3232 59
3233 68
3234 64
3235 65
3236 70
3237 72
3238 59
3239 58
3240 59
3241 63
3242 63
3243 63
3244 44
3245 55
3246 62
3247 68
3248 64
3249 68
3250 72
3251 67
3252 68
3253 76
3254 68
3255 69
3256 77
3257 70
3258 61
3259 62
3260 61
3261 59
3262 56
3263 74
3264 83
3265 83
3266 75
3267 79
3268 77
3269 67
3270 74
3271 66
3272 63
3273 71
3274 85
3275 77
3276 63
3277 64
3278 61
3279 67
3280 80
3281 85
3282 74
3283 71
3284 77
3285 62
3286 56
3287 63
3288 55
3289 56
3290 63
3291 65
3292 72
3293 77
3294 65
3295 70
3296 69
3297 72
3298 72
3299 74
3300 66
3301 59
3302 56
3303 72
3304 74
3305 72
3306 77
3307 84
3308 72
3309 69
3310 51
3311 62
3312 58
3313 75
3314 84
3315 74
3316 61
3317 59
3318 57
3319 56
3320 56
3321 61
3322 70
3323 60
3324 66
3325 62
3326 69
3327 69
3328 69
3329 65
3330 58
3331 72
3332 66
3333 62
3334 69
3335 63
3336 59
3337 61
3338 67
3339 73
3340 77
3341 77
3342 63
3343 64
3344 59
3345 61
3346 59
3347 69
3348 59
3349 61
3350 70
3351 64
3352 54
3353 50
3354 48
3355 56
3356 58
3357 62
3358 68
3359 73
3360 63
3361 78
3362 62
3363 67
3364 67
3365 68
3366 71
3367 74
3368 71
3369 62
3370 64
3371 65
3372 65
3373 75
3374 78
3375 71
3376 77
3377 75
3378 77
3379 67
3380 74
3381 68
3382 59
3383 69
3384 73
3385 71
3386 58
3387 49
3388 44
3389 32
3390 34
3391 47
3392 55
3393 71
3394 68
3395 57
3396 49
3397 60
3398 60
3399 65
3400 62
3401 68
3402 66
3403 67
3404 80
3405 73
3406 69
3407 68
3408 61
3409 60
3410 61
3411 62
3412 65
3413 63
3414 72
3415 66
3416 74
3417 76
3418 73
3419 77
3420 58
3421 62
3422 73
3423 70
3424 84
3425 77
3426 84
3427 70
3428 66
3429 69
3430 77
3431 82
3432 67
3433 60
3434 68
3435 69
3436 67
3437 73
3438 71
3439 70
3440 81
3441 69
3442 67
3443 67
3444 72
3445 79
3446 70
3447 67
3448 66
3449 65
3450 80
3451 77
3452 67
3453 63
3454 53
3455 70
3456 80
3457 91
3458 78
3459 67
3460 50
3461 45
3462 50
3463 59
3464 69
3465 78
3466 75
3467 74
3468 80
3469 72
3470 70
3471 65
3472 65
3473 79
3474 73
3475 71
3476 74
3477 81
3478 69
3479 63
3480 66
3481 68
3482 65
3483 61
3484 62
3485 70
3486 79
3487 67
3488 74
3489 69
3490 68
3491 72
3492 70
3493 73
3494 57
3495 63
3496 59
3497 68
3498 76
3499 74
3500 67
3501 62
3502 65
3503 68
3504 66
3505 64
3506 81
3507 82
3508 68
3509 82
3510 76
3511 72
3512 69
3513 71
3514 70
3515 90
3516 85
3517 83
3518 66
3519 64
3520 73
3521 62
3522 64
3523 69
3524 58
3525 61
3526 64
3527 60
3528 64
3529 54
3530 62
3531 80
3532 71
3533 69
3534 65
3535 69
3536 56
3537 48
3538 68
3539 68
3540 65
3541 74
3542 70
3543 74
3544 68
3545 67
3546 77
3547 67
3548 77
3549 76
3550 72
3551 66
3552 63
3553 71
3554 67
3555 68
3556 76
3557 68
3558 77
3559 76
3560 79
3561 76
3562 70
3563 71
3564 75
3565 65
3566 66
3567 67
3568 76
3569 75
3570 77
3571 82
3572 79
3573 73
3574 73
3575 64
3576 71
3577 67
3578 80
3579 77
3580 82
3581 68
3582 67
3583 74
3584 77
3585 72
3586 80
3587 70
3588 75
3589 69
3590 74
3591 85
3592 76
3593 73
3594 53
3595 62
3596 65
3597 61
3598 72
3599 75
3600 79
3601 87
3602 93
3603 75
3604 59
3605 70
3606 73
3607 72
3608 75
3609 83
3610 71
3611 80
3612 88
3613 84
3614 81
3615 74
3616 60
3617 64
3618 73
3619 71
3620 70
3621 66
3622 63
3623 57
3624 60
3625 70
3626 77
3627 69
3628 61
3629 64
3630 73
3631 74
3632 70
3633 74
3634 66
3635 58
3636 55
3637 61
3638 61
3639 71
3640 65
3641 71
3642 59
3643 63
3644 76
3645 78
3646 71
3647 76
3648 73
3649 67
3650 84
3651 70
3652 67
3653 75
3654 73
3655 84
3656 74
3657 73
3658 77
3659 61
3660 74
3661 75
3662 78
3663 67
3664 57
3665 76
3666 71
3667 68
3668 75
3669 61
3670 63
3671 80
3672 61
3673 63
3674 47
3675 61
3676 73
3677 79
3678 80
3679 64
3680 73
3681 64
3682 64
3683 78
3684 76
3685 70
3686 84
3687 85
3688 82
3689 77
3690 66
3691 72
3692 69
3693 69
3694 63
3695 62
3696 73
3697 69
3698 87
3699 78
3700 72
3701 61
3702 79
3703 75
3704 75
3705 70
3706 65
3707 58
3708 65
3709 75
3710 76
3711 77
3712 81
3713 77
3714 81
3715 68
3716 74
3717 80
3718 80
3719 76
3720 66
3721 57
3722 67
3723 73
3724 65
3725 66
3726 69
3727 74
3728 77
3729 85
3730 72
3731 67
3732 66
3733 79
3734 88
3735 83
3736 68
3737 63
3738 73
3739 66
3740 63
3741 57
3742 58
3743 72
3744 62
3745 65
3746 71
3747 74
3748 68
3749 69
3750 76
3751 73
3752 68
3753 75
3754 73
3755 72
3756 67
3757 61
3758 69
3759 70
3760 73
3761 68
3762 79
3763 79
3764 80
3765 80
3766 65
3767 77
3768 85
3769 70
3770 69
3771 75
3772 87
3773 70
3774 63
3775 63
3776 77
3777 72
3778 68
3779 70
3780 70
3781 58
3782 56
3783 66
3784 76
3785 69
3786 66
3787 75
3788 74
3789 72
3790 71
3791 80
3792 61
3793 80
3794 82
3795 68
3796 65
3797 66
3798 64
3799 50
3800 57
3801 64
3802 68
3803 81
3804 74
3805 91
3806 82
3807 68
3808 72
3809 70
3810 71
3811 66
3812 77
3813 85
3814 79
3815 73
3816 84
3817 78
3818 77
3819 78
3820 68
3821 68
3822 69
3823 73
3824 84
3825 75
3826 68
3827 62
3828 73
3829 74
3830 84
3831 73
3832 77
3833 73
3834 74
3835 73
3836 68
3837 73
3838 70
3839 51
3840 50
3841 61
3842 71
3843 63
3844 67
3845 66
3846 69
3847 63
3848 61
3849 66
3850 65
3851 60
3852 67
3853 68
3854 61
3855 68
3856 69
3857 72
3858 60
3859 66
3860 67
3861 76
3862 79
3863 65
3864 53
3865 62
3866 71
3867 79
3868 67
3869 82
3870 73
3871 73
3872 61
3873 60
3874 65
3875 78
3876 81
3877 66
3878 59
3879 64
3880 74
3881 64
3882 63
3883 75
3884 76
3885 66
3886 67
3887 61
3888 72
3889 59
3890 70
3891 69
3892 56
3893 57
3894 63
3895 61
3896 69
3897 77
3898 70
3899 72
3900 74
3901 76
3902 67
3903 74
3904 56
3905 71
3906 67
3907 62
3908 65
3909 72
3910 67
3911 62
3912 61
3913 69
3914 72
3915 81
3916 74
3917 60
3918 59
3919 70
3920 73
3921 80
3922 73
3923 85
3924 70
3925 73
3926 77
3927 77
3928 69
3929 71
3930 78
3931 81
3932 61
3933 76
3934 75
3935 83
3936 72
3937 70
3938 68
3939 62
3940 56
3941 72
3942 69
3943 61
3944 75
3945 71
3946 64
3947 65
3948 66
3949 59
3950 69
3951 83
3952 71
3953 63
3954 75
3955 77
3956 69
3957 62
3958 75
3959 73
3960 59
3961 68
3962 68
3963 61
3964 56
3965 69
3966 66
3967 52
3968 48
3969 64
3970 71
3971 65
3972 58
3973 78
3974 66
3975 64
3976 60
3977 65
3978 66
3979 68
3980 84
3981 83
3982 70
3983 84
3984 76
3985 71
3986 72
3987 73
3988 71
3989 76
3990 70
3991 72
3992 69
3993 85
3994 75
3995 77
3996 69
3997 78
3998 73
3999 64
4000 59
4001 72
4002 60
4003 60
4004 64
4005 68
4006 73
4007 74
4008 73
4009 55
4010 53
4011 56
4012 72
4013 56
4014 42
4015 39
4016 33
4017 48
4018 61
4019 57
4020 67
4021 58
4022 50
4023 58
4024 69
4025 65
4026 61
4027 63
4028 65
4029 67
4030 78
4031 80
4032 74
4033 67
4034 57
4035 61
4036 66
4037 77
4038 73
4039 73
4040 66
4041 70
4042 71
4043 73
4044 63
4045 67
4046 68
4047 70
4048 73
4049 62
4050 79
4051 67
4052 71
4053 68
4054 71
4055 68
4056 77
4057 70
4058 72
4059 60
4060 70
4061 62
4062 60
4063 73
4064 71
4065 64
4066 61
4067 63
4068 52
4069 66
4070 77
4071 83
4072 79
4073 69
4074 71
4075 70
4076 68
4077 65
4078 63
4079 67
4080 66
4081 61
4082 67
4083 56
4084 64
4085 70
4086 68
4087 74
4088 72
4089 71
4090 61
4091 68
4092 67
4093 68
4094 85
4095 84
4096 66
4097 68
4098 67
4099 64
4100 73
4101 66
4102 64
4103 57
4104 73
4105 72
4106 70
4107 56
4108 70
4109 65
4110 63
4111 79
4112 65
4113 72
4114 62
4115 66
4116 63
4117 77
4118 74
4119 66
4120 61
4121 69
4122 73
4123 67
4124 73
4125 70
4126 76
4127 68
4128 70
4129 68
4130 67
4131 75
4132 74
4133 71
4134 65
4135 78
4136 77
4137 73
4138 90
4139 77
4140 66
4141 61
4142 70
4143 76
4144 74
4145 63
4146 69
4147 86
4148 78
4149 81
4150 75
4151 61
4152 80
4153 82
4154 79
4155 66
4156 62
4157 75
4158 71
4159 77
4160 75
4161 65
4162 66
4163 80
4164 74
4165 70
4166 65
4167 77
4168 72
4169 77
4170 74
4171 74
4172 75
4173 73
4174 63
4175 76
4176 72
4177 64
4178 67
4179 58
4180 53
4181 62
4182 64
4183 57
4184 67
4185 68
4186 71
4187 67
4188 74
4189 64
4190 71
4191 65
4192 77
4193 66
4194 79
4195 67
4196 74
4197 78
4198 70
4199 66
4200 63
4201 64
4202 63
4203 71
4204 78
4205 65
4206 85
4207 73
4208 74
4209 62
4210 56
4211 59
4212 65
4213 72
4214 63
4215 67
4216 70
4217 64
4218 69
4219 65
4220 67
4221 75
4222 71
4223 68
4224 73
4225 65
4226 74
4227 70
4228 69
4229 71
4230 68
4231 53
4232 54
4233 66
4234 78
4235 69
4236 74
4237 75
4238 62
4239 60
4240 67
4241 68
4242 68
4243 76
4244 74
4245 68
4246 73
4247 66
4248 60
4249 71
4250 68
4251 70
4252 71
4253 67
4254 67
4255 64
4256 73
4257 89
4258 90
4259 81
4260 88
4261 72
4262 66
4263 59
4264 57
4265 48
4266 61
4267 60
4268 79
4269 78
4270 65
4271 67
4272 53
4273 57
4274 61
4275 61
4276 52
4277 57
4278 65
4279 61
4280 45
4281 44
4282 41
4283 59
4284 61
4285 65
4286 60
4287 57
4288 65
4289 64
4290 64
4291 59
4292 71
4293 69
4294 73
4295 63
4296 64
4297 69
4298 78
4299 70
4300 65
4301 68
4302 69
4303 71
4304 84
4305 70
4306 75
4307 73
4308 77
4309 81
4310 75
4311 75
4312 60
4313 63
4314 55
4315 52
4316 47
4317 45
4318 59
4319 61
4320 63
4321 75
4322 79
4323 72
4324 63
4325 76
4326 81
4327 77
4328 66
4329 68
4330 71
4331 62
4332 71
4333 79
4334 75
4335 75
4336 73
4337 64
4338 62
4339 68
4340 65
4341 56
4342 45
4343 52
4344 64
4345 66
4346 71
4347 75
4348 72
4349 70
4350 60
4351 56
4352 58
4353 75
4354 83
4355 63
4356 68
4357 64
4358 57
4359 66
4360 68
4361 74
4362 70
4363 82
4364 86
4365 77
4366 79
4367 73
4368 68
4369 67
4370 69
4371 68
4372 76
4373 68
4374 74
4375 77
4376 64
4377 65
4378 65
4379 64
4380 68
4381 71
4382 66
4383 58
4384 56
4385 59
4386 62
4387 63
4388 69
4389 73
4390 64
4391 71
4392 62
4393 51
4394 58
4395 62
4396 64
4397 76
4398 73
4399 77
4400 71
4401 81
4402 83
4403 78
4404 78
4405 66
4406 73
4407 70
4408 73
4409 74
4410 77
4411 74
4412 75
4413 70
4414 60
4415 78
4416 72
4417 74
4418 75
4419 76
4420 84
4421 80
4422 61
4423 52
4424 50
4425 52
4426 67
4427 66
4428 62
4429 63
4430 69
4431 68
4432 62
4433 64
4434 65
4435 80
4436 78
4437 92
4438 77
4439 70
4440 68
4441 64
4442 65
4443 62
4444 64
4445 79
4446 84
4447 66
4448 76
4449 66
4450 79
4451 66
4452 67
4453 59
4454 56
4455 66
4456 77
4457 73
4458 66
4459 85
4460 78
4461 66
4462 65
4463 70
4464 55
4465 66
4466 66
4467 55
4468 58
4469 71
4470 63
4471 76
4472 60
4473 54
4474 58
4475 59
4476 72
4477 74
4478 71
4479 60
4480 64
4481 74
4482 77
4483 71
4484 61
4485 55
4486 52
4487 61
4488 67
4489 68
4490 71
4491 63
4492 63
4493 77
4494 69
4495 64
4496 65
4497 70
4498 73
4499 75
4500 82
4501 70
4502 53
4503 44
4504 34
4505 41
4506 43
4507 59
4508 62
4509 77
4510 60
4511 64
4512 61
4513 68
4514 70
4515 71
4516 72
4517 69
4518 72
4519 76
4520 74
4521 86
4522 72
4523 66
4524 83
4525 69
4526 68
4527 66
4528 63
4529 59
4530 68
4531 71
4532 83
4533 72
4534 77
4535 78
4536 70
4537 70
4538 70
4539 65
4540 65
4541 70
4542 63
4543 68
4544 69
4545 60
4546 70
4547 67
4548 52
4549 51
4550 47
4551 56
4552 61
4553 53
4554 45
4555 65
4556 64
4557 70
4558 74
4559 73
4560 55
4561 53
4562 40
4563 42
4564 62
4565 63
4566 70
4567 77
4568 62
4569 74
4570 70
4571 69
4572 68
4573 69
4574 67
4575 80
4576 78
4577 72
4578 71
4579 75
4580 74
4581 79
4582 62
4583 73
4584 81
4585 79
4586 77
4587 76
4588 72
4589 61
4590 53
4591 54
4592 63
4593 67
4594 68
4595 71
4596 84
4597 71
4598 67
4599 75
4600 76
4601 77
4602 77
4603 72
4604 66
4605 56
4606 61
4607 61
4608 62
4609 75
4610 77
4611 74
4612 59
4613 61
4614 68
4615 75
4616 79
4617 68
4618 64
4619 67
4620 65
4621 77
4622 75
4623 76
4624 84
4625 82
4626 63
4627 64
4628 60
4629 59
4630 48
4631 54
4632 58
4633 70
4634 71
4635 76
4636 72
4637 66
4638 71
4639 70
4640 67
4641 71
4642 65
4643 55
4644 59
4645 69
4646 72
4647 73
4648 74
4649 64
4650 69
4651 70
4652 71
4653 69
4654 54
4655 53
4656 65
4657 70
4658 68
4659 69
4660 74
4661 80
4662 69
4663 67
4664 58
4665 55
4666 58
4667 60
4668 70
4669 72
4670 80
4671 74
4672 71
4673 72
4674 75
4675 70
4676 76
4677 69
4678 67
4679 77
4680 71
4681 67
4682 60
4683 59
4684 48
4685 42
4686 23
4687 9
4688 28
4689 42
4690 55
4691 57
4692 61
4693 77
4694 77
4695 73
4696 76
4697 59
4698 44
4699 33
4700 50
4701 65
4702 75
4703 72
4704 75
4705 67
4706 69
4707 70
4708 69
4709 65
4710 61
4711 62
4712 67
4713 57
4714 60
4715 62
4716 73
4717 72
4718 80
4719 68
4720 65
4721 71
4722 74
4723 71
4724 61
4725 57
4726 70
4727 77
4728 72
4729 75
4730 76
4731 66
4732 59
4733 70
4734 76
4735 79
4736 88
4737 76
4738 67
4739 65
4740 63
4741 65
4742 67
4743 64
4744 70
4745 63
4746 69
4747 61
4748 65
4749 63
4750 83
4751 93
4752 84
4753 69
4754 68
4755 66
4756 78
4757 65
4758 61
4759 68
4760 70
4761 72
4762 81
4763 66
4764 65
4765 60
4766 65
4767 65
4768 53
4769 72
4770 71
4771 67
4772 66
4773 73
4774 70
4775 69
4776 70
4777 73
4778 64
4779 68
4780 78
4781 74
4782 67
4783 66
4784 65
4785 61
4786 66
4787 72
4788 69
4789 58
4790 56
4791 71
4792 64
4793 62
4794 52
4795 55
4796 69
4797 73
4798 73
4799 78
4800 76
4801 70
4802 63
4803 56
4804 62
4805 64
4806 68
4807 80
4808 73
4809 72
4810 73
4811 69
4812 66
4813 64
4814 65
4815 66
4816 68
4817 73
4818 55
4819 66
4820 71
4821 74
4822 70
4823 69
4824 66
4825 77
4826 67
4827 65
4828 70
4829 70
4830 72
4831 75
4832 68
4833 64
4834 72
4835 72
4836 75
4837 59
4838 64
4839 56
4840 60
4841 56
4842 64
4843 66
4844 68
4845 65
4846 71
4847 57
4848 67
4849 69
4850 68
4851 71
4852 76
4853 72
4854 83
4855 77
4856 72
4857 72
4858 71
4859 78
4860 72
4861 71
4862 73
4863 71
4864 71
4865 70
4866 60
4867 61
4868 70
4869 62
4870 70
4871 72
4872 65
4873 72
4874 71
4875 68
4876 48
4877 60
4878 71
4879 65
4880 53
4881 52
4882 60
4883 57
4884 57
4885 54
4886 65
4887 73
4888 69
4889 72
4890 65
4891 60
4892 70
4893 60
4894 62
4895 71
4896 67
4897 76
4898 76
4899 60
4900 51
4901 53
4902 65
4903 70
4904 64
4905 66
4906 67
4907 67
4908 74
4909 60
4910 67
4911 63
4912 63
4913 57
4914 62
4915 65
4916 73
4917 68
4918 77
4919 75
4920 65
4921 71
4922 69
4923 71
4924 82
4925 89
4926 73
4927 69
4928 62
4929 61
4930 60
4931 73
4932 80
4933 72
4934 76
4935 68
4936 74
4937 68
4938 71
4939 69
4940 75
4941 59
4942 54
4943 46
4944 62
4945 68
4946 67
4947 66
4948 67
4949 70
4950 67
4951 61
4952 56
4953 66
4954 71
4955 76
4956 69
4957 68
4958 74
4959 61
4960 74
4961 72
4962 62
4963 66
4964 86
4965 77
4966 78
4967 74
4968 77
4969 82
4970 78
4971 83
4972 81
4973 71
4974 70
4975 75
4976 76
4977 61
4978 60
4979 63
4980 71
4981 74
4982 70
4983 73
4984 74
4985 77
4986 69
4987 72
4988 70
4989 80
4990 71
4991 60
4992 62
4993 52
4994 68
4995 67
4996 66
4997 73
4998 64
4999 62
5000 63
5001 64
5002 67
5003 70
5004 72
5005 63
5006 62
5007 72
5008 68
5009 73
5010 69
5011 63
5012 69
5013 71
5014 83
5015 79
5016 66
5017 54
5018 60
5019 46
5020 47
5021 54
5022 61
5023 66
5024 71
5025 65
5026 69
5027 70
5028 74
5029 72
5030 69
5031 59
5032 78
5033 68
5034 67
5035 74
5036 79
5037 75
5038 62
5039 58
5040 55
5041 68
5042 71
5043 83
5044 75
5045 64
5046 62
5047 60
5048 56
5049 58
5050 66
5051 73
5052 67
5053 71
5054 70
5055 69
5056 67
5057 66
5058 71
5059 65
5060 68
5061 69
5062 52
5063 64
5064 64
5065 68
5066 69
5067 66
5068 63
5069 56
5070 51
5071 61
5072 72
5073 80
5074 72
5075 83
5076 72
5077 67
5078 66
5079 68
5080 67
5081 71
5082 68
5083 75
5084 67
5085 72
5086 68
5087 78
5088 82
5089 72
5090 69
5091 74
5092 85
5093 78
5094 77
5095 70
5096 79
5097 71
5098 73
5099 75
5100 88
5101 81
5102 67
5103 61
5104 77
5105 78
5106 69
5107 58
5108 61
5109 63
5110 67
5111 64
5112 62
5113 64
5114 66
5115 71
5116 70
5117 64
5118 67
5119 60
5120 76
5121 74
5122 67
5123 72
5124 74
5125 76
5126 67
5127 69
5128 78
5129 81
5130 81
5131 75
5132 64
5133 63
5134 74
5135 67
5136 75
5137 65
5138 62
5139 59
5140 74
5141 75
5142 74
5143 71
5144 79
5145 68
5146 71
5147 64
5148 52
5149 65
5150 50
5151 60
5152 62
5153 58
5154 57
5155 53
5156 47
5157 53
5158 46
5159 43
5160 37
5161 36
5162 29
5163 35
5164 51
5165 69
5166 71
5167 69
5168 69
5169 65
5170 55
5171 57
5172 62
5173 72
5174 67
5175 66
5176 63
5177 75
5178 70
5179 68
5180 64
5181 57
5182 55
5183 70
5184 61
5185 63
5186 78
5187 81
5188 74
5189 67
5190 69
5191 73
5192 80
5193 76
5194 74
5195 80
5196 68
5197 62
5198 67
5199 68
5200 80
5201 68
5202 64
5203 78
5204 70
5205 66
5206 66
5207 71
5208 65
5209 57
5210 55
5211 60
5212 64
5213 55
5214 60
5215 59
5216 67
5217 68
5218 69
5219 66
5220 67
5221 68
5222 80
5223 79
5224 61
5225 72
5226 70
5227 72
5228 75
5229 75
5230 83
5231 80
5232 82
5233 66
5234 70
5235 71
5236 75
5237 79
5238 72
5239 64
5240 67
5241 77
5242 81
5243 65
5244 75
5245 70
5246 73
5247 71
5248 70
5249 65
5250 63
5251 69
5252 70
5253 62
5254 67
5255 70
5256 67
5257 73
5258 70
5259 78
5260 96
5261 81
5262 63
5263 73
5264 62
5265 61
5266 67
5267 77
5268 81
5269 67
5270 78
5271 70
5272 66
5273 57
5274 67
5275 68
5276 87
5277 73
5278 73
5279 60
5280 64
5281 74
5282 73
5283 62
5284 58
5285 60
5286 60
5287 47
5288 60
5289 59
5290 72
5291 62
5292 60
5293 58
5294 74
5295 74
5296 75
5297 81
5298 72
5299 64
5300 60
5301 72
5302 66
5303 60
5304 57
5305 58
5306 47
5307 59
5308 58
5309 62
5310 78
5311 63
5312 80
5313 70
5314 69
5315 73
5316 74
5317 70
5318 73
5319 69
5320 78
5321 71
5322 70
5323 60
5324 64
5325 69
5326 70
5327 64
5328 79
5329 68
5330 71
5331 74
5332 56
5333 62
5334 68
5335 72
5336 62
5337 70
5338 59
5339 67
5340 78
5341 63
5342 74
5343 70
5344 69
5345 68
5346 65
5347 72
5348 63
5349 60
5350 58
5351 50
5352 58
5353 69
5354 69
5355 60
5356 61
5357 66
5358 75
5359 75
5360 73
5361 66
5362 80
5363 75
5364 77
5365 71
5366 73
5367 71
5368 69
5369 67
5370 65
5371 67
5372 65
5373 81
5374 86
5375 72
5376 60
5377 68
5378 72
5379 65
5380 62
5381 68
5382 55
5383 47
5384 56
5385 70
5386 89
5387 76
5388 73
5389 72
5390 75
5391 71
5392 69
5393 66
5394 72
5395 74
5396 67
5397 65
5398 60
5399 56
5400 68
5401 75
5402 77
5403 85
5404 65
5405 75
5406 70
5407 69
5408 66
5409 73
5410 70
5411 67
5412 65
5413 67
5414 49
5415 56
5416 69
5417 74
5418 72
5419 71
5420 69
5421 75
5422 80
5423 80
5424 74
5425 76
5426 82
5427 74
5428 68
5429 67
5430 50
5431 62
5432 79
5433 64
5434 70
5435 78
5436 74
5437 67
5438 73
5439 69
5440 71
5441 71
5442 75
5443 78
5444 82
5445 80
5446 73
5447 70
5448 72
5449 58
5450 69
5451 68
5452 63
5453 66
5454 73
5455 74
5456 74
5457 63
5458 74
5459 66
5460 61
5461 72
5462 76
5463 71
5464 71
5465 67
5466 70
5467 55
5468 63
5469 61
5470 63
5471 71
5472 81
5473 76
5474 73
5475 67
5476 76
5477 73
5478 70
5479 80
5480 79
5481 68
5482 60
5483 79
5484 87
5485 76
5486 66
5487 73
5488 75
5489 71
5490 68
5491 71
5492 74
5493 75
5494 67
5495 63
5496 66
5497 62
5498 65
5499 77
5500 69
5501 51
5502 52
5503 64
5504 59
5505 76
5506 79
5507 60
5508 65
5509 47
5510 49
5511 61
5512 62
5513 68
5514 72
5515 62
5516 62
5517 63
5518 70
5519 67
5520 68
5521 79
5522 76
5523 72
5524 77
5525 72
5526 70
5527 74
5528 76
5529 81
5530 86
5531 71
5532 68
5533 70
5534 66
5535 68
5536 52
5537 46
5538 38
5539 46
5540 53
5541 59
5542 63
5543 68
5544 72
5545 62
5546 67
5547 68
5548 71
5549 71
5550 73
5551 77
5552 83
5553 69
5554 68
5555 80
5556 66
5557 62
5558 58
5559 64
5560 82
5561 67
5562 74
5563 79
5564 70
5565 74
5566 70
5567 63
5568 62
5569 68
5570 74
5571 75
5572 72
5573 83
5574 64
5575 72
5576 68
5577 69
5578 74
5579 75
5580 67
5581 74
5582 68
5583 59
5584 63
5585 60
5586 62
5587 73
5588 64
5589 61
5590 56
5591 49
5592 51
5593 61
5594 52
5595 53
5596 59
5597 68
5598 66
5599 68
5600 65
5601 68
5602 65
5603 77
5604 81
5605 69
5606 68
5607 69
5608 66
5609 65
5610 78
5611 75
5612 66
5613 67
5614 64
5615 72
5616 63
5617 68
5618 70
5619 66
5620 58
5621 51
5622 68
5623 68
5624 72
5625 69
5626 67
5627 63
5628 58
5629 68
5630 70
5631 65
5632 66
5633 67
5634 76
5635 64
5636 71
5637 72
5638 73
5639 67
5640 60
5641 69
5642 70
5643 61
5644 59
5645 63
5646 70
5647 70
5648 60
5649 75
5650 77
5651 84
5652 71
5653 62
5654 58
5655 70
5656 69
5657 53
5658 72
5659 64
5660 66
5661 62
5662 69
5663 72
5664 60
5665 72
5666 71
5667 59
5668 54
5669 55
5670 57
5671 68
5672 69
5673 67
5674 73
5675 77
5676 74
5677 63
5678 68
5679 77
5680 77
5681 90
5682 87
5683 82
5684 78
5685 71
5686 68
5687 61
5688 63
5689 67
5690 71
5691 64
5692 69
5693 72
5694 68
5695 64
5696 67
5697 76
5698 79
5699 77
5700 79
5701 77
5702 72
5703 73
5704 61
5705 71
5706 66
5707 60
5708 61
5709 72
5710 69
5711 59
5712 77
5713 65
5714 63
5715 66
5716 63
5717 67
5718 68
5719 49
5720 45
5721 55
5722 64
5723 61
5724 72
5725 71
5726 64
5727 57
5728 60
5729 48
5730 42
5731 50
5732 69
5733 72
5734 69
5735 64
5736 67
5737 63
5738 60
5739 64
5740 70
5741 78
5742 95
5743 82
5744 69
5745 54
5746 72
5747 69
5748 75
5749 85
5750 90
5751 74
5752 77
5753 83
5754 70
5755 73
5756 67
5757 74
5758 81
5759 78
5760 69
5761 60
5762 67
5763 65
5764 57
5765 52
5766 68
5767 72
5768 66
5769 63
5770 72
5771 66
5772 63
5773 67
5774 72
5775 70
5776 57
5777 61
5778 69
5779 68
5780 75
5781 76
5782 67
5783 79
5784 81
5785 72
5786 75
5787 67
5788 65
5789 67
5790 84
5791 70
5792 52
5793 69
5794 52
5795 56
5796 62
5797 67
5798 77
5799 66
5800 63
5801 78
5802 70
5803 75
5804 74
5805 77
5806 80
5807 82
5808 87
5809 69
5810 61
5811 68
5812 62
5813 66
5814 69
5815 72
5816 67
5817 72
5818 75
5819 69
5820 77
5821 73
5822 74
5823 61
5824 50
5825 56
5826 63
5827 66
5828 62
5829 66
5830 82
5831 76
5832 62
5833 63
5834 71
5835 61
5836 67
5837 66
5838 64
5839 66
5840 60
5841 66
5842 76
5843 67
5844 67
5845 62
5846 67
5847 68
5848 75
5849 70
5850 65
5851 71
5852 64
5853 75
5854 72
5855 68
5856 61
5857 68
5858 77
5859 72
5860 66
5861 71
5862 70
5863 73
5864 63
5865 63
5866 62
5867 63
5868 67
5869 68
5870 74
5871 82
5872 84
5873 73
5874 89
5875 75
5876 64
5877 72
5878 72
5879 66
5880 74
5881 64
5882 57
5883 70
5884 60
5885 74
5886 79
5887 64
5888 59
5889 60
5890 51
5891 55
5892 62
5893 65
5894 74
5895 73
5896 64
5897 73
5898 73
5899 62
5900 72
5901 83
5902 73
5903 72
5904 66
5905 50
5906 48
5907 56
5908 64
5909 60
5910 65
5911 71
5912 73
5913 68
5914 74
5915 70
5916 71
5917 68
5918 74
5919 72
5920 75
5921 72
5922 65
5923 68
5924 70
5925 64
5926 61
5927 67
5928 72
5929 68
5930 67
5931 53
5932 48
5933 62
5934 63
5935 52
5936 61
5937 74
5938 72
5939 65
5940 64
5941 66
5942 73
5943 68
5944 64
5945 67
5946 70
5947 69
5948 81
5949 75
5950 78
5951 71
5952 70
5953 63
5954 61
5955 54
5956 55
5957 63
5958 75
5959 86
5960 74
5961 60
5962 57
5963 45
5964 59
5965 62
5966 70
5967 71
5968 72
5969 60
5970 63
5971 63
5972 69
5973 77
5974 77
5975 81
5976 75
5977 68
5978 70
5979 67
5980 62
5981 68
5982 72
5983 76
5984 78
5985 66
5986 65
5987 66
5988 82
5989 70
5990 76
5991 63
5992 69
5993 63
5994 59
5995 51
5996 70
5997 72
5998 60
5999 63
6000 46
6001 41
6002 31
6003 28
6004 26
6005 41
6006 53
6007 72
6008 69
6009 59
6010 58
6011 64
6012 72
6013 71
6014 70
6015 70
6016 60
6017 64
6018 81
6019 77
6020 70
6021 78
6022 78
6023 74
6024 76
6025 78
6026 74
6027 71
6028 72
6029 67
6030 69
6031 65
6032 67
6033 69
6034 72
6035 61
6036 62
6037 62
6038 76
6039 67
6040 80
6041 67
6042 69
6043 73
6044 89
6045 72
6046 69
6047 72
6048 72
6049 58
6050 67
6051 57
6052 53
6053 72
6054 67
6055 51
6056 66
6057 65
6058 61
6059 65
6060 72
6061 64
6062 75
6063 72
6064 66
6065 60
6066 41
6067 45
6068 53
6069 69
6070 64
6071 58
6072 61
6073 74
6074 61
6075 61
6076 51
6077 54
6078 64
6079 63
6080 68
6081 69
6082 68
6083 75
6084 80
6085 75
6086 83
6087 74
6088 60
6089 56
6090 61
6091 58
6092 54
6093 43
6094 40
6095 51
6096 56
6097 58
6098 60
6099 77
6100 74
6101 71
6102 81
6103 72
6104 70
6105 56
6106 56
6107 63
6108 53
6109 63
6110 58
6111 65
6112 75
6113 69
6114 70
6115 71
6116 59
6117 58
6118 62
6119 81
6120 77
6121 74
6122 69
6123 74
6124 71
6125 67
6126 75
6127 74
6128 65
6129 71
6130 70
6131 65
6132 57
6133 73
6134 73
6135 71
6136 64
6137 72
6138 75
6139 79
6140 83
6141 75
6142 76
6143 77
6144 64
6145 58
6146 55
6147 61
6148 64
6149 65
6150 73
6151 82
6152 71
6153 76
6154 71
6155 70
6156 71
6157 75
6158 73
6159 67
6160 72
6161 74
6162 71
6163 73
6164 79
6165 72
6166 77
6167 78
6168 82
6169 73
6170 66
6171 60
6172 66
6173 80
6174 70
6175 67
6176 71
6177 62
6178 46
6179 65
6180 68
6181 76
6182 67
6183 78
6184 65
6185 67
6186 64
6187 67
6188 64
6189 58
6190 43
6191 37
6192 39
6193 45
6194 54
6195 56
6196 67
6197 78
6198 65
6199 52
6200 50
6201 49
6202 59
6203 60
6204 67
6205 83
6206 79
6207 81
6208 72
6209 63
6210 74
6211 77
6212 74
6213 71
6214 80
6215 71
6216 72
6217 66
6218 73
6219 81
6220 69
6221 71
6222 67
6223 76
6224 82
6225 79
6226 73
6227 71
6228 75
6229 71
6230 69
6231 64
6232 64
6233 62
6234 68
6235 67
6236 70
6237 83
6238 83
6239 65
6240 69
6241 71
6242 76
6243 57
6244 55
6245 65
6246 67
6247 62
6248 61
6249 56
6250 54
6251 62
6252 77
6253 80
6254 71
6255 69
6256 68
6257 68
6258 69
6259 73
6260 65
6261 66
6262 63
6263 68
6264 70
6265 68
6266 63
6267 67
6268 66
6269 63
6270 68
6271 71
6272 74
6273 73
6274 62
6275 47
6276 67
6277 69
6278 75
6279 69
6280 72
6281 73
6282 75
6283 87
6284 75
6285 70
6286 69
6287 67
6288 63
6289 57
6290 64
6291 72
6292 74
6293 76
6294 79
6295 70
6296 64
6297 69
6298 79
6299 63
6300 59
6301 64
6302 61
6303 57
6304 65
6305 77
6306 73
6307 79
6308 69
6309 74
6310 71
6311 70
6312 70
6313 68
6314 69
6315 67
6316 78
6317 61
6318 70
6319 68
6320 69
6321 81
6322 71
6323 77
6324 78
6325 80
6326 65
6327 59
6328 66
6329 59
6330 66
6331 57
6332 55
6333 57
6334 67
6335 78
6336 73
6337 74
6338 70
6339 72
6340 64
6341 75
6342 66
6343 67
6344 87
6345 83
6346 75
6347 86
6348 76
6349 75
6350 59
6351 73
6352 68
6353 61
6354 46
6355 32
6356 41
6357 57
6358 62
6359 71
6360 77
6361 65
6362 69
6363 76
6364 71
6365 66
6366 56
6367 54
6368 58
6369 68
6370 73
6371 66
6372 85
6373 68
6374 67
6375 78
6376 63
6377 76
6378 71
6379 79
6380 85
6381 78
6382 69
6383 67
6384 73
6385 66
6386 61
6387 65
6388 63
6389 62
6390 69
6391 81
6392 84
6393 89
6394 72
6395 67
6396 68
6397 79
6398 74
6399 75
6400 77
6401 75
6402 64
6403 63
6404 53
6405 65
6406 62
6407 63
6408 71
6409 71
6410 67
6411 62
6412 67
6413 70
6414 67
6415 63
6416 60
6417 74
6418 75
6419 70
6420 56
6421 66
6422 69
6423 70
6424 71
6425 77
6426 76
6427 84
6428 72
6429 75
6430 72
6431 70
6432 71
6433 69
6434 75
6435 75
6436 73
6437 68
6438 62
6439 58
6440 71
6441 69
6442 66
6443 64
6444 56
6445 65
6446 66
6447 83
6448 72
6449 78
6450 75
6451 78
6452 74
6453 65
6454 67
6455 67
6456 60
6457 69
6458 71
6459 76
6460 74
6461 76
6462 70
6463 62
6464 78
6465 72
6466 70
6467 64
6468 63
6469 66
6470 74
6471 66
6472 65
6473 70
6474 79
6475 73
6476 64
6477 69
6478 74
6479 75
6480 76
6481 67
6482 76
6483 60
6484 58
6485 56
6486 63
6487 61
6488 68
6489 68
6490 72
6491 65
6492 75
6493 71
6494 64
6495 82
6496 86
6497 74
6498 73
6499 73
6500 75
6501 74
6502 79
6503 77
6504 72
6505 66
6506 66
6507 69
6508 68
6509 69
6510 78
6511 80
6512 72
6513 66
6514 68
6515 65
6516 75
6517 65
6518 64
6519 62
6520 58
6521 63
6522 81
6523 71
6524 68
6525 74
6526 69
6527 70
6528 78
6529 63
6530 60
6531 51
6532 61
6533 64
6534 60
6535 58
6536 62
6537 65
6538 53
6539 60
6540 63
6541 67
6542 74
6543 73
6544 69
6545 67
6546 76
6547 75
6548 82
6549 78
6550 88
6551 80
6552 68
6553 67
6554 72
6555 64
6556 62
6557 71
6558 73
6559 63
6560 67
6561 75
6562 68
6563 74
6564 62
6565 58
6566 53
6567 48
6568 55
6569 59
6570 69
6571 67
6572 62
6573 76
6574 78
6575 69
6576 68
6577 66
6578 63
6579 72
6580 69
6581 75
6582 83
6583 87
6584 71
6585 73
6586 83
6587 75
6588 73
6589 64
6590 70
6591 70
6592 74
6593 73
6594 74
6595 64
6596 70
6597 63
6598 58
6599 55
6600 60
6601 61
6602 69
6603 73
6604 87
6605 86
6606 78
6607 83
6608 98
6609 79
6610 69
6611 64
6612 74
6613 68
6614 67
6615 67
6616 69
6617 73
6618 65
6619 66
6620 72
6621 76
6622 68
6623 76
6624 67
6625 60
6626 75
6627 62
6628 60
6629 65
6630 75
6631 68
6632 75
6633 64
6634 83
6635 77
6636 64
6637 61
6638 53
6639 72
6640 74
6641 80
6642 71
6643 70
6644 67
6645 69
6646 82
6647 72
6648 62
6649 55
6650 63
6651 66
6652 63
6653 68
6654 66
6655 62
6656 56
6657 59
6658 62
6659 73
6660 74
6661 71
6662 75
6663 60
6664 71
6665 69
6666 76
6667 76
6668 75
6669 82
6670 79
6671 76
6672 64
6673 65
6674 68
6675 54
6676 52
6677 58
6678 74
6679 77
6680 83
6681 77
6682 67
6683 63
6684 82
6685 83
6686 79
6687 75
6688 73
6689 75
6690 78
6691 70
6692 63
6693 71
6694 73
6695 66
6696 48
6697 50
6698 54
6699 61
6700 62
6701 59
6702 62
6703 63
6704 65
6705 64
6706 65
6707 63
6708 68
6709 69
6710 67
6711 64
6712 69
6713 67
6714 71
6715 69
6716 67
6717 65
6718 76
6719 60
6720 73
6721 65
6722 62
6723 72
6724 67
6725 74
6726 63
6727 64
6728 70
6729 69
6730 66
6731 76
6732 75
6733 78
6734 66
6735 67
6736 78
6737 79
6738 77
6739 76
6740 83
6741 68
6742 70
6743 76
6744 71
6745 67
6746 64
6747 72
6748 80
6749 70
6750 82
6751 75
6752 64
6753 58
6754 57
6755 51
6756 58
6757 65
6758 72
6759 66
6760 64
6761 66
6762 75
6763 71
6764 71
6765 76
6766 70
6767 62
6768 78
6769 77
6770 75
6771 68
6772 64
6773 66
6774 72
6775 71
6776 69
6777 65
6778 56
6779 66
6780 78
6781 76
6782 68
6783 69
6784 68
6785 67
6786 72
6787 74
6788 70
6789 61
6790 61
6791 63
6792 77
6793 72
6794 67
6795 68
6796 70
6797 68
6798 68
6799 63
6800 58
6801 57
6802 61
6803 62
6804 59
6805 76
6806 68
6807 69
6808 59
6809 68
6810 73
6811 68
6812 69
6813 71
6814 77
6815 72
6816 73
6817 79
6818 82
6819 66
6820 57
6821 62
6822 62
6823 61
6824 56
6825 44
6826 64
6827 72
6828 79
6829 69
6830 85
6831 75
6832 73
6833 84
6834 65
6835 66
6836 67
6837 69
6838 75
6839 77
6840 75
6841 74
6842 63
6843 59
6844 60
6845 79
6846 65
6847 62
6848 71
6849 72
6850 73
6851 67
6852 54
6853 52
6854 58
6855 68
6856 67
6857 72
6858 79
6859 82
6860 71
6861 73
6862 76
6863 65
6864 57
6865 71
6866 69
6867 79
6868 65
6869 56
6870 55
6871 67
6872 68
6873 70
6874 74
6875 76
6876 67
6877 64
6878 68
6879 70
6880 66
6881 70
6882 75
6883 68
6884 55
6885 58
6886 70
6887 59
6888 65
6889 75
6890 73
6891 69
6892 70
6893 73
6894 79
6895 67
6896 63
6897 72
6898 63
6899 67
6900 62
6901 49
6902 59
6903 64
6904 66
6905 68
6906 70
6907 76
6908 95
6909 88
6910 79
6911 61
6912 61
6913 73
6914 58
6915 65
6916 66
6917 69
6918 67
6919 64
6920 74
6921 73
6922 64
6923 63
6924 68
6925 61
6926 72
6927 70
6928 75
6929 71
6930 71
6931 72
6932 64
6933 58
6934 69
6935 74
6936 75
6937 71
6938 53
6939 52
6940 55
6941 57
6942 59
6943 75
6944 75
6945 66
6946 67
6947 60
6948 53
6949 52
6950 57
6951 67
6952 72
6953 63
6954 70
6955 66
6956 73
6957 69
6958 70
6959 76
6960 88
6961 68
6962 67
6963 70
6964 75
6965 73
6966 76
6967 71
6968 59
6969 65
6970 68
6971 61
6972 68
6973 69
6974 68
6975 72
6976 67
6977 76
6978 63
6979 57
6980 50
6981 47
6982 56
6983 62
6984 67
6985 73
6986 72
6987 59
6988 70
6989 78
6990 75
6991 69
6992 65
6993 67
6994 79
6995 71
6996 61
6997 62
6998 61
6999 58
7000 60
7001 68
7002 69
7003 77
7004 71
7005 66
7006 62
7007 72
7008 75
7009 69
7010 67
7011 64
7012 65
7013 64
7014 70
7015 68
7016 78
7017 62
7018 65
7019 74
7020 73
7021 68
7022 68
7023 69
7024 73
7025 67
7026 64
7027 60
7028 63
7029 71
7030 70
7031 71
7032 74
7033 63
7034 62
7035 64
7036 65
7037 68
7038 67
7039 69
7040 68
7041 83
7042 72
7043 79
7044 69
7045 60
7046 66
7047 65
7048 61
7049 59
7050 60
7051 62
7052 66
7053 67
7054 66
7055 69
7056 80
7057 73
7058 72
7059 66
7060 63
7061 67
7062 68
7063 79
7064 80
7065 67
7066 73
7067 81
7068 65
7069 81
7070 65
7071 70
7072 69
7073 69
7074 72
7075 66
7076 69
7077 71
7078 82
7079 73
7080 67
7081 70
7082 72
7083 67
7084 73
7085 72
7086 70
7087 79
7088 77
7089 75
7090 68
7091 60
7092 80
7093 81
7094 81
7095 77
7096 83
7097 87
7098 67
7099 73
7100 70
7101 88
7102 86
7103 69
7104 57
7105 55
7106 68
7107 71
7108 73
7109 65
7110 78
7111 76
7112 74
7113 77
7114 76
7115 78
7116 71
7117 79
7118 78
7119 77
7120 77
7121 65
7122 62
7123 68
7124 64
7125 65
7126 70
7127 81
7128 62
7129 69
7130 81
7131 77
7132 75
7133 74
7134 66
7135 60
7136 56
7137 57
7138 68
7139 67
7140 71
7141 65
7142 79
7143 73
7144 70
7145 67
7146 80
7147 65
7148 62
7149 65
7150 60
7151 59
7152 55
7153 67
7154 70
7155 67
7156 72
7157 66
7158 69
7159 78
7160 73
7161 87
7162 74
7163 83
7164 74
7165 76
7166 70
7167 70
7168 68
7169 68
7170 70
7171 75
7172 65
7173 61
7174 59
7175 64
7176 73
7177 68
7178 76
7179 72
7180 69
7181 64
7182 78
7183 68
7184 74
7185 73
7186 71
7187 65
7188 59
7189 60
7190 63
7191 65
7192 77
7193 59
7194 69
7195 67
7196 63
7197 77
7198 68
7199 77
7200 70
7201 74
7202 59
7203 60
7204 59
7205 68
7206 67
7207 75
7208 59
7209 57
7210 50
7211 51
7212 66
7213 69
7214 72
7215 69
7216 70
7217 79
7218 65
7219 68
7220 70
7221 84
7222 79
7223 71
7224 67
7225 77
7226 72
7227 72
7228 58
7229 62
7230 74
7231 69
7232 54
7233 65
7234 76
7235 70
7236 72
7237 68
7238 62
7239 70
7240 72
7241 77
7242 64
7243 72
7244 77
7245 77
7246 83
7247 67
7248 76
7249 70
7250 66
7251 71
7252 73
7253 65
7254 66
7255 68
7256 75
7257 69
7258 73
7259 62
7260 69
7261 65
7262 80
7263 74
7264 71
7265 72
7266 78
7267 71
7268 78
7269 82
7270 71
7271 77
7272 76
7273 75
7274 72
7275 75
7276 76
7277 58
7278 72
7279 75
7280 57
7281 71
7282 70
7283 62
7284 67
7285 69
7286 69
7287 74
7288 76
7289 65
7290 66
7291 71
7292 67
7293 64
7294 75
7295 77
7296 68
7297 68
7298 60
7299 54
7300 57
7301 70
7302 75
7303 72
7304 61
7305 66
7306 63
7307 58
7308 63
7309 65
7310 77
7311 72
7312 71
7313 63
7314 66
7315 65
7316 54
7317 56
7318 49
7319 56
7320 55
7321 56
7322 71
7323 68
7324 60
7325 63
7326 64
7327 49
7328 54
7329 57
7330 71
7331 66
7332 69
7333 67
7334 67
7335 62
7336 53
7337 59
7338 69
7339 77
7340 77
7341 63
7342 51
7343 63
7344 72
7345 72
7346 68
7347 73
7348 68
7349 64
7350 65
7351 64
7352 58
7353 76
7354 70
7355 66
7356 63
7357 64
7358 47
7359 52
7360 59
7361 55
7362 61
7363 63
7364 71
7365 75
7366 65
7367 62
7368 72
7369 83
7370 67
7371 68
7372 67
7373 70
7374 67
7375 60
7376 66
7377 62
7378 70
7379 67
7380 61
7381 64
7382 64
7383 63
7384 64
7385 74
7386 72
7387 75
7388 68
7389 66
7390 63
7391 60
7392 60
7393 62
7394 52
7395 56
7396 62
7397 73
7398 66
7399 73
7400 64
7401 73
7402 68
7403 72
7404 73
7405 65
7406 81
7407 63
7408 68
7409 77
7410 71
7411 76
7412 70
7413 69
7414 76
7415 93
7416 82
7417 67
7418 76
7419 76
7420 60
7421 63
7422 61
7423 62
7424 70
7425 73
7426 71
7427 72
7428 78
7429 72
7430 66
7431 69
7432 84
7433 71
7434 63
7435 62
7436 63
7437 53
7438 50
7439 58
7440 75
7441 77
7442 68
7443 81
7444 73
7445 79
7446 80
7447 79
7448 70
7449 66
7450 72
7451 62
7452 72
7453 82
7454 82
7455 73
7456 84
7457 66
7458 69
7459 86
7460 81
7461 69
7462 67
7463 60
7464 61
7465 66
7466 75
7467 70
7468 78
7469 70
7470 70
7471 73
7472 82
7473 76
7474 69
7475 65
7476 65
7477 70
7478 59
7479 73
7480 82
7481 77
7482 78
7483 66
7484 74
7485 78
7486 60
7487 69
7488 78
7489 75
7490 69
7491 59
7492 57
7493 54
7494 53
7495 57
7496 76
7497 79
7498 77
7499 64
7500 68
7501 62
7502 72
7503 73
7504 73
7505 77
7506 69
7507 80
7508 84
7509 71
7510 85
7511 69
7512 77
7513 71
7514 70
7515 63
7516 60
7517 61
7518 67
7519 60
7520 58
7521 60
7522 66
7523 72
7524 72
7525 78
7526 71
7527 80
7528 75
7529 69
7530 66
7531 62
7532 75
7533 72
7534 68
7535 65
7536 76
7537 62
7538 79
7539 77
7540 84
7541 73
7542 89
7543 76
7544 71
7545 69
7546 72
7547 79
7548 64
7549 78
7550 60
7551 64
7552 44
7553 57
7554 66
7555 48
7556 59
7557 55
7558 66
7559 78
7560 77
7561 79
7562 72
7563 70
7564 66
7565 74
7566 75
7567 64
7568 60
7569 63
7570 74
7571 75
7572 61
7573 67
7574 81
7575 66
7576 75
7577 63
7578 75
7579 74
7580 83
7581 76
7582 72
7583 74
7584 65
7585 62
7586 67
7587 74
7588 89
7589 84
7590 75
7591 72
7592 66
7593 71
7594 67
7595 68
7596 59
7597 65
7598 70
7599 71
7600 69
7601 64
7602 66
7603 70
7604 71
7605 64
7606 56
7607 66
7608 71
7609 69
7610 86
7611 73
7612 77
7613 62
7614 47
7615 67
7616 70
7617 67
7618 66
7619 63
7620 60
7621 63
7622 73
7623 59
7624 72
7625 75
7626 78
7627 70
7628 70
7629 68
7630 69
7631 57
7632 53
7633 40
7634 46
7635 65
7636 66
7637 63
7638 67
7639 62
7640 56
7641 52
7642 59
7643 42
7644 60
7645 66
7646 69
7647 71
7648 70
7649 57
7650 68
7651 67
7652 67
7653 67
7654 70
7655 66
7656 75
7657 85
7658 76
7659 67
7660 68
7661 66
7662 61
7663 59
7664 61
7665 75
7666 74
7667 78
7668 75
7669 68
7670 66
7671 75
7672 63
7673 63
7674 64
7675 78
7676 62
7677 66
7678 67
7679 64
7680 64
7681 67
7682 64
7683 76
7684 77
7685 82
7686 78
7687 77
7688 75
7689 70
7690 84
7691 85
7692 66
7693 63
7694 81
7695 85
7696 90
7697 72
7698 74
7699 74
7700 63
7701 67
7702 66
7703 67
7704 66
7705 56
7706 60
7707 70
7708 73
7709 66
7710 63
7711 70
7712 79
7713 65
7714 52
7715 66
7716 64
7717 74
7718 82
7719 74
7720 79
7721 75
7722 75
7723 68
7724 73
7725 75
7726 71
7727 56
7728 72
7729 70
7730 68
7731 77
7732 68
7733 69
7734 81
7735 73
7736 71
7737 67
7738 77
7739 60
7740 61
7741 62
7742 73
7743 81
7744 74
7745 60
7746 57
7747 64
7748 61
7749 61
7750 71
7751 82
7752 66
7753 56
7754 66
7755 66
7756 73
7757 67
7758 56
7759 63
7760 60
7761 70
7762 67
7763 72
7764 75
7765 76
7766 73
7767 67
7768 78
7769 75
7770 75
7771 72
7772 67
7773 61
7774 58
7775 52
7776 66
7777 71
7778 83
7779 80
7780 75
7781 65
7782 74
7783 70
7784 73
7785 72
7786 77
7787 83
7788 74
7789 80
7790 72
7791 56
7792 66
7793 67
7794 71
7795 77
7796 84
7797 78
7798 72
7799 67
7800 64
7801 55
7802 62
7803 73
7804 81
7805 76
7806 67
7807 70
7808 83
7809 74
7810 75
7811 82
7812 77
7813 76
7814 67
7815 61
7816 63
7817 60
7818 62
7819 71
7820 67
7821 68
7822 67
7823 75
7824 65
7825 69
7826 71
7827 67
7828 62
7829 59
7830 64
7831 70
7832 70
7833 73
7834 69
7835 79
7836 73
7837 67
7838 70
7839 65
7840 71
7841 74
7842 66
7843 70
7844 70
7845 71
7846 79
7847 77
7848 72
7849 79
7850 76
7851 78
7852 68
7853 61
7854 63
7855 65
7856 73
7857 75
7858 70
7859 80
7860 69
7861 63
7862 67
7863 65
7864 63
7865 79
7866 79
7867 77
7868 76
7869 65
7870 55
7871 52
7872 59
7873 65
7874 65
7875 67
7876 75
7877 73
7878 77
7879 67
7880 74
7881 67
7882 69
7883 74
7884 70
7885 80
7886 74
7887 74
7888 73
7889 73
7890 62
7891 64
7892 67
7893 65
7894 74
7895 73
7896 81
7897 72
7898 77
7899 74
7900 71
7901 72
7902 66
7903 65
7904 62
7905 57
7906 58
7907 62
7908 69
7909 72
7910 68
7911 71
7912 69
7913 60
7914 67
7915 71
7916 70
7917 72
7918 74
7919 70
7920 78
7921 73
7922 68
7923 79
7924 80
7925 69
7926 68
7927 71
7928 76
7929 72
7930 64
7931 58
7932 74
7933 83
7934 69
7935 62
7936 60
7937 77
7938 69
7939 65
7940 64
7941 58
7942 43
7943 54
7944 61
7945 64
7946 58
7947 57
7948 56
7949 70
7950 75
7951 71
7952 67
7953 81
7954 75
7955 70
7956 72
7957 75
7958 71
7959 72
7960 68
7961 58
7962 57
7963 62
7964 59
7965 64
7966 63
7967 74
7968 73
7969 62
7970 58
7971 65
7972 67
7973 65
7974 62
7975 71
7976 77
7977 71
7978 67
7979 75
7980 70
7981 60
7982 65
7983 58
7984 68
7985 59
7986 55
7987 61
7988 63
7989 62
7990 64
7991 67
7992 57
7993 58
7994 65
7995 74
7996 62
7997 72
7998 69
7999 77
8000 66
8001 70
8002 77
8003 72
8004 56
8005 54
8006 53
8007 47
8008 67
8009 70
8010 64
8011 72
8012 70
8013 71
8014 72
8015 63
8016 75
8017 71
8018 78
8019 75
8020 57
8021 73
8022 61
8023 63
8024 59
8025 50
8026 70
8027 79
8028 67
8029 66
8030 69
8031 78
8032 68
8033 51
8034 46
8035 52
8036 62
8037 75
8038 74
8039 70
8040 69
8041 70
8042 53
8043 55
8044 60
8045 78
8046 75
8047 73
8048 69
8049 66
8050 75
8051 61
8052 76
8053 74
8054 63
8055 72
8056 61
8057 74
8058 65
8059 80
8060 71
8061 68
8062 74
8063 66
8064 67
8065 73
8066 73
8067 72
8068 69
8069 69
8070 52
8071 53
8072 64
8073 80
8074 76
8075 69
8076 66
8077 62
8078 72
8079 67
8080 71
8081 73
8082 63
8083 69
8084 60
8085 59
8086 53
8087 60
8088 62
8089 70
8090 66
8091 68
8092 56
8093 63
8094 75
8095 76
8096 74
8097 64
8098 64
8099 55
8100 47
8101 54
8102 60
8103 68
8104 69
8105 72
8106 80
8107 68
8108 57
8109 51
8110 46
8111 49
8112 52
8113 64
8114 72
8115 77
8116 88
8117 70
8118 67
8119 69
8120 69
8121 65
8122 65
8123 63
8124 69
8125 69
8126 70
8127 69
8128 73
8129 73
8130 76
8131 79
8132 82
8133 70
8134 69
8135 68
8136 57
8137 65
8138 69
8139 64
8140 60
8141 73
8142 66
8143 68
8144 73
8145 77
8146 71
8147 66
8148 73
8149 77
8150 78
8151 71
8152 76
8153 75
8154 67
8155 64
8156 66
8157 65
8158 54
8159 66
8160 59
8161 66
8162 57
8163 63
8164 65
8165 64
8166 67
8167 72
8168 71
8169 54
8170 53
8171 56
8172 63
8173 64
8174 79
8175 77
8176 87
8177 77
8178 67
8179 69
8180 71
8181 70
8182 62
8183 59
8184 55
8185 43
8186 53
8187 64
8188 57
8189 75
8190 72
8191 59
8192 65
8193 68
8194 74
8195 67
8196 75
8197 79
8198 74
8199 56
8200 76
8201 64
8202 70
8203 75
8204 69
8205 70
8206 71
8207 72
8208 59
8209 50
8210 56
8211 57
8212 62
8213 57
8214 68
8215 88
8216 82
8217 75
8218 72
8219 69
8220 69
8221 80
8222 60
8223 69
8224 75
8225 74
8226 65
8227 64
8228 60
8229 66
8230 68
8231 67
8232 67
8233 74
8234 68
8235 74
8236 74
8237 84
8238 68
8239 73
8240 67
8241 63
8242 65
8243 68
8244 56
8245 40
8246 47
8247 58
8248 52
8249 67
8250 78
8251 71
8252 78
8253 65
8254 64
8255 66
8256 64
8257 66
8258 61
8259 66
8260 73
8261 75
8262 73
8263 68
8264 66
8265 76
8266 68
8267 65
8268 75
8269 71
8270 65
8271 72
8272 65
8273 67
8274 56
8275 65
8276 57
8277 49
8278 58
8279 63
8280 67
8281 66
8282 69
8283 65
8284 64
8285 66
8286 75
8287 65
8288 81
8289 69
8290 67
8291 68
8292 73
8293 70
8294 61
8295 55
8296 56
8297 60
8298 68
8299 69
8300 73
8301 81
8302 64
8303 67
8304 76
8305 76
8306 74
8307 73
8308 72
8309 74
8310 79
8311 70
8312 73
8313 61
8314 75
8315 70
8316 65
8317 67
8318 70
8319 66
8320 67
8321 64
8322 58
8323 59
8324 79
8325 75
8326 78
8327 86
8328 74
8329 77
8330 67
8331 63
8332 73
8333 71
8334 70
8335 70
8336 57
8337 65
8338 77
8339 67
8340 81
8341 75
8342 67
8343 67
8344 63
8345 77
8346 73
8347 66
8348 71
8349 73
8350 72
8351 60
8352 58
8353 70
8354 70
8355 71
8356 75
8357 61
8358 79
8359 74
8360 68
8361 72
8362 74
8363 54
8364 55
8365 67
8366 64
8367 67
8368 66
8369 57
8370 65
8371 66
8372 66
8373 68
8374 69
8375 64
8376 73
8377 83
8378 71
8379 74
8380 61
8381 71
8382 63
8383 59
8384 67
8385 66
8386 74
8387 74
8388 66
8389 64
8390 59
8391 75
8392 64
8393 67
8394 79
8395 76
8396 78
8397 70
8398 61
8399 69
8400 75
8401 74
8402 70
8403 74
8404 77
8405 76
8406 65
8407 73
8408 69
8409 62
8410 60
8411 54
8412 46
8413 47
8414 49
8415 60
8416 71
8417 62
8418 65
8419 69
8420 75
8421 77
8422 68
8423 69
8424 63
8425 65
8426 70
8427 79
8428 68
8429 73
8430 73
8431 63
8432 65
8433 73
8434 59
8435 59
8436 65
8437 62
8438 60
8439 65
8440 76
8441 84
8442 69
8443 64
8444 72
8445 67
8446 66
8447 63
8448 63
8449 75
8450 81
8451 75
8452 73
8453 70
8454 72
8455 80
8456 81
8457 69
8458 64
8459 67
8460 61
8461 76
8462 66
8463 78
8464 73
8465 75
8466 74
8467 64
8468 60
8469 43
8470 28
8471 32
8472 36
8473 43
8474 57
8475 62
8476 56
8477 59
8478 63
8479 80
8480 68
8481 73
8482 62
8483 75
8484 64
8485 60
8486 75
8487 60
8488 70
8489 75
8490 75
8491 75
8492 67
8493 61
8494 63
8495 65
8496 56
8497 62
8498 66
8499 62
8500 67
8501 70
8502 64
8503 75
8504 81
8505 83
8506 63
8507 68
8508 65
8509 64
8510 59
8511 58
8512 56
8513 62
8514 60
8515 74
8516 76
8517 65
8518 70
8519 74
8520 79
8521 75
8522 55
8523 69
8524 70
8525 62
8526 67
8527 72
8528 74
8529 65
8530 72
8531 61
8532 64
8533 65
8534 74
8535 70
8536 71
8537 62
8538 57
8539 56
8540 74
8541 66
8542 75
8543 65
8544 66
8545 67
8546 69
8547 61
8548 72
8549 77
8550 78
8551 81
8552 63
8553 64
8554 74
8555 78
8556 70
8557 74
8558 68
8559 74
8560 69
8561 62
8562 61
8563 59
8564 64
8565 79
8566 65
8567 55
8568 62
8569 55
8570 69
8571 65
8572 75
8573 72
8574 65
8575 81
8576 66
8577 69
8578 63
8579 62
8580 64
8581 65
8582 69
8583 72
8584 69
8585 67
8586 59
8587 57
8588 46
8589 62
8590 58
8591 67
8592 72
8593 55
8594 47
8595 58
8596 70
8597 72
8598 64
8599 69
8600 70
8601 80
8602 72
8603 82
8604 66
8605 81
8606 72
8607 84
8608 83
8609 76
8610 70
8611 65
8612 66
8613 81
8614 73
8615 63
8616 70
8617 51
8618 67
8619 70
8620 54
8621 52
8622 60
8623 69
8624 69
8625 65
8626 69
8627 55
8628 69
8629 68
8630 74
8631 82
8632 71
8633 70
8634 74
8635 85
8636 74
8637 78
8638 68
8639 72
8640 67
8641 68
8642 61
8643 66
8644 73
8645 71
8646 65
8647 75
8648 68
8649 68
8650 71
8651 70
8652 68
8653 78
8654 68
8655 75
8656 87
8657 83
8658 75
8659 78
8660 69
8661 73
8662 67
8663 68
8664 78
8665 61
8666 61
8667 60
8668 71
8669 74
8670 73
8671 74
8672 69
8673 55
8674 59
8675 61
8676 72
8677 78
8678 68
8679 70
8680 74
8681 75
8682 76
8683 79
8684 80
8685 82
8686 80
8687 73
8688 73
8689 70
8690 71
8691 67
8692 76
8693 75
8694 69
8695 70
8696 80
8697 90
8698 82
8699 87
8700 70
8701 85
8702 73
8703 67
8704 76
8705 70
8706 70
8707 75
8708 71
8709 69
8710 77
8711 66
8712 60
8713 59
8714 59
8715 56
8716 57
8717 66
8718 61
8719 71
8720 72
8721 62
8722 75
8723 74
8724 75
8725 73
8726 68
8727 67
8728 69
8729 72
8730 73
8731 68
8732 67
8733 62
8734 72
8735 76
8736 78
8737 70
8738 68
8739 67
8740 80
8741 70
8742 66
8743 67
8744 67
8745 62
8746 76
8747 69
8748 72
8749 61
8750 68
8751 67
8752 58
8753 64
8754 72
8755 65
8756 49
8757 60
8758 69
8759 73
8760 77
8761 74
8762 63
8763 66
8764 69
8765 66
8766 60
8767 69
8768 74
8769 70
8770 69
8771 79
8772 76
8773 63
8774 73
8775 64
8776 70
8777 65
8778 76
8779 85
8780 73
8781 67
8782 76
8783 65
8784 76
8785 72
8786 72
8787 75
8788 74
8789 61
8790 60
8791 68
8792 65
8793 57
8794 54
8795 67
8796 69
8797 72
8798 66
8799 64
8800 59
8801 74
8802 71
8803 63
8804 64
8805 76
8806 85
8807 74
8808 71
8809 61
8810 72
8811 67
8812 70
8813 72
8814 68
8815 78
8816 77
8817 75
8818 72
8819 67
8820 52
8821 49
8822 60
8823 58
8824 68
8825 64
8826 63
8827 75
8828 73
8829 71
8830 65
8831 69
8832 63
8833 80
8834 71
8835 66
8836 59
8837 58
8838 75
8839 79
8840 59
8841 65
8842 65
8843 70
8844 84
8845 69
8846 76
8847 69
8848 67
8849 78
8850 61
8851 55
8852 72
8853 69
8854 71
8855 72
8856 73
8857 77
8858 72
8859 64
8860 64
8861 63
8862 64
8863 68
8864 73
8865 68
8866 77
8867 82
8868 89
8869 71
8870 68
8871 72
8872 67
8873 67
8874 69
8875 70
8876 82
8877 73
8878 74
8879 74
8880 84
8881 71
8882 82
8883 70
8884 66
8885 68
8886 74
8887 77
8888 58
8889 74
8890 66
8891 68
8892 70
8893 71
8894 67
8895 56
8896 46
8897 42
8898 48
8899 62
8900 59
8901 77
8902 67
8903 52
8904 62
8905 65
8906 81
8907 75
8908 73
8909 66
8910 69
8911 60
8912 79
8913 78
8914 75
8915 72
8916 62
8917 50
8918 63
8919 77
8920 71
8921 74
8922 77
8923 75
8924 73
8925 83
8926 81
8927 75
8928 73
8929 71
8930 68
8931 63
8932 69
8933 71
8934 68
8935 59
8936 55
8937 65
8938 73
8939 63
8940 69
8941 73
8942 74
8943 71
8944 67
8945 64
8946 65
8947 66
8948 69
8949 70
8950 75
8951 62
8952 77
8953 68
8954 71
8955 72
8956 79
8957 80
8958 70
8959 77
8960 72
8961 63
8962 77
8963 66
8964 61
8965 63
8966 68
8967 63
8968 67
8969 63
8970 79
8971 70
8972 70
8973 65
8974 56
8975 60
8976 56
8977 54
8978 70
8979 65
8980 64
8981 60
8982 70
8983 63
8984 67
8985 64
8986 61
8987 53
8988 69
8989 71
8990 72
8991 69
8992 67
8993 69
8994 73
8995 80
8996 72
8997 76
8998 71
8999 71
9000 70
9001 82
9002 96
9003 87
9004 69
9005 84
9006 86
9007 72
9008 83
9009 83
9010 82
9011 66
9012 70
9013 77
9014 84
9015 92
9016 74
9017 74
9018 71
9019 91
9020 76
9021 73
9022 78
9023 61
9024 72
9025 74
9026 56
9027 74
9028 77
9029 63
9030 73
9031 71
9032 65
9033 64
9034 70
9035 80
9036 69
9037 74
9038 68
9039 80
9040 73
9041 62
9042 56
9043 66
9044 63
9045 58
9046 55
9047 67
9048 66
9049 66
9050 65
9051 77
9052 76
9053 73
9054 59
9055 50
9056 66
9057 65
9058 69
9059 74
9060 72
9061 75
9062 72
9063 72
9064 56
9065 57
9066 72
9067 77
9068 81
9069 74
9070 82
9071 73
9072 76
9073 68
9074 67
9075 79
9076 83
9077 78
9078 66
9079 62
9080 50
9081 52
9082 62
9083 75
9084 72
9085 78
9086 64
9087 70
9088 60
9089 67
9090 75
9091 67
9092 71
9093 79
9094 66
9095 70
9096 76
9097 68
9098 66
9099 57
9100 64
9101 68
9102 71
9103 76
9104 72
9105 68
9106 82
9107 75
9108 72
9109 69
9110 74
9111 65
9112 64
9113 71
9114 62
9115 64
9116 64
9117 59
9118 66
9119 60
9120 61
9121 61
9122 60
9123 61
9124 59
9125 61
9126 52
9127 62
9128 66
9129 69
9130 62
9131 67
9132 76
9133 75
9134 62
9135 57
9136 71
9137 75
9138 76
9139 77
9140 78
9141 69
9142 63
9143 61
9144 66
9145 71
9146 64
9147 78
9148 68
9149 65
9150 68
9151 82
9152 72
9153 74
9154 71
9155 71
9156 75
9157 69
9158 76
9159 75
9160 74
9161 69
9162 63
9163 66
9164 77
9165 68
9166 62
9167 67
9168 64
9169 80
9170 81
9171 76
9172 83
9173 74
9174 59
9175 56
9176 58
9177 71
9178 66
9179 53
9180 56
9181 64
9182 78
9183 75
9184 62
9185 67
9186 73
9187 77
9188 72
9189 75
9190 77
9191 71
9192 69
9193 76
9194 74
9195 70
9196 69
9197 74
9198 67
9199 72
9200 70
9201 63
9202 74
9203 72
9204 72
9205 68
9206 82
9207 83
9208 80
9209 75
9210 78
9211 72
9212 62
9213 61
9214 63
9215 67
9216 70
9217 74
9218 66
9219 72
9220 68
9221 60
9222 64
9223 57
9224 70
9225 65
9226 60
9227 59
9228 65
9229 65
9230 69
9231 79
9232 71
9233 76
9234 64
9235 66
9236 66
9237 76
9238 66
9239 76
9240 70
9241 68
9242 64
9243 62
9244 59
9245 57
9246 54
9247 57
9248 65
9249 63
9250 60
9251 61
9252 74
9253 64
9254 78
9255 62
9256 80
9257 63
9258 70
9259 73
9260 73
9261 70
9262 70
9263 77
9264 72
9265 68
9266 82
9267 72
9268 74
9269 62
9270 71
9271 65
9272 66
9273 66
9274 84
9275 67
9276 61
9277 69
9278 70
9279 73
9280 78
9281 76
9282 74
9283 66
9284 54
9285 56
9286 58
9287 63
9288 62
9289 56
9290 67
9291 82
9292 68
9293 78
9294 65
9295 59
9296 62
9297 68
9298 72
9299 73
9300 68
9301 69
9302 68
9303 70
9304 63
9305 69
9306 62
9307 55
9308 57
9309 74
9310 58
9311 72
9312 70
9313 72
9314 66
9315 62
9316 67
9317 68
9318 74
9319 79
9320 73
9321 71
9322 57
9323 67
9324 68
9325 61
9326 73
9327 77
9328 70
9329 74
9330 81
9331 70
9332 68
9333 84
9334 79
9335 83
9336 78
9337 67
9338 70
9339 71
9340 79
9341 72
9342 71
9343 66
9344 65
9345 70
9346 77
9347 74
9348 69
9349 71
9350 74
9351 66
9352 73
9353 77
9354 71
9355 65
9356 71
9357 77
9358 70
9359 68
9360 78
9361 70
9362 79
9363 65
9364 69
9365 73
9366 72
9367 67
9368 75
9369 72
9370 72
9371 64
9372 66
9373 60
9374 69
9375 74
9376 71
9377 59
9378 66
9379 75
9380 61
9381 51
9382 55
9383 37
9384 51
9385 66
9386 72
9387 71
9388 77
9389 82
9390 70
9391 71
9392 80
9393 69
9394 72
9395 77
9396 72
9397 84
9398 76
9399 72
9400 66
9401 69
9402 59
9403 69
9404 74
9405 68
9406 68
9407 57
9408 50
9409 59
9410 56
9411 55
9412 53
9413 63
9414 59
9415 63
9416 67
9417 59
9418 67
9419 61
9420 69
9421 75
9422 72
9423 71
9424 80
9425 87
9426 75
9427 71
9428 70
9429 63
9430 61
9431 64
9432 65
9433 69
9434 72
9435 72
9436 75
9437 69
9438 73
9439 81
9440 78
9441 69
9442 53
9443 68
9444 75
9445 73
9446 84
9447 68
9448 70
9449 82
9450 79
9451 60
9452 56
9453 66
9454 71
9455 69
9456 70
9457 68
9458 86
9459 75
9460 73
9461 78
9462 69
9463 70
9464 84
9465 78
9466 68
9467 67
9468 82
9469 74
9470 83
9471 71
9472 72
9473 69
9474 66
9475 73
9476 66
9477 63
9478 62
9479 69
9480 62
9481 60
9482 58
9483 56
9484 74
9485 66
9486 65
9487 63
9488 62
9489 65
9490 58
9491 75
9492 65
9493 71
9494 73
9495 72
9496 62
9497 71
9498 84
9499 68
9500 72
9501 68
9502 82
9503 81
9504 72
9505 80
9506 72
9507 55
9508 67
9509 72
9510 73
9511 68
9512 88
9513 70
9514 73
9515 71
9516 64
9517 61
9518 67
9519 73
9520 67
9521 76
9522 73
9523 90
9524 80
9525 67
9526 65
9527 69
9528 66
9529 73
9530 69
9531 65
9532 67
9533 53
9534 71
9535 70
9536 66
9537 61
9538 57
9539 59
9540 65
9541 69
9542 71
9543 70
9544 81
9545 74
9546 63
9547 65
9548 69
9549 65
9550 60
9551 75
9552 84
9553 70
9554 66
9555 59
9556 68
9557 73
9558 72
9559 64
9560 67
9561 65
9562 73
9563 56
9564 61
9565 62
9566 62
9567 68
9568 81
9569 81
9570 71
9571 70
9572 68
9573 71
9574 75
9575 76
9576 71
9577 71
9578 69
9579 74
9580 60
9581 70
9582 68
9583 70
9584 66
9585 65
9586 69
9587 62
9588 71
9589 80
9590 68
9591 71
9592 68
9593 72
9594 71
9595 72
9596 54
9597 60
9598 64
9599 77
9600 65
9601 70
9602 70
9603 60
9604 68
9605 66
9606 65
9607 53
9608 54
9609 59
9610 65
9611 67
9612 66
9613 56
9614 53
9615 49
9616 62
9617 59
9618 64
9619 64
9620 71
9621 57
9622 66
9623 77
9624 71
9625 67
9626 74
9627 64
9628 72
9629 61
9630 69
9631 65
9632 75
9633 65
9634 70
9635 78
9636 76
9637 83
9638 81
9639 68
9640 73
9641 69
9642 64
9643 52
9644 50
9645 65
9646 72
9647 69
9648 67
9649 72
9650 69
9651 61
9652 65
9653 72
9654 67
9655 67
9656 65
9657 68
9658 67
9659 65
9660 66
9661 76
9662 75
9663 74
9664 72
9665 72
9666 69
9667 63
9668 56
9669 51
9670 62
9671 72
9672 83
9673 77
9674 64
9675 56
9676 54
9677 70
9678 83
9679 76
9680 69
9681 74
9682 71
9683 63
9684 78
9685 75
9686 77
9687 73
9688 69
9689 71
9690 61
9691 70
9692 78
9693 69
9694 71
9695 70
9696 70
9697 75
9698 70
9699 68
9700 66
9701 70
9702 72
9703 69
9704 64
9705 75
9706 72
9707 80
9708 61
9709 60
9710 67
9711 58
9712 55
9713 58
9714 77
9715 74
9716 75
9717 72
9718 76
9719 67
9720 72
9721 75
9722 70
9723 60
9724 77
9725 64
9726 62
9727 71
9728 70
9729 78
9730 73
9731 74
9732 72
9733 75
9734 78
9735 70
9736 72
9737 63
9738 75
9739 93
9740 88
9741 71
9742 74
9743 77
9744 74
9745 66
9746 65
9747 62
9748 67
9749 75
9750 75
9751 72
9752 66
9753 74
9754 75
9755 63
9756 58
9757 62
9758 71
9759 75
9760 68
9761 73
9762 74
9763 68
9764 81
9765 72
9766 74
9767 63
9768 66
9769 65
9770 83
9771 68
9772 70
9773 75
9774 71
9775 63
9776 72
9777 68
9778 87
9779 78
9780 74
9781 72
9782 63
9783 76
9784 75
9785 73
9786 71
9787 71
9788 62
9789 72
9790 77
9791 70
9792 61
9793 62
9794 63
9795 65
9796 63
9797 67
9798 70
9799 77
9800 73
9801 67
9802 68
9803 67
9804 76
9805 65
9806 78
9807 75
9808 65
9809 67
9810 75
9811 68
9812 59
9813 64
9814 73
9815 66
9816 72
9817 77
9818 74
9819 67
9820 74
9821 67
9822 66
9823 69
9824 68
9825 72
9826 67
9827 78
9828 63
9829 72
9830 69
9831 63
9832 63
9833 71
9834 65
9835 64
9836 69
9837 71
9838 55
9839 54
9840 70
9841 73
9842 74
9843 76
9844 70
9845 83
9846 73
9847 64
9848 58
9849 69
9850 70
9851 73
9852 81
9853 80
9854 72
9855 70
9856 72
9857 73
9858 73
9859 69
9860 78
9861 71
9862 74
9863 77
9864 67
9865 63
9866 72
9867 71
9868 75
9869 83
9870 67
9871 75
9872 72
9873 84
9874 77
9875 70
9876 60
9877 61
9878 70
9879 88
9880 87
9881 72
9882 56
9883 39
9884 36
9885 53
9886 66
9887 83
9888 70
9889 75
9890 71
9891 72
9892 68
9893 70
9894 74
9895 58
9896 72
9897 71
9898 72
9899 74
9900 73
9901 65
9902 52
9903 38
9904 50
9905 61
9906 63
9907 61
9908 64
9909 64
9910 66
9911 66
9912 72
9913 72
9914 76
9915 69
9916 70
9917 84
9918 86
9919 70
9920 64
9921 70
9922 64
9923 77
9924 70
9925 50
9926 48
9927 55
9928 58
9929 66
9930 77
9931 72
9932 62
9933 69
9934 79
9935 70
9936 69
9937 62
9938 63
9939 65
9940 67
9941 72
9942 55
9943 53
9944 63
9945 73
9946 76
9947 72
9948 70
9949 59
9950 56
9951 41
9952 39
9953 43
9954 52
9955 72
9956 68
9957 65
9958 61
9959 56
9960 55
9961 69
9962 66
9963 57
9964 56
9965 57
9966 57
9967 55
9968 69
9969 75
9970 64
9971 67
9972 72
9973 63
9974 66
9975 75
9976 73
9977 72
9978 77
9979 66
9980 57
9981 65
9982 58
9983 63
9984 66
9985 71
9986 69
9987 70
9988 73
9989 70
9990 64
9991 84
9992 75
9993 71
9994 66
9995 65
9996 84
9997 80
9998 72
9999 72
10000 66
10001 69
10002 66
10003 78
10004 86
10005 78
10006 72
10007 68
10008 76
10009 61
10010 71
10011 78
10012 69
10013 66
10014 67
10015 72
10016 69
10017 54
10018 68
10019 80
10020 71
10021 75
10022 82
10023 73
10024 71
10025 76
10026 74
10027 71
10028 71
10029 78
10030 73
10031 64
10032 54
10033 65
10034 67
10035 68
10036 70
10037 83
10038 89
10039 74
10040 69
10041 73
10042 60
10043 51
10044 60
10045 76
10046 74
10047 77
10048 65
10049 70
10050 61
10051 60
10052 80
10053 74
10054 80
10055 65
10056 72
10057 69
10058 71
10059 69
10060 74
10061 75
10062 66
10063 58
10064 56
10065 61
10066 74
10067 78
10068 65
10069 68
10070 75
10071 79
10072 71
10073 67
10074 60
10075 61
10076 68
10077 74
10078 67
10079 59
10080 56
10081 74
10082 72
10083 75
10084 79
10085 67
10086 60
10087 65
10088 67
10089 71
10090 64
10091 74
10092 69
10093 63
10094 66
10095 69
10096 67
10097 66
10098 62
10099 61
10100 62
10101 59
10102 53
10103 63
10104 68
10105 76
10106 75
10107 72
10108 67
10109 69
10110 70
10111 66
10112 76
10113 76
10114 69
10115 58
10116 60
10117 73
10118 71
10119 73
10120 64
10121 60
10122 66
10123 80
10124 76
10125 93
10126 82
10127 68
10128 58
10129 63
10130 65
10131 69
10132 62
10133 63
10134 74
10135 69
10136 69
10137 77
10138 80
10139 72
10140 75
10141 69
10142 71
10143 81
10144 80
10145 69
10146 63
10147 66
10148 67
10149 81
10150 67
10151 66
10152 73
10153 64
10154 68
10155 77
10156 72
10157 69
10158 68
10159 61
10160 67
10161 73
10162 77
10163 75
10164 73
10165 68
10166 71
10167 75
10168 70
10169 64
10170 59
10171 64
10172 80
10173 75
10174 66
10175 58
10176 66
10177 72
10178 64
10179 62
10180 76
10181 68
10182 74
10183 77
10184 82
10185 75
10186 62
10187 57
10188 55
10189 63
10190 74
10191 63
10192 63
10193 59
10194 63
10195 66
10196 69
10197 63
10198 72
10199 78
10200 63
10201 65
10202 77
10203 76
10204 76
10205 70
10206 73
10207 72
10208 60
10209 69
10210 81
10211 75
10212 73
10213 66
10214 67
10215 71
10216 75
10217 81
10218 73
10219 70
10220 54
10221 65
10222 65
10223 69
10224 83
10225 77
10226 63
10227 58
10228 50
10229 51
10230 56
10231 49
10232 55
10233 66
10234 71
10235 84
10236 74
10237 77
10238 69
10239 65
10240 64
10241 62
10242 63
10243 65
10244 51
10245 68
10246 73
10247 76
10248 60
10249 80
10250 71
10251 74
10252 64
10253 60
10254 61
10255 63
10256 65
10257 66
10258 55
10259 60
10260 62
10261 69
10262 69
10263 53
10264 65
10265 56
10266 74
10267 68
10268 79
10269 87
10270 85
10271 77
10272 68
10273 82
10274 86
10275 68
10276 73
10277 69
10278 79
10279 79
10280 68
10281 57
10282 61
10283 64
10284 70
10285 72
10286 71
10287 72
10288 65
10289 64
10290 72
10291 71
10292 65
10293 70
10294 76
10295 81
10296 70
10297 86
10298 81
10299 82
10300 67
10301 73
10302 72
10303 73
10304 66
10305 63
10306 79
10307 77
10308 72
10309 71
10310 70
10311 63
10312 67
10313 78
10314 60
10315 78
10316 68
10317 74
10318 67
10319 63
10320 68
10321 67
10322 80
10323 82
10324 89
10325 73
10326 72
10327 77
10328 61
10329 60
10330 64
10331 64
10332 71
10333 64
10334 60
10335 68
10336 77
10337 62
10338 66
10339 61
10340 71
10341 71
10342 68
10343 66
10344 61
10345 74
10346 77
10347 80
10348 80
10349 65
10350 64
10351 76
10352 73
10353 66
10354 75
10355 77
10356 72
10357 69
10358 74
10359 87
10360 85
10361 83
10362 68
10363 78
10364 82
10365 71
10366 70
10367 79
10368 72
10369 66
10370 67
10371 75
10372 78
10373 66
10374 64
10375 67
10376 74
10377 69
10378 71
10379 71
10380 66
10381 58
10382 49
10383 65
10384 75
10385 68
10386 63
10387 73
10388 64
10389 65
10390 74
10391 69
10392 64
10393 63
10394 65
10395 74
10396 73
10397 71
10398 69
10399 70
10400 61
10401 72
10402 58
10403 61
10404 73
10405 79
10406 79
10407 67
10408 63
10409 73
10410 80
10411 82
10412 81
10413 75
10414 76
10415 75
10416 58
10417 59
10418 61
10419 67
10420 75
10421 83
10422 75
10423 74
10424 64
10425 61
10426 62
10427 73
10428 75
10429 73
10430 83
10431 74
10432 61
10433 67
10434 75
10435 66
10436 82
10437 68
10438 66
10439 65
10440 71
10441 76
10442 79
10443 88
10444 76
10445 67
10446 68
10447 74
10448 73
10449 77
10450 75
10451 70
10452 77
10453 69
10454 68
10455 68
10456 62
10457 60
10458 70
10459 72
10460 80
10461 77
10462 62
10463 77
10464 68
10465 78
10466 79
10467 78
10468 65
10469 70
10470 75
10471 70
10472 59
10473 58
10474 72
10475 61
10476 65
10477 74
10478 74
10479 85
10480 84
10481 85
10482 77
10483 84
10484 72
10485 69
10486 68
10487 77
10488 73
10489 67
10490 72
10491 69
10492 64
10493 70
10494 71
10495 70
10496 69
10497 66
10498 65
10499 67
10500 55
10501 50
10502 49
10503 57
10504 63
10505 72
10506 68
10507 72
10508 79
10509 72
10510 72
10511 70
10512 62
10513 68
10514 78
10515 74
10516 73
10517 60
10518 66
10519 69
10520 67
10521 68
10522 71
10523 72
10524 64
10525 65
10526 68
10527 68
10528 68
10529 62
10530 65
10531 63
10532 67
10533 78
10534 85
10535 71
10536 68
10537 70
10538 75
10539 81
10540 72
10541 64
10542 66
10543 59
10544 44
10545 32
10546 42
10547 61
10548 75
10549 74
10550 68
10551 53
10552 54
10553 63
10554 70
10555 66
10556 65
10557 76
10558 76
10559 80
10560 71
10561 72
10562 83
10563 76
10564 71
10565 73
10566 75
10567 68
10568 57
10569 71
10570 66
10571 72
10572 75
10573 75
10574 58
10575 63
10576 50
10577 46
10578 51
10579 65
10580 71
10581 68
10582 75
10583 82
10584 69
10585 55
10586 68
10587 62
10588 64
10589 51
10590 62
10591 66
10592 71
10593 63
10594 66
10595 58
10596 68
10597 70
10598 68
10599 70
10600 75
10601 62
10602 66
10603 68
10604 72
10605 67
10606 73
10607 59
10608 72
10609 72
10610 65
10611 74
10612 76
10613 68
10614 59
10615 63
10616 65
10617 61
10618 74
10619 73
10620 65
10621 63
10622 68
10623 75
10624 80
10625 68
10626 70
10627 79
10628 65
10629 64
10630 71
10631 74
10632 67
10633 50
10634 46
10635 50
10636 64
10637 74
10638 76
10639 79
10640 80
10641 75
10642 62
10643 62
10644 57
10645 68
10646 72
10647 83
10648 88
10649 69
10650 80
10651 70
10652 66
10653 71
10654 64
10655 60
10656 62
10657 66
10658 62
10659 59
10660 65
10661 78
10662 64
10663 67
10664 69
10665 74
10666 68
10667 64
10668 70
10669 84
10670 94
10671 81
10672 75
10673 64
10674 63
10675 68
10676 62
10677 59
10678 74
10679 77
10680 66
10681 72
10682 73
10683 74
10684 76
10685 70
10686 86
10687 75
10688 61
10689 58
10690 57
10691 59
10692 64
10693 63
10694 81
10695 65
10696 52
10697 67
10698 67
10699 58
10700 59
10701 65
10702 66
10703 68
10704 72
10705 75
10706 64
10707 72
10708 71
10709 77
10710 68
10711 59
10712 62
10713 72
10714 61
10715 78
10716 73
10717 75
10718 66
10719 65
10720 71
10721 69
10722 65
10723 57
10724 71
10725 69
10726 65
10727 59
10728 65
10729 73
10730 78
10731 82
10732 66
10733 61
10734 70
10735 77
10736 70
10737 74
10738 71
10739 73
10740 69
10741 66
10742 66
10743 63
10744 71
10745 83
10746 70
10747 61
10748 58
10749 75
10750 64
10751 67
10752 65
10753 46
10754 65
10755 66
10756 67
10757 61
10758 77
10759 79
10760 74
10761 66
10762 63
10763 72
10764 79
10765 68
10766 69
10767 72
10768 84
10769 76
10770 68
10771 56
10772 52
10773 56
10774 67
10775 74
10776 72
10777 68
10778 59
10779 57
10780 60
10781 61
10782 70
10783 61
10784 64
10785 78
10786 67
10787 47
10788 43
10789 56
10790 70
10791 74
10792 60
10793 66
10794 63
10795 58
10796 62
10797 65
10798 60
10799 79
10800 68
10801 71
10802 70
10803 71
10804 69
10805 71
10806 69
10807 68
10808 67
10809 80
10810 67
10811 69
10812 75
10813 60
10814 69
10815 74
10816 67
10817 71
10818 80
10819 76
10820 69
10821 87
10822 72
10823 62
10824 56
10825 64
10826 54
10827 63
10828 69
10829 77
10830 61
10831 67
10832 70
10833 72
10834 83
10835 74
10836 69
10837 61
10838 72
10839 64
10840 65
10841 71
10842 68
10843 68
10844 65
10845 61
10846 66
10847 75
10848 74
10849 70
10850 73
10851 69
10852 67
10853 56
10854 72
10855 76
10856 66
10857 64
10858 76
10859 78
10860 74
10861 71
10862 66
10863 80
10864 80
10865 82
10866 66
10867 63
10868 54
10869 62
10870 65
10871 61
10872 45
10873 52
10874 63
10875 65
10876 69
10877 76
10878 66
10879 68
10880 60
10881 56
10882 59
10883 74
10884 73
10885 67
10886 77
10887 75
10888 69
10889 70
10890 73
10891 72
10892 74
10893 61
10894 62
10895 74
10896 63
10897 64
10898 71
10899 70
10900 68
10901 68
10902 70
10903 71
10904 73
10905 79
10906 73
10907 61
10908 81
10909 71
10910 78
10911 62
10912 57
10913 72
10914 72
10915 60
10916 53
10917 64
10918 65
10919 77
10920 83
10921 76
10922 64
10923 69
10924 66
10925 73
10926 78
10927 67
10928 68
10929 64
10930 63
10931 74
10932 71
10933 74
10934 64
10935 84
10936 65
10937 61
10938 69
10939 64
10940 70
10941 66
10942 76
10943 72
10944 63
10945 79
10946 82
10947 78
10948 65
10949 70
10950 74
10951 75
10952 71
10953 70
10954 67
10955 62
10956 69
10957 79
10958 77
10959 75
10960 69
10961 73
10962 71
10963 60
10964 72
10965 56
10966 51
10967 58
10968 62
10969 63
10970 72
10971 70
10972 71
10973 66
10974 65
10975 62
10976 71
10977 79
10978 68
10979 82
10980 67
10981 65
10982 71
10983 75
10984 70
10985 78
10986 79
10987 80
10988 63
10989 69
10990 65
10991 68
10992 71
10993 69
10994 68
10995 67
10996 63
10997 58
10998 51
10999 56
11000 68
11001 64
11002 70
11003 72
11004 72
11005 68
11006 67
11007 56
11008 45
11009 51
11010 52
11011 60
11012 68
11013 69
11014 67
11015 59
11016 57
11017 55
11018 59
11019 54
11020 61
11021 64
11022 61
11023 65
11024 73
11025 76
11026 78
11027 84
11028 70
11029 70
11030 71
11031 85
11032 73
11033 79
11034 73
11035 71
11036 71
11037 70
11038 69
11039 57
11040 68
11041 69
11042 71
11043 57
11044 56
11045 57
11046 69
11047 70
11048 78
11049 71
11050 72
11051 63
11052 60
11053 49
11054 47
11055 57
11056 58
11057 73
11058 76
11059 75
11060 65
11061 58
11062 69
11063 68
11064 76
11065 59
11066 69
11067 68
11068 52
11069 65
11070 66
11071 76
11072 76
11073 73
11074 58
11075 57
11076 69
11077 78
11078 71
11079 66
11080 67
11081 53
11082 62
11083 66
11084 67
11085 72
11086 70
11087 71
11088 64
11089 73
11090 69
11091 68
11092 61
11093 53
11094 47
11095 63
11096 62
11097 54
11098 63
11099 67
11100 75
11101 76
11102 72
11103 68
11104 67
11105 72
11106 75
11107 75
11108 80
11109 88
11110 74
11111 78
11112 85
11113 70
11114 61
11115 66
11116 86
11117 79
11118 69
11119 67
11120 65
11121 76
11122 89
11123 79
11124 68
11125 74
11126 71
11127 66
11128 62
11129 65
11130 60
11131 56
11132 72
11133 67
11134 60
11135 64
11136 66
11137 75
11138 68
11139 77
11140 69
11141 64
11142 63
11143 59
11144 62
11145 72
11146 72
11147 57
11148 59
11149 65
11150 71
11151 64
11152 69
11153 68
11154 78
11155 75
11156 87
11157 81
11158 72
11159 61
11160 71
11161 64
11162 63
11163 65
11164 65
11165 66
11166 74
11167 81
11168 80
11169 76
11170 81
11171 70
11172 68
11173 83
11174 70
11175 79
11176 63
11177 79
11178 80
11179 74
11180 75
11181 76
11182 65
11183 48
11184 65
11185 57
11186 62
11187 58
11188 66
11189 79
11190 61
11191 75
11192 71
11193 73
11194 70
11195 75
11196 80
11197 75
11198 76
11199 81
11200 65
11201 74
11202 72
11203 60
11204 61
11205 64
11206 73
11207 74
11208 68
11209 63
11210 64
11211 74
11212 63
11213 57
11214 72
11215 77
11216 74
11217 69
11218 59
11219 63
11220 60
11221 65
11222 70
11223 61
11224 65
11225 77
11226 67
11227 76
11228 61
11229 50
11230 57
11231 72
11232 66
11233 68
11234 66
11235 67
11236 70
11237 74
11238 82
11239 69
11240 70
11241 86
11242 66
11243 69
11244 70
11245 70
11246 69
11247 74
11248 67
11249 65
11250 67
11251 70
11252 58
11253 67
11254 72
11255 77
11256 72
11257 66
11258 68
11259 80
11260 76
11261 66
11262 69
11263 71
11264 72
11265 70
11266 58
11267 59
11268 75
11269 78
11270 80
11271 73
11272 78
11273 71
11274 78
11275 81
11276 84
11277 65
11278 76
11279 77
11280 76
11281 63
11282 67
11283 62
11284 77
11285 81
11286 76
11287 72
11288 76
11289 87
11290 79
11291 75
11292 76
11293 77
11294 77
11295 73
11296 67
11297 65
11298 65
11299 62
11300 77
11301 70
11302 67
11303 57
11304 61
11305 76
11306 73
11307 75
11308 79
11309 74
11310 72
11311 65
11312 61
11313 66
11314 67
11315 66
11316 61
11317 55
11318 67
11319 68
11320 72
11321 62
11322 70
11323 67
11324 68
11325 86
11326 69
11327 67
11328 67
11329 75
11330 70
11331 66
11332 62
11333 74
11334 66
11335 62
11336 68
11337 63
11338 65
11339 59
11340 74
11341 63
11342 69
11343 68
11344 66
11345 75
11346 69
11347 65
11348 71
11349 79
11350 72
11351 55
11352 45
11353 60
11354 63
11355 56
11356 59
11357 65
11358 64
11359 63
11360 58
11361 50
11362 56
11363 57
11364 66
11365 59
11366 69
11367 72
11368 72
11369 70
11370 57
11371 67
11372 63
11373 73
11374 77
11375 64
11376 65
11377 73
11378 66
11379 69
11380 67
11381 67
11382 55
11383 67
11384 63
11385 74
11386 71
11387 60
11388 59
11389 62
11390 69
11391 63
11392 65
11393 68
11394 74
11395 76
11396 70
11397 80
11398 71
11399 62
11400 64
11401 68
11402 60
11403 62
11404 73
11405 71
11406 66
11407 78
11408 90
11409 71
11410 66
11411 72
11412 69
11413 77
11414 69
11415 75
11416 68
11417 66
11418 63
11419 65
11420 66
11421 58
11422 59
11423 69
11424 70
11425 68
11426 84
11427 83
11428 67
11429 83
11430 84
11431 78
11432 72
11433 64
11434 70
11435 63
11436 53
11437 60
11438 67
11439 68
11440 81
11441 66
11442 74
11443 62
11444 79
11445 67
11446 70
11447 72
11448 69
11449 59
11450 62
11451 55
11452 72
11453 74
11454 71
11455 69
11456 63
11457 58
11458 63
11459 65
11460 68
11461 64
11462 69
11463 85
11464 81
11465 77
11466 79
11467 67
11468 67
11469 68
11470 67
11471 72
11472 76
11473 71
11474 71
11475 59
11476 73
11477 66
11478 60
11479 62
11480 77
11481 71
11482 74
11483 66
11484 60
11485 76
11486 81
11487 61
11488 55
11489 70
11490 71
11491 71
11492 72
11493 63
11494 72
11495 65
11496 60
11497 41
11498 55
11499 63
11500 61
11501 69
11502 68
11503 70
11504 61
11505 56
11506 75
11507 69
11508 64
11509 59
11510 57
11511 62
11512 63
11513 64
11514 75
11515 78
11516 69
11517 74
11518 72
11519 80
11520 76
11521 77
11522 67
11523 66
11524 71
11525 72
11526 71
11527 62
11528 70
11529 73
11530 82
11531 66
11532 73
11533 72
11534 71
11535 80
11536 82
11537 71
11538 80
11539 74
11540 63
11541 76
11542 62
11543 52
11544 50
11545 54
11546 55
11547 58
11548 63
11549 64
11550 76
11551 76
11552 67
11553 69
11554 77
11555 71
11556 66
11557 66
11558 64
11559 66
11560 68
11561 57
11562 57
11563 64
11564 63
11565 62
11566 62
11567 67
11568 53
11569 66
11570 64
11571 69
11572 72
11573 70
11574 80
11575 78
11576 60
11577 53
11578 55
11579 64
11580 66
11581 70
11582 61
11583 73
11584 70
11585 62
11586 68
11587 69
11588 64
11589 72
11590 68
11591 70
11592 59
11593 70
11594 56
11595 54
11596 55
11597 68
11598 78
11599 72
11600 64
11601 66
11602 66
11603 55
11604 71
11605 69
11606 68
11607 72
11608 74
11609 83
11610 79
11611 80
11612 69
11613 62
11614 58
11615 65
11616 63
11617 73
11618 62
11619 70
11620 73
11621 75
11622 75
11623 67
11624 58
11625 76
11626 75
11627 73
11628 65
11629 61
11630 65
11631 54
11632 64
11633 79
11634 68
11635 74
11636 84
11637 72
11638 62
11639 56
11640 66
11641 62
11642 58
11643 65
11644 64
11645 65
11646 80
11647 74
11648 64
11649 58
11650 61
11651 66
11652 69
11653 72
11654 67
11655 65
11656 58
11657 63
11658 69
11659 74
11660 69
11661 72
11662 81
11663 81
11664 71
11665 63
11666 58
11667 57
11668 58
11669 66
11670 69
11671 69
11672 65
11673 68
11674 76
11675 66
11676 59
11677 66
11678 68
11679 55
11680 56
11681 57
11682 60
11683 64
11684 70
11685 63
11686 60
11687 64
11688 63
11689 64
11690 65
11691 69
11692 71
11693 79
11694 66
11695 71
11696 75
11697 79
11698 79
11699 86
11700 88
11701 77
11702 64
11703 66
11704 59
11705 58
11706 74
11707 72
11708 66
11709 62
11710 64
11711 63
11712 69
11713 66
11714 73
11715 68
11716 77
11717 71
11718 74
11719 64
11720 73
11721 72
11722 65
11723 62
11724 64
11725 61
11726 74
11727 72
11728 72
11729 77
11730 80
11731 74
11732 75
11733 72
11734 69
11735 79
11736 69
11737 72
11738 67
11739 66
11740 65
11741 75
11742 70
11743 67
11744 72
11745 72
11746 69
11747 64
11748 66
11749 65
11750 80
11751 75
11752 74
11753 77
11754 73
11755 64
11756 77
11757 59
11758 65
11759 71
11760 67
11761 73
11762 63
11763 75
11764 59
11765 66
11766 63
11767 65
11768 68
11769 65
11770 70
11771 76
11772 84
11773 72
11774 79
11775 65
11776 54
11777 60
11778 65
11779 80
11780 72
11781 70
11782 69
11783 82
11784 73
11785 76
11786 62
11787 65
11788 69
11789 74
11790 63
11791 58
11792 67
11793 68
11794 64
11795 65
11796 85
11797 70
11798 52
11799 51
11800 35
11801 31
11802 30
11803 38
11804 46
11805 61
11806 70
11807 57
11808 60
11809 68
11810 64
11811 67
11812 56
11813 53
11814 61
11815 73
11816 71
11817 72
11818 62
11819 70
11820 62
11821 48
11822 52
11823 63
11824 68
11825 78
11826 81
11827 71
11828 72
11829 75
11830 76
11831 70
11832 60
11833 51
11834 65
11835 73
11836 71
11837 69
11838 66
11839 68
11840 63
11841 68
11842 65
11843 67
11844 67
11845 66
11846 65
11847 73
11848 65
11849 73
11850 61
11851 66
11852 72
11853 60
11854 62
11855 73
11856 82
11857 65
11858 70
11859 63
11860 75
11861 59
11862 59
11863 66
11864 61
11865 75
11866 73
11867 68
11868 63
11869 70
11870 66
11871 55
11872 64
11873 76
11874 70
11875 79
11876 76
11877 70
11878 63
11879 71
11880 71
11881 75
11882 78
11883 83
11884 85
11885 82
11886 65
11887 66
11888 73
11889 73
11890 68
11891 60
11892 74
11893 72
11894 64
11895 73
11896 73
11897 76
11898 75
11899 70
11900 83
11901 67
11902 65
11903 69
11904 86
11905 77
11906 87
11907 67
11908 71
11909 76
11910 76
11911 65
11912 78
11913 70
11914 73
11915 73
11916 78
11917 66
11918 70
11919 77
11920 71
11921 75
11922 76
11923 77
11924 58
11925 61
11926 61
11927 79
11928 72
11929 76
11930 62
11931 75
11932 66
11933 67
11934 73
11935 58
11936 55
11937 61
11938 64
11939 76
11940 69
11941 64
11942 65
11943 60
11944 77
11945 79
11946 68
11947 58
11948 62
11949 64
11950 62
11951 78
11952 64
11953 62
11954 74
11955 70
11956 76
11957 72
11958 69
11959 70
11960 67
11961 61
11962 63
11963 57
11964 68
11965 83
11966 74
11967 85
11968 71
11969 77
11970 77
11971 72
11972 70
11973 58
11974 62
11975 67
11976 73
11977 85
11978 72
11979 62
11980 57
11981 68
11982 71
11983 65
11984 71
11985 66
11986 66
11987 67
11988 78
11989 70
11990 67
11991 76
11992 81
11993 70
11994 62
11995 64
11996 67
11997 59
11998 53
11999 64
12000 72
12001 71
12002 66
12003 64
12004 74
12005 74
12006 67
12007 63
12008 71
12009 72
12010 75
12011 86
12012 69
12013 74
12014 68
12015 73
12016 69
12017 67
12018 49
12019 54
12020 58
12021 62
12022 73
12023 75
12024 71
12025 67
12026 67
12027 76
12028 77
12029 76
12030 64
12031 66
12032 70
12033 58
12034 69
12035 78
12036 75
12037 59
12038 58
12039 70
12040 67
12041 57
12042 65
12043 62
12044 52
12045 45
12046 60
12047 75
12048 77
12049 69
12050 65
12051 61
12052 69
12053 72
12054 68
12055 76
12056 63
12057 56
12058 67
12059 61
12060 81
12061 74
12062 69
12063 86
12064 81
12065 67
12066 56
12067 61
12068 67
12069 73
12070 68
12071 77
12072 69
12073 69
12074 68
12075 68
12076 71
12077 77
12078 72
12079 71
12080 63
12081 76
12082 79
12083 72
12084 75
12085 85
12086 87
12087 70
12088 62
12089 67
12090 80
12091 79
12092 78
12093 75
12094 69
12095 64
12096 62
12097 68
12098 67
12099 68
12100 63
12101 56
12102 61
12103 49
12104 53
12105 64
12106 78
12107 69
12108 74
12109 71
12110 73
12111 68
12112 63
12113 71
12114 70
12115 55
12116 59
12117 71
12118 70
12119 71
12120 66
12121 58
12122 54
12123 47
12124 46
12125 64
12126 77
12127 68
12128 74
12129 68
12130 66
12131 68
12132 72
12133 64
12134 68
12135 62
12136 66
12137 68
12138 60
12139 76
12140 72
12141 87
12142 73
12143 70
12144 75
12145 76
12146 64
12147 66
12148 69
12149 71
12150 64
12151 67
12152 63
12153 74
12154 78
12155 80
12156 77
12157 63
12158 67
12159 75
12160 72
12161 65
12162 59
12163 66
12164 64
12165 69
12166 64
12167 69
12168 66
12169 71
12170 64
12171 71
12172 77
12173 71
12174 70
12175 66
12176 64
12177 83
12178 77
12179 63
12180 76
12181 67
12182 59
12183 52
12184 51
12185 52
12186 62
12187 75
12188 68
12189 66
12190 72
12191 53
12192 50
12193 52
12194 55
12195 72
12196 68
12197 66
12198 57
12199 60
12200 55
12201 68
12202 72
12203 63
12204 69
12205 62
12206 66
12207 69
12208 72
12209 76
12210 64
12211 69
12212 69
12213 78
12214 73
12215 70
12216 69
12217 73
12218 65
12219 71
12220 72
12221 81
12222 71
12223 75
12224 69
12225 63
12226 67
12227 67
12228 66
12229 61
12230 71
12231 87
12232 85
12233 75
12234 83
12235 69
12236 75
12237 72
12238 58
12239 59
12240 59
12241 58
12242 75
12243 89
12244 72
12245 69
12246 63
12247 46
12248 57
12249 69
12250 70
12251 69
12252 70
12253 77
12254 73
12255 82
12256 77
12257 83
12258 74
12259 61
12260 72
12261 81
12262 89
12263 81
12264 75
12265 73
12266 64
12267 68
12268 63
12269 58
12270 71
12271 74
12272 77
12273 73
12274 75
12275 58
12276 63
12277 70
12278 61
12279 63
12280 67
12281 70
12282 52
12283 53
12284 54
12285 65
12286 71
12287 59
12288 61
12289 69
12290 74
12291 73
12292 73
12293 82
12294 80
12295 71
12296 80
12297 75
12298 71
12299 72
12300 72
12301 61
12302 62
12303 76
12304 81
12305 72
12306 68
12307 71
12308 53
12309 54
12310 59
12311 67
12312 51
12313 53
12314 60
12315 59
12316 55
12317 74
12318 69
12319 65
12320 75
12321 78
12322 80
12323 78
12324 73
12325 69
12326 66
12327 68
12328 62
12329 63
12330 59
12331 56
12332 55
12333 54
12334 55
12335 42
12336 48
12337 60
12338 71
12339 73
12340 77
12341 64
12342 61
12343 66
12344 74
12345 77
12346 67
12347 68
12348 67
12349 62
12350 65
12351 69
12352 70
12353 71
12354 69
12355 72
12356 77
12357 67
12358 63
12359 67
12360 70
12361 71
12362 71
12363 63
12364 72
12365 70
12366 72
12367 67
12368 70
12369 70
12370 83
12371 82
12372 75
12373 70
12374 71
12375 61
12376 68
12377 68
12378 65
12379 68
12380 73
12381 88
12382 78
12383 70
12384 68
12385 74
12386 74
12387 71
12388 73
12389 66
12390 64
12391 52
12392 65
12393 61
12394 60
12395 64
12396 68
12397 60
12398 59
12399 63
12400 62
12401 60
12402 58
12403 71
12404 69
12405 66
12406 71
12407 70
12408 69
12409 73
12410 69
12411 70
12412 66
12413 70
12414 71
12415 83
12416 70
12417 77
12418 69
12419 67
12420 63
12421 53
12422 49
12423 53
12424 61
12425 69
12426 65
12427 69
12428 56
12429 59
12430 69
12431 74
12432 59
12433 61
12434 63
12435 62
12436 60
12437 54
12438 42
12439 36
12440 50
12441 55
12442 68
12443 52
12444 53
12445 66
12446 65
12447 69
12448 65
12449 61
12450 73
12451 68
12452 63
12453 75
12454 79
12455 88
12456 73
12457 71
12458 63
12459 58
12460 68
12461 63
12462 66
12463 69
12464 70
12465 74
12466 85
12467 71
12468 79
12469 70
12470 68
12471 70
12472 73
12473 76
12474 69
12475 75
12476 61
12477 73
12478 72
12479 74
12480 66
12481 67
12482 70
12483 77
12484 75
12485 72
12486 70
12487 78
12488 81
12489 70
12490 68
12491 70
12492 69
12493 62
12494 76
12495 71
12496 73
12497 69
12498 63
12499 69
12500 57
12501 65
12502 67
12503 64
12504 73
12505 57
12506 58
12507 73
12508 67
12509 82
12510 71
12511 77
12512 72
12513 70
12514 66
12515 61
12516 70
12517 64
12518 63
12519 62
12520 56
12521 69
12522 69
12523 71
12524 75
12525 70
12526 67
12527 76
12528 72
12529 66
12530 53
12531 52
12532 64
12533 72
12534 63
12535 66
12536 73
12537 69
12538 68
12539 55
12540 53
12541 60
12542 61
12543 68
12544 72
12545 69
12546 75
12547 76
12548 64
12549 66
12550 69
12551 59
12552 58
12553 51
12554 61
12555 63
12556 74
12557 83
12558 70
12559 79
12560 75
12561 79
12562 72
12563 70
12564 78
12565 72
12566 58
12567 55
12568 56
12569 60
12570 70
12571 75
12572 83
12573 81
12574 78
12575 66
12576 68
12577 63
12578 65
12579 73
12580 66
12581 68
12582 66
12583 79
12584 59
12585 65
12586 82
12587 79
12588 86
12589 80
12590 76
12591 67
12592 65
12593 76
12594 69
12595 58
12596 75
12597 70
12598 58
12599 73
12600 74
12601 68
12602 66
12603 64
12604 67
12605 72
12606 71
12607 70
12608 67
12609 79
12610 76
12611 74
12612 73
12613 64
12614 55
12615 68
12616 65
12617 76
12618 79
12619 70
12620 71
12621 70
12622 75
12623 74
12624 71
12625 74
12626 78
12627 79
12628 77
12629 58
12630 61
12631 78
12632 75
12633 64
12634 65
12635 65
12636 73
12637 84
12638 75
12639 79
12640 66
12641 64
12642 66
12643 74
12644 77
12645 62
12646 69
12647 63
12648 64
12649 73
12650 76
12651 79
12652 81
12653 73
12654 68
12655 72
12656 60
12657 76
12658 61
12659 68
12660 73
12661 63
12662 51
12663 64
12664 66
12665 69
12666 68
12667 70
12668 73
12669 77
12670 75
12671 70
12672 70
12673 67
12674 57
12675 64
12676 68
12677 68
12678 68
12679 54
12680 60
12681 65
12682 76
12683 85
12684 68
12685 59
12686 63
12687 77
12688 86
12689 67
12690 63
12691 71
12692 69
12693 67
12694 63
12695 75
12696 76
12697 74
12698 67
12699 65
12700 69
12701 65
12702 61
12703 73
12704 78
12705 68
12706 78
12707 84
12708 84
12709 86
12710 70
12711 79
12712 76
12713 79
12714 73
12715 65
12716 62
12717 61
12718 64
12719 65
12720 67
12721 55
12722 54
12723 59
12724 66
12725 70
12726 72
12727 71
12728 73
12729 71
12730 76
12731 81
12732 77
12733 67
12734 74
12735 77
12736 74
12737 61
12738 61
12739 60
12740 58
12741 64
12742 69
12743 72
12744 62
12745 70
12746 77
12747 69
12748 70
12749 63
12750 60
12751 63
12752 57
12753 69
12754 71
12755 52
12756 41
12757 55
12758 56
12759 57
12760 60
12761 75
12762 82
12763 74
12764 68
12765 64
12766 68
12767 71
12768 72
12769 68
12770 63
12771 62
12772 63
12773 71
12774 75
12775 70
12776 58
12777 56
12778 61
12779 59
12780 63
12781 68
12782 61
12783 62
12784 65
12785 82
12786 87
12787 79
12788 70
12789 67
12790 78
12791 68
12792 73
12793 70
12794 73
12795 71
12796 67
12797 74
12798 81
12799 77
12800 72
12801 55
12802 72
12803 58
12804 55
12805 69
12806 69
12807 70
12808 73
12809 83
12810 74
12811 67
12812 63
12813 59
12814 61
12815 62
12816 54
12817 65
12818 67
12819 67
12820 64
12821 74
12822 73
12823 75
12824 82
12825 78
12826 73
12827 67
12828 75
12829 70
12830 71
12831 82
12832 83
12833 64
12834 59
12835 70
12836 64
12837 73
12838 75
12839 75
12840 78
12841 67
12842 75
12843 68
12844 74
12845 73
12846 72
12847 77
12848 69
12849 66
12850 75
12851 64
12852 72
12853 72
12854 66
12855 65
12856 65
12857 68
12858 61
12859 59
12860 54
12861 63
12862 66
12863 71
12864 68
12865 54
12866 65
12867 71
12868 69
12869 54
12870 50
12871 51
12872 63
12873 64
12874 77
12875 70
12876 68
12877 71
12878 62
12879 68
12880 63
12881 72
12882 61
12883 54
12884 63
12885 71
12886 76
12887 68
12888 65
12889 72
12890 67
12891 72
12892 79
12893 75
12894 75
12895 76
12896 71
12897 66
12898 79
12899 78
12900 77
12901 71
12902 71
12903 63
12904 60
12905 66
12906 52
12907 55
12908 47
12909 55
12910 59
12911 60
12912 63
12913 64
12914 68
12915 76
12916 72
12917 68
12918 62
12919 70
12920 64
12921 64
12922 73
12923 76
12924 66
12925 70
12926 70
12927 69
12928 70
12929 59
12930 55
12931 46
12932 56
12933 62
12934 70
12935 66
12936 73
12937 72
12938 74
12939 68
12940 65
12941 60
12942 61
12943 67
12944 82
12945 73
12946 70
12947 61
12948 65
12949 62
12950 59
12951 58
12952 55
12953 64
12954 73
12955 60
12956 67
12957 70
12958 78
12959 78
12960 81
12961 77
12962 75
12963 68
12964 70
12965 74
12966 67
12967 84
12968 83
12969 64
12970 63
12971 74
12972 85
12973 68
12974 67
12975 80
12976 80
12977 66
12978 75
12979 72
12980 77
12981 68
12982 77
12983 60
12984 65
12985 70
12986 72
12987 72
12988 71
12989 79
12990 70
12991 72
12992 70
12993 74
12994 65
12995 60
12996 52
12997 43
12998 47
12999 61
13000 67
13001 74
13002 75
13003 80
13004 72
13005 58
13006 59
13007 65
13008 66
13009 70
13010 74
13011 68
13012 56
13013 46
13014 57
13015 69
13016 89
13017 80
13018 76
13019 72
13020 66
13021 72
13022 74
13023 68
13024 58
13025 57
13026 65
13027 74
13028 73
13029 71
13030 52
13031 72
13032 79
13033 79
13034 64
13035 60
13036 63
13037 68
13038 65
13039 68
13040 70
13041 72
13042 64
13043 66
13044 73
13045 60
13046 63
13047 62
13048 68
13049 64
13050 65
13051 57
13052 63
13053 71
13054 72
13055 75
13056 73
13057 70
13058 67
13059 73
13060 67
13061 75
13062 71
13063 68
13064 64
13065 64
13066 76
13067 75
13068 72
13069 72
13070 78
13071 77
13072 79
13073 70
13074 60
13075 62
13076 72
13077 66
13078 70
13079 72
13080 74
13081 66
13082 65
13083 55
13084 61
13085 64
13086 65
13087 65
13088 67
13089 70
13090 59
13091 76
13092 62
13093 61
13094 70
13095 69
13096 73
13097 69
13098 66
13099 76
13100 70
13101 69
13102 72
13103 71
13104 67
13105 83
13106 68
13107 67
13108 59
13109 69
13110 70
13111 75
13112 71
13113 65
13114 64
13115 79
13116 73
13117 81
13118 82
13119 86
13120 75
13121 71
13122 71
13123 72
13124 72
13125 78
13126 72
13127 71
13128 71
13129 72
13130 68
13131 61
13132 67
13133 75
13134 76
13135 74
13136 74
13137 77
13138 72
13139 71
13140 71
13141 63
13142 77
13143 74
13144 83
13145 67
13146 49
13147 58
13148 63
13149 65
13150 65
13151 64
13152 78
13153 75
13154 69
13155 67
13156 67
13157 67
13158 72
13159 78
13160 74
13161 69
13162 75
13163 77
13164 73
13165 67
13166 82
13167 78
13168 70
13169 75
13170 82
13171 81
13172 71
13173 71
13174 78
13175 75
13176 75
13177 76
13178 71
13179 84
13180 71
13181 69
13182 64
13183 71
13184 64
13185 65
13186 57
13187 49
13188 44
13189 55
13190 75
13191 78
13192 69
13193 78
13194 74
13195 73
13196 69
13197 58
13198 60
13199 75
13200 75
13201 72
13202 68
13203 69
13204 73
13205 75
13206 72
13207 73
13208 68
13209 73
13210 74
13211 67
13212 63
13213 68
13214 70
13215 76
13216 76
13217 74
13218 65
13219 59
13220 69
13221 73
13222 73
13223 58
13224 68
13225 73
13226 76
13227 80
13228 88
13229 81
13230 67
13231 71
13232 87
13233 74
13234 69
13235 68
13236 56
13237 69
13238 61
13239 71
13240 69
13241 68
13242 76
13243 59
13244 50
13245 66
13246 79
13247 74
13248 73
13249 77
13250 68
13251 64
13252 73
13253 67
13254 65
13255 74
13256 73
13257 72
13258 66
13259 68
13260 66
13261 72
13262 69
13263 69
13264 72
13265 72
13266 73
13267 71
13268 72
13269 66
13270 74
13271 68
13272 74
13273 74
13274 78
13275 75
13276 70
13277 74
13278 72
13279 74
13280 73
13281 68
13282 70
13283 78
13284 86
13285 73
13286 62
13287 75
13288 75
13289 74
13290 78
13291 75
13292 72
13293 78
13294 69
13295 74
13296 80
13297 73
13298 65
13299 60
13300 58
13301 64
13302 54
13303 59
13304 77
13305 72
13306 70
13307 66
13308 57
13309 55
13310 52
13311 61
13312 66
13313 68
13314 63
13315 76
13316 81
13317 65
13318 59
13319 60
13320 66
13321 72
13322 63
13323 65
13324 72
13325 69
13326 78
13327 80
13328 69
13329 74
13330 72
13331 70
13332 75
13333 62
13334 73
13335 66
13336 62
13337 65
13338 81
13339 76
13340 74
13341 75
13342 68
13343 70
13344 73
13345 75
13346 73
13347 79
13348 69
13349 64
13350 52
13351 69
13352 66
13353 73
13354 80
13355 70
13356 77
13357 74
13358 66
13359 72
13360 69
13361 66
13362 63
13363 66
13364 67
13365 65
13366 79
13367 77
13368 76
13369 60
13370 49
13371 57
13372 70
13373 74
13374 69
13375 71
13376 79
13377 65
13378 65
13379 73
13380 71
13381 64
13382 71
13383 66
13384 67
13385 67
13386 70
13387 69
13388 64
13389 65
13390 64
13391 56
13392 58
13393 59
13394 65
13395 73
13396 72
13397 68
13398 65
13399 67
13400 79
13401 65
13402 67
13403 66
13404 64
13405 69
13406 61
13407 54
13408 61
13409 62
13410 64
13411 66
13412 71
13413 77
13414 75
13415 69
13416 64
13417 68
13418 68
13419 57
13420 58
13421 72
13422 74
13423 73
13424 76
13425 75
13426 64
13427 66
13428 62
13429 73
13430 69
13431 74
13432 69
13433 65
13434 74
13435 77
13436 58
13437 67
13438 75
13439 83
13440 70
13441 71
13442 74
13443 75
13444 60
13445 66
13446 65
13447 61
13448 69
13449 72
13450 60
13451 64
13452 62
13453 72
13454 71
13455 67
13456 63
13457 64
13458 65
13459 72
13460 67
13461 67
13462 74
13463 66
13464 64
13465 68
13466 57
13467 48
13468 68
13469 72
13470 73
13471 75
13472 73
13473 60
13474 68
13475 71
13476 68
13477 81
13478 83
13479 70
13480 64
13481 63
13482 71
13483 72
13484 65
13485 66
13486 62
13487 67
13488 74
13489 82
13490 77
13491 60
13492 67
13493 68
13494 76
13495 64
13496 52
13497 59
13498 71
13499 65
13500 74
13501 73
13502 69
13503 72
13504 75
13505 71
13506 68
13507 72
13508 73
13509 70
13510 70
13511 63
13512 67
13513 71
13514 64
13515 67
13516 64
13517 76
13518 69
13519 65
13520 81
13521 79
13522 66
13523 62
13524 60
13525 62
13526 63
13527 68
13528 70
13529 75
13530 70
13531 63
13532 59
13533 57
13534 61
13535 73
13536 65
13537 62
13538 74
13539 91
13540 73
13541 62
13542 64
13543 75
13544 68
13545 72
13546 73
13547 79
13548 72
13549 74
13550 67
13551 75
13552 73
13553 63
13554 58
13555 52
13556 63
13557 72
13558 74
13559 63
13560 60
13561 66
13562 70
13563 57
13564 47
13565 51
13566 55
13567 65
13568 59
13569 73
13570 74
13571 70
13572 61
13573 80
13574 64
13575 62
13576 64
13577 71
13578 73
13579 65
13580 82
13581 65
13582 47
13583 61
13584 62
13585 68
13586 73
13587 70
13588 73
13589 63
13590 62
13591 68
13592 84
13593 71
13594 60
13595 69
13596 72
13597 68
13598 62
13599 58
13600 70
13601 73
13602 77
13603 66
13604 65
13605 68
13606 62
13607 65
13608 58
13609 69
13610 72
13611 82
13612 74
13613 69
13614 70
13615 72
13616 72
13617 66
13618 71
13619 70
13620 76
13621 64
13622 62
13623 59
13624 63
13625 74
13626 86
13627 69
13628 68
13629 66
13630 61
13631 67
13632 75
13633 78
13634 76
13635 75
13636 74
13637 71
13638 70
13639 72
13640 74
13641 70
13642 78
13643 83
13644 73
13645 71
13646 60
13647 66
13648 79
13649 73
13650 78
13651 75
13652 76
13653 71
13654 64
13655 60
13656 60
13657 69
13658 61
13659 81
13660 66
13661 54
13662 56
13663 70
13664 65
13665 73
13666 65
13667 70
13668 75
13669 62
13670 60
13671 60
13672 58
13673 65
13674 70
13675 62
13676 70
13677 69
13678 81
13679 75
13680 62
13681 72
13682 73
13683 68
13684 70
13685 71
13686 73
13687 72
13688 71
13689 72
13690 73
13691 58
13692 68
13693 84
13694 74
13695 72
13696 70
13697 54
13698 52
13699 54
13700 60
13701 66
13702 50
13703 64
13704 53
13705 66
13706 60
13707 59
13708 72
13709 62
13710 63
13711 66
13712 57
13713 44
13714 58
13715 65
13716 64
13717 70
13718 68
13719 70
13720 75
13721 78
13722 73
13723 75
13724 76
13725 71
13726 70
13727 69
13728 51
13729 53
13730 57
13731 58
13732 76
13733 69
13734 74
13735 78
13736 78
13737 76
13738 76
13739 73
13740 68
13741 76
13742 80
13743 66
13744 63
13745 67
13746 73
13747 64
13748 68
13749 72
13750 71
13751 60
13752 61
13753 67
13754 65
13755 85
13756 67
13757 68
13758 65
13759 66
13760 71
13761 75
13762 81
13763 72
13764 69
13765 71
13766 73
13767 62
13768 73
13769 60
13770 53
13771 66
13772 75
13773 75
13774 71
13775 68
13776 64
13777 58
13778 71
13779 75
13780 73
13781 70
13782 63
13783 65
13784 73
13785 64
13786 77
13787 78
13788 69
13789 74
13790 73
13791 68
13792 68
13793 60
13794 70
13795 75
13796 81
13797 71
13798 72
13799 72
13800 72
13801 61
13802 60
13803 64
13804 68
13805 67
13806 65
13807 51
13808 47
13809 62
13810 58
13811 74
13812 66
13813 53
13814 69
13815 79
13816 75
13817 69
13818 74
13819 76
13820 78
13821 71
13822 70
13823 77
13824 86
13825 74
13826 79
13827 69
13828 72
13829 69
13830 64
13831 55
13832 61
13833 63
13834 56
13835 73
13836 69
13837 68
13838 62
13839 67
13840 70
13841 71
13842 60
13843 54
13844 67
13845 79
13846 74
13847 62
13848 66
13849 69
13850 82
13851 67
13852 65
13853 63
13854 60
13855 61
13856 71
13857 72
13858 68
13859 70
13860 76
13861 68
13862 69
13863 65
13864 74
13865 79
13866 70
13867 75
13868 69
13869 66
13870 61
13871 54
13872 61
13873 65
13874 66
13875 67
13876 79
13877 68
13878 73
13879 84
13880 73
13881 77
13882 72
13883 76
13884 68
13885 52
13886 66
13887 73
13888 79
13889 66
13890 81
13891 80
13892 66
13893 73
13894 72
13895 77
13896 74
13897 74
13898 70
13899 72
13900 74
13901 66
13902 70
13903 81
13904 69
13905 65
13906 66
13907 70
13908 65
13909 74
13910 76
13911 69
13912 70
13913 63
13914 54
13915 46
13916 38
13917 35
13918 44
13919 60
13920 65
13921 68
13922 71
13923 80
13924 74
13925 77
13926 61
13927 66
13928 54
13929 55
13930 73
13931 72
13932 67
13933 73
13934 73
13935 74
13936 71
13937 79
13938 79
13939 64
13940 55
13941 59
13942 68
13943 69
13944 73
13945 65
13946 63
13947 68
13948 51
13949 61
13950 73
13951 74
13952 78
13953 79
13954 66
13955 67
13956 71
13957 78
13958 64
13959 65
13960 71
13961 73
13962 69
13963 74
13964 74
13965 75
13966 65
13967 62
13968 67
13969 66
13970 67
13971 68
13972 67
13973 69
13974 72
13975 75
13976 76
13977 79
13978 70
13979 56
13980 55
13981 61
13982 53
13983 55
13984 71
13985 74
13986 76
13987 63
13988 62
13989 62
13990 59
13991 63
13992 71
13993 66
13994 65
13995 69
13996 74
13997 75
13998 74
13999 68
14000 66
14001 73
14002 67
14003 65
14004 60
14005 66
14006 72
14007 63
14008 74
14009 63
14010 60
14011 56
14012 67
14013 73
14014 85
14015 70
14016 67
14017 59
14018 66
14019 59
14020 71
14021 76
14022 78
14023 69
14024 55
14025 59
14026 64
14027 68
14028 67
14029 70
14030 54
14031 49
14032 61
14033 59
14034 57
14035 56
14036 61
14037 71
14038 71
14039 71
14040 72
14041 75
14042 60
14043 65
14044 63
14045 64
14046 79
14047 80
14048 82
14049 83
14050 67
14051 62
14052 71
14053 69
14054 65
14055 71
14056 70
14057 73
14058 68
14059 63
14060 71
14061 65
14062 58
14063 77
14064 81
14065 68
14066 64
14067 76
14068 77
14069 68
14070 68
14071 71
14072 67
14073 67
14074 79
14075 68
14076 67
14077 69
14078 70
14079 69
14080 63
14081 69
14082 77
14083 69
14084 77
14085 82
14086 77
14087 67
14088 69
14089 67
14090 61
14091 41
14092 46
14093 47
14094 52
14095 59
14096 61
14097 66
14098 82
14099 70
14100 67
14101 70
14102 83
14103 77
14104 63
14105 62
14106 66
14107 67
14108 68
14109 62
14110 76
14111 71
14112 83
14113 77
14114 70
14115 76
14116 75
14117 69
14118 63
14119 61
14120 47
14121 57
14122 55
14123 48
14124 59
14125 60
14126 68
14127 58
14128 51
14129 62
14130 75
14131 75
14132 60
14133 66
14134 62
14135 70
14136 68
14137 73
14138 72
14139 76
14140 73
14141 73
14142 87
14143 71
14144 80
14145 77
14146 66
14147 68
14148 74
14149 79
14150 70
14151 73
14152 72
14153 71
14154 74
14155 77
14156 67
14157 68
14158 65
14159 63
14160 68
14161 80
14162 78
14163 80
14164 61
14165 52
14166 57
14167 58
14168 51
14169 61
14170 63
14171 77
14172 70
14173 81
14174 64
14175 84
14176 77
14177 75
14178 72
14179 58
14180 67
14181 75
14182 78
14183 59
14184 66
14185 74
14186 65
14187 63
14188 63
14189 66
14190 61
14191 75
14192 67
14193 73
14194 70
14195 71
14196 66
14197 64
14198 72
14199 67
14200 72
14201 70
14202 69
14203 54
14204 61
14205 67
14206 76
14207 69
14208 68
14209 64
14210 71
14211 68
14212 76
14213 64
14214 66
14215 76
14216 57
14217 66
14218 66
14219 58
14220 67
14221 66
14222 74
14223 69
14224 63
14225 68
14226 72
14227 63
14228 70
14229 74
14230 66
14231 68
14232 70
14233 61
14234 68
14235 72
14236 60
14237 69
14238 76
14239 72
14240 73
14241 70
14242 75
14243 72
14244 61
14245 62
14246 67
14247 72
14248 65
14249 58
14250 62
14251 73
14252 74
14253 57
14254 58
14255 57
14256 67
14257 70
14258 76
14259 79
14260 71
14261 78
14262 62
14263 66
14264 74
14265 84
14266 67
14267 76
14268 77
14269 74
14270 69
14271 72
14272 66
14273 77
14274 78
14275 78
14276 69
14277 68
14278 66
14279 69
14280 76
14281 72
14282 79
14283 77
14284 63
14285 68
14286 67
14287 64
14288 68
14289 67
14290 68
14291 65
14292 74
14293 70
14294 79
14295 64
14296 58
14297 70
14298 68
14299 56
14300 65
14301 64
14302 65
14303 60
14304 64
14305 72
14306 74
14307 69
14308 70
14309 76
14310 66
14311 67
14312 63
14313 80
14314 67
14315 68
14316 70
14317 73
14318 75
14319 83
14320 71
14321 69
14322 67
14323 63
14324 64
14325 67
14326 72
14327 84
14328 81
14329 79
14330 69
14331 68
14332 69
14333 74
14334 66
14335 63
14336 62
14337 59
14338 66
14339 78
14340 76
14341 64
14342 67
14343 81
14344 84
14345 68
14346 70
14347 67
14348 69
14349 70
14350 66
14351 64
14352 60
14353 70
14354 70
14355 76
14356 80
14357 77
14358 74
14359 74
14360 81
14361 71
14362 61
14363 64
14364 72
14365 72
14366 63
14367 50
14368 59
14369 66
14370 57
14371 59
14372 61
14373 68
14374 68
14375 71
14376 71
14377 70
14378 83
14379 78
14380 75
14381 56
14382 64
14383 67
14384 61
14385 59
14386 68
14387 76
14388 76
14389 79
14390 71
14391 70
14392 72
14393 56
14394 65
14395 72
14396 72
14397 67
14398 60
14399 62
14400 69
14401 72
14402 69
14403 65
14404 62
14405 65
14406 71
14407 82
14408 71
14409 85
14410 70
14411 60
14412 58
14413 61
14414 66
14415 69
14416 75
14417 74
14418 61
14419 66
14420 79
14421 86
14422 66
14423 65
14424 60
14425 47
14426 59
14427 73
14428 77
14429 69
14430 74
14431 71
14432 72
14433 55
14434 62
14435 63
14436 60
14437 76
14438 58
14439 69
14440 72
14441 74
14442 63
14443 77
14444 78
14445 73
14446 74
14447 86
14448 69
14449 80
14450 69
14451 62
14452 74
14453 72
14454 71
14455 76
14456 79
14457 66
14458 58
14459 68
14460 71
14461 75
14462 72
14463 74
14464 69
14465 66
14466 70
14467 72
14468 73
14469 80
14470 67
14471 68
14472 77
14473 60
14474 67
14475 79
14476 75
14477 71
14478 64
14479 78
14480 65
14481 76
14482 74
14483 78
14484 70
14485 72
14486 84
14487 80
14488 78
14489 73
14490 75
14491 71
14492 72
14493 54
14494 59
14495 62
14496 60
14497 59
14498 57
14499 62
14500 66
14501 68
14502 77
14503 68
14504 65
14505 58
14506 69
14507 71
14508 77
14509 67
14510 66
14511 59
14512 59
14513 57
14514 71
14515 70
14516 78
14517 74
14518 70
14519 63
14520 66
14521 72
14522 76
14523 80
14524 74
14525 61
14526 51
14527 63
14528 65
14529 63
14530 72
14531 67
14532 58
14533 68
14534 76
14535 68
14536 67
14537 60
14538 70
14539 74
14540 66
14541 73
14542 74
14543 67
14544 61
14545 64
14546 67
14547 67
14548 71
14549 78
14550 77
14551 71
14552 72
14553 70
14554 68
14555 72
14556 70
14557 75
14558 75
14559 70
14560 70
14561 63
14562 66
14563 81
14564 83
14565 67
14566 75
14567 74
14568 67
14569 73
14570 56
14571 59
14572 62
14573 66
14574 71
14575 77
14576 71
14577 56
14578 65
14579 67
14580 65
14581 48
14582 53
14583 62
14584 63
14585 61
14586 75
14587 73
14588 66
14589 58
14590 54
14591 59
14592 64
14593 72
14594 75
14595 59
14596 67
14597 68
14598 61
14599 65
14600 71
14601 68
14602 71
14603 73
14604 72
14605 68
14606 70
14607 77
14608 66
14609 69
14610 65
14611 63
14612 74
14613 71
14614 73
14615 66
14616 76
14617 67
14618 79
14619 77
14620 68
14621 62
14622 70
14623 79
14624 67
14625 60
14626 66
14627 78
14628 67
14629 64
14630 60
14631 74
14632 71
14633 63
14634 66
14635 63
14636 66
14637 67
14638 64
14639 66
14640 76
14641 70
14642 68
14643 49
14644 66
14645 71
14646 71
14647 79
14648 89
14649 69
14650 77
14651 85
14652 76
14653 83
14654 86
14655 83
14656 74
14657 76
14658 61
14659 73
14660 77
14661 70
14662 80
14663 71
14664 73
14665 78
14666 62
14667 60
14668 68
14669 71
14670 72
14671 76
14672 69
14673 69
14674 72
14675 82
14676 71
14677 70
14678 68
14679 66
14680 73
14681 65
14682 74
14683 82
14684 71
14685 68
14686 79
14687 69
14688 72
14689 69
14690 73
14691 79
14692 82
14693 74
14694 71
14695 74
14696 78
14697 79
14698 67
14699 62
14700 76
14701 64
14702 56
14703 60
14704 72
14705 77
14706 80
14707 77
14708 68
14709 70
14710 78
14711 60
14712 68
14713 63
14714 69
14715 67
14716 68
14717 67
14718 65
14719 73
14720 69
14721 69
14722 74
14723 76
14724 58
14725 64
14726 67
14727 73
14728 68
14729 65
14730 72
14731 78
14732 64
14733 62
14734 59
14735 65
14736 78
14737 69
14738 56
14739 57
14740 64
14741 74
14742 66
14743 73
14744 69
14745 75
14746 71
14747 81
14748 63
14749 51
14750 64
14751 58
14752 72
14753 68
14754 59
14755 69
14756 80
14757 70
14758 68
14759 59
14760 77
14761 75
14762 77
14763 75
14764 74
14765 63
14766 67
14767 71
14768 78
14769 77
14770 80
14771 79
14772 77
14773 70
14774 69
14775 70
14776 73
14777 73
14778 74
14779 79
14780 73
14781 65
14782 68
14783 52
14784 65
14785 75
14786 82
14787 62
14788 69
14789 74
14790 69
14791 72
14792 61
14793 58
14794 68
14795 49
14796 48
14797 56
14798 70
14799 78
14800 61
14801 58
14802 45
14803 62
14804 60
14805 67
14806 64
14807 76
14808 72
14809 65
14810 66
14811 59
14812 46
14813 44
14814 57
14815 63
14816 70
14817 54
14818 46
14819 55
14820 57
14821 72
14822 60
14823 64
14824 51
14825 57
14826 70
14827 80
14828 68
14829 69
14830 68
14831 72
14832 69
14833 59
14834 50
14835 51
14836 64
14837 72
14838 74
14839 64
14840 68
14841 60
14842 71
14843 71
14844 62
14845 72
14846 74
14847 70
14848 73
14849 59
14850 65
14851 69
14852 64
14853 75
14854 79
14855 64
14856 63
14857 80
14858 73
14859 75
14860 61
14861 70
14862 70
14863 61
14864 57
14865 44
14866 48
14867 52
14868 56
14869 74
14870 74
14871 76
14872 70
14873 69
14874 78
14875 74
14876 73
14877 70
14878 57
14879 64
14880 72
14881 78
14882 68
14883 65
14884 66
14885 71
14886 69
14887 74
14888 66
14889 67
14890 79
14891 67
14892 66
14893 63
14894 61
14895 62
14896 70
14897 72
14898 75
14899 75
14900 75
14901 73
14902 72
14903 82
14904 68
14905 71
14906 69
14907 74
14908 73
14909 84
14910 76
14911 69
14912 62
14913 57
14914 66
14915 64
14916 61
14917 64
14918 62
14919 76
14920 73
14921 69
14922 72
14923 66
14924 71
14925 78
14926 83
14927 65
14928 78
14929 83
14930 69
14931 62
14932 58
14933 70
14934 70
14935 63
14936 69
14937 65
14938 69
14939 60
14940 72
14941 82
14942 62
14943 77
14944 74
14945 68
14946 67
14947 63
14948 52
14949 42
14950 57
14951 64
14952 70
14953 72
14954 66
14955 48
14956 33
14957 40
14958 47
14959 47
14960 43
14961 53
14962 58
14963 65
14964 69
14965 85
14966 74
14967 63
14968 55
14969 35
14970 54
14971 65
14972 69
14973 62
14974 64
14975 71
14976 68
14977 72
14978 75
14979 69
14980 62
14981 72
14982 71
14983 69
14984 70
14985 66
14986 68
14987 59
14988 61
14989 60
14990 74
14991 66
14992 67
14993 66
14994 65
14995 60
14996 49
14997 59
14998 69
14999 76
15000 83
15001 75
15002 62
15003 71
15004 75
15005 79
15006 70
15007 73
15008 75
15009 73
15010 66
15011 68
15012 70
15013 72
15014 76
15015 65
15016 69
15017 79
15018 75
15019 79
15020 85
15021 68
15022 63
15023 64
15024 68
15025 70
15026 71
15027 72
15028 60
15029 65
15030 66
15031 66
15032 69
15033 67
15034 66
15035 58
15036 55
15037 74
15038 79
15039 61
15040 64
15041 71
15042 68
15043 77
15044 71
15045 71
15046 56
15047 71
15048 57
15049 54
15050 59
15051 69
15052 56
15053 69
15054 74
15055 60
15056 49
15057 69
15058 68
15059 56
15060 59
15061 58
15062 60
15063 63
15064 75
15065 67
15066 75
15067 69
15068 67
15069 70
15070 71
15071 75
15072 59
15073 75
15074 71
15075 61
15076 68
15077 66
15078 58
15079 54
15080 58
15081 57
15082 54
15083 57
15084 58
15085 67
15086 68
15087 69
15088 71
15089 74
15090 68
15091 70
15092 72
15093 61
15094 70
15095 72
15096 70
15097 72
15098 70
15099 68
15100 70
15101 64
15102 63
15103 73
15104 69
15105 73
15106 75
15107 73
15108 75
15109 60
15110 60
15111 64
15112 65
15113 71
15114 77
15115 63
15116 71
15117 62
15118 59
15119 61
15120 56
15121 54
15122 65
15123 68
15124 65
15125 59
15126 73
15127 79
15128 67
15129 64
15130 69
15131 58
15132 61
15133 67
15134 61
15135 59
15136 51
15137 66
15138 68
15139 77
15140 57
15141 74
15142 71
15143 66
15144 71
15145 66
15146 64
15147 74
15148 59
15149 59
15150 54
15151 65
15152 71
15153 62
15154 61
15155 67
15156 72
15157 67
15158 75
15159 74
15160 61
15161 73
15162 59
15163 58
15164 65
15165 69
15166 71
15167 76
15168 70
15169 67
15170 65
15171 70
15172 76
15173 75
15174 78
15175 72
15176 67
15177 59
15178 70
15179 67
15180 63
15181 78
15182 63
15183 76
15184 71
15185 77
15186 70
15187 58
15188 50
15189 64
15190 67
15191 69
15192 68
15193 75
15194 62
15195 68
15196 72
15197 71
15198 71
15199 65
15200 66
15201 68
15202 64
15203 61
15204 58
15205 55
15206 51
15207 54
15208 61
15209 52
15210 66
15211 71
15212 61
15213 67
15214 69
15215 71
15216 64
15217 66
15218 68
15219 69
15220 73
15221 75
15222 79
15223 75
15224 61
15225 69
15226 73
15227 73
15228 69
15229 74
15230 68
15231 65
15232 65
15233 78
15234 76
15235 73
15236 71
15237 68
15238 74
15239 66
15240 74
15241 68
15242 67
15243 62
15244 63
15245 69
15246 76
15247 67
15248 60
15249 71
15250 80
15251 89
15252 72
15253 75
15254 72
15255 68
15256 63
15257 59
15258 67
15259 72
15260 70
15261 75
15262 81
15263 74
15264 69
15265 67
15266 75
15267 68
15268 67
15269 73
15270 73
15271 65
15272 80
15273 69
15274 64
15275 65
15276 68
15277 70
15278 59
15279 48
15280 61
15281 70
15282 71
15283 65
15284 65
15285 69
15286 73
15287 74
15288 73
15289 66
15290 53
15291 47
15292 46
15293 48
15294 65
15295 66
15296 68
15297 61
15298 76
15299 59
15300 60
15301 67
15302 64
15303 72
15304 63
15305 64
15306 70
15307 71
15308 72
15309 68
15310 61
15311 73
15312 69
15313 64
15314 78
15315 79
15316 78
15317 66
15318 78
15319 78
15320 83
15321 69
15322 62
15323 57
15324 74
15325 69
15326 73
15327 75
15328 73
15329 75
15330 60
15331 64
15332 63
15333 66
15334 74
15335 81
15336 61
15337 61
15338 69
15339 66
15340 69
15341 60
15342 54
15343 59
15344 78
15345 72
15346 79
15347 68
15348 74
15349 74
15350 70
15351 68
15352 76
15353 72
15354 66
15355 69
15356 78
15357 75
15358 88
15359 68
15360 65
15361 52
15362 63
15363 82
15364 75
15365 79
15366 74
15367 68
15368 70
15369 72
15370 77
15371 69
15372 66
15373 75
15374 76
15375 67
15376 70
15377 74
15378 79
15379 73
15380 65
15381 72
15382 69
15383 81
15384 66
15385 70
15386 74
15387 62
15388 78
15389 64
15390 69
15391 70
15392 60
15393 79
15394 73
15395 66
15396 63
15397 69
15398 59
15399 61
15400 60
15401 66
15402 73
15403 73
15404 67
15405 77
15406 75
15407 66
15408 74
15409 81
15410 75
15411 81
15412 75
15413 74
15414 68
15415 63
15416 58
15417 67
15418 79
15419 77
15420 63
15421 61
15422 43
15423 55
15424 56
15425 63
15426 62
15427 73
15428 80
15429 70
15430 74
15431 75
15432 67
15433 67
15434 71
15435 71
15436 73
15437 78
15438 76
15439 61
15440 73
15441 67
15442 67
15443 70
15444 77
15445 77
15446 75
15447 77
15448 72
15449 69
15450 53
15451 64
15452 65
15453 81
15454 77
15455 65
15456 73
15457 64
15458 65
15459 64
15460 67
15461 60
15462 57
15463 66
15464 78
15465 74
15466 62
15467 72
15468 70
15469 68
15470 69
15471 81
15472 75
15473 69
15474 74
15475 69
15476 74
15477 84
15478 70
15479 68
15480 72
15481 74
15482 79
15483 77
15484 76
15485 74
15486 73
15487 69
15488 65
15489 69
15490 70
15491 59
15492 67
15493 69
15494 76
15495 74
15496 71
15497 64
15498 65
15499 79
15500 68
15501 65
15502 56
15503 65
15504 62
15505 69
15506 78
15507 65
15508 70
15509 73
15510 72
15511 74
15512 66
15513 52
15514 67
15515 71
15516 72
15517 73
15518 65
15519 66
15520 67
15521 66
15522 58
15523 44
15524 47
15525 50
15526 59
15527 67
15528 69
15529 74
15530 73
15531 70
15532 60
15533 65
15534 77
15535 78
15536 79
15537 68
15538 65
15539 72
15540 65
15541 65
15542 60
15543 68
15544 74
15545 66
15546 85
15547 71
15548 81
15549 76
15550 75
15551 61
15552 69
15553 64
15554 60
15555 74
15556 72
15557 71
15558 71
15559 82
15560 73
15561 58
15562 71
15563 70
15564 80
15565 69
15566 61
15567 62
15568 77
15569 75
15570 70
15571 69
15572 67
15573 69
15574 66
15575 61
15576 63
15577 71
15578 71
15579 72
15580 71
15581 64
15582 57
15583 64
15584 68
15585 72
15586 66
15587 75
15588 74
15589 78
15590 69
15591 72
15592 68
15593 65
15594 81
15595 74
15596 67
15597 61
15598 57
15599 48
15600 44
15601 62
15602 69
15603 62
15604 72
15605 69
15606 66
15607 64
15608 77
15609 76
15610 69
15611 64
15612 66
15613 66
15614 58
15615 78
15616 81
15617 74
15618 77
15619 78
15620 65
15621 68
15622 70
15623 74
15624 67
15625 61
15626 69
15627 64
15628 66
15629 71
15630 68
15631 63
15632 65
15633 67
15634 68
15635 67
15636 72
15637 74
15638 75
15639 67
15640 77
15641 79
15642 69
15643 59
15644 70
15645 74
15646 73
15647 68
15648 76
15649 75
15650 69
15651 83
15652 64
15653 76
15654 72
15655 61
15656 63
15657 74
15658 72
15659 75
15660 72
15661 77
15662 82
15663 69
15664 71
15665 62
15666 59
15667 65
15668 66
15669 67
15670 76
15671 75
15672 80
15673 83
15674 89
15675 72
15676 62
15677 60
15678 67
15679 71
15680 72
15681 55
15682 45
15683 49
15684 58
15685 59
15686 78
15687 81
15688 62
15689 59
15690 52
15691 62
15692 71
15693 68
15694 59
15695 67
15696 69
15697 60
15698 71
15699 76
15700 70
15701 58
15702 61
15703 66
15704 73
15705 75
15706 73
15707 70
15708 87
15709 80
15710 79
15711 71
15712 52
15713 45
15714 64
15715 74
15716 66
15717 68
15718 72
15719 75
15720 77
15721 72
15722 68
15723 76
15724 74
15725 68
15726 77
15727 74
15728 70
15729 63
15730 69
15731 64
15732 65
15733 64
15734 64
15735 63
15736 58
15737 62
15738 68
15739 64
15740 75
15741 76
15742 77
15743 81
15744 61
15745 67
15746 57
15747 58
15748 47
15749 42
15750 48
15751 62
15752 66
15753 80
15754 77
15755 72
15756 69
15757 75
15758 63
15759 62
15760 67
15761 68
15762 76
15763 64
15764 66
15765 73
15766 76
15767 70
15768 66
15769 80
15770 70
15771 76
15772 66
15773 65
15774 83
15775 67
15776 71
15777 64
15778 64
15779 66
15780 76
15781 69
15782 72
15783 78
15784 68
15785 60
15786 44
15787 42
15788 48
15789 57
15790 65
15791 72
15792 66
15793 65
15794 66
15795 72
15796 60
15797 63
15798 65
15799 63
15800 47
15801 65
15802 69
15803 71
15804 63
15805 79
15806 72
15807 67
15808 62
15809 67
15810 63
15811 68
15812 75
15813 83
15814 67
15815 66
15816 79
15817 72
15818 71
15819 69
15820 60
15821 55
15822 59
15823 70
15824 63
15825 67
15826 80
15827 75
15828 76
15829 73
15830 77
15831 69
15832 67
15833 73
15834 68
15835 67
15836 61
15837 67
15838 73
15839 66
15840 72
15841 67
15842 71
15843 74
15844 69
15845 73
15846 62
15847 71
15848 71
15849 73
15850 72
15851 70
15852 68
15853 64
15854 60
15855 59
15856 45
15857 42
15858 50
15859 56
15860 52
15861 56
15862 62
15863 65
15864 67
15865 65
15866 61
15867 59
15868 70
15869 70
15870 74
15871 70
15872 70
15873 52
15874 69
15875 68
15876 67
15877 75
15878 62
15879 69
15880 71
15881 72
15882 58
15883 61
15884 64
15885 72
15886 70
15887 66
15888 80
15889 71
15890 69
15891 69
15892 65
15893 76
15894 68
15895 63
15896 71
15897 81
15898 73
15899 83
15900 65
15901 59
15902 56
15903 68
15904 75
15905 71
15906 69
15907 73
15908 72
15909 57
15910 38
15911 46
15912 54
15913 65
15914 68
15915 68
15916 54
15917 63
15918 71
15919 67
15920 70
15921 61
15922 59
15923 61
15924 64
15925 65
15926 70
15927 72
15928 73
15929 68
15930 76
15931 70
15932 73
15933 68
15934 79
15935 68
15936 74
15937 85
15938 71
15939 70
15940 74
15941 74
15942 71
15943 65
15944 73
15945 70
15946 71
15947 66
15948 52
15949 56
15950 59
15951 68
15952 69
15953 59
15954 71
15955 68
15956 78
15957 63
15958 61
15959 65
15960 77
15961 87
15962 90
15963 73
15964 69
15965 59
15966 60
15967 57
15968 55
15969 71
15970 56
15971 68
15972 48
15973 60
15974 66
15975 68
15976 77
15977 73
15978 72
15979 74
15980 81
15981 81
15982 64
15983 44
15984 60
15985 65
15986 72
15987 68
15988 63
15989 68
15990 70
15991 62
15992 76
15993 74
15994 73
15995 56
15996 57
15997 67
15998 67
15999 72
16000 66
16001 68
16002 62
16003 74
16004 64
16005 57
16006 67
16007 70
16008 69
16009 69
16010 81
16011 71
16012 65
16013 63
16014 61
16015 69
16016 80
16017 70
16018 69
16019 68
16020 62
16021 70
16022 64
16023 71
16024 74
16025 62
16026 58
16027 57
16028 63
16029 61
16030 71
16031 62
16032 68
16033 68
16034 81
16035 98
16036 89
16037 77
16038 78
16039 78
16040 69
16041 58
16042 53
16043 71
16044 76
16045 71
16046 74
16047 67
16048 70
16049 75
16050 70
16051 78
16052 73
16053 74
16054 72
16055 63
16056 67
16057 70
16058 63
16059 58
16060 61
16061 69
16062 66
16063 64
16064 58
16065 59
16066 74
16067 68
16068 60
16069 68
16070 78
16071 72
16072 86
16073 74
16074 76
16075 88
16076 85
16077 79
16078 76
16079 78
16080 66
16081 65
16082 66
16083 67
16084 71
16085 68
16086 71
16087 59
16088 66
16089 61
16090 59
16091 70
16092 73
16093 66
16094 65
16095 64
16096 49
16097 53
16098 63
16099 75
16100 80
16101 73
16102 79
16103 88
16104 70
16105 67
16106 68
16107 85
16108 81
16109 67
16110 70
16111 78
16112 77
16113 64
16114 75
16115 69
16116 71
16117 73
16118 61
16119 51
16120 52
16121 58
16122 66
16123 69
16124 74
16125 77
16126 74
16127 70
16128 61
16129 44
16130 53
16131 73
16132 71
16133 56
16134 54
16135 55
16136 70
16137 71
16138 75
16139 79
16140 75
16141 68
16142 72
16143 67
16144 73
16145 77
16146 70
16147 78
16148 79
16149 78
16150 80
16151 70
16152 82
16153 74
16154 66
16155 68
16156 67
16157 66
16158 60
16159 58
16160 68
16161 73
16162 78
16163 74
16164 74
16165 72
16166 71
16167 64
16168 70
16169 67
16170 72
16171 68
16172 71
16173 77
16174 71
16175 75
16176 72
16177 75
16178 79
16179 75
16180 74
16181 70
16182 63
16183 75
16184 71
16185 74
16186 67
16187 58
16188 49
16189 48
16190 63
16191 71
16192 61
16193 66
16194 64
16195 76
16196 81
16197 69
16198 68
16199 66
16200 68
16201 79
16202 65
16203 64
16204 63
16205 62
16206 69
16207 66
16208 73
16209 71
16210 69
16211 72
16212 70
16213 74
16214 61
16215 68
16216 68
16217 70
16218 71
16219 76
16220 73
16221 66
16222 65
16223 72
16224 72
16225 65
16226 66
16227 74
16228 60
16229 59
16230 73
16231 73
16232 57
16233 75
16234 73
16235 58
16236 64
16237 59
16238 58
16239 56
16240 67
16241 72
16242 61
16243 64
16244 73
16245 73
16246 70
16247 77
16248 58
16249 77
16250 77
16251 75
16252 60
16253 55
16254 67
16255 73
16256 62
16257 71
16258 78
16259 72
16260 62
16261 70
16262 76
16263 74
16264 79
16265 68
16266 72
16267 85
16268 80
16269 69
16270 70
16271 66
16272 70
16273 63
16274 70
16275 71
16276 63
16277 61
16278 66
16279 80
16280 75
16281 67
16282 70
16283 60
16284 72
16285 74
16286 63
16287 64
16288 75
16289 72
16290 60
16291 66
16292 66
16293 57
16294 73
16295 69
16296 79
16297 72
16298 73
16299 66
16300 68
16301 70
16302 65
16303 61
16304 57
16305 54
16306 67
16307 69
16308 77
16309 76
16310 63
16311 64
16312 70
16313 50
16314 58
16315 62
16316 60
16317 56
16318 72
16319 66
16320 60
16321 62
16322 67
16323 61
16324 68
16325 67
16326 65
16327 66
16328 70
16329 67
16330 62
16331 61
16332 60
16333 68
16334 65
16335 69
16336 60
16337 75
16338 63
16339 76
16340 73
16341 68
16342 66
16343 57
16344 58
16345 62
16346 65
16347 71
16348 84
16349 69
16350 65
16351 56
16352 49
16353 51
16354 60
16355 55
16356 54
16357 57
16358 68
16359 65
16360 64
16361 64
16362 72
16363 77
16364 73
16365 75
16366 78
16367 74
16368 69
16369 72
16370 67
16371 77
16372 80
16373 82
16374 84
16375 78
16376 77
16377 80
16378 63
16379 67
16380 67
16381 72
16382 70
16383 75
16384 70
16385 81
16386 71
16387 74
16388 64
16389 62
16390 62
16391 76
16392 59
16393 71
16394 72
16395 69
16396 72
16397 62
16398 73
16399 73
16400 60
16401 58
16402 64
16403 66
16404 65
16405 56
16406 64
16407 70
16408 66
16409 70
16410 84
16411 64
16412 72
16413 69
16414 73
16415 69
16416 70
16417 73
16418 62
16419 62
16420 53
16421 52
16422 68
16423 56
16424 58
16425 64
16426 67
16427 69
16428 74
16429 71
16430 68
16431 63
16432 64
16433 73
16434 62
16435 61
16436 63
16437 70
16438 74
16439 69
16440 68
16441 65
16442 72
16443 62
16444 71
16445 76
16446 75
16447 70
16448 67
16449 64
16450 67
16451 67
16452 69
16453 69
16454 77
16455 75
16456 72
16457 69
16458 57
16459 73
16460 71
16461 66
16462 62
16463 49
16464 57
16465 68
16466 64
16467 60
16468 49
16469 54
16470 51
16471 52
16472 56
16473 69
16474 71
16475 74
16476 73
16477 73
16478 79
16479 76
16480 66
16481 71
16482 67
16483 72
16484 70
16485 70
16486 68
16487 58
16488 78
16489 85
16490 68
16491 80
16492 65
16493 63
16494 71
16495 67
16496 67
16497 58
16498 64
16499 75
16500 76
16501 72
16502 68
16503 75
16504 71
16505 72
16506 66
16507 71
16508 65
16509 65
16510 60
16511 66
16512 64
16513 57
16514 53
16515 62
16516 67
16517 68
16518 71
16519 77
16520 78
16521 80
16522 67
16523 70
16524 72
16525 72
16526 74
16527 77
16528 73
16529 68
16530 65
16531 67
16532 75
16533 67
16534 73
16535 56
16536 48
16537 60
16538 68
16539 67
16540 76
16541 77
16542 66
16543 69
16544 70
16545 68
16546 56
16547 62
16548 75
16549 63
16550 49
16551 54
16552 55
16553 62
16554 65
16555 63
16556 66
16557 77
16558 63
16559 72
16560 63
16561 62
16562 67
16563 73
16564 56
16565 54
16566 59
16567 65
16568 75
16569 75
16570 68
16571 65
16572 66
16573 77
16574 77
16575 82
16576 75
16577 73
16578 65
16579 65
16580 62
16581 63
16582 67
16583 66
16584 71
16585 74
16586 66
16587 80
16588 76
16589 75
16590 69
16591 70
16592 67
16593 59
16594 72
16595 71
16596 80
16597 81
16598 65
16599 65
16600 76
16601 70
16602 71
16603 67
16604 65
16605 71
16606 69
16607 81
16608 62
16609 75
16610 78
16611 69
16612 59
16613 71
16614 69
16615 76
16616 69
16617 67
16618 62
16619 61
16620 66
16621 67
16622 68
16623 76
16624 75
16625 73
16626 69
16627 56
16628 59
16629 69
16630 68
16631 65
16632 70
16633 75
16634 77
16635 66
16636 65
16637 73
16638 64
16639 71
16640 79
16641 70
16642 71
16643 66
16644 78
16645 70
16646 73
16647 79
16648 68
16649 78
16650 72
16651 59
16652 49
16653 53
16654 64
16655 73
16656 76
16657 66
16658 63
16659 72
16660 63
16661 57
16662 69
16663 63
16664 62
16665 56
16666 51
16667 56
16668 64
16669 64
16670 62
16671 50
16672 52
16673 62
16674 48
16675 57
16676 61
16677 72
16678 70
16679 78
16680 59
16681 70
16682 69
16683 68
16684 61
16685 55
16686 73
16687 76
16688 70
16689 67
16690 68
16691 73
16692 62
16693 67
16694 80
16695 80
16696 85
16697 75
16698 74
16699 60
16700 61
16701 68
16702 68
16703 72
16704 77
16705 76
16706 67
16707 65
16708 66
16709 72
16710 76
16711 66
16712 61
16713 75
16714 73
16715 79
16716 68
16717 72
16718 62
16719 72
16720 71
16721 69
16722 57
16723 55
16724 68
16725 70
16726 75
16727 73
16728 67
16729 63
16730 68
16731 75
16732 77
16733 60
16734 70
16735 71
16736 77
16737 64
16738 66
16739 68
16740 63
16741 56
16742 57
16743 61
16744 73
16745 64
16746 63
16747 67
16748 74
16749 73
16750 65
16751 73
16752 66
16753 70
16754 72
16755 66
16756 59
16757 72
16758 73
16759 66
16760 61
16761 55
16762 66
16763 66
16764 63
16765 68
16766 72
16767 77
16768 67
16769 73
16770 75
16771 73
16772 81
16773 76
16774 76
16775 72
16776 68
16777 70
16778 80
16779 66
16780 57
16781 60
16782 61
16783 65
16784 76
16785 71
16786 68
16787 80
16788 65
16789 64
16790 74
16791 69
16792 65
16793 73
16794 65
16795 69
16796 66
16797 82
16798 69
16799 71
16800 69
16801 64
16802 81
16803 71
16804 68
16805 66
16806 84
16807 68
16808 73
16809 81
16810 73
16811 75
16812 64
16813 59
16814 57
16815 56
16816 60
16817 65
16818 79
16819 79
16820 59
16821 69
16822 70
16823 68
16824 62
16825 67
16826 72
16827 84
16828 76
16829 68
16830 64
16831 62
16832 79
16833 81
16834 66
16835 60
16836 59
16837 56
16838 71
16839 54
16840 63
16841 70
16842 65
16843 77
16844 78
16845 75
16846 70
16847 79
16848 70
16849 60
16850 59
16851 71
16852 72
16853 60
16854 63
16855 76
16856 68
16857 59
16858 65
16859 75
16860 67
16861 69
16862 61
16863 62
16864 67
16865 62
16866 69
16867 81
16868 70
16869 76
16870 95
16871 94
16872 75
16873 71
16874 68
16875 74
16876 72
16877 81
16878 64
16879 70
16880 63
16881 58
16882 44
16883 56
16884 64
16885 65
16886 66
16887 60
16888 63
16889 67
16890 69
16891 66
16892 72
16893 72
16894 67
16895 66
16896 62
16897 61
16898 61
16899 69
16900 64
16901 72
16902 64
16903 61
16904 64
16905 66
16906 64
16907 61
16908 69
16909 69
16910 71
16911 65
16912 81
16913 76
16914 76
16915 65
16916 66
16917 65
16918 55
16919 60
16920 68
16921 69
16922 67
16923 69
16924 77
16925 74
16926 74
16927 73
16928 79
16929 62
16930 66
16931 61
16932 63
16933 74
16934 61
16935 60
16936 71
16937 78
16938 74
16939 73
16940 65
16941 73
16942 74
16943 66
16944 67
16945 59
16946 63
16947 71
16948 80
16949 73
16950 69
16951 70
16952 71
16953 76
16954 56
16955 55
16956 75
16957 73
16958 79
16959 70
16960 79
16961 75
16962 76
16963 79
16964 73
16965 76
16966 74
16967 76
16968 77
16969 63
16970 64
16971 71
16972 75
16973 71
16974 66
16975 51
16976 63
16977 49
16978 61
16979 69
16980 81
16981 77
16982 73
16983 68
16984 72
16985 63
16986 69
16987 70
16988 78
16989 70
16990 69
16991 74
16992 62
16993 70
16994 68
16995 64
16996 68
16997 64
16998 56
16999 70
17000 54
17001 57
17002 54
17003 62
17004 63
17005 53
17006 60
17007 66
17008 71
17009 81
17010 66
17011 71
17012 71
17013 59
17014 62
17015 67
17016 55
17017 70
17018 73
17019 76
17020 71
17021 78
17022 77
17023 81
17024 76
17025 75
17026 61
17027 58
17028 71
17029 58
17030 59
17031 73
17032 70
17033 67
17034 56
17035 61
17036 62
17037 55
17038 67
17039 61
17040 65
17041 62
17042 64
17043 70
17044 63
17045 59
17046 60
17047 62
17048 75
17049 73
17050 75
17051 64
17052 70
17053 63
17054 67
17055 69
17056 67
17057 59
17058 64
17059 67
17060 70
17061 76
17062 68
17063 78
17064 73
17065 71
17066 66
17067 65
17068 81
17069 70
17070 73
17071 85
17072 71
17073 72
17074 77
17075 77
17076 74
17077 77
17078 78
17079 67
17080 62
17081 65
17082 73
17083 72
17084 65
17085 69
17086 64
17087 82
17088 76
17089 70
17090 71
17091 62
17092 68
17093 60
17094 68
17095 79
17096 86
17097 66
17098 61
17099 62
17100 60
17101 65
17102 72
17103 73
17104 74
17105 78
17106 73
17107 69
17108 60
17109 57
17110 65
17111 68
17112 63
17113 70
17114 76
17115 68
17116 77
17117 78
17118 71
17119 76
17120 75
17121 63
17122 60
17123 57
17124 73
17125 65
17126 79
17127 67
17128 74
17129 60
17130 50
17131 46
17132 62
17133 71
17134 69
17135 64
17136 71
17137 74
17138 91
17139 78
17140 66
17141 68
17142 70
17143 67
17144 68
17145 76
17146 78
17147 73
17148 85
17149 75
17150 69
17151 63
17152 56
17153 70
17154 74
17155 69
17156 67
17157 70
17158 73
17159 71
17160 66
17161 67
17162 66
17163 66
17164 70
17165 67
17166 69
17167 76
17168 78
17169 79
17170 74
17171 67
17172 76
17173 67
17174 71
17175 65
17176 58
17177 65
17178 67
17179 60
17180 63
17181 65
17182 65
17183 65
17184 67
17185 70
17186 67
17187 73
17188 72
17189 83
17190 73
17191 77
17192 68
17193 72
17194 72
17195 65
17196 76
17197 71
17198 69
17199 73
17200 70
17201 61
17202 69
17203 64
17204 59
17205 59
17206 55
17207 68
17208 74
17209 69
17210 66
17211 69
17212 57
17213 52
17214 37
17215 48
17216 51
17217 62
17218 64
17219 79
17220 81
17221 79
17222 75
17223 71
17224 63
17225 62
17226 61
17227 62
17228 63
17229 64
17230 57
17231 64
17232 61
17233 65
17234 63
17235 64
17236 71
17237 70
17238 68
17239 71
17240 65
17241 66
17242 55
17243 71
17244 71
17245 71
17246 75
17247 61
17248 66
17249 71
17250 83
17251 79
17252 74
17253 57
17254 63
17255 62
17256 53
17257 63
17258 67
17259 65
17260 74
17261 77
17262 69
17263 53
17264 57
17265 73
17266 75
17267 78
17268 76
17269 73
17270 70
17271 65
17272 63
17273 69
17274 71
17275 64
17276 63
17277 70
17278 67
17279 72
17280 78
17281 65
17282 63
17283 71
17284 75
17285 65
17286 63
17287 74
17288 69
17289 69
17290 66
17291 65
17292 58
17293 72
17294 71
17295 76
17296 74
17297 63
17298 63
17299 69
17300 65
17301 70
17302 77
17303 63
17304 58
17305 54
17306 69
17307 73
17308 64
17309 71
17310 74
17311 67
17312 69
17313 69
17314 71
17315 81
17316 70
17317 71
17318 57
17319 70
17320 79
17321 59
17322 67
17323 65
17324 67
17325 67
17326 65
17327 61
17328 64
17329 66
17330 62
17331 56
17332 66
17333 65
17334 70
17335 74
17336 72
17337 60
17338 73
17339 71
17340 71
17341 76
17342 57
17343 70
17344 70
17345 72
17346 68
17347 60
17348 65
17349 68
17350 62
17351 56
17352 75
17353 65
17354 62
17355 68
17356 79
17357 71
17358 78
17359 59
17360 71
17361 80
17362 82
17363 72
17364 73
17365 75
17366 78
17367 60
17368 72
17369 90
17370 73
17371 76
17372 67
17373 60
17374 80
17375 73
17376 75
17377 72
17378 71
17379 65
17380 74
17381 69
17382 72
17383 70
17384 71
17385 72
17386 71
17387 74
17388 71
17389 75
17390 74
17391 69
17392 65
17393 78
17394 66
17395 65
17396 64
17397 68
17398 72
17399 61
17400 69
17401 68
17402 72
17403 66
17404 73
17405 59
17406 72
17407 72
17408 83
17409 81
17410 70
17411 71
17412 58
17413 67
17414 75
17415 65
17416 76
17417 68
17418 70
17419 62
17420 73
17421 68
17422 59
17423 59
17424 51
17425 62
17426 71
17427 68
17428 75
17429 76
17430 70
17431 79
17432 71
17433 58
17434 68
17435 65
17436 56
17437 63
17438 70
17439 71
17440 64
17441 67
17442 71
17443 65
17444 73
17445 74
17446 79
17447 66
17448 65
17449 71
17450 73
17451 69
17452 71
17453 68
17454 58
17455 55
17456 49
17457 64
17458 68
17459 71
17460 69
17461 71
17462 63
17463 65
17464 68
17465 72
17466 72
17467 71
17468 72
17469 78
17470 78
17471 70
17472 61
17473 70
17474 68
17475 60
17476 62
17477 58
17478 55
17479 50
17480 60
17481 70
17482 74
17483 66
17484 61
17485 60
17486 54
17487 64
17488 74
17489 82
17490 69
17491 67
17492 53
17493 59
17494 54
17495 42
17496 56
17497 66
17498 69
17499 62
17500 68
17501 51
17502 65
17503 79
17504 77
17505 70
17506 61
17507 63
17508 65
17509 72
17510 61
17511 74
17512 76
17513 72
17514 67
17515 64
17516 63
17517 72
17518 78
17519 70
17520 67
17521 57
17522 60
17523 56
17524 51
17525 63
17526 79
17527 70
17528 77
17529 74
17530 66
17531 62
17532 66
17533 69
17534 74
17535 66
17536 70
17537 80
17538 70
17539 71
17540 72
17541 61
17542 67
17543 61
17544 65
17545 67
17546 67
17547 66
17548 61
17549 56
17550 72
17551 73
17552 78
17553 71
17554 61
17555 53
17556 68
17557 81
17558 78
17559 82
17560 72
17561 71
17562 59
17563 70
17564 70
17565 71
17566 69
17567 68
17568 71
17569 65
17570 68
17571 68
17572 72
17573 70
17574 72
17575 71
17576 67
17577 73
17578 69
17579 71
17580 72
17581 73
17582 59
17583 73
17584 64
17585 53
17586 44
17587 43
17588 46
17589 56
17590 68
17591 69
17592 70
17593 72
17594 71
17595 65
17596 81
17597 83
17598 80
17599 66
17600 70
17601 76
17602 66
17603 72
17604 65
17605 72
17606 64
17607 68
17608 74
17609 73
17610 78
17611 74
17612 66
17613 69
17614 70
17615 71
17616 81
17617 74
17618 71
17619 71
17620 76
17621 63
17622 60
17623 62
17624 58
17625 61
17626 66
17627 70
17628 81
17629 74
17630 81
17631 84
17632 64
17633 68
17634 76
17635 69
17636 59
17637 66
17638 75
17639 71
17640 62
17641 64
17642 71
17643 69
17644 68
17645 70
17646 69
17647 67
17648 61
17649 69
17650 63
17651 65
17652 68
17653 72
17654 80
17655 65
17656 67
17657 66
17658 73
17659 67
17660 75
17661 73
17662 70
17663 81
17664 77
17665 62
17666 78
17667 61
17668 76
17669 80
17670 64
17671 70
17672 71
17673 72
17674 62
17675 67
17676 65
17677 65
17678 58
17679 67
17680 65
17681 72
17682 73
17683 81
17684 72
17685 68
17686 63
17687 54
17688 72
17689 70
17690 67
17691 83
17692 72
17693 79
17694 65
17695 62
17696 72
17697 70
17698 62
17699 64
17700 72
17701 78
17702 63
17703 51
17704 65
17705 73
17706 67
17707 67
17708 78
17709 71
17710 73
17711 69
17712 61
17713 57
17714 55
17715 61
17716 62
17717 79
17718 73
17719 70
17720 70
17721 67
17722 66
17723 72
17724 76
17725 72
17726 73
17727 62
17728 72
17729 79
17730 77
17731 76
17732 77
17733 61
17734 57
17735 63
17736 68
17737 86
17738 74
17739 62
17740 68
17741 67
17742 70
17743 61
17744 64
17745 70
17746 77
17747 70
17748 69
17749 82
17750 74
17751 70
17752 77
17753 70
17754 79
17755 91
17756 79
17757 60
17758 70
17759 63
17760 80
17761 81
17762 71
17763 79
17764 72
17765 59
17766 69
17767 70
17768 70
17769 73
17770 71
17771 66
17772 67
17773 72
17774 81
17775 75
17776 71
17777 76
17778 60
17779 59
17780 72
17781 59
17782 57
17783 61
17784 73
17785 67
17786 78
17787 64
17788 58
17789 69
17790 67
17791 72
17792 66
17793 67
17794 64
17795 68
17796 60
17797 65
17798 75
17799 84
17800 70
17801 76
17802 82
17803 74
17804 58
17805 69
17806 67
17807 56
17808 65
17809 53
17810 58
17811 63
17812 68
17813 77
17814 88
17815 68
17816 83
17817 77
17818 68
17819 78
17820 72
17821 79
17822 79
17823 77
17824 71
17825 68
17826 71
17827 77
17828 70
17829 78
17830 58
17831 55
17832 59
17833 64
17834 71
17835 81
17836 72
17837 83
17838 73
17839 72
17840 68
17841 66
17842 64
17843 72
17844 69
17845 71
17846 60
17847 56
17848 74
17849 76
17850 78
17851 84
17852 73
17853 79
17854 63
17855 58
17856 75
17857 68
17858 64
17859 69
17860 68
17861 65
17862 64
17863 83
17864 79
17865 74
17866 70
17867 79
17868 73
17869 60
17870 71
17871 68
17872 69
17873 70
17874 73
17875 60
17876 65
17877 63
17878 66
17879 65
17880 69
17881 71
17882 77
17883 71
17884 79
17885 70
17886 68
17887 78
17888 66
17889 67
17890 61
17891 71
17892 74
17893 71
17894 86
17895 67
17896 76
17897 70
17898 75
17899 75
17900 70
17901 73
17902 71
17903 58
17904 59
17905 74
17906 64
17907 58
17908 47
17909 62
17910 72
17911 66
17912 65
17913 70
17914 68
17915 65
17916 71
17917 68
17918 72
17919 75
17920 85
17921 67
17922 64
17923 66
17924 72
17925 67
17926 66
17927 70
17928 76
17929 70
17930 73
17931 56
17932 74
17933 78
17934 71
17935 71
17936 83
17937 68
17938 60
17939 51
17940 65
17941 66
17942 67
17943 63
17944 64
17945 60
17946 56
17947 54
17948 62
17949 76
17950 77
17951 67
17952 63
17953 55
17954 62
17955 66
17956 61
17957 75
17958 76
17959 70
17960 76
17961 73
17962 65
17963 77
17964 78
17965 81
17966 72
17967 66
17968 73
17969 79
17970 74
17971 73
17972 83
17973 72
17974 57
17975 56
17976 60
17977 69
17978 70
17979 60
17980 57
17981 74
17982 77
17983 70
17984 71
17985 72
17986 65
17987 73
17988 62
17989 67
17990 65
17991 64
17992 58
17993 60
17994 67
17995 64
17996 62
17997 68
17998 72
17999 77
18000 74
18001 81
18002 65
18003 79
18004 66
18005 64
18006 63
18007 56
18008 64
18009 64
18010 68
18011 71
18012 61
18013 77
18014 58
18015 65
18016 69
18017 60
18018 61
18019 66
18020 68
18021 66
18022 67
18023 57
18024 64
18025 59
18026 63
18027 46
18028 55
18029 60
18030 58
18031 65
18032 66
18033 76
18034 60
18035 78
18036 65
18037 66
18038 68
18039 74
18040 68
18041 65
18042 72
18043 70
18044 67
18045 65
18046 65
18047 66
18048 62
18049 58
18050 62
18051 72
18052 66
18053 52
18054 65
18055 78
18056 61
18057 56
18058 55
18059 65
18060 66
18061 68
18062 58
18063 75
18064 73
18065 79
18066 76
18067 71
18068 80
18069 70
18070 73
18071 81
18072 69
18073 67
18074 61
18075 72
18076 74
18077 66
18078 62
18079 68
18080 73
18081 70
18082 71
18083 67
18084 66
18085 67
18086 68
18087 76
18088 69
18089 67
18090 83
18091 75
18092 70
18093 68
18094 63
18095 66
18096 68
18097 66
18098 64
18099 69
18100 67
18101 64
18102 61
18103 61
18104 65
18105 71
18106 69
18107 67
18108 76
18109 63
18110 75
18111 66
18112 72
18113 72
18114 62
18115 59
18116 58
18117 59
18118 65
18119 72
18120 71
18121 76
18122 67
18123 74
18124 71
18125 81
18126 81
18127 77
18128 67
18129 69
18130 82
18131 83
18132 71
18133 70
18134 63
18135 55
18136 71
18137 64
18138 65
18139 61
18140 65
18141 74
18142 77
18143 76
18144 90
18145 76
18146 56
18147 72
18148 72
18149 73
18150 63
18151 59
18152 69
18153 69
18154 50
18155 68
18156 66
18157 84
18158 77
18159 72
18160 69
18161 74
18162 72
18163 68
18164 72
18165 81
18166 66
18167 64
18168 58
18169 71
18170 61
18171 60
18172 65
18173 76
18174 81
18175 81
18176 64
18177 70
18178 75
18179 74
18180 83
18181 76
18182 73
18183 63
18184 64
18185 56
18186 49
18187 63
18188 55
18189 49
18190 63
18191 73
18192 64
18193 70
18194 72
18195 73
18196 60
18197 63
18198 67
18199 63
18200 62
18201 65
18202 79
18203 74
18204 67
18205 75
18206 71
18207 64
18208 66
18209 69
18210 67
18211 77
18212 62
18213 52
18214 50
18215 48
18216 62
18217 65
18218 63
18219 72
18220 71
18221 73
18222 69
18223 64
18224 76
18225 83
18226 76
18227 57
18228 56
18229 57
18230 59
18231 62
18232 70
18233 72
18234 71
18235 59
18236 64
18237 76
18238 84
18239 71
18240 68
18241 78
18242 74
18243 92
18244 77
18245 71
18246 71
18247 83
18248 77
18249 67
18250 61
18251 56
18252 51
18253 49
18254 63
18255 66
18256 66
18257 69
18258 61
18259 76
18260 69
18261 65
18262 74
18263 63
18264 67
18265 71
18266 90
18267 82
18268 73
18269 67
18270 53
18271 69
18272 68
18273 71
18274 74
18275 74
18276 69
18277 64
18278 68
18279 69
18280 71
18281 72
18282 69
18283 61
18284 68
18285 70
18286 79
18287 66
18288 62
18289 57
18290 66
18291 76
18292 70
18293 60
18294 61
18295 70
18296 68
18297 67
18298 76
18299 67
18300 63
18301 73
18302 63
18303 78
18304 76
18305 56
18306 50
18307 53
18308 59
18309 72
18310 65
18311 69
18312 73
18313 60
18314 70
18315 68
18316 64
18317 66
18318 61
18319 67
18320 66
18321 55
18322 74
18323 69
18324 50
18325 67
18326 61
18327 60
18328 75
18329 80
18330 69
18331 64
18332 57
18333 73
18334 74
18335 71
18336 73
18337 68
18338 70
18339 70
18340 69
18341 64
18342 65
18343 79
18344 73
18345 57
18346 59
18347 66
18348 68
18349 71
18350 58
18351 62
18352 61
18353 60
18354 58
18355 55
18356 62
18357 66
18358 67
18359 76
18360 72
18361 60
18362 61
18363 64
18364 71
18365 76
18366 67
18367 68
18368 69
18369 64
18370 79
18371 88
18372 75
18373 70
18374 74
18375 80
18376 68
18377 66
18378 64
18379 72
18380 71
18381 56
18382 59
18383 72
18384 71
18385 73
18386 70
18387 57
18388 58
18389 70
18390 74
18391 78
18392 71
18393 63
18394 62
18395 67
18396 75
18397 70
18398 74
18399 67
18400 69
18401 71
18402 68
18403 64
18404 48
18405 61
18406 76
18407 71
18408 62
18409 57
18410 61
18411 63
18412 66
18413 82
18414 69
18415 65
18416 71
18417 66
18418 63
18419 75
18420 72
18421 77
18422 65
18423 53
18424 63
18425 76
18426 78
18427 73
18428 76
18429 68
18430 72
18431 80
18432 82
18433 67
18434 66
18435 68
18436 70
18437 74
18438 62
18439 59
18440 63
18441 64
18442 62
18443 72
18444 65
18445 66
18446 77
18447 70
18448 77
18449 76
18450 61
18451 73
18452 66
18453 76
18454 75
18455 68
18456 70
18457 68
18458 64
18459 69
18460 67
18461 69
18462 72
18463 57
18464 54
18465 61
18466 72
18467 71
18468 66
18469 59
18470 78
18471 77
18472 74
18473 68
18474 70
18475 68
18476 55
18477 59
18478 66
18479 71
18480 64
18481 74
18482 70
18483 57
18484 52
18485 72
18486 75
18487 68
18488 72
18489 62
18490 67
18491 72
18492 73
18493 65
18494 70
18495 65
18496 62
18497 65
18498 64
18499 70
18500 68
18501 65
18502 64
18503 74
18504 66
18505 82
18506 68
18507 68
18508 67
18509 66
18510 56
18511 51
18512 49
18513 44
18514 50
18515 55
18516 68
18517 71
18518 70
18519 66
18520 61
18521 60
18522 68
18523 62
18524 68
18525 67
18526 69
18527 80
18528 88
18529 74
18530 72
18531 73
18532 72
18533 67
18534 72
18535 67
18536 58
18537 62
18538 52
18539 56
18540 69
18541 81
18542 63
18543 68
18544 66
18545 74
18546 76
18547 71
18548 67
18549 68
18550 72
18551 72
18552 73
18553 77
18554 81
18555 69
18556 77
18557 75
18558 72
18559 72
18560 69
18561 70
18562 69
18563 66
18564 78
18565 79
18566 70
18567 78
18568 81
18569 71
18570 72
18571 81
18572 73
18573 54
18574 56
18575 55
18576 47
18577 46
18578 60
18579 64
18580 71
18581 69
18582 75
18583 70
18584 67
18585 82
18586 68
18587 65
18588 63
18589 61
18590 73
18591 71
18592 70
18593 62
18594 56
18595 62
18596 54
18597 58
18598 57
18599 68
18600 71
18601 71
18602 72
18603 79
18604 70
18605 77
18606 71
18607 58
18608 64
18609 52
18610 39
18611 51
18612 53
18613 55
18614 67
18615 62
18616 64
18617 71
18618 69
18619 73
18620 82
18621 87
18622 85
18623 83
18624 70
18625 75
18626 64
18627 58
18628 59
18629 68
18630 69
18631 73
18632 68
18633 58
18634 61
18635 72
18636 72
18637 67
18638 83
18639 75
18640 73
18641 85
18642 67
18643 68
18644 68
18645 61
18646 62
18647 67
18648 67
18649 68
18650 77
18651 77
18652 73
18653 66
18654 75
18655 74
18656 66
18657 69
18658 67
18659 52
18660 72
18661 65
18662 62
18663 54
18664 57
18665 64
18666 67
18667 80
18668 69
18669 59
18670 77
18671 74
18672 75
18673 71
18674 77
18675 68
18676 70
18677 83
18678 82
18679 69
18680 71
18681 75
18682 82
18683 69
18684 64
18685 62
18686 63
18687 61
18688 58
18689 59
18690 70
18691 76
18692 79
18693 72
18694 65
18695 68
18696 66
18697 78
18698 72
18699 63
18700 69
18701 85
18702 68
18703 78
18704 74
18705 61
18706 79
18707 83
18708 74
18709 72
18710 84
18711 88
18712 79
18713 71
18714 68
18715 63
18716 61
18717 76
18718 65
18719 68
18720 71
18721 85
18722 74
18723 64
18724 71
18725 69
18726 59
18727 63
18728 70
18729 68
18730 79
18731 74
18732 71
18733 72
18734 83
18735 81
18736 73
18737 72
18738 70
18739 68
18740 62
18741 59
18742 49
18743 59
18744 60
18745 73
18746 78
18747 76
18748 74
18749 64
18750 69
18751 59
18752 61
18753 67
18754 64
18755 57
18756 60
18757 67
18758 62
18759 73
18760 65
18761 80
18762 87
18763 76
18764 90
18765 76
18766 77
18767 74
18768 68
18769 63
18770 44
18771 63
18772 70
18773 66
18774 62
18775 72
18776 65
18777 65
18778 73
18779 74
18780 65
18781 68
18782 69
18783 73
18784 63
18785 63
18786 62
18787 73
18788 74
18789 74
18790 77
18791 70
18792 64
18793 59
18794 72
18795 67
18796 73
18797 79
18798 71
18799 73
18800 73
18801 72
18802 74
18803 63
18804 68
18805 70
18806 71
18807 60
18808 62
18809 58
18810 56
18811 50
18812 57
18813 53
18814 55
18815 66
18816 83
18817 80
18818 64
18819 58
18820 53
18821 58
18822 59
18823 65
18824 69
18825 77
18826 71
18827 70
18828 65
18829 78
18830 73
18831 83
18832 74
18833 77
18834 63
18835 70
18836 78
18837 67
18838 65
18839 68
18840 75
18841 75
18842 69
18843 63
18844 72
18845 68
18846 66
18847 74
18848 80
18849 74
18850 76
18851 68
18852 66
18853 66
18854 73
18855 72
18856 89
18857 95
18858 77
18859 69
18860 61
18861 64
18862 54
18863 63
18864 64
18865 66
18866 68
18867 68
18868 70
18869 64
18870 72
18871 61
18872 62
18873 70
18874 73
18875 72
18876 76
18877 77
18878 70
18879 66
18880 76
18881 59
18882 67
18883 69
18884 73
18885 72
18886 69
18887 66
18888 70
18889 79
18890 74
18891 77
18892 62
18893 67
18894 72
18895 65
18896 61
18897 68
18898 76
18899 71
18900 76
18901 73
18902 59
18903 68
18904 62
18905 54
18906 57
18907 63
18908 65
18909 68
18910 72
18911 67
18912 64
18913 66
18914 75
18915 66
18916 81
18917 77
18918 73
18919 68
18920 66
18921 71
18922 64
18923 70
18924 75
18925 67
18926 68
18927 63
18928 55
18929 65
18930 69
18931 70
18932 66
18933 65
18934 65
18935 60
18936 62
18937 71
18938 66
18939 64
18940 79
18941 80
18942 76
18943 75
18944 65
18945 62
18946 68
18947 57
18948 62
18949 64
18950 70
18951 59
18952 60
18953 69
18954 77
18955 79
18956 68
18957 71
18958 73
18959 62
18960 59
18961 62
18962 70
18963 59
18964 69
18965 73
18966 63
18967 71
18968 71
18969 60
18970 68
18971 74
18972 76
18973 64
18974 65
18975 68
18976 71
18977 71
18978 76
18979 77
18980 78
18981 74
18982 72
18983 72
18984 70
18985 63
18986 55
18987 65
18988 70
18989 71
18990 73
18991 68
18992 69
18993 68
18994 65
18995 75
18996 72
18997 65
18998 68
18999 60
19000 67
19001 72
19002 76
19003 74
19004 61
19005 62
19006 59
19007 65
19008 79
19009 74
19010 77
19011 73
19012 65
19013 69
19014 73
19015 58
19016 66
19017 72
19018 70
19019 60
19020 74
19021 68
19022 70
19023 70
19024 73
19025 70
19026 67
19027 74
19028 67
19029 72
19030 65
19031 69
19032 71
19033 70
19034 69
19035 74
19036 88
19037 77
19038 70
19039 75
19040 71
19041 68
19042 58
19043 60
19044 67
19045 74
19046 76
19047 72
19048 68
19049 76
19050 78
19051 70
19052 64
19053 53
19054 57
19055 50
19056 53
19057 56
19058 69
19059 68
19060 58
19061 78
19062 75
19063 73
19064 69
19065 67
19066 72
19067 68
19068 63
19069 71
19070 62
19071 60
19072 67
19073 73
19074 66
19075 74
19076 63
19077 66
19078 72
19079 69
19080 74
19081 62
19082 73
19083 64
19084 57
19085 62
19086 71
19087 67
19088 74
19089 74
19090 79
19091 65
19092 75
19093 69
19094 69
19095 74
19096 72
19097 62
19098 67
19099 85
19100 69
19101 63
19102 67
19103 65
19104 56
19105 62
19106 71
19107 66
19108 64
19109 58
19110 69
19111 67
19112 69
19113 67
19114 64
19115 74
19116 65
19117 72
19118 74
19119 80
19120 80
19121 76
19122 62
19123 65
19124 51
19125 60
19126 66
19127 68
19128 65
19129 78
19130 74
19131 68
19132 75
19133 71
19134 70
19135 65
19136 63
19137 61
19138 62
19139 80
19140 78
19141 76
19142 69
19143 68
19144 69
19145 66
19146 62
19147 61
19148 71
19149 71
19150 76
19151 78
19152 72
19153 70
19154 64
19155 74
19156 59
19157 69
19158 64
19159 68
19160 79
19161 72
19162 79
19163 73
19164 62
19165 65
19166 59
19167 66
19168 71
19169 73
19170 76
19171 70
19172 69
19173 80
19174 84
19175 81
19176 73
19177 76
19178 63
19179 66
19180 69
19181 71
19182 71
19183 72
19184 61
19185 67
19186 73
19187 62
19188 71
19189 73
19190 79
19191 76
19192 84
19193 83
19194 68
19195 69
19196 70
19197 75
19198 76
19199 83
19200 73
19201 71
19202 72
19203 86
19204 73
19205 72
19206 75
19207 82
19208 74
19209 72
19210 80
19211 69
19212 68
19213 66
19214 71
19215 66
19216 66
19217 59
19218 61
19219 63
19220 66
19221 70
19222 61
19223 62
19224 59
19225 74
19226 74
19227 71
19228 71
19229 68
19230 79
19231 73
19232 58
19233 67
19234 74
19235 73
19236 65
19237 72
19238 81
19239 69
19240 64
19241 63
19242 71
19243 84
19244 64
19245 65
19246 72
19247 70
19248 73
19249 62
19250 44
19251 39
19252 40
19253 52
19254 57
19255 61
19256 65
19257 62
19258 60
19259 74
19260 70
19261 84
19262 68
19263 79
19264 71
19265 69
19266 69
19267 79
19268 75
19269 73
19270 78
19271 74
19272 67
19273 70
19274 80
19275 64
19276 69
19277 76
19278 70
19279 75
19280 72
19281 73
19282 69
19283 67
19284 64
19285 60
19286 75
19287 74
19288 63
19289 71
19290 61
19291 59
19292 65
19293 74
19294 69
19295 69
19296 62
19297 67
19298 71
19299 80
19300 75
19301 79
19302 71
19303 70
19304 67
19305 67
19306 65
19307 61
19308 57
19309 66
19310 65
19311 75
19312 77
19313 63
19314 67
19315 66
19316 63
19317 64
19318 73
19319 77
19320 81
19321 76
19322 78
19323 79
19324 79
19325 87
19326 72
19327 69
19328 81
19329 76
19330 78
19331 75
19332 69
19333 71
19334 76
19335 67
19336 70
19337 66
19338 73
19339 79
19340 72
19341 60
19342 64
19343 74
19344 63
19345 67
19346 72
19347 81
19348 76
19349 71
19350 74
19351 57
19352 60
19353 62
19354 63
19355 73
19356 78
19357 82
19358 67
19359 73
19360 73
19361 74
19362 70
19363 83
19364 78
19365 76
19366 77
19367 75
19368 76
19369 61
19370 75
19371 68
19372 64
19373 65
19374 67
19375 71
19376 64
19377 63
19378 59
19379 63
19380 68
19381 76
19382 76
19383 65
19384 61
19385 73
19386 75
19387 76
19388 63
19389 65
19390 73
19391 78
19392 67
19393 58
19394 70
19395 70
19396 64
19397 65
19398 53
19399 55
19400 75
19401 78
19402 63
19403 60
19404 63
19405 72
19406 83
19407 77
19408 77
19409 86
19410 69
19411 69
19412 69
19413 64
19414 73
19415 73
19416 66
19417 70
19418 71
19419 61
19420 77
19421 75
19422 64
19423 71
19424 80
19425 69
19426 60
19427 62
19428 63
19429 74
19430 72
19431 64
19432 61
19433 55
19434 72
19435 65
19436 60
19437 78
19438 72
19439 75
19440 83
19441 74
19442 77
19443 76
19444 84
19445 77
19446 68
19447 67
19448 73
19449 69
19450 80
19451 69
19452 66
19453 75
19454 66
19455 71
19456 65
19457 59
19458 58
19459 56
19460 42
19461 62
19462 69
19463 76
19464 81
19465 74
19466 80
19467 76
19468 77
19469 72
19470 76
19471 75
19472 73
19473 65
19474 66
19475 71
19476 77
19477 73
19478 71
19479 68
19480 54
19481 64
19482 60
19483 62
19484 76
19485 88
19486 80
19487 87
19488 67
19489 70
19490 73
19491 72
19492 71
19493 76
19494 83
19495 88
19496 73
19497 77
19498 75
19499 69
19500 59
19501 62
19502 53
19503 72
19504 78
19505 75
19506 66
19507 69
19508 78
19509 68
19510 64
19511 62
19512 60
19513 47
19514 45
19515 55
19516 60
19517 64
19518 66
19519 62
19520 54
19521 58
19522 51
19523 66
19524 60
19525 66
19526 82
19527 66
19528 60
19529 59
19530 63
19531 71
19532 72
19533 72
19534 76
19535 73
19536 65
19537 80
19538 75
19539 69
19540 78
19541 77
19542 61
19543 68
19544 60
19545 69
19546 69
19547 76
19548 82
19549 84
19550 77
19551 73
19552 73
19553 74
19554 79
19555 70
19556 70
19557 64
19558 78
19559 71
19560 70
19561 63
19562 61
19563 59
19564 74
19565 63
19566 60
19567 52
19568 66
19569 70
19570 72
19571 69
19572 64
19573 68
19574 69
19575 66
19576 64
19577 61
19578 64
19579 71
19580 66
19581 69
19582 60
19583 80
19584 76
19585 76
19586 75
19587 83
19588 83
19589 70
19590 76
19591 71
19592 68
19593 67
19594 71
19595 80
19596 65
19597 60
19598 71
19599 67
19600 70
19601 77
19602 74
19603 76
19604 65
19605 67
19606 68
19607 75
19608 71
19609 73
19610 72
19611 74
19612 64
19613 72
19614 74
19615 69
19616 71
19617 72
19618 77
19619 67
19620 71
19621 73
19622 60
19623 67
19624 70
19625 74
19626 75
19627 66
19628 64
19629 57
19630 57
19631 64
19632 63
19633 68
19634 76
19635 70
19636 61
19637 64
19638 60
19639 73
19640 69
19641 77
19642 67
19643 72
19644 70
19645 69
19646 67
19647 68
19648 67
19649 59
19650 64
19651 65
19652 67
19653 79
19654 75
19655 66
19656 53
19657 58
19658 69
19659 68
19660 72
19661 77
19662 67
19663 65
19664 67
19665 67
19666 61
19667 62
19668 71
19669 66
19670 78
19671 70
19672 67
19673 63
19674 59
19675 59
19676 72
19677 66
19678 68
19679 73
19680 67
19681 77
19682 75
19683 60
19684 61
19685 76
19686 71
19687 57
19688 72
19689 63
19690 64
19691 66
19692 69
19693 66
19694 57
19695 60
19696 67
19697 65
19698 64
19699 68
19700 74
19701 67
19702 81
19703 74
19704 69
19705 76
19706 66
19707 70
19708 62
19709 61
19710 56
19711 55
19712 73
19713 69
19714 64
19715 74
19716 69
19717 66
19718 53
19719 55
19720 57
19721 55
19722 65
19723 59
19724 55
19725 56
19726 58
19727 65
19728 57
19729 67
19730 71
19731 71
19732 69
19733 63
19734 64
19735 72
19736 80
19737 71
19738 73
19739 59
19740 58
19741 61
19742 66
19743 75
19744 74
19745 72
19746 63
19747 69
19748 70
19749 62
19750 73
19751 71
19752 69
19753 70
19754 69
19755 72
19756 66
19757 71
19758 67
19759 71
19760 54
19761 51
19762 62
19763 63
19764 63
19765 60
19766 62
19767 70
19768 66
19769 71
19770 82
19771 81
19772 79
19773 72
19774 72
19775 70
19776 69
19777 67
19778 68
19779 79
19780 78
19781 72
19782 70
19783 69
19784 73
19785 67
19786 68
19787 68
19788 70
19789 53
19790 65
19791 65
19792 74
19793 69
19794 65
19795 57
19796 56
19797 70
19798 59
19799 52
19800 56
19801 60
19802 61
19803 64
19804 60
19805 62
19806 66
19807 49
19808 52
19809 60
19810 70
19811 67
19812 69
19813 71
19814 68
19815 64
19816 63
19817 57
19818 64
19819 67
19820 70
19821 71
19822 57
19823 67
19824 60
19825 64
19826 66
19827 73
19828 75
19829 69
19830 64
19831 84
19832 77
19833 77
19834 69
19835 69
19836 74
19837 86
19838 89
19839 87
19840 72
19841 76
19842 64
19843 68
19844 63
19845 75
19846 73
19847 71
19848 67
19849 71
19850 72
19851 84
19852 80
19853 72
19854 72
19855 68
19856 76
19857 71
19858 69
19859 72
19860 61
19861 71
19862 72
19863 89
19864 84
19865 76
19866 69
19867 67
19868 66
19869 77
19870 82
19871 86
19872 83
19873 86
19874 69
19875 74
19876 64
19877 65
19878 70
19879 63
19880 65
19881 66
19882 68
19883 69
19884 69
19885 80
19886 73
19887 73
19888 76
19889 66
19890 62
19891 72
19892 73
19893 61
19894 66
19895 77
19896 64
19897 62
19898 77
19899 57
19900 55
19901 60
19902 49
19903 60
19904 71
19905 72
19906 77
19907 74
19908 67
19909 64
19910 66
19911 49
19912 51
19913 55
19914 59
19915 61
19916 72
19917 74
19918 70
19919 61
19920 66
19921 64
19922 69
19923 66
19924 58
19925 69
19926 81
19927 75
19928 72
19929 57
19930 58
19931 62
19932 76
19933 70
19934 61
19935 77
19936 81
19937 69
19938 65
19939 64
19940 63
19941 75
19942 68
19943 66
19944 64
19945 59
19946 62
19947 57
19948 46
19949 56
19950 62
19951 75
19952 78
19953 76
19954 68
19955 67
19956 66
19957 54
19958 62
19959 58
19960 54
19961 67
19962 72
19963 59
19964 61
19965 66
19966 63
19967 60
19968 55
19969 52
19970 71
19971 74
19972 69
19973 61
19974 76
19975 76
19976 71
19977 58
19978 59
19979 76
19980 75
19981 68
19982 61
19983 69
19984 65
19985 70
19986 74
19987 63
19988 66
19989 65
19990 64
19991 62
19992 67
19993 68
19994 72
19995 68
19996 69
19997 70
19998 69
19999 73
20000 76
20001 73
20002 69
20003 72
20004 68
20005 76
20006 84
20007 75
20008 74
20009 66
20010 76
20011 95
20012 89
20013 83
20014 73
20015 76
20016 68
20017 66
20018 71
20019 74
20020 69
20021 60
20022 76
20023 75
20024 85
20025 87
20026 69
20027 67
20028 74
20029 70
20030 71
20031 78
20032 80
20033 67
20034 69
20035 68
20036 84
20037 84
20038 79
20039 67
20040 78
20041 68
20042 76
20043 77
20044 72
20045 73
20046 64
20047 79
20048 74
20049 66
20050 71
20051 66
20052 70
20053 62
20054 70
20055 69
20056 71
20057 69
20058 82
20059 81
20060 75
20061 67
20062 71
20063 74
20064 69
20065 74
20066 65
20067 53
20068 63
20069 65
20070 66
20071 55
20072 71
20073 71
20074 60
20075 57
20076 63
20077 64
20078 70
20079 74
20080 77
20081 95
20082 89
20083 80
20084 72
20085 72
20086 63
20087 66
20088 65
20089 69
20090 58
20091 54
20092 58
20093 66
20094 68
20095 68
20096 68
20097 78
20098 79
20099 64
20100 67
20101 69
20102 64
20103 59
20104 61
20105 77
20106 72
20107 75
20108 74
20109 62
20110 60
20111 79
20112 85
20113 88
20114 77
20115 62
20116 69
20117 77
20118 70
20119 72
20120 67
20121 72
20122 63
20123 72
20124 57
20125 62
20126 74
20127 66
20128 55
20129 60
20130 60
20131 71
20132 73
20133 59
20134 69
20135 70
20136 70
20137 67
20138 72
20139 66
20140 61
20141 73
20142 70
20143 71
20144 63
20145 62
20146 62
20147 61
20148 61
20149 68
20150 65
20151 77
20152 71
20153 64
20154 65
20155 76
20156 69
20157 65
20158 85
20159 70
20160 66
20161 66
20162 78
20163 61
20164 68
20165 76
20166 68
20167 75
20168 68
20169 75
20170 84
20171 72
20172 55
20173 65
20174 68
20175 74
20176 75
20177 56
20178 58
20179 76
20180 77
20181 80
20182 73
20183 72
20184 69
20185 72
20186 71
20187 60
20188 65
20189 71
20190 66
20191 63
20192 64
20193 67
20194 72
20195 66
20196 60
20197 57
20198 72
20199 78
20200 76
20201 62
20202 65
20203 81
20204 74
20205 76
20206 74
20207 71
20208 67
20209 65
20210 76
20211 58
20212 75
20213 73
20214 76
20215 71
20216 74
20217 75
20218 74
20219 72
20220 64
20221 61
20222 59
20223 57
20224 47
20225 32
20226 50
20227 57
20228 57
20229 69
20230 66
20231 72
20232 73
20233 83
20234 76
20235 69
20236 64
20237 62
20238 70
20239 69
20240 70
20241 68
20242 78
20243 70
20244 64
20245 58
20246 68
20247 70
20248 64
20249 69
20250 67
20251 64
20252 73
20253 76
20254 66
20255 64
20256 64
20257 64
20258 66
20259 63
20260 55
20261 59
20262 62
20263 71
20264 80
20265 73
20266 63
20267 66
20268 62
20269 60
20270 66
20271 61
20272 67
20273 71
20274 74
20275 67
20276 69
20277 66
20278 63
20279 72
20280 73
20281 74
20282 69
20283 75
20284 64
20285 72
20286 73
20287 71
20288 72
20289 75
20290 68
20291 80
20292 62
20293 65
20294 63
20295 60
20296 68
20297 62
20298 64
20299 64
20300 67
20301 68
20302 70
20303 62
20304 68
20305 73
20306 80
20307 75
20308 72
20309 76
20310 70
20311 72
20312 71
20313 66
20314 63
20315 69
20316 71
20317 76
20318 82
20319 68
20320 61
20321 62
20322 73
20323 65
20324 51
20325 56
20326 71
20327 73
20328 67
20329 73
20330 80
20331 75
20332 67
20333 62
20334 60
20335 72
20336 74
20337 62
20338 57
20339 43
20340 48
20341 63
20342 72
20343 73
20344 70
20345 70
20346 79
20347 72
20348 76
20349 68
20350 65
20351 59
20352 69
20353 66
20354 76
20355 77
20356 72
20357 74
20358 64
20359 66
20360 66
20361 69
20362 69
20363 69
20364 78
20365 74
20366 63
20367 62
20368 74
20369 64
20370 71
20371 78
20372 78
20373 69
20374 69
20375 72
20376 67
20377 64
20378 63
20379 58
20380 46
20381 52
20382 58
20383 66
20384 68
20385 74
20386 69
20387 64
20388 56
20389 65
20390 77
20391 75
20392 82
20393 74
20394 63
20395 69
20396 75
20397 72
20398 76
20399 72
20400 54
20401 70
20402 65
20403 75
20404 70
20405 75
20406 69
20407 53
20408 58
20409 50
20410 68
20411 73
20412 67
20413 65
20414 63
20415 70
20416 71
20417 73
20418 74
20419 76
20420 60
20421 57
20422 67
20423 67
20424 71
20425 77
20426 79
20427 67
20428 60
20429 68
20430 78
20431 69
20432 69
20433 75
20434 70
20435 69
20436 74
20437 59
20438 77
20439 68
20440 61
20441 43
20442 48
20443 55
20444 61
20445 76
20446 74
20447 74
20448 57
20449 56
20450 58
20451 77
20452 78
20453 75
20454 67
20455 72
20456 69
20457 69
20458 79
20459 68
20460 85
20461 81
20462 77
20463 79
20464 67
20465 65
20466 66
20467 57
20468 63
20469 64
20470 78
20471 77
20472 62
20473 51
20474 65
20475 67
20476 73
20477 72
20478 69
20479 69
20480 69
20481 66
20482 70
20483 82
20484 77
20485 68
20486 67
20487 61
20488 64
20489 59
20490 62
20491 74
20492 70
20493 76
20494 81
20495 74
20496 81
20497 84
20498 72
20499 83
20500 74
20501 67
20502 70
20503 80
20504 73
20505 70
20506 67
20507 66
20508 73
20509 66
20510 74
20511 73
20512 70
20513 78
20514 66
20515 56
20516 63
20517 65
20518 53
20519 65
20520 62
20521 57
20522 69
20523 69
20524 80
20525 79
20526 64
20527 61
20528 55
20529 63
20530 76
20531 65
20532 58
20533 62
20534 69
20535 72
20536 73
20537 69
20538 78
20539 87
20540 72
20541 72
20542 64
20543 80
20544 66
20545 75
20546 67
20547 79
20548 69
20549 71
20550 73
20551 72
20552 70
20553 67
20554 68
20555 61
20556 65
20557 69
20558 77
20559 59
20560 61
20561 70
20562 63
20563 68
20564 67
20565 73
20566 68
20567 67
20568 65
20569 60
20570 66
20571 72
20572 65
20573 73
20574 74
20575 71
20576 51
20577 62
20578 63
20579 68
20580 66
20581 71
20582 72
20583 71
20584 73
20585 78
20586 73
20587 75
20588 63
20589 63
20590 74
20591 62
20592 69
20593 78
20594 80
20595 78
20596 62
20597 58
20598 61
20599 72
20600 74
20601 79
20602 66
20603 60
20604 71
20605 79
20606 77
20607 58
20608 54
20609 60
20610 61
20611 75
20612 69
20613 80
20614 76
20615 77
20616 78
20617 78
20618 66
20619 77
20620 75
20621 74
20622 68
20623 63
20624 78
20625 81
20626 70
20627 60
20628 67
20629 61
20630 58
20631 60
20632 65
20633 69
20634 71
20635 79
20636 73
20637 68
20638 72
20639 75
20640 60
20641 54
20642 67
20643 67
20644 72
20645 71
20646 63
20647 66
20648 62
20649 67
20650 67
20651 56
20652 70
20653 67
20654 68
20655 76
20656 79
20657 69
20658 75
20659 76
20660 75
20661 62
20662 67
20663 69
20664 66
20665 68
20666 70
20667 64
20668 53
20669 51
20670 58
20671 71
20672 72
20673 71
20674 84
20675 82
20676 64
20677 63
20678 60
20679 59
20680 65
20681 73
20682 70
20683 77
20684 73
20685 85
20686 91
20687 74
20688 76
20689 59
20690 69
20691 71
20692 79
20693 72
20694 64
20695 52
20696 59
20697 65
20698 65
20699 61
20700 60
20701 69
20702 67
20703 66
20704 63
20705 71
20706 61
20707 48
20708 55
20709 67
20710 70
20711 77
20712 82
20713 74
20714 65
20715 64
20716 71
20717 59
20718 57
20719 64
20720 70
20721 61
20722 67
20723 69
20724 68
20725 73
20726 62
20727 67
20728 83
20729 67
20730 74
20731 77
20732 72
20733 71
20734 70
20735 67
20736 68
20737 69
20738 68
20739 63
20740 46
20741 61
20742 74
20743 67
20744 69
20745 71
20746 60
20747 68
20748 64
20749 73
20750 73
20751 60
20752 68
20753 64
20754 76
20755 74
20756 66
20757 66
20758 80
20759 78
20760 60
20761 76
20762 65
20763 63
20764 61
20765 60
20766 64
20767 62
20768 65
20769 70
20770 71
20771 62
20772 68
20773 69
20774 70
20775 70
20776 65
20777 51
20778 56
20779 67
20780 76
20781 71
20782 61
20783 66
20784 68
20785 58
20786 64
20787 66
20788 63
20789 62
20790 76
20791 67
20792 60
20793 68
20794 61
20795 75
20796 81
20797 77
20798 71
20799 64
20800 73
20801 74
20802 67
20803 79
20804 74
20805 62
20806 67
20807 73
20808 78
20809 65
20810 66
20811 78
20812 74
20813 71
20814 75
20815 62
20816 78
20817 70
20818 67
20819 68
20820 65
20821 67
20822 71
20823 71
20824 62
20825 74
20826 72
20827 67
20828 51
20829 52
20830 58
20831 67
20832 67
20833 61
20834 68
20835 68
20836 49
20837 52
20838 56
20839 58
20840 61
20841 69
20842 75
20843 72
20844 70
20845 72
20846 69
20847 71
20848 73
20849 64
20850 71
20851 68
20852 71
20853 63
20854 73
20855 76
20856 84
20857 72
20858 76
20859 66
20860 64
20861 74
20862 68
20863 66
20864 66
20865 70
20866 69
20867 75
20868 79
20869 75
20870 82
20871 76
20872 70
20873 72
20874 74
20875 76
20876 76
20877 80
20878 67
20879 69
20880 70
20881 52
20882 59
20883 65
20884 61
20885 66
20886 70
20887 72
20888 69
20889 73
20890 74
20891 70
20892 71
20893 61
20894 62
20895 66
20896 74
20897 60
20898 68
20899 71
20900 68
20901 72
20902 69
20903 78
20904 71
20905 62
20906 71
20907 74
20908 78
20909 67
20910 75
20911 71
20912 65
20913 63
20914 69
20915 74
20916 67
20917 64
20918 68
20919 64
20920 69
20921 67
20922 66
20923 69
20924 66
20925 68
20926 69
20927 76
20928 73
20929 74
20930 83
20931 70
20932 74
20933 70
20934 67
20935 73
20936 78
20937 79
20938 81
20939 78
20940 72
20941 79
20942 71
20943 72
20944 70
20945 74
20946 75
20947 75
20948 71
20949 57
20950 63
20951 77
20952 69
20953 72
20954 65
20955 75
20956 64
20957 62
20958 61
20959 60
20960 66
20961 62
20962 59
20963 62
20964 66
20965 73
20966 75
20967 70
20968 69
20969 77
20970 76
20971 57
20972 68
20973 72
20974 61
20975 66
20976 61
20977 62
20978 74
20979 72
20980 70
20981 67
20982 69
20983 69
20984 67
20985 64
20986 72
20987 75
20988 73
20989 66
20990 66
20991 47
20992 58
20993 75
20994 70
20995 67
20996 67
20997 64
20998 65
20999 71
21000 67
21001 65
21002 68
21003 61
21004 80
21005 69
21006 62
21007 75
21008 68
21009 68
21010 63
21011 64
21012 56
21013 54
21014 55
21015 64
21016 66
21017 75
21018 79
21019 73
21020 76
21021 60
21022 60
21023 53
21024 50
21025 60
21026 70
21027 68
21028 66
21029 64
21030 57
21031 76
21032 70
21033 67
21034 61
21035 64
21036 71
21037 77
21038 74
21039 61
21040 68
21041 66
21042 71
21043 58
21044 53
21045 44
21046 53
21047 61
21048 71
21049 73
21050 80
21051 76
21052 63
21053 61
21054 79
21055 71
21056 65
21057 73
21058 65
21059 68
21060 67
21061 65
21062 64
21063 60
21064 53
21065 72
21066 78
21067 68
21068 68
21069 59
21070 58
21071 64
21072 55
21073 45
21074 64
21075 79
21076 67
21077 63
21078 67
21079 57
21080 75
21081 72
21082 69
21083 71
21084 81
21085 73
21086 84
21087 85
21088 75
21089 59
21090 60
21091 74
21092 72
21093 75
21094 67
21095 62
21096 66
21097 72
21098 71
21099 66
21100 69
21101 60
21102 51
21103 33
21104 46
21105 53
21106 71
21107 63
21108 73
21109 78
21110 70
21111 74
21112 89
21113 79
21114 68
21115 61
21116 70
21117 77
21118 67
21119 59
21120 62
21121 71
21122 68
21123 74
21124 63
21125 72
21126 62
21127 54
21128 67
21129 69
21130 75
21131 66
21132 73
21133 63
21134 70
21135 71
21136 71
21137 72
21138 71
21139 85
21140 78
21141 74
21142 62
21143 56
21144 55
21145 50
21146 48
21147 68
21148 71
21149 69
21150 70
21151 64
21152 70
21153 78
21154 64
21155 67
21156 67
21157 63
21158 62
21159 43
21160 41
21161 57
21162 57
21163 55
21164 63
21165 72
21166 72
21167 66
21168 70
21169 79
21170 67
21171 61
21172 66
21173 68
21174 66
21175 67
21176 67
21177 65
21178 72
21179 82
21180 73
21181 65
21182 68
21183 64
21184 62
21185 61
21186 67
21187 64
21188 66
21189 62
21190 60
21191 56
21192 63
21193 68
21194 69
21195 88
21196 73
21197 70
21198 65
21199 68
21200 81
21201 72
21202 71
21203 73
21204 74
21205 67
21206 61
21207 57
21208 54
21209 71
21210 73
21211 70
21212 76
21213 79
21214 74
21215 70
21216 63
21217 63
21218 66
21219 67
21220 62
21221 73
21222 65
21223 65
21224 60
21225 75
21226 76
21227 74
21228 80
21229 69
21230 59
21231 74
21232 64
21233 67
21234 67
21235 71
21236 75
21237 73
21238 66
21239 65
21240 61
21241 70
21242 80
21243 66
21244 60
21245 65
21246 68
21247 78
21248 69
21249 73
21250 66
21251 72
21252 67
21253 64
21254 55
21255 72
21256 73
21257 68
21258 69
21259 85
21260 70
21261 73
21262 72
21263 81
21264 80
21265 67
21266 66
21267 65
21268 79
21269 74
21270 81
21271 78
21272 71
21273 76
21274 64
21275 54
21276 60
21277 75
21278 75
21279 73
21280 83
21281 82
21282 64
21283 68
21284 77
21285 89
21286 74
21287 66
21288 68
21289 78
21290 80
21291 79
21292 69
21293 72
21294 71
21295 66
21296 65
21297 66
21298 70
21299 82
21300 76
21301 74
21302 70
21303 73
21304 64
21305 74
21306 78
21307 75
21308 74
21309 68
21310 67
21311 70
21312 80
21313 65
21314 66
21315 72
21316 68
21317 63
21318 61
21319 68
21320 63
21321 61
21322 60
21323 58
21324 61
21325 70
21326 69
21327 68
21328 73
21329 57
21330 66
21331 67
21332 73
21333 65
21334 62
21335 52
21336 40
21337 42
21338 48
21339 61
21340 55
21341 61
21342 66
21343 75
21344 76
21345 78
21346 75
21347 74
21348 66
21349 52
21350 66
21351 68
21352 64
21353 46
21354 56
21355 65
21356 66
21357 56
21358 59
21359 72
21360 67
21361 64
21362 60
21363 66
21364 65
21365 66
21366 77
21367 73
21368 70
21369 66
21370 75
21371 64
21372 72
21373 67
21374 72
21375 70
21376 66
21377 74
21378 75
21379 73
21380 82
21381 64
21382 78
21383 80
21384 77
21385 72
21386 65
21387 68
21388 57
21389 74
21390 74
21391 68
21392 66
21393 64
21394 66
21395 66
21396 66
21397 62
21398 61
21399 71
21400 79
21401 65
21402 54
21403 58
21404 68
21405 76
21406 69
21407 79
21408 68
21409 73
21410 74
21411 87
21412 79
21413 72
21414 58
21415 57
21416 70
21417 74
21418 79
21419 73
21420 72
21421 73
21422 77
21423 59
21424 73
21425 76
21426 79
21427 75
21428 77
21429 73
21430 67
21431 72
21432 61
21433 72
21434 77
21435 87
21436 73
21437 64
21438 59
21439 64
21440 69
21441 67
21442 57
21443 72
21444 70
21445 57
21446 58
21447 59
21448 66
21449 76
21450 73
21451 69
21452 66
21453 65
21454 74
21455 69
21456 62
21457 74
21458 73
21459 74
21460 61
21461 48
21462 65
21463 71
21464 63
21465 69
21466 81
21467 72
21468 56
21469 63
21470 66
21471 67
21472 70
21473 68
21474 74
21475 78
21476 65
21477 60
21478 56
21479 56
21480 52
21481 56
21482 66
21483 64
21484 73
21485 74
21486 67
21487 73
21488 65
21489 74
21490 65
21491 64
21492 56
21493 67
21494 68
21495 62
21496 73
21497 62
21498 62
21499 60
21500 42
21501 45
21502 55
21503 61
21504 67
21505 63
21506 55
21507 66
21508 59
21509 74
21510 73
21511 69
21512 76
21513 64
21514 68
21515 76
21516 69
21517 71
21518 60
21519 61
21520 79
21521 72
21522 75
21523 70
21524 71
21525 74
21526 78
21527 73
21528 71
21529 64
21530 65
21531 77
21532 74
21533 60
21534 63
21535 63
21536 72
21537 64
21538 66
21539 72
21540 81
21541 73
21542 74
21543 67
21544 55
21545 59
21546 64
21547 61
21548 72
21549 81
21550 62
21551 63
21552 68
21553 67
21554 57
21555 59
21556 69
21557 70
21558 64
21559 76
21560 78
21561 68
21562 72
21563 69
21564 75
21565 68
21566 71
21567 60
21568 73
21569 78
21570 73
21571 78
21572 75
21573 67
21574 72
21575 70
21576 65
21577 68
21578 61
21579 60
21580 74
21581 71
21582 69
21583 67
21584 50
21585 56
21586 74
21587 72
21588 79
21589 74
21590 66
21591 68
21592 66
21593 62
21594 63
21595 68
21596 56
21597 63
21598 60
21599 65
21600 66
21601 69
21602 79
21603 71
21604 69
21605 64
21606 66
21607 69
21608 72
21609 69
21610 72
21611 79
21612 82
21613 64
21614 49
21615 65
21616 63
21617 65
21618 72
21619 60
21620 67
21621 67
21622 64
21623 63
21624 65
21625 67
21626 65
21627 71
21628 67
21629 75
21630 60
21631 63
21632 50
21633 67
21634 56
21635 48
21636 51
21637 58
21638 77
21639 72
21640 75
21641 75
21642 78
21643 77
21644 75
21645 62
21646 78
21647 68
21648 72
21649 80
21650 64
21651 66
21652 74
21653 81
21654 79
21655 78
21656 72
21657 70
21658 66
21659 64
21660 61
21661 69
21662 66
21663 69
21664 68
21665 65
21666 75
21667 70
21668 72
21669 75
21670 74
21671 71
21672 53
21673 69
21674 63
21675 68
21676 65
21677 69
21678 68
21679 72
21680 74
21681 79
21682 66
21683 69
21684 66
21685 76
21686 69
21687 75
21688 68
21689 69
21690 60
21691 62
21692 64
21693 71
21694 72
21695 76
21696 72
21697 70
21698 74
21699 68
21700 66
21701 78
21702 70
21703 67
21704 63
21705 60
21706 69
21707 65
21708 70
21709 68
21710 73
21711 69
21712 68
21713 62
21714 65
21715 65
21716 61
21717 70
21718 70
21719 70
21720 71
21721 71
21722 88
21723 80
21724 69
21725 81
21726 78
21727 66
21728 70
21729 54
21730 44
21731 55
21732 65
21733 78
21734 76
21735 71
21736 70
21737 69
21738 74
21739 76
21740 80
21741 63
21742 59
21743 65
21744 71
21745 74
21746 74
21747 62
21748 71
21749 68
21750 64
21751 68
21752 65
21753 70
21754 68
21755 66
21756 71
21757 72
21758 71
21759 58
21760 65
21761 73
21762 68
21763 75
21764 78
21765 68
21766 65
21767 68
21768 80
21769 71
21770 64
21771 79
21772 78
21773 63
21774 62
21775 82
21776 80
21777 68
21778 77
21779 77
21780 88
21781 77
21782 71
21783 68
21784 76
21785 69
21786 74
21787 75
21788 71
21789 58
21790 73
21791 73
21792 69
21793 63
21794 73
21795 62
21796 60
21797 68
21798 77
21799 62
21800 67
21801 77
21802 58
21803 46
21804 56
21805 61
21806 67
21807 75
21808 73
21809 77
21810 65
21811 63
21812 66
21813 77
21814 74
21815 73
21816 76
21817 73
21818 62
21819 67
21820 66
21821 65
21822 67
21823 70
21824 73
21825 69
21826 62
21827 69
21828 63
21829 62
21830 46
21831 41
21832 60
21833 73
21834 70
21835 84
21836 72
21837 71
21838 71
21839 66
21840 75
21841 68
21842 77
21843 77
21844 80
21845 70
21846 76
21847 83
21848 65
21849 70
21850 69
21851 57
21852 63
21853 72
21854 84
21855 83
21856 73
21857 67
21858 66
21859 69
21860 57
21861 53
21862 63
21863 67
21864 75
21865 62
21866 63
21867 70
21868 69
21869 67
21870 74
21871 69
21872 63
21873 63
21874 60
21875 74
21876 66
21877 60
21878 67
21879 75
21880 69
21881 77
21882 76
21883 67
21884 66
21885 64
21886 80
21887 75
21888 78
21889 80
21890 70
21891 65
21892 62
21893 68
21894 78
21895 69
21896 59
21897 66
21898 67
21899 58
21900 59
21901 62
21902 65
21903 68
21904 70
21905 61
21906 53
21907 60
21908 69
21909 75
21910 81
21911 83
21912 70
21913 75
21914 83
21915 87
21916 84
21917 78
21918 80
21919 70
21920 71
21921 69
21922 71
21923 61
21924 74
21925 66
21926 63
21927 56
21928 58
21929 66
21930 73
21931 67
21932 75
21933 73
21934 83
21935 64
21936 63
21937 57
21938 59
21939 72
21940 73
21941 78
21942 74
21943 79
21944 79
21945 71
21946 78
21947 64
21948 58
21949 46
21950 66
21951 66
21952 58
21953 69
21954 67
21955 68
21956 76
21957 73
21958 71
21959 58
21960 69
21961 68
21962 73
21963 68
21964 62
21965 63
21966 61
21967 73
21968 72
21969 70
21970 78
21971 77
21972 78
21973 77
21974 65
21975 66
21976 71
21977 77
21978 81
21979 68
21980 72
21981 66
21982 76
21983 71
21984 63
21985 62
21986 64
21987 64
21988 65
21989 64
21990 71
21991 55
21992 61
21993 64
21994 62
21995 64
21996 56
21997 70
21998 71
21999 58
22000 61
22001 69
22002 75
22003 70
22004 88
22005 84
22006 74
22007 82
22008 81
22009 62
22010 79
22011 63
22012 69
22013 79
22014 70
22015 64
22016 72
22017 78
22018 81
22019 67
22020 61
22021 71
22022 67
22023 65
22024 66
22025 56
22026 55
22027 69
22028 68
22029 73
22030 72
22031 69
22032 65
22033 67
22034 52
22035 67
22036 65
22037 61
22038 70
22039 66
22040 60
22041 62
22042 74
22043 67
22044 54
22045 55
22046 56
22047 65
22048 79
22049 79
22050 74
22051 66
22052 71
22053 64
22054 64
22055 66
22056 67
22057 64
22058 61
22059 68
22060 75
22061 65
22062 69
22063 73
22064 60
22065 54
22066 60
22067 64
22068 48
22069 56
22070 70
22071 77
22072 61
22073 71
22074 76
22075 69
22076 70
22077 72
22078 72
22079 64
22080 71
22081 72
22082 66
22083 65
22084 63
22085 64
22086 68
22087 69
22088 75
22089 61
22090 62
22091 59
22092 56
22093 62
22094 77
22095 71
22096 73
22097 83
22098 78
22099 74
22100 76
22101 71
22102 73
22103 65
22104 67
22105 73
22106 59
22107 64
22108 68
22109 69
22110 69
22111 68
22112 64
22113 66
22114 65
22115 72
22116 71
22117 66
22118 63
22119 62
22120 64
22121 72
22122 65
22123 69
22124 68
22125 73
22126 67
22127 71
22128 72
22129 67
22130 81
22131 66
22132 61
22133 54
22134 53
22135 52
22136 55
22137 58
22138 57
22139 63
22140 66
22141 67
22142 65
22143 73
22144 62
22145 53
22146 58
22147 69
22148 56
22149 59
22150 64
22151 63
22152 66
22153 63
22154 69
22155 77
22156 71
22157 77
22158 70
22159 62
22160 53
22161 54
22162 56
22163 65
22164 71
22165 57
22166 59
22167 65
22168 74
22169 62
22170 60
22171 65
22172 66
22173 73
22174 62
22175 67
22176 49
22177 65
22178 74
22179 74
22180 58
22181 65
22182 72
22183 82
22184 69
22185 75
22186 59
22187 66
22188 76
22189 79
22190 68
22191 68
22192 64
22193 61
22194 58
22195 62
22196 67
22197 72
22198 71
22199 62
22200 56
22201 63
22202 69
22203 68
22204 68
22205 56
22206 70
22207 63
22208 81
22209 75
22210 72
22211 70
22212 63
22213 64
22214 67
22215 68
22216 74
22217 62
22218 62
22219 77
22220 77
22221 68
22222 72
22223 64
22224 62
22225 69
22226 60
22227 62
22228 63
22229 67
22230 71
22231 70
22232 73
22233 74
22234 80
22235 74
22236 73
22237 81
22238 69
22239 75
22240 76
22241 75
22242 88
22243 78
22244 68
22245 62
22246 76
22247 66
22248 59
22249 69
22250 69
22251 64
22252 62
22253 74
22254 63
22255 78
22256 70
22257 59
22258 60
22259 67
22260 67
22261 67
22262 64
22263 46
22264 55
22265 51
22266 47
22267 67
22268 69
22269 70
22270 75
22271 76
22272 79
22273 67
22274 80
22275 67
22276 70
22277 69
22278 67
22279 76
22280 61
22281 64
22282 70
22283 51
22284 56
22285 68
22286 77
22287 75
22288 73
22289 73
22290 76
22291 73
22292 77
22293 61
22294 63
22295 73
22296 61
22297 61
22298 66
22299 70
22300 78
22301 74
22302 64
22303 65
22304 73
22305 69
22306 68
22307 73
22308 76
22309 67
22310 68
22311 66
22312 68
22313 75
22314 68
22315 75
22316 63
22317 64
22318 70
22319 71
22320 64
22321 71
22322 62
22323 69
22324 66
22325 69
22326 73
22327 73
22328 71
22329 89
22330 76
22331 78
22332 65
22333 69
22334 68
22335 66
22336 64
22337 57
22338 64
22339 71
22340 85
22341 71
22342 70
22343 70
22344 59
22345 64
22346 70
22347 81
22348 78
22349 77
22350 67
22351 71
22352 67
22353 66
22354 72
22355 80
22356 70
22357 55
22358 71
22359 78
22360 75
22361 88
22362 73
22363 74
22364 79
22365 76
22366 71
22367 64
22368 57
22369 63
22370 76
22371 64
22372 73
22373 66
22374 81
22375 76
22376 86
22377 73
22378 73
22379 71
22380 67
22381 68
22382 84
22383 67
22384 63
22385 69
22386 59
22387 57
22388 58
22389 61
22390 62
22391 66
22392 53
22393 59
22394 67
22395 71
22396 63
22397 68
22398 70
22399 65
22400 71
22401 68
22402 65
22403 72
22404 57
22405 53
22406 66
22407 78
22408 74
22409 64
22410 65
22411 79
22412 63
22413 64
22414 71
22415 70
22416 60
22417 62
22418 68
22419 60
22420 70
22421 71
22422 68
22423 73
22424 76
22425 65
22426 64
22427 69
22428 62
22429 73
22430 70
22431 84
22432 65
22433 63
22434 64
22435 68
22436 63
22437 61
22438 67
22439 68
22440 67
22441 63
22442 80
22443 84
22444 82
22445 66
22446 65
22447 55
22448 48
22449 43
22450 32
22451 48
22452 68
22453 76
22454 73
22455 60
22456 51
22457 44
22458 56
22459 69
22460 77
22461 69
22462 77
22463 76
22464 77
22465 72
22466 79
22467 72
22468 69
22469 62
22470 64
22471 67
22472 66
22473 67
22474 77
22475 74
22476 64
22477 84
22478 74
22479 72
22480 62
22481 61
22482 69
22483 71
22484 63
22485 51
22486 64
22487 80
22488 73
22489 74
22490 76
22491 85
22492 74
22493 70
22494 65
22495 63
22496 68
22497 64
22498 66
22499 62
22500 61
22501 66
22502 78
22503 67
22504 73
22505 73
22506 82
22507 72
22508 69
22509 79
22510 63
22511 67
22512 65
22513 75
22514 57
22515 64
22516 73
22517 78
22518 66
22519 61
22520 64
22521 77
22522 78
22523 78
22524 82
22525 77
22526 65
22527 62
22528 60
22529 56
22530 63
22531 69
22532 67
22533 75
22534 68
22535 68
22536 69
22537 71
22538 62
22539 63
22540 60
22541 66
22542 72
22543 74
22544 77
22545 81
22546 76
22547 70
22548 67
22549 66
22550 65
22551 66
22552 65
22553 73
22554 72
22555 70
22556 72
22557 69
22558 75
22559 71
22560 76
22561 70
22562 58
22563 57
22564 69
22565 77
22566 72
22567 70
22568 55
22569 68
22570 74
22571 80
22572 76
22573 62
22574 71
22575 65
22576 72
22577 82
22578 69
22579 71
22580 77
22581 60
22582 68
22583 67
22584 76
22585 68
22586 71
22587 69
22588 73
22589 61
22590 57
22591 56
22592 65
22593 74
22594 81
22595 70
22596 71
22597 72
22598 59
22599 65
22600 64
22601 64
22602 66
22603 78
22604 75
22605 76
22606 76
22607 74
22608 73
22609 74
22610 72
22611 67
22612 70
22613 71
22614 60
22615 70
22616 59
22617 61
22618 64
22619 69
22620 75
22621 65
22622 73
22623 79
22624 81
22625 67
22626 74
22627 64
22628 52
22629 61
22630 64
22631 60
22632 67
22633 78
22634 71
22635 66
22636 65
22637 69
22638 63
22639 57
22640 72
22641 69
22642 72
22643 56
22644 69
22645 73
22646 70
22647 68
22648 60
22649 60
22650 58
22651 61
22652 71
22653 75
22654 77
22655 76
22656 68
22657 66
22658 81
22659 68
22660 66
22661 76
22662 76
22663 78
22664 79
22665 70
22666 50
22667 55
22668 58
22669 65
22670 63
22671 53
22672 59
22673 72
22674 74
22675 64
22676 71
22677 69
22678 67
22679 81
22680 82
22681 68
22682 80
22683 76
22684 80
22685 75
22686 78
22687 81
22688 61
22689 57
22690 64
22691 67
22692 74
22693 78
22694 73
22695 70
22696 76
22697 88
22698 75
22699 65
22700 68
22701 74
22702 76
22703 72
22704 69
22705 78
22706 71
22707 65
22708 67
22709 83
22710 77
22711 75
22712 80
22713 70
22714 70
22715 58
22716 55
22717 47
22718 43
22719 50
22720 70
22721 65
22722 68
22723 71
22724 67
22725 70
22726 67
22727 62
22728 68
22729 73
22730 62
22731 60
22732 72
22733 72
22734 71
22735 71
22736 75
22737 73
22738 66
22739 76
22740 70
22741 72
22742 66
22743 71
22744 62
22745 76
22746 71
22747 69
22748 65
22749 61
22750 58
22751 65
22752 60
22753 67
22754 54
22755 60
22756 66
22757 75
22758 76
22759 78
22760 77
22761 68
22762 68
22763 59
22764 60
22765 57
22766 59
22767 66
22768 55
22769 54
22770 63
22771 70
22772 66
22773 71
22774 72
22775 73
22776 71
22777 67
22778 76
22779 79
22780 71
22781 75
22782 63
22783 56
22784 43
22785 52
22786 58
22787 54
22788 45
22789 60
22790 62
22791 73
22792 70
22793 76
22794 60
22795 62
22796 64
22797 66
22798 58
22799 57
22800 60
22801 66
22802 65
22803 64
22804 67
22805 77
22806 63
22807 64
22808 68
22809 84
22810 72
22811 69
22812 70
22813 66
22814 71
22815 71
22816 61
22817 65
22818 66
22819 57
22820 64
22821 70
22822 75
22823 63
22824 72
22825 73
22826 75
22827 78
22828 72
22829 64
22830 62
22831 68
22832 70
22833 71
22834 77
22835 76
22836 83
22837 67
22838 71
22839 73
22840 68
22841 67
22842 60
22843 63
22844 64
22845 65
22846 73
22847 71
22848 69
22849 64
22850 65
22851 67
22852 75
22853 72
22854 67
22855 69
22856 72
22857 71
22858 56
22859 55
22860 69
22861 72
22862 61
22863 62
22864 67
22865 68
22866 63
22867 55
22868 54
22869 58
22870 56
22871 72
22872 74
22873 72
22874 65
22875 67
22876 69
22877 66
22878 68
22879 62
22880 67
22881 66
22882 64
22883 65
22884 69
22885 70
22886 73
22887 86
22888 83
22889 75
22890 66
22891 63
22892 70
22893 54
22894 71
22895 71
22896 67
22897 70
22898 72
22899 71
22900 74
22901 74
22902 75
22903 81
22904 76
22905 74
22906 76
22907 75
22908 69
22909 70
22910 80
22911 73
22912 73
22913 67
22914 76
22915 80
22916 67
22917 65
22918 79
22919 67
22920 66
22921 64
22922 74
22923 56
22924 64
22925 72
22926 65
22927 60
22928 56
22929 66
22930 69
22931 58
22932 57
22933 60
22934 75
22935 65
22936 70
22937 75
22938 68
22939 66
22940 68
22941 57
22942 65
22943 67
22944 56
22945 68
22946 75
22947 71
22948 69
22949 74
22950 72
22951 70
22952 69
22953 74
22954 64
22955 74
22956 68
22957 72
22958 62
22959 64
22960 64
22961 69
22962 64
22963 70
22964 81
22965 72
22966 76
22967 71
22968 64
22969 75
22970 71
22971 82
22972 75
22973 78
22974 78
22975 67
22976 59
22977 62
22978 70
22979 67
22980 63
22981 45
22982 47
22983 48
22984 56
22985 62
22986 71
22987 70
22988 69
22989 69
22990 68
22991 65
22992 71
22993 69
22994 68
22995 67
22996 74
22997 76
22998 77
22999 69
23000 83
23001 67
23002 76
23003 72
23004 74
23005 70
23006 74
23007 72
23008 71
23009 77
23010 76
23011 74
23012 74
23013 68
23014 71
23015 76
23016 83
23017 68
23018 67
23019 73
23020 72
23021 66
23022 61
23023 71
23024 72
23025 70
23026 76
23027 70
23028 64
23029 78
23030 69
23031 72
23032 62
23033 59
23034 69
23035 74
23036 75
23037 57
23038 65
23039 63
23040 66
23041 63
23042 61
23043 66
23044 78
23045 67
23046 65
23047 61
23048 73
23049 72
23050 80
23051 77
23052 70
23053 75
23054 69
23055 68
23056 69
23057 62
23058 71
23059 61
23060 73
23061 71
23062 70
23063 73
23064 72
23065 75
23066 87
23067 67
23068 68
23069 58
23070 66
23071 72
23072 69
23073 63
23074 68
23075 71
23076 59
23077 75
23078 75
23079 66
23080 64
23081 78
23082 67
23083 67
23084 73
23085 65
23086 66
23087 79
23088 68
23089 65
23090 64
23091 71
23092 67
23093 68
23094 72
23095 73
23096 73
23097 67
23098 67
23099 70
23100 83
23101 65
23102 59
23103 79
23104 76
23105 76
23106 69
23107 64
23108 59
23109 65
23110 68
23111 70
23112 67
23113 66
23114 60
23115 51
23116 68
23117 75
23118 70
23119 69
23120 71
23121 64
23122 70
23123 72
23124 59
23125 53
23126 55
23127 69
23128 58
23129 68
23130 82
23131 76
23132 73
23133 68
23134 57
23135 60
23136 73
23137 68
23138 69
23139 71
23140 71
23141 61
23142 62
23143 60
23144 65
23145 58
23146 61
23147 66
23148 63
23149 66
23150 75
23151 68
23152 67
23153 72
23154 75
23155 68
23156 66
23157 76
23158 69
23159 69
23160 70
23161 66
23162 68
23163 61
23164 71
23165 68
23166 60
23167 55
23168 56
23169 63
23170 71
23171 70
23172 68
23173 64
23174 70
23175 75
23176 77
23177 72
23178 63
23179 68
23180 67
23181 68
23182 70
23183 63
23184 65
23185 57
23186 62
23187 64
23188 72
23189 61
23190 58
23191 74
23192 87
23193 98
23194 78
23195 65
23196 62
23197 65
23198 72
23199 54
23200 46
23201 52
23202 69
23203 69
23204 66
23205 67
23206 78
23207 84
23208 73
23209 69
23210 73
23211 64
23212 53
23213 51
23214 55
23215 61
23216 64
23217 66
23218 68
23219 62
23220 63
23221 72
23222 70
23223 60
23224 63
23225 65
23226 67
23227 70
23228 66
23229 72
23230 76
23231 76
23232 57
23233 63
23234 62
23235 61
23236 59
23237 64
23238 70
23239 64
23240 72
23241 68
23242 76
23243 72
23244 72
23245 56
23246 71
23247 72
23248 71
23249 78
23250 71
23251 78
23252 80
23253 74
23254 88
23255 83
23256 65
23257 69
23258 52
23259 50
23260 61
23261 74
23262 71
23263 63
23264 61
23265 51
23266 55
23267 69
23268 72
23269 73
23270 75
23271 71
23272 68
23273 55
23274 60
23275 70
23276 68
23277 82
23278 86
23279 68
23280 66
23281 59
23282 65
23283 64
23284 62
23285 73
23286 62
23287 78
23288 76
23289 77
23290 74
23291 69
23292 73
23293 65
23294 77
23295 64
23296 65
23297 61
23298 57
23299 76
23300 62
23301 58
23302 65
23303 64
23304 60
23305 75
23306 81
23307 68
23308 74
23309 72
23310 60
23311 71
23312 57
23313 67
23314 77
23315 65
23316 73
23317 72
23318 67
23319 76
23320 76
23321 66
23322 65
23323 69
23324 61
23325 58
23326 72
23327 74
23328 71
23329 69
23330 61
23331 70
23332 75
23333 78
23334 69
23335 69
23336 77
23337 66
23338 56
23339 64
23340 66
23341 59
23342 75
23343 68
23344 70
23345 57
23346 60
23347 69
23348 70
23349 66
23350 65
23351 71
23352 60
23353 71
23354 70
23355 66
23356 78
23357 70
23358 71
23359 74
23360 66
23361 68
23362 72
23363 64
23364 71
23365 68
23366 63
23367 60
23368 53
23369 61
23370 67
23371 69
23372 69
23373 86
23374 71
23375 69
23376 68
23377 71
23378 82
23379 63
23380 69
23381 52
23382 65
23383 74
23384 66
23385 61
23386 68
23387 71
23388 68
23389 65
23390 78
23391 59
23392 59
23393 68
23394 51
23395 53
23396 66
23397 63
23398 69
23399 68
23400 62
23401 72
23402 68
23403 76
23404 69
23405 68
23406 79
23407 72
23408 68
23409 82
23410 71
23411 71
23412 66
23413 71
23414 66
23415 60
23416 74
23417 74
23418 76
23419 69
23420 77
23421 69
23422 80
23423 69
23424 71
23425 76
23426 75
23427 72
23428 57
23429 60
23430 55
23431 62
23432 63
23433 70
23434 70
23435 70
23436 75
23437 65
23438 61
23439 69
23440 66
23441 70
23442 66
23443 68
23444 74
23445 72
23446 67
23447 63
23448 49
23449 51
23450 60
23451 68
23452 75
23453 79
23454 81
23455 74
23456 70
23457 65
23458 63
23459 51
23460 52
23461 56
23462 57
23463 53
23464 64
23465 68
23466 71
23467 78
23468 84
23469 65
23470 75
23471 60
23472 63
23473 63
23474 71
23475 62
23476 64
23477 65
23478 78
23479 75
23480 75
23481 72
23482 69
23483 72
23484 68
23485 60
23486 72
23487 68
23488 74
23489 84
23490 75
23491 70
23492 58
23493 61
23494 76
23495 68
23496 67
23497 56
23498 68
23499 60
23500 75
23501 67
23502 62
23503 73
23504 73
23505 67
23506 83
23507 73
23508 72
23509 70
23510 71
23511 67
23512 70
23513 72
23514 77
23515 77
23516 69
23517 74
23518 67
23519 70
23520 63
23521 76
23522 72
23523 81
23524 77
23525 72
23526 69
23527 68
23528 63
23529 62
23530 76
23531 86
23532 70
23533 68
23534 61
23535 66
23536 69
23537 72
23538 75
23539 66
23540 76
23541 63
23542 64
23543 76
23544 68
23545 72
23546 66
23547 82
23548 84
23549 68
23550 80
23551 74
23552 72
23553 69
23554 74
23555 72
23556 64
23557 60
23558 50
23559 56
23560 51
23561 71
23562 77
23563 78
23564 93
23565 76
23566 70
23567 62
23568 60
23569 66
23570 69
23571 71
23572 69
23573 70
23574 71
23575 65
23576 71
23577 63
23578 64
23579 68
23580 70
23581 68
23582 70
23583 78
23584 77
23585 73
23586 59
23587 50
23588 52
23589 51
23590 40
23591 38
23592 51
23593 56
23594 62
23595 64
23596 65
23597 54
23598 62
23599 59
23600 65
23601 66
23602 67
23603 65
23604 68
23605 65
23606 62
23607 56
23608 67
23609 56
23610 64
23611 69
23612 79
23613 78
23614 64
23615 58
23616 61
23617 76
23618 72
23619 70
23620 73
23621 59
23622 53
23623 64
23624 72
23625 68
23626 70
23627 69
23628 70
23629 68
23630 68
23631 69
23632 68
23633 62
23634 63
23635 61
23636 54
23637 35
23638 31
23639 51
23640 57
23641 65
23642 66
23643 71
23644 76
23645 79
23646 67
23647 71
23648 66
23649 70
23650 65
23651 71
23652 74
23653 65
23654 66
23655 73
23656 70
23657 71
23658 75
23659 65
23660 71
23661 75
23662 65
23663 57
23664 71
23665 70
23666 61
23667 71
23668 64
23669 57
23670 67
23671 67
23672 62
23673 64
23674 72
23675 73
23676 69
23677 68
23678 67
23679 76
23680 75
23681 77
23682 74
23683 78
23684 74
23685 74
23686 80
23687 70
23688 52
23689 63
23690 63
23691 59
23692 63
23693 62
23694 66
23695 71
23696 61
23697 69
23698 74
23699 62
23700 64
23701 79
23702 80
23703 65
23704 61
23705 74
23706 72
23707 76
23708 69
23709 65
23710 77
23711 76
23712 71
23713 65
23714 62
23715 56
23716 53
23717 58
23718 61
23719 60
23720 48
23721 60
23722 68
23723 68
23724 68
23725 65
23726 71
23727 70
23728 74
23729 68
23730 66
23731 65
23732 70
23733 71
23734 72
23735 73
23736 65
23737 62
23738 58
23739 51
23740 60
23741 56
23742 54
23743 56
23744 62
23745 59
23746 75
23747 73
23748 61
23749 63
23750 60
23751 59
23752 66
23753 74
23754 73
23755 67
23756 75
23757 77
23758 72
23759 56
23760 67
23761 75
23762 64
23763 75
23764 64
23765 69
23766 81
23767 74
23768 79
23769 84
23770 72
23771 71
23772 66
23773 64
23774 57
23775 62
23776 63
23777 73
23778 69
23779 71
23780 72
23781 85
23782 83
23783 74
23784 65
23785 58
23786 59
23787 68
23788 67
23789 63
23790 69
23791 75
23792 67
23793 75
23794 68
23795 76
23796 76
23797 72
23798 64
23799 69
23800 69
23801 69
23802 59
23803 63
23804 74
23805 70
23806 71
23807 62
23808 60
23809 61
23810 61
23811 56
23812 74
23813 70
23814 67
23815 67
23816 77
23817 67
23818 66
23819 64
23820 69
23821 61
23822 62
23823 66
23824 73
23825 70
23826 64
23827 70
23828 54
23829 63
23830 60
23831 75
23832 73
23833 68
23834 71
23835 79
23836 72
23837 58
23838 64
23839 63
23840 79
23841 75
23842 75
23843 74
23844 61
23845 54
23846 52
23847 62
23848 60
23849 74
23850 72
23851 62
23852 65
23853 71
23854 65
23855 75
23856 68
23857 65
23858 55
23859 59
23860 49
23861 68
23862 72
23863 66
23864 67
23865 74
23866 72
23867 68
23868 65
23869 73
23870 73
23871 79
23872 85
23873 69
23874 70
23875 72
23876 69
23877 67
23878 72
23879 83
23880 68
23881 78
23882 71
23883 73
23884 76
23885 64
23886 74
23887 75
23888 75
23889 66
23890 51
23891 62
23892 68
23893 65
23894 61
23895 72
23896 69
23897 67
23898 74
23899 78
23900 69
23901 66
23902 68
23903 68
23904 72
23905 68
23906 67
23907 66
23908 68
23909 68
23910 67
23911 66
23912 68
23913 75
23914 74
23915 78
23916 70
23917 77
23918 75
23919 76
23920 79
23921 69
23922 67
23923 68
23924 66
23925 66
23926 62
23927 77
23928 76
23929 79
23930 76
23931 81
23932 68
23933 80
23934 70
23935 72
23936 67
23937 70
23938 76
23939 59
23940 53
23941 54
23942 68
23943 75
23944 70
23945 66
23946 77
23947 74
23948 61
23949 78
23950 67
23951 62
23952 60
23953 71
23954 67
23955 70
23956 65
23957 73
23958 73
23959 72
23960 53
23961 68
23962 64
23963 75
23964 77
23965 69
23966 76
23967 67
23968 58
23969 68
23970 70
23971 68
23972 88
23973 73
23974 75
23975 70
23976 64
23977 67
23978 79
23979 72
23980 64
23981 65
23982 67
23983 70
23984 71
23985 70
23986 76
23987 65
23988 56
23989 71
23990 69
23991 53
23992 45
23993 63
23994 58
23995 57
23996 68
23997 70
23998 65
23999 74
24000 68
24001 63
24002 63
24003 81
24004 78
24005 94
24006 90
24007 70
24008 67
24009 70
24010 71
24011 84
24012 66
24013 66
24014 69
24015 73
24016 64
24017 72
24018 73
24019 84
24020 87
24021 81
24022 75
24023 69
24024 65
24025 60
24026 68
24027 72
24028 63
24029 74
24030 69
24031 68
24032 66
24033 67
24034 71
24035 73
24036 76
24037 64
24038 67
24039 77
24040 70
24041 80
24042 69
24043 70
24044 74
24045 78
24046 72
24047 70
24048 66
24049 59
24050 72
24051 67
24052 67
24053 72
24054 74
24055 81
24056 79
24057 63
24058 71
24059 70
24060 78
24061 59
24062 55
24063 50
24064 65
24065 59
24066 62
24067 63
24068 69
24069 75
24070 69
24071 67
24072 62
24073 65
24074 64
24075 65
24076 62
24077 73
24078 66
24079 72
24080 66
24081 68
24082 67
24083 65
24084 71
24085 67
24086 76
24087 66
24088 59
24089 55
24090 50
24091 60
24092 76
24093 68
24094 78
24095 70
24096 84
24097 76
24098 77
24099 70
24100 61
24101 52
24102 49
24103 50
24104 52
24105 64
24106 67
24107 69
24108 72
24109 77
24110 80
24111 75
24112 76
24113 73
24114 78
24115 73
24116 68
24117 71
24118 71
24119 62
24120 57
24121 56
24122 58
24123 47
24124 64
24125 72
24126 78
24127 81
24128 77
24129 82
24130 76
24131 72
24132 74
24133 58
24134 61
24135 79
24136 74
24137 60
24138 56
24139 61
24140 76
24141 77
24142 78
24143 90
24144 84
24145 67
24146 71
24147 56
24148 43
24149 56
24150 57
24151 60
24152 66
24153 56
24154 59
24155 52
24156 59
24157 70
24158 63
24159 68
24160 65
24161 69
24162 72
24163 67
24164 62
24165 64
24166 72
24167 66
24168 74
24169 67
24170 63
24171 65
24172 65
24173 73
24174 86
24175 74
24176 71
24177 69
24178 66
24179 77
24180 74
24181 77
24182 67
24183 73
24184 75
24185 69
24186 81
24187 85
24188 80
24189 65
24190 74
24191 69
24192 69
24193 71
24194 66
24195 68
24196 81
24197 68
24198 74
24199 79
24200 82
24201 72
24202 68
24203 74
24204 74
24205 67
24206 78
24207 78
24208 71
24209 69
24210 69
24211 73
24212 72
24213 81
24214 64
24215 70
24216 72
24217 76
24218 76
24219 75
24220 76
24221 88
24222 72
24223 65
24224 65
24225 68
24226 71
24227 77
24228 69
24229 70
24230 63
24231 69
24232 74
24233 82
24234 68
24235 61
24236 74
24237 76
24238 77
24239 72
24240 74
24241 76
24242 68
24243 67
24244 65
24245 72
24246 71
24247 71
24248 69
24249 67
24250 56
24251 69
24252 83
24253 76
24254 66
24255 71
24256 68
24257 80
24258 70
24259 75
24260 75
24261 77
24262 58
24263 68
24264 73
24265 64
24266 68
24267 67
24268 61
24269 63
24270 47
24271 52
24272 56
24273 67
24274 75
24275 74
24276 71
24277 64
24278 62
24279 78
24280 77
24281 69
24282 62
24283 60
24284 53
24285 49
24286 63
24287 67
24288 74
24289 67
24290 65
24291 63
24292 73
24293 70
24294 65
24295 83
24296 70
24297 69
24298 66
24299 58
24300 60
24301 61
24302 57
24303 54
24304 59
24305 69
24306 70
24307 69
24308 62
24309 61
24310 62
24311 72
24312 70
24313 51
24314 56
24315 70
24316 80
24317 83
24318 72
24319 60
24320 68
24321 67
24322 79
24323 78
24324 68
24325 66
24326 59
24327 50
24328 63
24329 66
24330 67
24331 71
24332 73
24333 80
24334 72
24335 83
24336 79
24337 71
24338 61
24339 64
24340 72
24341 71
24342 75
24343 88
24344 74
24345 67
24346 73
24347 64
24348 65
24349 68
24350 74
24351 64
24352 68
24353 69
24354 76
24355 80
24356 73
24357 58
24358 67
24359 62
24360 71
24361 70
24362 68
24363 59
24364 60
24365 62
24366 72
24367 71
24368 65
24369 57
24370 62
24371 66
24372 70
24373 67
24374 69
24375 72
24376 76
24377 73
24378 66
24379 67
24380 71
24381 70
24382 69
24383 68
24384 60
24385 60
24386 67
24387 65
24388 74
24389 65
24390 70
24391 70
24392 78
24393 71
24394 61
24395 76
24396 69
24397 66
24398 56
24399 64
24400 62
24401 68
24402 75
24403 69
24404 79
24405 63
24406 69
24407 74
24408 72
24409 74
24410 79
24411 75
24412 58
24413 59
24414 64
24415 66
24416 74
24417 69
24418 71
24419 71
24420 69
24421 70
24422 64
24423 61
24424 60
24425 66
24426 68
24427 60
24428 72
24429 68
24430 67
24431 77
24432 71
24433 76
24434 62
24435 56
24436 60
24437 64
24438 60
24439 57
24440 55
24441 39
24442 38
24443 36
24444 37
24445 52
24446 72
24447 66
24448 61
24449 68
24450 69
24451 75
24452 71
24453 56
24454 76
24455 64
24456 69
24457 72
24458 76
24459 63
24460 64
24461 69
24462 65
24463 75
24464 76
24465 72
24466 72
24467 67
24468 63
24469 63
24470 61
24471 65
24472 75
24473 74
24474 80
24475 71
24476 85
24477 72
24478 68
24479 72
24480 71
24481 74
24482 66
24483 61
24484 69
24485 85
24486 70
24487 66
24488 64
24489 62
24490 52
24491 61
24492 70
24493 71
24494 75
24495 72
24496 82
24497 76
24498 62
24499 49
24500 69
24501 85
24502 78
24503 79
24504 79
24505 73
24506 77
24507 69
24508 67
24509 73
24510 75
24511 78
24512 69
24513 78
24514 70
24515 65
24516 64
24517 65
24518 62
24519 58
24520 65
24521 77
24522 89
24523 73
24524 67
24525 77
24526 71
24527 67
24528 77
24529 84
24530 79
24531 72
24532 70
24533 70
24534 73
24535 78
24536 72
24537 69
24538 61
24539 68
24540 70
24541 74
24542 72
24543 63
24544 74
24545 76
24546 71
24547 61
24548 71
24549 74
24550 68
24551 66
24552 69
24553 68
24554 69
24555 76
24556 68
24557 67
24558 71
24559 78
24560 66
24561 77
24562 75
24563 71
24564 65
24565 67
24566 78
24567 77
24568 73
24569 66
24570 65
24571 61
24572 69
24573 72
24574 65
24575 73
24576 66
24577 71
24578 64
24579 72
24580 70
24581 67
24582 64
24583 63
24584 71
24585 84
24586 68
24587 75
24588 81
24589 62
24590 67
24591 77
24592 68
24593 69
24594 67
24595 70
24596 68
24597 65
24598 53
24599 65
24600 71
24601 70
24602 68
24603 71
24604 75
24605 64
24606 72
24607 69
24608 74
24609 80
24610 64
24611 66
24612 55
24613 62
24614 59
24615 48
24616 39
24617 38
24618 34
24619 53
24620 65
24621 63
24622 63
24623 78
24624 81
24625 77
24626 76
24627 77
24628 74
24629 71
24630 71
24631 60
24632 71
24633 60
24634 69
24635 64
24636 67
24637 70
24638 75
24639 69
24640 72
24641 80
24642 87
24643 70
24644 79
24645 72
24646 70
24647 64
24648 79
24649 74
24650 76
24651 74
24652 68
24653 69
24654 58
24655 64
24656 73
24657 75
24658 67
24659 52
24660 54
24661 68
24662 67
24663 84
24664 75
24665 69
24666 69
24667 77
24668 60
24669 75
24670 77
24671 63
24672 71
24673 69
24674 71
24675 63
24676 65
24677 58
24678 77
24679 69
24680 67
24681 76
24682 68
24683 83
24684 82
24685 81
24686 67
24687 72
24688 65
24689 76
24690 77
24691 63
24692 77
24693 71
24694 70
24695 50
24696 60
24697 74
24698 79
24699 59
24700 69
24701 71
24702 81
24703 68
24704 74
24705 66
24706 68
24707 70
24708 71
24709 64
24710 67
24711 68
24712 65
24713 65
24714 63
24715 61
24716 53
24717 55
24718 64
24719 70
24720 69
24721 67
24722 79
24723 72
24724 71
24725 72
24726 67
24727 72
24728 71
24729 67
24730 61
24731 68
24732 72
24733 70
24734 84
24735 70
24736 57
24737 64
24738 67
24739 65
24740 66
24741 51
24742 64
24743 51
24744 54
24745 58
24746 64
24747 68
24748 71
24749 67
24750 75
24751 66
24752 69
24753 70
24754 77
24755 85
24756 69
24757 68
24758 68
24759 64
24760 63
24761 70
24762 69
24763 80
24764 74
24765 68
24766 67
24767 59
24768 62
24769 48
24770 35
24771 41
24772 54
24773 63
24774 67
24775 75
24776 73
24777 72
24778 62
24779 67
24780 69
24781 66
24782 64
24783 77
24784 70
24785 69
24786 58
24787 63
24788 72
24789 74
24790 75
24791 71
24792 71
24793 53
24794 61
24795 68
24796 69
24797 63
24798 57
24799 63
24800 65
24801 52
24802 57
24803 61
24804 73
24805 71
24806 77
24807 75
24808 72
24809 72
24810 82
24811 68
24812 71
24813 69
24814 59
24815 67
24816 72
24817 77
24818 59
24819 74
24820 72
24821 74
24822 73
24823 71
24824 63
24825 78
24826 76
24827 70
24828 65
24829 66
24830 75
24831 71
24832 60
24833 59
24834 53
24835 41
24836 47
24837 63
24838 73
24839 75
24840 79
24841 74
24842 67
24843 73
24844 66
24845 73
24846 71
24847 69
24848 65
24849 71
24850 64
24851 67
24852 64
24853 69
24854 63
24855 70
24856 71
24857 68
24858 74
24859 71
24860 74
24861 72
24862 71
24863 69
24864 67
24865 68
24866 68
24867 65
24868 79
24869 71
24870 64
24871 71
24872 80
24873 77
24874 67
24875 71
24876 61
24877 64
24878 73
24879 69
24880 81
24881 74
24882 89
24883 70
24884 69
24885 72
24886 73
24887 71
24888 72
24889 62
24890 70
24891 72
24892 70
24893 67
24894 69
24895 67
24896 63
24897 71
24898 61
24899 56
24900 59
24901 72
24902 67
24903 68
24904 71
24905 65
24906 67
24907 62
24908 72
24909 65
24910 73
24911 69
24912 82
24913 74
24914 65
24915 68
24916 56
24917 65
24918 65
24919 70
24920 58
24921 62
24922 64
24923 66
24924 68
24925 62
24926 70
24927 65
24928 61
24929 57
24930 62
24931 73
24932 59
24933 66
24934 63
24935 78
24936 77
24937 70
24938 68
24939 69
24940 73
24941 67
24942 62
24943 77
24944 70
24945 60
24946 54
24947 54
24948 58
24949 59
24950 58
24951 71
24952 74
24953 71
24954 65
24955 69
24956 67
24957 68
24958 73
24959 68
24960 85
24961 82
24962 73
24963 72
24964 62
24965 61
24966 63
24967 64
24968 76
24969 76
24970 79
24971 67
24972 69
24973 81
24974 80
24975 75
24976 73
24977 72
24978 73
24979 66
24980 64
24981 66
24982 65
24983 61
24984 65
24985 68
24986 79
24987 67
24988 60
24989 76
24990 65
24991 63
24992 69
24993 75
24994 77
24995 76
24996 79
24997 75
24998 68
24999 66
25000 65
25001 55
25002 67
25003 65
25004 69
25005 66
25006 67
25007 72
25008 67
25009 77
25010 74
25011 78
25012 60
25013 61
25014 60
25015 57
25016 48
25017 58
25018 66
25019 63
25020 76
25021 63
25022 75
25023 65
25024 69
25025 74
25026 75
25027 76
25028 72
25029 52
25030 53
25031 71
25032 78
25033 87
25034 74
25035 78
25036 70
25037 68
25038 75
25039 80
25040 70
25041 68
25042 58
25043 65
25044 78
25045 79
25046 78
25047 69
25048 58
25049 62
25050 68
25051 62
25052 61
25053 67
25054 48
25055 54
25056 67
25057 66
25058 57
25059 64
25060 71
25061 63
25062 71
25063 68
25064 60
25065 50
25066 56
25067 58
25068 64
25069 59
25070 68
25071 68
25072 69
25073 62
25074 79
25075 73
25076 71
25077 78
25078 79
25079 83
25080 76
25081 75
25082 72
25083 76
25084 73
25085 77
25086 66
25087 72
25088 76
25089 68
25090 68
25091 67
25092 75
25093 72
25094 80
25095 77
25096 60
25097 65
25098 54
25099 66
25100 70
25101 68
25102 67
25103 61
25104 73
25105 68
25106 55
25107 65
25108 69
25109 67
25110 66
25111 73
25112 77
25113 70
25114 66
25115 68
25116 69
25117 69
25118 64
25119 74
25120 64
25121 80
25122 72
25123 72
25124 64
25125 69
25126 49
25127 63
25128 73
25129 72
25130 73
25131 76
25132 71
25133 70
25134 57
25135 66
25136 67
25137 67
25138 72
25139 63
25140 61
25141 67
25142 78
25143 65
25144 76
25145 64
25146 79
25147 69
25148 65
25149 67
25150 69
25151 67
25152 70
25153 66
25154 68
25155 73
25156 78
25157 69
25158 78
25159 65
25160 62
25161 67
25162 66
25163 86
25164 88
25165 80
25166 81
25167 70
25168 73
25169 63
25170 75
25171 74
25172 70
25173 70
25174 74
25175 79
25176 67
25177 56
25178 56
25179 66
25180 70
25181 72
25182 73
25183 62
25184 70
25185 73
25186 72
25187 69
25188 73
25189 67
25190 68
25191 68
25192 67
25193 66
25194 62
25195 57
25196 53
25197 62
25198 67
25199 63
25200 62
25201 65
25202 65
25203 70
25204 83
25205 78
25206 72
25207 54
25208 64
25209 71
25210 81
25211 85
25212 68
25213 63
25214 74
25215 77
25216 87
25217 73
25218 79
25219 67
25220 68
25221 72
25222 68
25223 69
25224 61
25225 54
25226 69
25227 59
25228 69
25229 67
25230 74
25231 60
25232 67
25233 65
25234 64
25235 74
25236 84
25237 71
25238 72
25239 60
25240 64
25241 65
25242 71
25243 74
25244 67
25245 52
25246 57
25247 65
25248 74
25249 69
25250 68
25251 59
25252 65
25253 60
25254 65
25255 76
25256 73
25257 60
25258 62
25259 70
25260 65
25261 56
25262 55
25263 48
25264 59
25265 62
25266 63
25267 63
25268 69
25269 59
25270 69
25271 71
25272 74
25273 71
25274 74
25275 74
25276 62
25277 59
25278 65
25279 61
25280 64
25281 65
25282 62
25283 57
25284 54
25285 63
25286 60
25287 68
25288 74
25289 67
25290 75
25291 72
25292 71
25293 62
25294 62
25295 78
25296 79
25297 69
25298 59
25299 65
25300 70
25301 78
25302 86
25303 77
25304 77
25305 74
25306 76
25307 71
25308 77
25309 73
25310 71
25311 69
25312 81
25313 78
25314 73
25315 67
25316 64
25317 65
25318 70
25319 77
25320 73
25321 78
25322 72
25323 68
25324 72
25325 62
25326 69
25327 70
25328 55
25329 60
25330 68
25331 68
25332 77
25333 69
25334 63
25335 65
25336 72
25337 70
25338 74
25339 71
25340 63
25341 59
25342 77
25343 76
25344 65
25345 79
25346 71
25347 66
25348 55
25349 56
25350 63
25351 66
25352 76
25353 67
25354 60
25355 66
25356 72
25357 80
25358 75
25359 74
25360 77
25361 68
25362 76
25363 83
25364 80
25365 77
25366 71
25367 78
25368 62
25369 62
25370 62
25371 66
25372 60
25373 67
25374 82
25375 74
25376 73
25377 71
25378 53
25379 50
25380 64
25381 64
25382 62
25383 69
25384 72
25385 56
25386 57
25387 56
25388 72
25389 75
25390 63
25391 62
25392 68
25393 57
25394 63
25395 66
25396 67
25397 66
25398 78
25399 75
25400 67
25401 73
25402 56
25403 62
25404 63
25405 67
25406 75
25407 71
25408 71
25409 58
25410 59
25411 61
25412 64
25413 62
25414 60
25415 56
25416 68
25417 64
25418 72
25419 71
25420 65
25421 61
25422 58
25423 71
25424 75
25425 66
25426 75
25427 71
25428 68
25429 69
25430 66
25431 54
25432 59
25433 65
25434 71
25435 69
25436 79
25437 79
25438 71
25439 62
25440 61
25441 70
25442 71
25443 69
25444 64
25445 68
25446 71
25447 73
25448 71
25449 65
25450 78
25451 67
25452 77
25453 80
25454 75
25455 70
25456 73
25457 71
25458 64
25459 63
25460 71
25461 71
25462 75
25463 82
25464 75
25465 73
25466 77
25467 72
25468 80
25469 62
25470 73
25471 64
25472 63
25473 67
25474 64
25475 71
25476 59
25477 62
25478 70
25479 63
25480 60
25481 75
25482 67
25483 72
25484 67
25485 71
25486 71
25487 63
25488 58
25489 60
25490 62
25491 64
25492 64
25493 65
25494 59
25495 61
25496 69
25497 80
25498 71
25499 73
25500 73
25501 71
25502 77
25503 71
25504 59
25505 57
25506 56
25507 70
25508 65
25509 75
25510 68
25511 60
25512 76
25513 78
25514 73
25515 64
25516 61
25517 58
25518 67
25519 71
25520 75
25521 73
25522 67
25523 65
25524 66
25525 75
25526 71
25527 81
25528 78
25529 71
25530 67
25531 72
25532 70
25533 64
25534 70
25535 65
25536 53
25537 70
25538 71
25539 74
25540 65
25541 70
25542 69
25543 67
25544 70
25545 72
25546 72
25547 74
25548 73
25549 67
25550 63
25551 64
25552 58
25553 59
25554 61
25555 71
25556 72
25557 67
25558 72
25559 76
25560 69
25561 62
25562 64
25563 63
25564 63
25565 59
25566 54
25567 45
25568 43
25569 45
25570 46
25571 63
25572 66
25573 74
25574 72
25575 78
25576 75
25577 69
25578 76
25579 75
25580 72
25581 76
25582 75
25583 76
25584 70
25585 77
25586 77
25587 72
25588 75
25589 77
25590 84
25591 74
25592 71
25593 71
25594 73
25595 82
25596 68
25597 64
25598 54
25599 69
25600 64
25601 73
25602 73
25603 75
25604 70
25605 72
25606 74
25607 76
25608 70
25609 65
25610 75
25611 68
25612 51
25613 59
25614 64
25615 73
25616 67
25617 71
25618 59
25619 71
25620 60
25621 59
25622 64
25623 67
25624 56
25625 51
25626 64
25627 66
25628 72
25629 69
25630 75
25631 66
25632 72
25633 55
25634 59
25635 74
25636 77
25637 73
25638 71
25639 62
25640 57
25641 71
25642 78
25643 81
25644 71
25645 66
25646 72
25647 70
25648 72
25649 71
25650 65
25651 67
25652 67
25653 74
25654 71
25655 71
25656 83
25657 65
25658 67
25659 69
25660 67
25661 72
25662 73
25663 74
25664 74
25665 70
25666 64
25667 58
25668 55
25669 62
25670 70
25671 78
25672 70
25673 66
25674 59
25675 63
25676 71
25677 68
25678 67
25679 73
25680 66
25681 56
25682 62
25683 64
25684 72
25685 76
25686 67
25687 63
25688 68
25689 70
25690 76
25691 68
25692 72
25693 73
25694 78
25695 67
25696 69
25697 68
25698 66
25699 67
25700 67
25701 72
25702 67
25703 76
25704 80
25705 75
25706 72
25707 70
25708 70
25709 61
25710 68
25711 74
25712 66
25713 64
25714 76
25715 72
25716 68
25717 66
25718 70
25719 68
25720 72
25721 66
25722 70
25723 72
25724 62
25725 73
25726 61
25727 68
25728 69
25729 73
25730 74
25731 65
25732 72
25733 79
25734 78
25735 73
25736 72
25737 76
25738 69
25739 84
25740 65
25741 62
25742 58
25743 61
25744 65
25745 74
25746 75
25747 60
25748 66
25749 69
25750 76
25751 74
25752 64
25753 69
25754 75
25755 66
25756 78
25757 72
25758 66
25759 73
25760 76
25761 75
25762 68
25763 69
25764 71
25765 65
25766 69
25767 68
25768 61
25769 56
25770 66
25771 71
25772 64
25773 67
25774 79
25775 75
25776 71
25777 70
25778 66
25779 65
25780 69
25781 67
25782 60
25783 58
25784 56
25785 41
25786 53
25787 64
25788 75
25789 71
25790 76
25791 89
25792 81
25793 79
25794 81
25795 72
25796 72
25797 69
25798 72
25799 67
25800 68
25801 77
25802 65
25803 74
25804 71
25805 73
25806 70
25807 75
25808 68
25809 67
25810 53
25811 61
25812 71
25813 90
25814 86
25815 74
25816 75
25817 69
25818 64
25819 68
25820 74
25821 61
25822 64
25823 62
25824 57
25825 55
25826 54
25827 56
25828 69
25829 68
25830 79
25831 79
25832 80
25833 69
25834 68
25835 66
25836 64
25837 70
25838 69
25839 66
25840 76
25841 57
25842 67
25843 62
25844 71
25845 75
25846 72
25847 60
25848 56
25849 66
25850 62
25851 69
25852 63
25853 60
25854 65
25855 71
25856 83
25857 72
25858 69
25859 63
25860 68
25861 66
25862 81
25863 73
25864 66
25865 72
25866 61
25867 61
25868 58
25869 59
25870 65
25871 67
25872 77
25873 75
25874 84
25875 78
25876 70
25877 66
25878 68
25879 77
25880 74
25881 72
25882 65
25883 63
25884 69
25885 77
25886 79
25887 77
25888 73
25889 61
25890 65
25891 72
25892 63
25893 72
25894 73
25895 71
25896 81
25897 74
25898 64
25899 65
25900 67
25901 82
25902 72
25903 70
25904 83
25905 77
25906 73
25907 79
25908 67
25909 72
25910 62
25911 59
25912 62
25913 69
25914 62
25915 63
25916 66
25917 65
25918 59
25919 57
25920 70
25921 76
25922 72
25923 69
25924 68
25925 73
25926 70
25927 73
25928 70
25929 67
25930 48
25931 43
25932 54
25933 56
25934 74
25935 69
25936 66
25937 76
25938 69
25939 82
25940 81
25941 90
25942 81
25943 71
25944 82
25945 77
25946 74
25947 78
25948 73
25949 74
25950 68
25951 60
25952 67
25953 69
25954 73
25955 76
25956 74
25957 64
25958 66
25959 65
25960 82
25961 76
25962 75
25963 80
25964 69
25965 77
25966 78
25967 73
25968 65
25969 72
25970 82
25971 68
25972 65
25973 57
25974 56
25975 63
25976 78
25977 79
25978 78
25979 61
25980 78
25981 77
25982 73
25983 73
25984 64
25985 71
25986 76
25987 73
25988 72
25989 70
25990 73
25991 71
25992 68
25993 77
25994 74
25995 68
25996 77
25997 80
25998 79
25999 73
26000 68
26001 73
26002 74
26003 65
26004 52
26005 56
26006 73
26007 62
26008 50
26009 64
26010 72
26011 70
26012 59
26013 68
26014 65
26015 51
26016 49
26017 50
26018 55
26019 56
26020 55
26021 59
26022 64
26023 57
26024 73
26025 69
26026 79
26027 68
26028 73
26029 71
26030 78
26031 79
26032 76
26033 79
26034 72
26035 66
26036 74
26037 73
26038 65
26039 50
26040 65
26041 64
26042 59
26043 75
26044 72
26045 77
26046 74
26047 66
26048 73
26049 80
26050 75
26051 74
26052 67
26053 66
26054 71
26055 62
26056 51
26057 50
26058 65
26059 66
26060 69
26061 74
26062 70
26063 70
26064 70
26065 72
26066 65
26067 65
26068 75
26069 69
26070 64
26071 69
26072 74
26073 64
26074 66
26075 67
26076 65
26077 63
26078 70
26079 71
26080 57
26081 70
26082 84
26083 92
26084 75
26085 70
26086 62
26087 69
26088 71
26089 76
26090 67
26091 74
26092 74
26093 80
26094 74
26095 84
26096 72
26097 71
26098 68
26099 71
26100 78
26101 81
26102 79
26103 64
26104 57
26105 59
26106 68
26107 79
26108 61
26109 78
26110 75
26111 70
26112 83
26113 71
26114 68
26115 66
26116 60
26117 69
26118 60
26119 61
26120 62
26121 68
26122 72
26123 60
26124 60
26125 65
26126 72
26127 66
26128 78
26129 74
26130 64
26131 65
26132 82
26133 85
26134 93
26135 74
26136 73
26137 72
26138 87
26139 74
26140 69
26141 75
26142 73
26143 71
26144 76
26145 60
26146 54
26147 57
26148 68
26149 71
26150 54
26151 66
26152 83
26153 70
26154 71
26155 72
26156 63
26157 70
26158 80
26159 72
26160 72
26161 66
26162 68
26163 74
26164 69
26165 59
26166 70
26167 68
26168 60
26169 68
26170 69
26171 70
26172 75
26173 76
26174 68
26175 59
26176 64
26177 67
26178 54
26179 57
26180 59
26181 67
26182 62
26183 61
26184 61
26185 71
26186 67
26187 58
26188 61
26189 75
26190 68
26191 70
26192 77
26193 76
26194 68
26195 66
26196 56
26197 61
26198 76
26199 65
26200 73
26201 64
26202 64
26203 58
26204 53
26205 62
26206 55
26207 54
26208 73
26209 80
26210 75
26211 76
26212 69
26213 67
26214 62
26215 73
26216 61
26217 62
26218 66
26219 66
26220 71
26221 79
26222 69
26223 70
26224 65
26225 71
26226 77
26227 76
26228 78
26229 66
26230 66
26231 65
26232 55
26233 58
26234 57
26235 66
26236 72
26237 66
26238 66
26239 60
26240 67
26241 61
26242 65
26243 70
26244 60
26245 72
26246 75
26247 82
26248 67
26249 64
26250 74
26251 66
26252 78
26253 70
26254 71
26255 79
26256 76
26257 72
26258 68
26259 70
26260 61
26261 48
26262 49
26263 52
26264 65
26265 80
26266 76
26267 80
26268 84
26269 72
26270 65
26271 71
26272 72
26273 66
26274 67
26275 78
26276 68
26277 60
26278 53
26279 52
26280 51
26281 61
26282 67
26283 70
26284 67
26285 71
26286 74
26287 77
26288 73
26289 65
26290 69
26291 75
26292 60
26293 44
26294 56
26295 59
26296 61
26297 60
26298 71
26299 74
26300 71
26301 89
26302 82
26303 80
26304 80
26305 67
26306 65
26307 70
26308 71
26309 62
26310 63
26311 63
26312 79
26313 65
26314 62
26315 73
26316 63
26317 66
26318 73
26319 76
26320 72
26321 86
26322 84
26323 79
26324 63
26325 63
26326 70
26327 71
26328 63
26329 63
26330 69
26331 66
26332 54
26333 56
26334 64
26335 68
26336 73
26337 70
26338 57
26339 57
26340 62
26341 65
26342 67
26343 73
26344 74
26345 89
26346 91
26347 89
26348 77
26349 67
26350 63
26351 68
26352 68
26353 64
26354 63
26355 65
26356 69
26357 64
26358 71
26359 65
26360 60
26361 67
26362 68
26363 74
26364 63
26365 60
26366 52
26367 47
26368 62
26369 65
26370 62
26371 64
26372 65
26373 67
26374 71
26375 75
26376 75
26377 68
26378 65
26379 59
26380 58
26381 55
26382 43
26383 39
26384 45
26385 60
26386 58
26387 51
26388 61
26389 59
26390 54
26391 60
26392 64
26393 70
26394 79
26395 77
26396 65
26397 65
26398 64
26399 66
26400 70
26401 79
26402 72
26403 74
26404 68
26405 73
26406 78
26407 62
26408 70
26409 72
26410 61
26411 54
26412 64
26413 67
26414 63
26415 66
26416 84
26417 77
26418 73
26419 66
26420 74
26421 79
26422 68
26423 68
26424 74
26425 79
26426 81
26427 73
26428 76
26429 68
26430 76
26431 74
26432 79
26433 62
26434 67
26435 69
26436 73
26437 65
26438 74
26439 71
26440 64
26441 66
26442 69
26443 64
26444 65
26445 69
26446 57
26447 64
26448 73
26449 72
26450 78
26451 68
26452 66
26453 76
26454 79
26455 72
26456 68
26457 67
26458 67
26459 57
26460 66
26461 67
26462 65
26463 73
26464 63
26465 74
26466 71
26467 58
26468 64
26469 70
26470 75
26471 80
26472 78
26473 79
26474 69
26475 72
26476 76
26477 79
26478 70
26479 70
26480 68
26481 79
26482 82
26483 73
26484 73
26485 60
26486 62
26487 76
26488 72
26489 73
26490 68
26491 66
26492 62
26493 57
26494 52
26495 60
26496 69
26497 68
26498 54
26499 62
26500 65
26501 67
26502 72
26503 66
26504 76
26505 79
26506 70
26507 72
26508 77
26509 64
26510 66
26511 74
26512 81
26513 82
26514 80
26515 77
26516 81
26517 63
26518 70
26519 72
26520 71
26521 87
26522 81
26523 77
26524 63
26525 67
26526 71
26527 68
26528 76
26529 75
26530 73
26531 77
26532 70
26533 78
26534 69
26535 67
26536 67
26537 75
26538 71
26539 74
26540 65
26541 71
26542 65
26543 82
26544 82
26545 73
26546 65
26547 67
26548 55
26549 58
26550 72
26551 68
26552 69
26553 72
26554 62
26555 67
26556 70
26557 77
26558 69
26559 71
26560 63
26561 63
26562 64
26563 73
26564 65
26565 63
26566 73
26567 67
26568 60
26569 56
26570 73
26571 76
26572 73
26573 72
26574 69
26575 72
26576 77
26577 78
26578 72
26579 77
26580 77
26581 60
26582 56
26583 60
26584 64
26585 74
26586 70
26587 71
26588 62
26589 65
26590 75
26591 73
26592 81
26593 67
26594 75
26595 78
26596 62
26597 60
26598 72
26599 67
26600 64
26601 60
26602 70
26603 68
26604 70
26605 76
26606 65
26607 68
26608 63
26609 55
26610 54
26611 69
26612 77
26613 71
26614 77
26615 83
26616 84
26617 66
26618 52
26619 54
26620 55
26621 64
26622 62
26623 71
26624 80
26625 71
26626 65
26627 66
26628 65
26629 75
26630 63
26631 70
26632 71
26633 78
26634 85
26635 75
26636 74
26637 63
26638 65
26639 72
26640 72
26641 69
26642 71
26643 69
26644 69
26645 72
26646 60
26647 72
26648 56
26649 38
26650 48
26651 66
26652 62
26653 61
26654 62
26655 63
26656 73
26657 72
26658 57
26659 70
26660 88
26661 77
26662 65
26663 64
26664 69
26665 73
26666 75
26667 70
26668 62
26669 70
26670 62
26671 61
26672 57
26673 66
26674 67
26675 56
26676 53
26677 57
26678 59
26679 61
26680 64
26681 67
26682 63
26683 59
26684 52
26685 58
26686 71
26687 68
26688 75
26689 73
26690 68
26691 68
26692 68
26693 74
26694 58
26695 67
26696 65
26697 75
26698 69
26699 71
26700 70
26701 71
26702 76
26703 87
26704 73
26705 66
26706 73
26707 77
26708 76
26709 68
26710 69
26711 75
26712 72
26713 69
26714 73
26715 76
26716 68
26717 65
26718 67
26719 69
26720 67
26721 65
26722 71
26723 69
26724 72
26725 67
26726 60
26727 55
26728 52
26729 64
26730 68
26731 68
26732 74
26733 68
26734 66
26735 67
26736 72
26737 69
26738 76
26739 83
26740 73
26741 70
26742 74
26743 76
26744 73
26745 71
26746 83
26747 81
26748 86
26749 73
26750 80
26751 73
26752 80
26753 62
26754 64
26755 57
26756 60
26757 67
26758 70
26759 61
26760 67
26761 87
26762 76
26763 72
26764 71
26765 73
26766 83
26767 71
26768 71
26769 68
26770 70
26771 74
26772 65
26773 61
26774 54
26775 71
26776 81
26777 70
26778 73
26779 79
26780 68
26781 66
26782 64
26783 56
26784 62
26785 75
26786 61
26787 53
26788 46
26789 58
26790 59
26791 67
26792 76
26793 73
26794 62
26795 59
26796 70
26797 61
26798 80
26799 65
26800 64
26801 60
26802 75
26803 70
26804 78
26805 74
26806 73
26807 65
26808 74
26809 73
26810 72
26811 56
26812 63
26813 64
26814 56
26815 55
26816 70
26817 64
26818 70
26819 64
26820 71
26821 68
26822 66
26823 60
26824 63
26825 61
26826 78
26827 72
26828 66
26829 66
26830 71
26831 78
26832 68
26833 74
26834 70
26835 73
26836 64
26837 63
26838 62
26839 74
26840 70
26841 69
26842 68
26843 57
26844 53
26845 54
26846 61
26847 69
26848 76
26849 88
26850 69
26851 72
26852 76
26853 69
26854 76
26855 71
26856 69
26857 66
26858 76
26859 64
26860 67
26861 70
26862 77
26863 60
26864 75
26865 82
26866 74
26867 67
26868 72
26869 83
26870 76
26871 68
26872 59
26873 76
26874 66
26875 73
26876 63
26877 67
26878 71
26879 76
26880 80
26881 69
26882 76
26883 66
26884 75
26885 77
26886 67
26887 57
26888 71
26889 69
26890 72
26891 67
26892 63
26893 55
26894 54
26895 64
26896 63
26897 54
26898 61
26899 61
26900 71
26901 63
26902 54
26903 57
26904 58
26905 67
26906 62
26907 60
26908 70
26909 76
26910 58
26911 69
26912 68
26913 67
26914 65
26915 70
26916 61
26917 72
26918 83
26919 63
26920 68
26921 72
26922 77
26923 69
26924 73
26925 62
26926 61
26927 72
26928 63
26929 57
26930 61
26931 65
26932 68
26933 60
26934 59
26935 63
26936 62
26937 79
26938 77
26939 73
26940 72
26941 72
26942 69
26943 79
26944 96
26945 79
26946 77
26947 69
26948 76
26949 83
26950 72
26951 65
26952 67
26953 77
26954 74
26955 83
26956 78
26957 59
26958 66
26959 69
26960 79
26961 61
26962 64
26963 71
26964 85
26965 77
26966 63
26967 70
26968 76
26969 82
26970 77
26971 57
26972 69
26973 73
26974 60
26975 64
26976 70
26977 73
26978 72
26979 64
26980 76
26981 63
26982 66
26983 76
26984 70
26985 75
26986 73
26987 70
26988 67
26989 66
26990 71
26991 78
26992 76
26993 67
26994 68
26995 56
26996 75
26997 77
26998 85
26999 96
27000 78
27001 79
27002 78
27003 64
27004 59
27005 57
27006 65
27007 66
27008 65
27009 74
27010 68
27011 73
27012 74
27013 74
27014 67
27015 65
27016 66
27017 70
27018 77
27019 69
27020 79
27021 61
27022 62
27023 74
27024 64
27025 70
27026 67
27027 54
27028 62
27029 57
27030 62
27031 61
27032 63
27033 65
27034 70
27035 74
27036 66
27037 71
27038 72
27039 73
27040 85
27041 68
27042 64
27043 63
27044 73
27045 83
27046 73
27047 58
27048 59
27049 68
27050 68
27051 59
27052 61
27053 67
27054 70
27055 50
27056 52
27057 67
27058 79
27059 73
27060 81
27061 71
27062 68
27063 73
27064 65
27065 67
27066 78
27067 63
27068 65
27069 61
27070 58
27071 54
27072 60
27073 63
27074 68
27075 64
27076 62
27077 71
27078 60
27079 70
27080 62
27081 60
27082 70
27083 71
27084 75
27085 77
27086 69
27087 71
27088 80
27089 70
27090 73
27091 74
27092 62
27093 67
27094 75
27095 68
27096 66
27097 47
27098 59
27099 68
27100 66
27101 65
27102 79
27103 72
27104 69
27105 56
27106 58
27107 63
27108 76
27109 68
27110 59
27111 66
27112 55
27113 51
27114 65
27115 77
27116 68
27117 67
27118 73
27119 72
27120 75
27121 65
27122 55
27123 65
27124 84
27125 70
27126 74
27127 72
27128 65
27129 81
27130 90
27131 77
27132 76
27133 85
27134 73
27135 67
27136 66
27137 63
27138 60
27139 79
27140 81
27141 67
27142 61
27143 67
27144 75
27145 71
27146 65
27147 75
27148 70
27149 74
27150 69
27151 67
27152 62
27153 53
27154 59
27155 77
27156 70
27157 69
27158 70
27159 67
27160 70
27161 61
27162 67
27163 75
27164 76
27165 71
27166 69
27167 73
27168 59
27169 66
27170 71
27171 67
27172 68
27173 69
27174 66
27175 76
27176 78
27177 76
27178 71
27179 70
27180 63
27181 64
27182 66
27183 65
27184 62
27185 66
27186 68
27187 77
27188 70
27189 79
27190 69
27191 64
27192 59
27193 62
27194 63
27195 68
27196 77
27197 74
27198 78
27199 76
27200 69
27201 52
27202 45
27203 51
27204 56
27205 65
27206 55
27207 69
27208 60
27209 78
27210 76
27211 73
27212 66
27213 61
27214 61
27215 70
27216 72
27217 71
27218 56
27219 55
27220 58
27221 66
27222 73
27223 75
27224 68
27225 66
27226 60
27227 61
27228 52
27229 62
27230 54
27231 67
27232 76
27233 82
27234 80
27235 69
27236 70
27237 72
27238 76
27239 62
27240 59
27241 62
27242 63
27243 57
27244 61
27245 69
27246 66
27247 73
27248 68
27249 58
27250 72
27251 71
27252 78
27253 68
27254 64
27255 68
27256 72
27257 66
27258 63
27259 55
27260 61
27261 62
27262 64
27263 64
27264 67
27265 85
27266 73
27267 72
27268 76
27269 72
27270 68
27271 74
27272 61
27273 58
27274 60
27275 63
27276 62
27277 54
27278 53
27279 60
27280 57
27281 64
27282 63
27283 62
27284 61
27285 57
27286 68
27287 75
27288 77
27289 75
27290 71
27291 69
27292 66
27293 71
27294 65
27295 69
27296 70
27297 65
27298 72
27299 67
27300 59
27301 68
27302 73
27303 83
27304 87
27305 82
27306 69
27307 77
27308 74
27309 69
27310 75
27311 73
27312 66
27313 65
27314 68
27315 72
27316 66
27317 73
27318 66
27319 70
27320 76
27321 68
27322 65
27323 61
27324 69
27325 74
27326 83
27327 66
27328 59
27329 65
27330 75
27331 67
27332 52
27333 61
27334 65
27335 57
27336 69
27337 68
27338 71
27339 74
27340 76
27341 77
27342 60
27343 61
27344 56
27345 69
27346 86
27347 75
27348 68
27349 70
27350 61
27351 65
27352 65
27353 63
27354 71
27355 77
27356 78
27357 65
27358 73
27359 64
27360 73
27361 79
27362 82
27363 67
27364 65
27365 70
27366 84
27367 95
27368 84
27369 80
27370 94
27371 78
27372 71
27373 68
27374 77
27375 76
27376 76
27377 74
27378 69
27379 59
27380 68
27381 65
27382 66
27383 80
27384 72
27385 72
27386 72
27387 66
27388 81
27389 63
27390 48
27391 67
27392 71
27393 68
27394 68
27395 82
27396 75
27397 74
27398 73
27399 82
27400 71
27401 79
27402 75
27403 73
27404 79
27405 73
27406 76
27407 71
27408 79
27409 72
27410 68
27411 56
27412 68
27413 67
27414 77
27415 74
27416 65
27417 67
27418 66
27419 70
27420 67
27421 72
27422 66
27423 75
27424 60
27425 61
27426 66
27427 53
27428 67
27429 66
27430 62
27431 69
27432 74
27433 71
27434 72
27435 76
27436 77
27437 69
27438 65
27439 74
27440 62
27441 51
27442 71
27443 86
27444 74
27445 69
27446 70
27447 71
27448 89
27449 78
27450 74
27451 73
27452 63
27453 79
27454 70
27455 66
27456 70
27457 73
27458 73
27459 69
27460 65
27461 63
27462 61
27463 67
27464 51
27465 52
27466 62
27467 67
27468 72
27469 71
27470 66
27471 72
27472 64
27473 77
27474 81
27475 67
27476 60
27477 64
27478 75
27479 72
27480 85
27481 70
27482 64
27483 73
27484 75
27485 69
27486 84
27487 75
27488 76
27489 72
27490 65
27491 62
27492 57
27493 76
27494 72
27495 68
27496 56
27497 58
27498 60
27499 64
27500 68
27501 56
27502 64
27503 71
27504 74
27505 72
27506 68
27507 65
27508 70
27509 67
27510 68
27511 72
27512 73
27513 71
27514 72
27515 67
27516 65
27517 68
27518 68
27519 67
27520 80
27521 71
27522 63
27523 72
27524 78
27525 73
27526 75
27527 69
27528 62
27529 67
27530 62
27531 71
27532 63
27533 70
27534 62
27535 60
27536 51
27537 59
27538 67
27539 69
27540 74
27541 65
27542 66
27543 82
27544 76
27545 72
27546 70
27547 67
27548 71
27549 71
27550 62
27551 55
27552 60
27553 68
27554 80
27555 73
27556 69
27557 61
27558 74
27559 73
27560 67
27561 65
27562 68
27563 74
27564 68
27565 62
27566 60
27567 67
27568 69
27569 63
27570 57
27571 70
27572 73
27573 74
27574 75
27575 83
27576 74
27577 76
27578 78
27579 81
27580 65
27581 65
27582 65
27583 60
27584 64
27585 73
27586 69
27587 67
27588 68
27589 65
27590 71
27591 75
27592 66
27593 61
27594 57
27595 56
27596 57
27597 68
27598 68
27599 70
27600 83
27601 67
27602 70
27603 61
27604 77
27605 71
27606 63
27607 65
27608 68
27609 71
27610 62
27611 71
27612 74
27613 75
27614 62
27615 67
27616 58
27617 68
27618 71
27619 68
27620 60
27621 65
27622 57
27623 60
27624 68
27625 82
27626 77
27627 74
27628 71
27629 77
27630 75
27631 70
27632 83
27633 74
27634 64
27635 70
27636 71
27637 66
27638 68
27639 66
27640 64
27641 67
27642 63
27643 65
27644 66
27645 77
27646 78
27647 85
27648 75
27649 71
27650 56
27651 59
27652 68
27653 76
27654 71
27655 73
27656 78
27657 69
27658 63
27659 64
27660 74
27661 75
27662 71
27663 67
27664 73
27665 71
27666 70
27667 65
27668 71
27669 71
27670 78
27671 76
27672 79
27673 71
27674 70
27675 71
27676 80
27677 81
27678 80
27679 71
27680 62
27681 71
27682 68
27683 72
27684 74
27685 78
27686 77
27687 74
27688 64
27689 59
27690 68
27691 67
27692 69
27693 70
27694 64
27695 73
27696 75
27697 71
27698 65
27699 74
27700 77
27701 60
27702 66
27703 82
27704 74
27705 68
27706 65
27707 75
27708 70
27709 66
27710 85
27711 77
27712 60
27713 72
27714 84
27715 72
27716 67
27717 62
27718 68
27719 66
27720 67
27721 71
27722 72
27723 65
27724 61
27725 49
27726 61
27727 64
27728 68
27729 67
27730 67
27731 62
27732 64
27733 64
27734 62
27735 54
27736 62
27737 73
27738 66
27739 56
27740 69
27741 58
27742 63
27743 69
27744 53
27745 65
27746 64
27747 70
27748 79
27749 81
27750 83
27751 71
27752 73
27753 77
27754 73
27755 67
27756 68
27757 73
27758 68
27759 67
27760 64
27761 76
27762 84
27763 84
27764 77
27765 64
27766 61
27767 58
27768 61
27769 63
27770 60
27771 72
27772 73
27773 79
27774 71
27775 69
27776 71
27777 73
27778 65
27779 73
27780 69
27781 70
27782 64
27783 61
27784 64
27785 67
27786 62
27787 59
27788 63
27789 65
27790 78
27791 80
27792 72
27793 72
27794 71
27795 71
27796 65
27797 64
27798 61
27799 70
27800 65
27801 71
27802 76
27803 64
27804 70
27805 67
27806 69
27807 71
27808 61
27809 74
27810 64
27811 68
27812 73
27813 67
27814 59
27815 61
27816 56
27817 60
27818 68
27819 70
27820 78
27821 76
27822 75
27823 84
27824 80
27825 78
27826 72
27827 79
27828 78
27829 63
27830 73
27831 78
27832 70
27833 69
27834 67
27835 54
27836 46
27837 56
27838 57
27839 62
27840 65
27841 55
27842 51
27843 65
27844 72
27845 72
27846 68
27847 62
27848 66
27849 68
27850 79
27851 76
27852 62
27853 68
27854 69
27855 65
27856 69
27857 73
27858 62
27859 68
27860 70
27861 55
27862 63
27863 69
27864 74
27865 68
27866 67
27867 63
27868 61
27869 70
27870 67
27871 61
27872 74
27873 69
27874 64
27875 67
27876 60
27877 71
27878 74
27879 74
27880 71
27881 70
27882 71
27883 80
27884 75
27885 68
27886 70
27887 78
27888 60
27889 68
27890 57
27891 70
27892 61
27893 63
27894 64
27895 69
27896 69
27897 62
27898 60
27899 61
27900 64
27901 76
27902 75
27903 72
27904 63
27905 58
27906 72
27907 71
27908 59
27909 52
27910 50
27911 56
27912 70
27913 69
27914 77
27915 85
27916 70
27917 78
27918 68
27919 64
27920 80
27921 75
27922 74
27923 62
27924 58
27925 59
27926 74
27927 78
27928 65
27929 75
27930 69
27931 72
27932 83
27933 71
27934 79
27935 64
27936 77
27937 84
27938 71
27939 62
27940 52
27941 56
27942 68
27943 75
27944 63
27945 61
27946 68
27947 66
27948 62
27949 59
27950 69
27951 60
27952 70
27953 68
27954 79
27955 72
27956 65
27957 52
27958 51
27959 62
27960 66
27961 67
27962 68
27963 59
27964 60
27965 64
27966 54
27967 57
27968 62
27969 52
27970 61
27971 59
27972 57
27973 63
27974 72
27975 69
27976 83
27977 81
27978 84
27979 73
27980 63
27981 72
27982 75
27983 72
27984 62
27985 76
27986 75
27987 78
27988 71
27989 71
27990 78
27991 76
27992 75
27993 74
27994 76
27995 69
27996 69
27997 78
27998 72
27999 57
28000 68
28001 63
28002 62
28003 71
28004 70
28005 65
28006 69
28007 70
28008 69
28009 66
28010 74
28011 68
28012 79
28013 91
28014 87
28015 79
28016 71
28017 55
28018 51
28019 68
28020 53
28021 52
28022 54
28023 60
28024 57
28025 62
28026 67
28027 77
28028 87
28029 76
28030 75
28031 69
28032 72
28033 67
28034 77
28035 74
28036 64
28037 61
28038 73
28039 67
28040 76
28041 61
28042 65
28043 68
28044 64
28045 57
28046 64
28047 75
28048 67
28049 72
28050 79
28051 74
28052 70
28053 75
28054 70
28055 63
28056 64
28057 71
28058 85
28059 65
28060 65
28061 68
28062 78
28063 72
28064 71
28065 72
28066 71
28067 51
28068 64
28069 74
28070 70
28071 64
28072 67
28073 58
28074 71
28075 65
28076 63
28077 62
28078 64
28079 63
28080 71
28081 63
28082 68
28083 72
28084 57
28085 60
28086 63
28087 74
28088 78
28089 87
28090 73
28091 68
28092 82
28093 65
28094 53
28095 60
28096 77
28097 69
28098 54
28099 71
28100 69
28101 78
28102 80
28103 72
28104 63
28105 59
28106 63
28107 74
28108 70
28109 69
28110 67
28111 66
28112 70
28113 72
28114 74
28115 76
28116 71
28117 54
28118 61
28119 74
28120 73
28121 71
28122 66
28123 71
28124 69
28125 76
28126 74
28127 68
28128 80
28129 72
28130 65
28131 67
28132 73
28133 70
28134 79
28135 68
28136 73
28137 59
28138 52
28139 54
28140 62
28141 63
28142 65
28143 63
28144 69
28145 71
28146 72
28147 73
28148 69
28149 63
28150 62
28151 54
28152 50
28153 52
28154 57
28155 71
28156 61
28157 60
28158 75
28159 67
28160 63
28161 66
28162 65
28163 63
28164 59
28165 53
28166 60
28167 66
28168 67
28169 65
28170 63
28171 67
28172 71
28173 70
28174 56
28175 63
28176 73
28177 76
28178 80
28179 65
28180 73
28181 77
28182 59
28183 66
28184 68
28185 80
28186 74
28187 69
28188 70
28189 72
28190 74
28191 61
28192 68
28193 67
28194 72
28195 71
28196 68
28197 64
28198 69
28199 57
28200 67
28201 72
28202 64
28203 65
28204 61
28205 59
28206 59
28207 63
28208 71
28209 71
28210 60
28211 58
28212 68
28213 65
28214 74
28215 74
28216 61
28217 70
28218 61
28219 67
28220 69
28221 75
28222 76
28223 75
28224 79
28225 69
28226 72
28227 62
28228 71
28229 75
28230 61
28231 59
28232 68
28233 71
28234 74
28235 76
28236 71
28237 72
28238 77
28239 72
28240 62
28241 59
28242 73
28243 81
28244 72
28245 71
28246 73
28247 53
28248 58
28249 70
28250 70
28251 77
28252 80
28253 68
28254 59
28255 66
28256 69
28257 74
28258 71
28259 71
28260 75
28261 73
28262 58
28263 56
28264 61
28265 62
28266 65
28267 69
28268 70
28269 71
28270 72
28271 62
28272 71
28273 69
28274 62
28275 64
28276 74
28277 73
28278 70
28279 69
28280 70
28281 75
28282 69
28283 66
28284 68
28285 69
28286 77
28287 71
28288 81
28289 61
28290 57
28291 54
28292 65
28293 63
28294 56
28295 66
28296 65
28297 67
28298 71
28299 62
28300 65
28301 66
28302 73
28303 71
28304 70
28305 73
28306 67
28307 79
28308 76
28309 64
28310 74
28311 65
28312 72
28313 79
28314 73
28315 60
28316 72
28317 81
28318 71
28319 64
28320 63
28321 51
28322 50
28323 65
28324 74
28325 59
28326 64
28327 70
28328 69
28329 68
28330 70
28331 65
28332 65
28333 72
28334 63
28335 67
28336 71
28337 63
28338 65
28339 66
28340 67
28341 63
28342 61
28343 65
28344 69
28345 70
28346 81
28347 78
28348 71
28349 71
28350 64
28351 63
28352 74
28353 65
28354 64
28355 82
28356 75
28357 70
28358 73
28359 77
28360 77
28361 59
28362 69
28363 77
28364 63
28365 62
28366 73
28367 66
28368 66
28369 61
28370 45
28371 62
28372 70
28373 72
28374 72
28375 65
28376 66
28377 65
28378 68
28379 64
28380 70
28381 85
28382 68
28383 63
28384 70
28385 63
28386 75
28387 76
28388 68
28389 65
28390 61
28391 64
28392 69
28393 70
28394 57
28395 62
28396 56
28397 68
28398 65
28399 65
28400 63
28401 70
28402 71
28403 65
28404 71
28405 65
28406 67
28407 79
28408 73
28409 71
28410 67
28411 79
28412 79
28413 65
28414 80
28415 76
28416 65
28417 64
28418 73
28419 86
28420 83
28421 71
28422 75
28423 68
28424 62
28425 63
28426 63
28427 65
28428 71
28429 71
28430 53
28431 60
28432 52
28433 50
28434 63
28435 68
28436 81
28437 71
28438 69
28439 61
28440 58
28441 59
28442 52
28443 53
28444 68
28445 74
28446 83
28447 77
28448 68
28449 66
28450 65
28451 60
28452 78
28453 74
28454 73
28455 73
28456 76
28457 67
28458 80
28459 75
28460 71
28461 80
28462 72
28463 72
28464 56
28465 58
28466 68
28467 54
28468 61
28469 75
28470 65
28471 76
28472 70
28473 69
28474 69
28475 78
28476 74
28477 71
28478 64
28479 66
28480 66
28481 67
28482 63
28483 73
28484 72
28485 81
28486 84
28487 65
28488 76
28489 71
28490 65
28491 69
28492 69
28493 73
28494 67
28495 65
28496 65
28497 72
28498 68
28499 70
28500 72
28501 60
28502 64
28503 66
28504 50
28505 69
28506 70
28507 73
28508 62
28509 59
28510 58
28511 64
28512 70
28513 67
28514 70
28515 62
28516 70
28517 71
28518 74
28519 60
28520 42
28521 46
28522 48
28523 52
28524 67
28525 78
28526 85
28527 79
28528 68
28529 65
28530 59
28531 65
28532 69
28533 73
28534 66
28535 64
28536 57
28537 67
28538 76
28539 84
28540 68
28541 59
28542 54
28543 42
28544 52
28545 66
28546 72
28547 60
28548 58
28549 61
28550 60
28551 65
28552 46
28553 63
28554 78
28555 77
28556 79
28557 72
28558 66
28559 73
28560 68
28561 51
28562 56
28563 57
28564 76
28565 69
28566 72
28567 67
28568 75
28569 74
28570 72
28571 67
28572 68
28573 72
28574 75
28575 73
28576 68
28577 70
28578 65
28579 73
28580 77
28581 81
28582 70
28583 68
28584 67
28585 75
28586 79
28587 69
28588 70
28589 69
28590 71
28591 76
28592 69
28593 76
28594 65
28595 65
28596 64
28597 66
28598 69
28599 68
28600 66
28601 71
28602 65
28603 62
28604 64
28605 69
28606 74
28607 67
28608 68
28609 62
28610 76
28611 68
28612 67
28613 71
28614 66
28615 73
28616 73
28617 68
28618 71
28619 64
28620 65
28621 70
28622 74
28623 79
28624 78
28625 74
28626 63
28627 66
28628 70
28629 79
28630 75
28631 61
28632 76
28633 60
28634 68
28635 71
28636 65
28637 70
28638 70
28639 73
28640 69
28641 71
28642 74
28643 64
28644 71
28645 73
28646 82
28647 72
28648 71
28649 58
28650 51
28651 52
28652 55
28653 72
28654 70
28655 74
28656 61
28657 77
28658 76
28659 73
28660 72
28661 64
28662 65
28663 58
28664 54
28665 59
28666 75
28667 82
28668 71
28669 77
28670 78
28671 72
28672 68
28673 76
28674 85
28675 76
28676 76
28677 83
28678 77
28679 67
28680 65
28681 64
28682 57
28683 60
28684 71
28685 65
28686 63
28687 66
28688 67
28689 74
28690 73
28691 76
28692 74
28693 71
28694 65
28695 62
28696 60
28697 66
28698 69
28699 70
28700 72
28701 68
28702 67
28703 55
28704 63
28705 72
28706 61
28707 74
28708 68
28709 64
28710 73
28711 77
28712 76
28713 67
28714 74
28715 71
28716 81
28717 68
28718 76
28719 61
28720 77
28721 82
28722 76
28723 66
28724 68
28725 71
28726 69
28727 60
28728 68
28729 66
28730 64
28731 61
28732 66
28733 67
28734 74
28735 76
28736 74
28737 72
28738 83
28739 74
28740 70
28741 66
28742 70
28743 75
28744 77
28745 66
28746 68
28747 67
28748 75
28749 73
28750 65
28751 59
28752 68
28753 76
28754 76
28755 73
28756 66
28757 69
28758 68
28759 65
28760 62
28761 66
28762 79
28763 65
28764 57
28765 51
28766 67
28767 60
28768 63
28769 63
28770 67
28771 68
28772 69
28773 70
28774 72
28775 64
28776 72
28777 75
28778 71
28779 74
28780 69
28781 82
28782 67
28783 76
28784 80
28785 79
28786 72
28787 71
28788 67
28789 59
28790 53
28791 68
28792 70
28793 71
28794 77
28795 75
28796 82
28797 74
28798 59
28799 57
28800 61
28801 62
28802 65
28803 73
28804 54
28805 44
28806 64
28807 76
28808 81
28809 74
28810 76
28811 71
28812 72
28813 72
28814 70
28815 58
28816 72
28817 73
28818 67
28819 61
28820 58
28821 73
28822 68
28823 69
28824 80
28825 78
28826 77
28827 61
28828 70
28829 76
28830 74
28831 61
28832 65
28833 78
28834 77
28835 79
28836 68
28837 71
28838 79
28839 73
28840 64
28841 58
28842 75
28843 71
28844 70
28845 66
28846 79
28847 64
28848 82
28849 80
28850 71
28851 67
28852 57
28853 66
28854 64
28855 67
28856 67
28857 76
28858 82
28859 74
28860 70
28861 62
28862 61
28863 65
28864 57
28865 65
28866 75
28867 71
28868 64
28869 67
28870 65
28871 70
28872 73
28873 67
28874 63
28875 66
28876 67
28877 52
28878 63
28879 66
28880 74
28881 71
28882 52
28883 65
28884 67
28885 62
28886 52
28887 60
28888 63
28889 67
28890 73
28891 72
28892 80
28893 77
28894 61
28895 62
28896 58
28897 68
28898 71
28899 76
28900 66
28901 72
28902 74
28903 73
28904 72
28905 70
28906 56
28907 50
28908 61
28909 62
28910 73
28911 71
28912 82
28913 79
28914 77
28915 63
28916 63
28917 77
28918 76
28919 64
28920 67
28921 69
28922 76
28923 68
28924 69
28925 56
28926 70
28927 80
28928 73
28929 66
28930 65
28931 67
28932 62
28933 71
28934 72
28935 71
28936 69
28937 74
28938 86
28939 74
28940 67
28941 71
28942 60
28943 56
28944 70
28945 73
28946 69
28947 67
28948 72
28949 70
28950 68
28951 70
28952 61
28953 68
28954 76
28955 87
28956 79
28957 64
28958 70
28959 71
28960 79
28961 76
28962 78
28963 70
28964 65
28965 60
28966 62
28967 70
28968 66
28969 70
28970 68
28971 63
28972 73
28973 70
28974 68
28975 66
28976 73
28977 87
28978 87
28979 71
28980 77
28981 81
28982 74
28983 73
28984 64
28985 70
28986 69
28987 80
28988 68
28989 67
28990 64
28991 64
28992 71
28993 62
28994 61
28995 70
28996 71
28997 73
28998 67
28999 65
29000 68
29001 69
29002 80
29003 72
29004 75
29005 63
29006 67
29007 65
29008 71
29009 83
29010 73
29011 75
29012 74
29013 72
29014 67
29015 62
29016 62
29017 70
29018 73
29019 89
29020 75
29021 62
29022 65
29023 64
29024 64
29025 62
29026 56
29027 65
29028 67
29029 75
29030 65
29031 62
29032 68
29033 72
29034 73
29035 64
29036 63
29037 70
29038 74
29039 88
29040 70
29041 62
29042 60
29043 76
29044 75
29045 84
29046 77
29047 61
29048 60
29049 68
29050 63
29051 62
29052 68
29053 81
29054 76
29055 72
29056 69
29057 69
29058 80
29059 72
29060 73
29061 75
29062 60
29063 65
29064 53
29065 63
29066 72
29067 75
29068 66
29069 71
29070 66
29071 57
29072 61
29073 68
29074 69
29075 66
29076 69
29077 68
29078 59
29079 70
29080 69
29081 71
29082 74
29083 71
29084 76
29085 69
29086 61
29087 64
29088 68
29089 84
29090 81
29091 74
29092 84
29093 70
29094 67
29095 71
29096 71
29097 68
29098 69
29099 65
29100 67
29101 67
29102 64
29103 73
29104 68
29105 55
29106 67
29107 69
29108 56
29109 64
29110 63
29111 68
29112 79
29113 73
29114 69
29115 69
29116 79
29117 76
29118 66
29119 61
29120 62
29121 66
29122 75
29123 79
29124 68
29125 71
29126 67
29127 71
29128 75
29129 72
29130 75
29131 69
29132 78
29133 74
29134 76
29135 75
29136 70
29137 54
29138 64
29139 63
29140 65
29141 70
29142 57
29143 58
29144 68
29145 69
29146 68
29147 66
29148 70
29149 75
29150 79
29151 74
29152 73
29153 80
29154 80
29155 61
29156 76
29157 63
29158 56
29159 64
29160 65
29161 68
29162 66
29163 63
29164 57
29165 51
29166 59
29167 75
29168 73
29169 71
29170 62
29171 63
29172 76
29173 67
29174 49
29175 62
29176 64
29177 72
29178 62
29179 68
29180 75
29181 67
29182 76
29183 65
29184 63
29185 60
29186 71
29187 71
29188 77
29189 70
29190 70
29191 52
29192 48
29193 33
29194 46
29195 48
29196 60
29197 61
29198 70
29199 65
29200 77
29201 62
29202 66
29203 66
29204 70
29205 73
29206 67
29207 66
29208 69
29209 72
29210 67
29211 65
29212 67
29213 67
29214 83
29215 95
29216 81
29217 80
29218 74
29219 57
29220 64
29221 73
29222 73
29223 74
29224 67
29225 55
29226 64
29227 80
29228 88
29229 78
29230 82
29231 66
29232 66
29233 63
29234 69
29235 63
29236 68
29237 67
29238 66
29239 69
29240 68
29241 70
29242 54
29243 57
29244 62
29245 67
29246 73
29247 81
29248 75
29249 59
29250 58
29251 66
29252 78
29253 66
29254 72
29255 74
29256 66
29257 69
29258 73
29259 83
29260 78
29261 67
29262 76
29263 80
29264 86
29265 78
29266 60
29267 67
29268 78
29269 59
29270 58
29271 61
29272 56
29273 58
29274 67
29275 71
29276 70
29277 60
29278 71
29279 80
29280 85
29281 83
29282 76
29283 64
29284 65
29285 66
29286 60
29287 62
29288 60
29289 57
29290 69
29291 75
29292 70
29293 67
29294 65
29295 71
29296 68
29297 73
29298 70
29299 65
29300 64
29301 68
29302 77
29303 65
29304 70
29305 70
29306 68
29307 62
29308 71
29309 73
29310 62
29311 77
29312 78
29313 71
29314 82
29315 78
29316 74
29317 63
29318 65
29319 78
29320 86
29321 70
29322 62
29323 55
29324 63
29325 69
29326 61
29327 69
29328 55
29329 71
29330 73
29331 60
29332 54
29333 67
29334 60
29335 72
29336 77
29337 75
29338 73
29339 77
29340 79
29341 72
29342 72
29343 62
29344 68
29345 76
29346 68
29347 69
29348 81
29349 72
29350 75
29351 71
29352 58
29353 68
29354 68
29355 63
29356 63
29357 71
29358 75
29359 74
29360 84
29361 68
29362 60
29363 72
29364 67
29365 60
29366 78
29367 73
29368 71
29369 80
29370 76
29371 65
29372 63
29373 54
29374 52
29375 70
29376 69
29377 70
29378 71
29379 67
29380 62
29381 75
29382 71
29383 69
29384 66
29385 65
29386 70
29387 62
29388 46
29389 48
29390 56
29391 69
29392 70
29393 63
29394 55
29395 49
29396 54
29397 59
29398 58
29399 72
29400 75
29401 70
29402 70
29403 64
29404 63
29405 59
29406 62
29407 69
29408 71
29409 76
29410 68
29411 67
29412 66
29413 67
29414 72
29415 67
29416 64
29417 82
29418 69
29419 65
29420 67
29421 65
29422 63
29423 69
29424 75
29425 79
29426 78
29427 64
29428 62
29429 46
29430 66
29431 73
29432 66
29433 62
29434 79
29435 78
29436 79
29437 78
29438 73
29439 72
29440 74
29441 67
29442 66
29443 50
29444 58
29445 60
29446 68
29447 76
29448 74
29449 72
29450 70
29451 71
29452 69
29453 64
29454 60
29455 66
29456 81
29457 67
29458 80
29459 80
29460 85
29461 67
29462 69
29463 72
29464 68
29465 61
29466 67
29467 62
29468 69
29469 79
29470 77
29471 69
29472 72
29473 74
29474 78
29475 81
29476 79
29477 69
29478 67
29479 83
29480 84
29481 74
29482 76
29483 66
29484 72
29485 65
29486 53
29487 54
29488 64
29489 68
29490 67
29491 59
29492 52
29493 67
29494 72
29495 73
29496 73
29497 80
29498 75
29499 79
29500 82
29501 80
29502 77
29503 80
29504 80
29505 72
29506 67
29507 69
29508 57
29509 58
29510 71
29511 79
29512 81
29513 77
29514 70
29515 68
29516 69
29517 71
29518 62
29519 69
29520 62
29521 71
29522 67
29523 63
29524 60
29525 60
29526 68
29527 70
29528 69
29529 69
29530 61
29531 56
29532 66
29533 79
29534 75
29535 71
29536 70
29537 56
29538 66
29539 79
29540 90
29541 78
29542 77
29543 69
29544 69
29545 65
29546 60
29547 69
29548 71
29549 74
29550 67
29551 56
29552 48
29553 61
29554 56
29555 60
29556 70
29557 65
29558 73
29559 68
29560 75
29561 74
29562 69
29563 61
29564 57
29565 65
29566 66
29567 66
29568 60
29569 56
29570 65
29571 66
29572 65
29573 54
29574 67
29575 68
29576 79
29577 85
29578 74
29579 59
29580 62
29581 75
29582 72
29583 78
29584 76
29585 81
29586 70
29587 66
29588 64
29589 65
29590 67
29591 62
29592 61
29593 66
29594 72
29595 69
29596 76
29597 84
29598 80
29599 74
29600 67
29601 65
29602 76
29603 73
29604 72
29605 69
29606 71
29607 72
29608 74
29609 79
29610 70
29611 66
29612 67
29613 70
29614 73
29615 68
29616 64
29617 57
29618 58
29619 61
29620 66
29621 59
29622 56
29623 54
29624 60
29625 72
29626 72
29627 78
29628 74
29629 67
29630 54
29631 55
29632 47
29633 64
29634 70
29635 76
29636 72
29637 73
29638 72
29639 71
29640 66
29641 73
29642 69
29643 75
29644 77
29645 75
29646 73
29647 68
29648 68
29649 68
29650 59
29651 60
29652 74
29653 64
29654 66
29655 71
29656 68
29657 74
29658 69
29659 64
29660 60
29661 70
29662 71
29663 73
29664 61
29665 67
29666 75
29667 72
29668 67
29669 69
29670 64
29671 60
29672 65
29673 66
29674 74
29675 70
29676 64
29677 70
29678 56
29679 51
29680 37
29681 24
29682 38
29683 50
29684 55
29685 75
29686 74
29687 67
29688 67
29689 65
29690 59
29691 63
29692 68
29693 72
29694 74
29695 61
29696 76
29697 73
29698 77
29699 72
29700 70
29701 72
29702 73
29703 66
29704 57
29705 64
29706 75
29707 65
29708 67
29709 69
29710 65
29711 68
29712 65
29713 67
29714 71
29715 61
29716 56
29717 50
29718 64
29719 71
29720 75
29721 74
29722 75
29723 72
29724 69
29725 60
29726 66
29727 67
29728 68
29729 65
29730 78
29731 68
29732 69
29733 69
29734 78
29735 66
29736 77
29737 73
29738 76
29739 67
29740 55
29741 46
29742 43
29743 56
29744 61
29745 72
29746 65
29747 71
29748 71
29749 76
29750 70
29751 59
29752 73
29753 74
29754 56
29755 66
29756 67
29757 65
29758 82
29759 68
29760 72
29761 53
29762 65
29763 68
29764 57
29765 55
29766 56
29767 53
29768 63
29769 73
29770 69
29771 78
29772 81
29773 75
29774 77
29775 63
29776 63
29777 62
29778 71
29779 68
29780 69
29781 69
29782 79
29783 70
29784 68
29785 74
29786 75
29787 73
29788 69
29789 64
29790 62
29791 65
29792 67
29793 65
29794 70
29795 75
29796 69
29797 67
29798 71
29799 74
29800 63
29801 57
29802 63
29803 70
29804 59
29805 71
29806 86
29807 69
29808 77
29809 79
29810 80
29811 76
29812 78
29813 69
29814 58
29815 70
29816 71
29817 61
29818 74
29819 69
29820 71
29821 78
29822 68
29823 66
29824 65
29825 63
29826 58
29827 60
29828 63
29829 73
29830 80
29831 74
29832 72
29833 69
29834 67
29835 64
29836 67
29837 74
29838 68
29839 59
29840 62
29841 73
29842 74
29843 72
29844 71
29845 67
29846 66
29847 71
29848 69
29849 71
29850 64
29851 63
29852 72
29853 75
29854 79
29855 76
29856 58
29857 64
29858 61
29859 64
29860 69
29861 67
29862 61
29863 63
29864 74
29865 75
29866 68
29867 58
29868 51
29869 59
29870 62
29871 73
29872 73
29873 82
29874 64
29875 82
29876 76
29877 69
29878 66
29879 62
29880 63
29881 66
29882 72
29883 83
29884 71
29885 70
29886 69
29887 79
29888 88
29889 75
29890 67
29891 72
29892 59
29893 51
29894 66
29895 71
29896 64
29897 67
29898 64
29899 55
29900 48
29901 50
29902 57
29903 61
29904 54
29905 52
29906 60
29907 71
29908 77
29909 78
29910 77
29911 58
29912 72
29913 73
29914 73
29915 74
29916 60
29917 78
29918 61
29919 70
29920 69
29921 58
29922 65
29923 62
29924 67
29925 73
29926 62
29927 67
29928 57
29929 58
29930 61
29931 64
29932 79
29933 77
29934 85
29935 77
29936 63
29937 74
29938 82
29939 71
29940 90
29941 80
29942 84
29943 76
29944 70
29945 73
29946 83
29947 77
29948 75
29949 64
29950 70
29951 69
29952 61
29953 54
29954 70
29955 70
29956 56
29957 53
29958 48
29959 47
29960 45
29961 61
29962 63
29963 66
29964 69
29965 68
29966 71
29967 88
29968 72
29969 73
29970 67
29971 78
29972 73
29973 71
29974 65
29975 76
29976 78
29977 69
29978 68
29979 82
29980 73
29981 66
29982 68
29983 70
29984 60
29985 69
29986 74
29987 70
29988 69
29989 67
29990 77
29991 69
29992 78
29993 79
29994 72
29995 65
29996 69
29997 78
29998 72
29999 58
30000 62
30001 74
30002 76
30003 76
30004 60
30005 63
30006 64
30007 74
30008 66
30009 72
30010 78
30011 70
30012 78
30013 65
30014 69
30015 63
30016 65
30017 72
30018 65
30019 76
30020 65
30021 53
30022 51
30023 58
30024 45
30025 62
30026 80
30027 82
30028 80
30029 71
30030 71
30031 76
30032 77
30033 83
30034 73
30035 80
30036 75
30037 68
30038 75
30039 78
30040 78
30041 72
30042 57
30043 52
30044 60
30045 67
30046 61
30047 72
30048 72
30049 68
30050 66
30051 61
30052 66
30053 83
30054 71
30055 69
30056 54
30057 62
30058 57
30059 59
30060 61
30061 61
30062 74
30063 75
30064 72
30065 73
30066 58
30067 72
30068 72
30069 61
30070 75
30071 69
30072 52
30073 64
30074 67
30075 78
30076 58
30077 69
30078 62
30079 69
30080 66
30081 73
30082 81
30083 67
30084 67
30085 69
30086 71
30087 64
30088 66
30089 70
30090 75
30091 71
30092 72
30093 72
30094 64
30095 55
30096 62
30097 75
30098 65
30099 61
30100 59
30101 58
30102 65
30103 60
30104 48
30105 65
30106 72
30107 75
30108 61
30109 67
30110 75
30111 69
30112 76
30113 82
30114 85
30115 69
30116 75
30117 72
30118 81
30119 73
30120 65
30121 71
30122 66
30123 59
30124 57
30125 68
30126 75
30127 76
30128 75
30129 72
30130 64
30131 67
30132 74
30133 88
30134 76
30135 70
30136 71
30137 74
30138 72
30139 70
30140 64
30141 68
30142 78
30143 65
30144 70
30145 73
30146 68
30147 68
30148 64
30149 59
30150 58
30151 50
30152 48
30153 40
30154 58
30155 60
30156 72
30157 79
30158 71
30159 73
30160 71
30161 69
30162 73
30163 63
30164 73
30165 74
30166 69
30167 62
30168 51
30169 57
30170 64
30171 71
30172 65
30173 62
30174 49
30175 58
30176 59
30177 51
30178 42
30179 49
30180 64
30181 76
30182 79
30183 81
30184 83
30185 65
30186 63
30187 68
30188 67
30189 78
30190 74
30191 76
30192 73
30193 72
30194 72
30195 74
30196 71
30197 67
30198 66
30199 65
30200 69
30201 70
30202 74
30203 64
30204 73
30205 71
30206 72
30207 71
30208 67
30209 63
30210 67
30211 69
30212 68
30213 67
30214 73
30215 67
30216 59
30217 63
30218 64
30219 71
30220 81
30221 68
30222 60
30223 66
30224 80
30225 70
30226 79
30227 76
30228 65
30229 73
30230 72
30231 66
30232 75
30233 82
30234 70
30235 67
30236 70
30237 71
30238 66
30239 67
30240 65
30241 78
30242 79
30243 79
30244 69
30245 64
30246 69
30247 80
30248 64
30249 59
30250 64
30251 71
30252 59
30253 57
30254 65
30255 67
30256 77
30257 70
30258 67
30259 75
30260 69
30261 74
30262 65
30263 53
30264 61
30265 65
30266 60
30267 61
30268 68
30269 67
30270 70
30271 71
30272 66
30273 75
30274 75
30275 70
30276 69
30277 67
30278 72
30279 74
30280 68
30281 68
30282 80
30283 73
30284 67
30285 60
30286 68
30287 77
30288 69
30289 66
30290 67
30291 68
30292 65
30293 70
30294 74
30295 73
30296 72
30297 75
30298 73
30299 66
30300 70
30301 71
30302 63
30303 62
30304 48
30305 59
30306 78
30307 75
30308 76
30309 80
30310 66
30311 68
30312 78
30313 64
30314 63
30315 75
30316 69
30317 73
30318 69
30319 74
30320 67
30321 64
30322 66
30323 64
30324 72
30325 67
30326 70
30327 75
30328 56
30329 54
30330 52
30331 53
30332 59
30333 64
30334 71
30335 72
30336 68
30337 73
30338 71
30339 73
30340 79
30341 66
30342 71
30343 67
30344 71
30345 73
30346 75
30347 71
30348 65
30349 83
30350 81
30351 64
30352 75
30353 72
30354 55
30355 65
30356 74
30357 73
30358 67
30359 64
30360 74
30361 62
30362 70
30363 63
30364 62
30365 65
30366 68
30367 61
30368 59
30369 66
30370 77
30371 73
30372 68
30373 73
30374 68
30375 75
30376 59
30377 63
30378 63
30379 66
30380 73
30381 67
30382 66
30383 76
30384 69
30385 70
30386 82
30387 72
30388 73
30389 69
30390 82
30391 71
30392 90
30393 76
30394 75
30395 68
30396 76
30397 57
30398 55
30399 66
30400 77
30401 62
30402 70
30403 70
30404 72
30405 75
30406 68
30407 62
30408 75
30409 70
30410 62
30411 66
30412 62
30413 65
30414 65
30415 60
30416 63
30417 66
30418 68
30419 71
30420 58
30421 73
30422 79
30423 68
30424 68
30425 67
30426 63
30427 62
30428 57
30429 60
30430 69
30431 67
30432 68
30433 65
30434 56
30435 55
30436 63
30437 66
30438 66
30439 64
30440 63
30441 79
30442 82
30443 75
30444 71
30445 84
30446 75
30447 69
30448 65
30449 66
30450 67
30451 84
30452 67
30453 62
30454 61
30455 63
30456 59
30457 67
30458 72
30459 72
30460 68
30461 63
30462 68
30463 66
30464 60
30465 57
30466 64
30467 68
30468 58
30469 59
30470 69
30471 74
30472 71
30473 66
30474 64
30475 60
30476 52
30477 61
30478 56
30479 61
30480 71
30481 69
30482 89
30483 79
30484 77
30485 85
30486 81
30487 66
30488 60
30489 60
30490 59
30491 54
30492 57
30493 74
30494 70
30495 71
30496 73
30497 80
30498 78
30499 72
30500 68
30501 76
30502 68
30503 61
30504 68
30505 80
30506 67
30507 67
30508 66
30509 74
30510 77
30511 65
30512 71
30513 60
30514 65
30515 63
30516 71
30517 68
30518 53
30519 69
30520 59
30521 55
30522 58
30523 60
30524 57
30525 48
30526 64
30527 68
30528 60
30529 63
30530 68
30531 77
30532 72
30533 65
30534 64
30535 72
30536 70
30537 65
30538 67
30539 68
30540 66
30541 54
30542 55
30543 62
30544 58
30545 70
30546 69
30547 63
30548 52
30549 37
30550 34
30551 42
30552 45
30553 54
30554 65
30555 67
30556 73
30557 60
30558 67
30559 67
30560 66
30561 65
30562 71
30563 68
30564 58
30565 61
30566 64
30567 63
30568 70
30569 67
30570 62
30571 65
30572 66
30573 68
30574 69
30575 68
30576 67
30577 71
30578 74
30579 64
30580 65
30581 63
30582 72
30583 75
30584 64
30585 61
30586 64
30587 77
30588 73
30589 75
30590 69
30591 71
30592 76
30593 70
30594 69
30595 76
30596 69
30597 59
30598 62
30599 67
30600 70
30601 50
30602 65
30603 70
30604 62
30605 75
30606 73
30607 66
30608 66
30609 59
30610 69
30611 71
30612 60
30613 70
30614 61
30615 66
30616 65
30617 70
30618 81
30619 70
30620 70
30621 65
30622 64
30623 67
30624 71
30625 72
30626 67
30627 67
30628 76
30629 73
30630 69
30631 78
30632 76
30633 70
30634 74
30635 66
30636 63
30637 54
30638 62
30639 59
30640 66
30641 73
30642 58
30643 64
30644 61
30645 65
30646 63
30647 70
30648 66
30649 64
30650 67
30651 72
30652 64
30653 67
30654 48
30655 39
30656 41
30657 46
30658 56
30659 49
30660 58
30661 57
30662 73
30663 79
30664 68
30665 74
30666 73
30667 71
30668 70
30669 74
30670 57
30671 67
30672 80
30673 74
30674 69
30675 64
30676 61
30677 69
30678 65
30679 69
30680 70
30681 70
30682 76
30683 73
30684 71
30685 73
30686 68
30687 56
30688 60
30689 72
30690 72
30691 59
30692 72
30693 72
30694 69
30695 73
30696 83
30697 79
30698 72
30699 75
30700 74
30701 67
30702 68
30703 67
30704 69
30705 76
30706 56
30707 56
30708 64
30709 79
30710 84
30711 78
30712 75
30713 66
30714 69
30715 80
30716 74
30717 71
30718 56
30719 63
30720 66
30721 65
30722 69
30723 67
30724 55
30725 54
30726 59
30727 64
30728 74
30729 74
30730 68
30731 62
30732 72
30733 73
30734 71
30735 69
30736 65
30737 72
30738 65
30739 66
30740 73
30741 81
30742 69
30743 67
30744 65
30745 63
30746 63
30747 57
30748 64
30749 71
30750 58
30751 57
30752 59
30753 54
30754 73
30755 81
30756 61
30757 67
30758 68
30759 79
30760 74
30761 76
30762 69
30763 54
30764 53
30765 57
30766 73
30767 79
30768 70
30769 67
30770 59
30771 60
30772 61
30773 69
30774 66
30775 63
30776 74
30777 75
30778 70
30779 66
30780 62
30781 68
30782 75
30783 71
30784 69
30785 74
30786 79
30787 78
30788 79
30789 77
30790 67
30791 66
30792 60
30793 68
30794 74
30795 75
30796 66
30797 67
30798 66
30799 69
30800 81
30801 64
30802 60
30803 57
30804 65
30805 66
30806 63
30807 63
30808 73
30809 71
30810 66
30811 67
30812 64
30813 61
30814 59
30815 67
30816 59
30817 66
30818 70
30819 72
30820 65
30821 71
30822 66
30823 63
30824 69
30825 78
30826 68
30827 66
30828 68
30829 83
30830 77
30831 72
30832 73
30833 80
30834 68
30835 67
30836 67
30837 80
30838 80
30839 77
30840 71
30841 62
30842 65
30843 78
30844 68
30845 71
30846 65
30847 68
30848 73
30849 68
30850 67
30851 64
30852 71
30853 76
30854 67
30855 81
30856 78
30857 73
30858 68
30859 69
30860 62
30861 68
30862 75
30863 68
30864 69
30865 72
30866 75
30867 85
30868 86
30869 73
30870 75
30871 78
30872 70
30873 71
30874 55
30875 60
30876 63
30877 51
30878 54
30879 67
30880 78
30881 79
30882 68
30883 63
30884 72
30885 67
30886 70
30887 64
30888 69
30889 63
30890 80
30891 66
30892 59
30893 78
30894 74
30895 70
30896 63
30897 61
30898 68
30899 70
30900 58
30901 54
30902 73
30903 75
30904 72
30905 72
30906 69
30907 73
30908 66
30909 72
30910 75
30911 70
30912 73
30913 59
30914 58
30915 49
30916 67
30917 69
30918 58
30919 67
30920 83
30921 74
30922 68
30923 67
30924 59
30925 70
30926 70
30927 63
30928 62
30929 71
30930 78
30931 65
30932 82
30933 84
30934 72
30935 69
30936 82
30937 81
30938 78
30939 69
30940 72
30941 63
30942 70
30943 67
30944 69
30945 63
30946 59
30947 66
30948 67
30949 69
30950 69
30951 63
30952 67
30953 65
30954 74
30955 81
30956 80
30957 65
30958 63
30959 68
30960 66
30961 53
30962 62
30963 78
30964 78
30965 66
30966 68
30967 77
30968 76
30969 64
30970 64
30971 72
30972 71
30973 68
30974 72
30975 74
30976 67
30977 82
30978 67
30979 66
30980 61
30981 71
30982 68
30983 66
30984 68
30985 71
30986 73
30987 76
30988 83
30989 80
30990 86
30991 78
30992 84
30993 87
30994 81
30995 71
30996 67
30997 61
30998 70
30999 81
31000 71
31001 79
31002 77
31003 75
31004 80
31005 77
31006 73
31007 75
31008 77
31009 67
31010 72
31011 67
31012 71
31013 73
31014 63
31015 62
31016 63
31017 64
31018 65
31019 70
31020 66
31021 75
31022 73
31023 61
31024 61
31025 78
31026 70
31027 61
31028 69
31029 73
31030 69
31031 79
31032 77
31033 68
31034 59
31035 46
31036 53
31037 61
31038 73
31039 72
31040 70
31041 70
31042 74
31043 84
31044 67
31045 71
31046 69
31047 71
31048 67
31049 76
31050 73
31051 65
31052 61
31053 67
31054 67
31055 67
31056 72
31057 73
31058 77
31059 66
31060 67
31061 61
31062 66
31063 62
31064 63
31065 70
31066 74
31067 70
31068 68
31069 59
31070 60
31071 63
31072 75
31073 69
31074 72
31075 76
31076 87
31077 74
31078 76
31079 67
31080 62
31081 57
31082 59
31083 65
31084 67
31085 67
31086 82
31087 67
31088 60
31089 57
31090 63
31091 55
31092 56
31093 69
31094 73
31095 69
31096 64
31097 70
31098 87
31099 89
31100 84
31101 76
31102 72
31103 73
31104 77
31105 75
31106 68
31107 56
31108 50
31109 60
31110 56
31111 57
31112 65
31113 68
31114 65
31115 61
31116 67
31117 64
31118 72
31119 78
31120 64
31121 53
31122 69
31123 69
31124 89
31125 71
31126 64
31127 68
31128 71
31129 85
31130 78
31131 70
31132 72
31133 84
31134 73
31135 76
31136 68
31137 72
31138 80
31139 77
31140 76
31141 81
31142 73
31143 75
31144 86
31145 79
31146 71
31147 67
31148 62
31149 65
31150 67
31151 78
31152 76
31153 72
31154 65
31155 66
31156 81
31157 79
31158 79
31159 81
31160 66
31161 49
31162 56
31163 60
31164 71
31165 65
31166 80
31167 81
31168 72
31169 77
31170 72
31171 76
31172 74
31173 65
31174 66
31175 66
31176 64
31177 64
31178 71
31179 88
31180 79
31181 64
31182 66
31183 80
31184 85
31185 70
31186 62
31187 72
31188 81
31189 73
31190 70
31191 79
31192 67
31193 65
31194 68
31195 72
31196 77
31197 78
31198 73
31199 75
31200 71
31201 77
31202 64
31203 72
31204 80
31205 73
31206 71
31207 60
31208 62
31209 70
31210 81
31211 74
31212 73
31213 72
31214 73
31215 66
31216 68
31217 71
31218 69
31219 69
31220 71
31221 76
31222 69
31223 68
31224 78
31225 75
31226 69
31227 71
31228 72
31229 73
31230 70
31231 77
31232 67
31233 63
31234 69
31235 77
31236 72
31237 72
31238 68
31239 75
31240 67
31241 66
31242 73
31243 67
31244 65
31245 69
31246 57
31247 56
31248 54
31249 66
31250 74
31251 77
31252 78
31253 71
31254 64
31255 67
31256 61
31257 66
31258 75
31259 77
31260 80
31261 82
31262 70
31263 69
31264 80
31265 79
31266 84
31267 71
31268 81
31269 88
31270 72
31271 72
31272 65
31273 67
31274 67
31275 77
31276 61
31277 66
31278 81
31279 79
31280 65
31281 60
31282 55
31283 60
31284 73
31285 68
31286 61
31287 71
31288 70
31289 64
31290 59
31291 68
31292 68
31293 68
31294 51
31295 57
31296 65
31297 64
31298 64
31299 69
31300 55
31301 63
31302 61
31303 73
31304 72
31305 71
31306 73
31307 62
31308 68
31309 70
31310 74
31311 72
31312 66
31313 63
31314 62
31315 61
31316 67
31317 68
31318 68
31319 70
31320 68
31321 75
31322 65
31323 66
31324 66
31325 67
31326 54
31327 53
31328 51
31329 67
31330 69
31331 76
31332 66
31333 68
31334 81
31335 71
31336 71
31337 67
31338 75
31339 64
31340 77
31341 83
31342 72
31343 72
31344 68
31345 75
31346 60
31347 65
31348 69
31349 64
31350 60
31351 47
31352 46
31353 50
31354 69
31355 67
31356 81
31357 70
31358 71
31359 69
31360 64
31361 69
31362 68
31363 66
31364 66
31365 70
31366 73
31367 84
31368 74
31369 78
31370 77
31371 74
31372 71
31373 72
31374 83
31375 76
31376 73
31377 71
31378 65
31379 67
31380 84
31381 65
31382 71
31383 63
31384 68
31385 66
31386 72
31387 70
31388 70
31389 68
31390 77
31391 78
31392 66
31393 65
31394 60
31395 63
31396 64
31397 60
31398 73
31399 73
31400 68
31401 71
31402 70
31403 73
31404 85
31405 79
31406 67
31407 78
31408 63
31409 46
31410 57
31411 63
31412 65
31413 70
31414 69
31415 68
31416 74
31417 71
31418 74
31419 69
31420 68
31421 72
31422 64
31423 56
31424 65
31425 64
31426 69
31427 65
31428 62
31429 69
31430 81
31431 64
31432 71
31433 79
31434 74
31435 81
31436 64
31437 61
31438 57
31439 66
31440 65
31441 66
31442 65
31443 65
31444 55
31445 49
31446 47
31447 38
31448 52
31449 53
31450 54
31451 57
31452 71
31453 61
31454 73
31455 65
31456 67
31457 71
31458 72
31459 67
31460 72
31461 70
31462 62
31463 77
31464 76
31465 67
31466 71
31467 63
31468 67
31469 60
31470 74
31471 67
31472 59
31473 67
31474 85
31475 82
31476 69
31477 72
31478 76
31479 80
31480 79
31481 72
31482 74
31483 67
31484 70
31485 79
31486 67
31487 66
31488 75
31489 79
31490 70
31491 62
31492 66
31493 68
31494 68
31495 64
31496 66
31497 73
31498 60
31499 78
31500 83
31501 75
31502 62
31503 67
31504 67
31505 59
31506 61
31507 73
31508 70
31509 66
31510 65
31511 72
31512 68
31513 61
31514 69
31515 69
31516 63
31517 68
31518 68
31519 75
31520 85
31521 69
31522 63
31523 61
31524 70
31525 63
31526 76
31527 75
31528 71
31529 72
31530 68
31531 67
31532 70
31533 64
31534 68
31535 61
31536 48
31537 68
31538 67
31539 56
31540 54
31541 65
31542 64
31543 60
31544 69
31545 70
31546 79
31547 64
31548 65
31549 69
31550 74
31551 80
31552 71
31553 72
31554 82
31555 80
31556 69
31557 65
31558 66
31559 56
31560 71
31561 75
31562 59
31563 66
31564 71
31565 69
31566 73
31567 64
31568 58
31569 74
31570 70
31571 62
31572 66
31573 65
31574 66
31575 65
31576 66
31577 72
31578 71
31579 66
31580 76
31581 82
31582 82
31583 76
31584 67
31585 76
31586 60
31587 76
31588 68
31589 71
31590 70
31591 73
31592 73
31593 57
31594 60
31595 66
31596 71
31597 66
31598 67
31599 60
31600 65
31601 68
31602 72
31603 81
31604 83
31605 76
31606 63
31607 75
31608 76
31609 74
31610 68
31611 62
31612 56
31613 61
31614 58
31615 63
31616 68
31617 69
31618 75
31619 72
31620 75
31621 69
31622 61
31623 80
31624 68
31625 69
31626 71
31627 60
31628 73
31629 70
31630 62
31631 64
31632 62
31633 70
31634 73
31635 79
31636 68
31637 61
31638 59
31639 67
31640 66
31641 74
31642 66
31643 58
31644 55
31645 66
31646 67
31647 74
31648 69
31649 68
31650 68
31651 75
31652 68
31653 75
31654 78
31655 73
31656 64
31657 70
31658 81
31659 64
31660 60
31661 74
31662 86
31663 79
31664 80
31665 64
31666 68
31667 75
31668 77
31669 73
31670 71
31671 75
31672 64
31673 72
31674 70
31675 81
31676 76
31677 56
31678 63
31679 67
31680 75
31681 69
31682 71
31683 66
31684 63
31685 63
31686 58
31687 76
31688 72
31689 72
31690 59
31691 53
31692 49
31693 59
31694 61
31695 59
31696 57
31697 63
31698 65
31699 68
31700 69
31701 58
31702 65
31703 63
31704 64
31705 66
31706 71
31707 74
31708 64
31709 72
31710 83
31711 72
31712 74
31713 75
31714 69
31715 66
31716 77
31717 74
31718 73
31719 70
31720 70
31721 79
31722 67
31723 71
31724 63
31725 54
31726 67
31727 67
31728 66
31729 68
31730 73
31731 83
31732 77
31733 71
31734 52
31735 69
31736 73
31737 67
31738 58
31739 56
31740 54
31741 47
31742 33
31743 37
31744 43
31745 60
31746 69
31747 72
31748 70
31749 72
31750 67
31751 70
31752 67
31753 62
31754 70
31755 64
31756 70
31757 74
31758 80
31759 74
31760 65
31761 71
31762 68
31763 67
31764 66
31765 69
31766 68
31767 67
31768 72
31769 66
31770 68
31771 54
31772 61
31773 68
31774 74
31775 73
31776 77
31777 65
31778 73
31779 76
31780 69
31781 68
31782 69
31783 68
31784 73
31785 74
31786 71
31787 70
31788 72
31789 70
31790 63
31791 66
31792 73
31793 68
31794 69
31795 87
31796 90
31797 70
31798 82
31799 62
31800 65
31801 67
31802 67
31803 62
31804 60
31805 72
31806 73
31807 74
31808 70
31809 67
31810 62
31811 71
31812 70
31813 67
31814 72
31815 60
31816 54
31817 71
31818 64
31819 65
31820 68
31821 69
31822 68
31823 66
31824 73
31825 81
31826 74
31827 84
31828 79
31829 70
31830 73
31831 80
31832 71
31833 75
31834 72
31835 73
31836 61
31837 66
31838 65
31839 75
31840 70
31841 71
31842 60
31843 70
31844 60
31845 69
31846 56
31847 54
31848 67
31849 67
31850 77
31851 79
31852 64
31853 75
31854 75
31855 68
31856 58
31857 63
31858 64
31859 63
31860 68
31861 75
31862 77
31863 66
31864 69
31865 66
31866 60
31867 70
31868 68
31869 63
31870 60
31871 59
31872 65
31873 60
31874 65
31875 68
31876 69
31877 82
31878 75
31879 73
31880 58
31881 62
31882 54
31883 64
31884 66
31885 80
31886 72
31887 84
31888 79
31889 69
31890 64
31891 71
31892 70
31893 71
31894 65
31895 68
31896 82
31897 80
31898 79
31899 76
31900 76
31901 61
31902 74
31903 70
31904 65
31905 68
31906 73
31907 65
31908 64
31909 61
31910 60
31911 61
31912 68
31913 75
31914 72
31915 69
31916 56
31917 68
31918 72
31919 59
31920 72
31921 61
31922 64
31923 63
31924 64
31925 76
31926 73
31927 74
31928 66
31929 67
31930 84
31931 76
31932 64
31933 69
31934 56
31935 51
31936 59
31937 70
31938 73
31939 67
31940 71
31941 67
31942 64
31943 66
31944 68
31945 70
31946 62
31947 59
31948 70
31949 77
31950 60
31951 64
31952 56
31953 65
31954 64
31955 61
31956 62
31957 65
31958 64
31959 69
31960 75
31961 72
31962 62
31963 72
31964 65
31965 72
31966 76
31967 77
31968 75
31969 77
31970 70
31971 69
31972 70
31973 64
31974 59
31975 65
31976 68
31977 80
31978 84
31979 69
31980 71
31981 62
31982 55
31983 68
31984 64
31985 69
31986 70
31987 66
31988 71
31989 74
31990 76
31991 75
31992 82
31993 75
31994 73
31995 68
31996 80
31997 72
31998 75
31999 69
32000 64
32001 71
32002 64
32003 66
32004 68
32005 73
32006 75
32007 74
32008 83
32009 81
32010 65
32011 75
32012 74
32013 65
32014 75
32015 71
32016 71
32017 83
32018 73
32019 71
32020 82
32021 75
32022 66
32023 77
32024 77
32025 67
32026 82
32027 70
32028 53
32029 52
32030 64
32031 72
32032 72
32033 70
32034 77
32035 72
32036 67
32037 71
32038 76
32039 62
32040 61
32041 57
32042 52
32043 65
32044 66
32045 56
32046 64
32047 63
32048 57
32049 53
32050 60
32051 64
32052 68
32053 65
32054 71
32055 69
32056 71
32057 74
32058 76
32059 75
32060 80
32061 70
32062 70
32063 80
32064 79
32065 73
32066 68
32067 75
32068 73
32069 67
32070 65
32071 61
32072 66
32073 66
32074 61
32075 75
32076 77
32077 66
32078 64
32079 64
32080 63
32081 68
32082 71
32083 74
32084 60
32085 63
32086 72
32087 70
32088 64
32089 65
32090 63
32091 60
32092 68
32093 72
32094 60
32095 53
32096 60
32097 69
32098 69
32099 56
32100 51
32101 60
32102 67
32103 71
32104 74
32105 77
32106 60
32107 71
32108 65
32109 76
32110 84
32111 83
32112 67
32113 70
32114 67
32115 64
32116 65
32117 73
32118 74
32119 67
32120 68
32121 63
32122 60
32123 67
32124 60
32125 67
32126 71
32127 68
32128 75
32129 67
32130 63
32131 59
32132 61
32133 74
32134 68
32135 67
32136 65
32137 70
32138 55
32139 53
32140 67
32141 71
32142 64
32143 66
32144 68
32145 82
32146 64
32147 62
32148 60
32149 62
32150 71
32151 69
32152 71
32153 75
32154 65
32155 68
32156 67
32157 71
32158 55
32159 51
32160 68
32161 81
32162 77
32163 72
32164 78
32165 78
32166 76
32167 78
32168 80
32169 82
32170 79
32171 70
32172 69
32173 83
32174 75
32175 60
32176 57
32177 66
32178 55
32179 61
32180 73
32181 76
32182 66
32183 63
32184 68
32185 72
32186 69
32187 67
32188 69
32189 71
32190 69
32191 61
32192 68
32193 69
32194 75
32195 65
32196 58
32197 71
32198 68
32199 72
32200 68
32201 72
32202 68
32203 71
32204 52
32205 59
32206 66
32207 74
32208 92
32209 86
32210 74
32211 67
32212 69
32213 71
32214 75
32215 66
32216 77
32217 68
32218 70
32219 66
32220 67
32221 61
32222 48
32223 36
32224 56
32225 60
32226 54
32227 56
32228 67
32229 73
32230 64
32231 72
32232 74
32233 65
32234 72
32235 73
32236 70
32237 68
32238 57
32239 66
32240 69
32241 71
32242 76
32243 74
32244 75
32245 81
32246 77
32247 66
32248 67
32249 67
32250 80
32251 70
32252 68
32253 79
32254 73
32255 64
32256 48
32257 49
32258 64
32259 66
32260 59
32261 62
32262 61
32263 51
32264 62
32265 72
32266 75
32267 77
32268 81
32269 70
32270 79
32271 83
32272 66
32273 70
32274 68
32275 66
32276 73
32277 73
32278 74
32279 78
32280 71
32281 75
32282 68
32283 71
32284 69
32285 74
32286 79
32287 65
32288 71
32289 66
32290 64
32291 61
32292 60
32293 64
32294 68
32295 80
32296 77
32297 75
32298 72
32299 74
32300 76
32301 73
32302 67
32303 66
32304 56
32305 61
32306 70
32307 74
32308 71
32309 67
32310 70
32311 73
32312 69
32313 71
32314 71
32315 66
32316 76
32317 73
32318 76
32319 63
32320 64
32321 71
32322 80
32323 69
32324 80
32325 73
32326 64
32327 61
32328 65
32329 58
32330 66
32331 62
32332 59
32333 67
32334 66
32335 69
32336 73
32337 68
32338 72
32339 75
32340 82
32341 65
32342 58
32343 69
32344 65
32345 57
32346 60
32347 62
32348 65
32349 63
32350 61
32351 64
32352 69
32353 67
32354 63
32355 69
32356 76
32357 68
32358 63
32359 73
32360 73
32361 74
32362 65
32363 57
32364 70
32365 84
32366 73
32367 80
32368 68
32369 67
32370 72
32371 71
32372 75
32373 73
32374 64
32375 64
32376 65
32377 68
32378 71
32379 78
32380 77
32381 67
32382 72
32383 70
32384 61
32385 60
32386 71
32387 83
32388 84
32389 66
32390 63
32391 58
32392 65
32393 70
32394 58
32395 60
32396 65
32397 67
32398 71
32399 67
32400 68
32401 48
32402 41
32403 35
32404 54
32405 63
32406 64
32407 63
32408 73
32409 68
32410 76
32411 73
32412 57
32413 56
32414 62
32415 72
32416 66
32417 66
32418 66
32419 84
32420 69
32421 63
32422 73
32423 74
32424 77
32425 67
32426 76
32427 73
32428 67
32429 70
32430 72
32431 81
32432 71
32433 64
32434 74
32435 64
32436 72
32437 80
32438 81
32439 69
32440 60
32441 61
32442 61
32443 74
32444 66
32445 68
32446 78
32447 64
32448 62
32449 75
32450 65
32451 69
32452 72
32453 77
32454 67
32455 69
32456 75
32457 80
32458 90
32459 89
32460 72
32461 81
32462 80
32463 74
32464 78
32465 91
32466 75
32467 74
32468 71
32469 65
32470 75
32471 73
32472 73
32473 73
32474 71
32475 67
32476 72
32477 80
32478 80
32479 79
32480 78
32481 78
32482 72
32483 70
32484 68
32485 61
32486 70
32487 79
32488 79
32489 70
32490 63
32491 67
32492 68
32493 61
32494 67
32495 75
32496 74
32497 67
32498 72
32499 79
32500 69
32501 68
32502 49
32503 63
32504 60
32505 72
32506 68
32507 67
32508 67
32509 71
32510 64
32511 65
32512 67
32513 76
32514 82
32515 84
32516 78
32517 71
32518 65
32519 56
32520 60
32521 66
32522 66
32523 64
32524 66
32525 71
32526 76
32527 79
32528 73
32529 69
32530 69
32531 67
32532 71
32533 78
32534 65
32535 73
32536 70
32537 58
32538 53
32539 48
32540 50
32541 68
32542 77
32543 82
32544 78
32545 68
32546 61
32547 72
32548 59
32549 56
32550 67
32551 66
32552 75
32553 70
32554 71
32555 64
32556 58
32557 65
32558 72
32559 75
32560 66
32561 68
32562 59
32563 68
32564 69
32565 59
32566 43
32567 44
32568 52
32569 65
32570 69
32571 66
32572 75
32573 62
32574 54
32575 62
32576 64
32577 50
32578 49
32579 66
32580 73
32581 83
32582 66
32583 56
32584 50
32585 65
32586 69
32587 69
32588 61
32589 62
32590 73
32591 80
32592 68
32593 76
32594 68
32595 73
32596 75
32597 73
32598 71
32599 52
32600 46
32601 36
32602 33
32603 40
32604 48
32605 50
32606 62
32607 81
32608 71
32609 70
32610 67
32611 63
32612 61
32613 70
32614 68
32615 77
32616 82
32617 71
32618 64
32619 71
32620 70
32621 76
32622 70
32623 66
32624 68
32625 70
32626 57
32627 67
32628 75
32629 66
32630 60
32631 61
32632 57
32633 63
32634 51
32635 66
32636 77
32637 65
32638 67
32639 71
32640 86
32641 73
32642 55
32643 75
32644 69
32645 61
32646 53
32647 51
32648 65
32649 70
32650 65
32651 67
32652 74
32653 71
32654 87
32655 88
32656 75
32657 68
32658 55
32659 52
32660 65
32661 59
32662 51
32663 53
32664 55
32665 64
32666 58
32667 72
32668 74
32669 69
32670 63
32671 67
32672 62
32673 61
32674 59
32675 42
32676 48
32677 68
32678 66
32679 64
32680 53
32681 61
32682 76
32683 75
32684 76
32685 70
32686 69
32687 70
32688 73
32689 67
32690 62
32691 70
32692 57
32693 63
32694 65
32695 66
32696 76
32697 70
32698 61
32699 62
32700 64
32701 68
32702 76
32703 72
32704 75
32705 73
32706 62
32707 70
32708 70
32709 63
32710 66
32711 70
32712 73
32713 62
32714 72
32715 78
32716 74
32717 69
32718 72
32719 72
32720 73
32721 74
32722 68
32723 72
32724 70
32725 76
32726 72
32727 83
32728 72
32729 79
32730 70
32731 70
32732 65
32733 66
32734 64
32735 51
32736 48
32737 45
32738 40
32739 54
32740 60
32741 58
32742 59
32743 60
32744 62
32745 74
32746 72
32747 66
32748 72
32749 61
32750 74
32751 72
32752 69
32753 71
32754 63
32755 56
32756 70
32757 74
32758 66
32759 62
32760 65
32761 69
32762 60
32763 58
32764 54
32765 48
32766 46
32767 50
32768 53
32769 62
32770 68
32771 63
32772 69
32773 66
32774 69
32775 62
32776 75
32777 67
32778 64
32779 66
32780 67
32781 60
32782 67
32783 71
32784 65
32785 61
32786 71
32787 60
32788 62
32789 70
32790 75
32791 88
32792 88
32793 76
32794 70
32795 61
32796 64
32797 62
32798 65
32799 62
32800 64
32801 66
32802 65
32803 62
32804 60
32805 72
32806 63
32807 54
32808 53
32809 55
32810 73
32811 69
32812 58
32813 58
32814 61
32815 79
32816 69
32817 63
32818 69
32819 70
32820 73
32821 79
32822 67
32823 75
32824 76
32825 75
32826 72
32827 74
32828 86
32829 72
32830 53
32831 59
32832 61
32833 54
32834 50
32835 58
32836 67
32837 70
32838 67
32839 61
32840 64
32841 78
32842 65
32843 81
32844 76
32845 57
32846 60
32847 64
32848 68
32849 67
32850 66
32851 69
32852 62
32853 66
32854 68
32855 68
32856 69
32857 64
32858 66
32859 66
32860 72
32861 71
32862 69
32863 73
32864 72
32865 83
32866 75
32867 79
32868 79
32869 78
32870 68
32871 67
32872 66
32873 67
32874 71
32875 67
32876 74
32877 69
32878 68
32879 66
32880 61
32881 64
32882 53
32883 72
32884 75
32885 64
32886 66
32887 70
32888 63
32889 61
32890 71
32891 62
32892 72
32893 66
32894 62
32895 60
32896 72
32897 79
32898 73
32899 64
32900 59
32901 69
32902 60
32903 62
32904 70
32905 79
32906 77
32907 71
32908 77
32909 77
32910 73
32911 76
32912 77
32913 74
32914 76
32915 71
32916 67
32917 62
32918 79
32919 61
32920 60
32921 59
32922 71
32923 68
32924 78
32925 62
32926 49
32927 64
32928 76
32929 77
32930 73
32931 69
32932 61
32933 63
32934 65
32935 72
32936 73
32937 58
32938 75
32939 72
32940 69
32941 64
32942 67
32943 67
32944 66
32945 76
32946 65
32947 49
32948 61
32949 64
32950 67
32951 65
32952 77
32953 67
32954 64
32955 73
32956 66
32957 66
32958 72
32959 76
32960 71
32961 70
32962 65
32963 57
32964 50
32965 55
32966 65
32967 55
32968 67
32969 68
32970 64
32971 60
32972 54
32973 65
32974 74
32975 62
32976 68
32977 70
32978 65
32979 67
32980 80
32981 82
32982 76
32983 68
32984 76
32985 84
32986 70
32987 70
32988 80
32989 74
32990 66
32991 59
32992 72
32993 65
32994 74
32995 68
32996 57
32997 69
32998 82
32999 78
33000 72
33001 66
33002 68
33003 65
33004 64
33005 76
33006 71
33007 67
33008 79
33009 81
33010 78
33011 69
33012 60
33013 76
33014 78
33015 65
33016 66
33017 71
33018 84
33019 73
33020 76
33021 67
33022 64
33023 55
33024 56
33025 66
33026 65
33027 75
33028 66
33029 69
33030 64
33031 70
33032 60
33033 64
33034 72
33035 75
33036 84
33037 70
33038 72
33039 70
33040 75
33041 68
33042 66
33043 80
33044 73
33045 77
33046 68
33047 75
33048 81
33049 82
33050 72
33051 65
33052 72
33053 74
33054 71
33055 74
33056 65
33057 58
33058 65
33059 72
33060 55
33061 70
33062 73
33063 68
33064 69
33065 58
33066 66
33067 59
33068 65
33069 78
33070 69
33071 71
33072 63
33073 60
33074 63
33075 61
33076 60
33077 77
33078 73
33079 68
33080 73
33081 68
33082 80
33083 68
33084 69
33085 73
33086 78
33087 78
33088 77
33089 61
33090 67
33091 70
33092 72
33093 64
33094 71
33095 62
33096 70
33097 74
33098 77
33099 66
33100 69
33101 76
33102 74
33103 77
33104 76
33105 68
33106 64
33107 75
33108 63
33109 65
33110 63
33111 72
33112 72
33113 63
33114 82
33115 76
33116 73
33117 71
33118 67
33119 62
33120 55
33121 71
33122 82
33123 74
33124 72
33125 62
33126 72
33127 72
33128 79
33129 73
33130 75
33131 65
33132 81
33133 70
33134 66
33135 67
33136 63
33137 62
33138 56
33139 65
33140 70
33141 78
33142 66
33143 61
33144 60
33145 72
33146 62
33147 59
33148 66
33149 79
33150 73
33151 73
33152 62
33153 65
33154 59
33155 65
33156 67
33157 78
33158 84
33159 69
33160 74
33161 76
33162 71
33163 65
33164 60
33165 58
33166 75
33167 75
33168 78
33169 79
33170 72
33171 62
33172 60
33173 68
33174 73
33175 64
33176 78
33177 70
33178 71
33179 71
33180 70
33181 71
33182 65
33183 80
33184 72
33185 66
33186 51
33187 71
33188 68
33189 66
33190 68
33191 74
33192 69
33193 72
33194 64
33195 76
33196 75
33197 72
33198 65
33199 60
33200 72
33201 78
33202 73
33203 74
33204 81
33205 78
33206 76
33207 66
33208 58
33209 55
33210 61
33211 71
33212 77
33213 77
33214 71
33215 62
33216 74
33217 66
33218 54
33219 52
33220 68
33221 64
33222 67
33223 61
33224 54
33225 52
33226 55
33227 51
33228 58
33229 65
33230 74
33231 65
33232 60
33233 64
33234 66
33235 76
33236 67
33237 69
33238 71
33239 78
33240 74
33241 65
33242 68
33243 63
33244 64
33245 62
33246 70
33247 64
33248 63
33249 61
33250 67
33251 69
33252 65
33253 61
33254 64
33255 74
33256 68
33257 68
33258 75
33259 61
33260 60
33261 57
33262 55
33263 59
33264 70
33265 72
33266 74
33267 73
33268 67
33269 71
33270 72
33271 74
33272 57
33273 54
33274 57
33275 66
33276 73
33277 72
33278 73
33279 57
33280 77
33281 72
33282 67
33283 52
33284 47
33285 64
33286 68
33287 78
33288 72
33289 74
33290 80
33291 71
33292 68
33293 63
33294 78
33295 78
33296 63
33297 62
33298 74
33299 61
33300 65
33301 65
33302 66
33303 74
33304 64
33305 59
33306 64
33307 77
33308 74
33309 63
33310 58
33311 63
33312 68
33313 74
33314 59
33315 68
33316 71
33317 77
33318 77
33319 61
33320 64
33321 67
33322 67
33323 76
33324 76
33325 75
33326 81
33327 68
33328 59
33329 58
33330 57
33331 62
33332 69
33333 69
33334 70
33335 71
33336 73
33337 63
33338 60
33339 66
33340 74
33341 85
33342 74
33343 65
33344 69
33345 68
33346 72
33347 71
33348 74
33349 78
33350 80
33351 66
33352 71
33353 71
33354 75
33355 75
33356 74
33357 75
33358 72
33359 66
33360 59
33361 65
33362 71
33363 66
33364 69
33365 72
33366 61
33367 57
33368 61
33369 55
33370 66
33371 66
33372 67
33373 62
33374 71
33375 70
33376 63
33377 59
33378 64
33379 65
33380 56
33381 64
33382 56
33383 70
33384 54
33385 59
33386 58
33387 55
33388 69
33389 74
33390 73
33391 70
33392 69
33393 68
33394 61
33395 65
33396 64
33397 47
33398 63
33399 70
33400 73
33401 58
33402 59
33403 60
33404 66
33405 52
33406 68
33407 68
33408 62
33409 69
33410 72
33411 65
33412 74
33413 68
33414 71
33415 73
33416 75
33417 70
33418 65
33419 63
33420 65
33421 82
33422 64
33423 69
33424 50
33425 51
33426 66
33427 63
33428 57
33429 72
33430 76
33431 79
33432 70
33433 73
33434 71
33435 63
33436 69
33437 64
33438 69
33439 64
33440 71
33441 67
33442 73
33443 77
33444 75
33445 70
33446 65
33447 61
33448 73
33449 80
33450 72
33451 69
33452 71
33453 76
33454 64
33455 54
33456 60
33457 53
33458 57
33459 65
33460 73
33461 67
33462 60
33463 66
33464 76
33465 71
33466 62
33467 68
33468 79
33469 88
33470 74
33471 69
33472 83
33473 69
33474 76
33475 65
33476 69
33477 70
33478 70
33479 76
33480 74
33481 73
33482 69
33483 61
33484 69
33485 74
33486 75
33487 62
33488 61
33489 70
33490 67
33491 68
33492 76
33493 84
33494 75
33495 76
33496 69
33497 66
33498 79
33499 83
33500 63
33501 65
33502 83
33503 66
33504 65
33505 58
33506 70
33507 66
33508 64
33509 69
33510 74
33511 61
33512 70
33513 71
33514 63
33515 64
33516 70
33517 77
33518 60
33519 43
33520 39
33521 30
33522 46
33523 62
33524 63
33525 72
33526 70
33527 71
33528 69
33529 70
33530 68
33531 67
33532 68
33533 81
33534 67
33535 72
33536 66
33537 64
33538 69
33539 64
33540 66
33541 60
33542 48
33543 53
33544 73
33545 77
33546 85
33547 74
33548 79
33549 65
33550 67
33551 62
33552 65
33553 72
33554 72
33555 65
33556 72
33557 63
33558 66
33559 60
33560 77
33561 71
33562 78
33563 71
33564 64
33565 65
33566 68
33567 64
33568 70
33569 71
33570 68
33571 69
33572 70
33573 62
33574 66
33575 71
33576 70
33577 73
33578 83
33579 67
33580 67
33581 63
33582 66
33583 73
33584 68
33585 67
33586 73
33587 65
33588 68
33589 81
33590 75
33591 74
33592 74
33593 61
33594 61
33595 59
33596 65
33597 62
33598 69
33599 68
33600 61
33601 73
33602 69
33603 69
33604 68
33605 72
33606 70
33607 69
33608 75
33609 59
33610 76
33611 80
33612 71
33613 61
33614 67
33615 65
33616 70
33617 76
33618 74
33619 70
33620 74
33621 68
33622 75
33623 64
33624 73
33625 79
33626 69
33627 66
33628 67
33629 69
33630 75
33631 67
33632 51
33633 50
33634 59
33635 45
33636 65
33637 67
33638 71
33639 64
33640 67
33641 69
33642 78
33643 70
33644 62
33645 56
33646 73
33647 64
33648 76
33649 79
33650 82
33651 73
33652 75
33653 67
33654 59
33655 78
33656 71
33657 76
33658 66
33659 66
33660 59
33661 69
33662 60
33663 65
33664 59
33665 60
33666 62
33667 55
33668 59
33669 58
33670 62
33671 71
33672 73
33673 72
33674 73
33675 66
33676 73
33677 72
33678 67
33679 63
33680 65
33681 58
33682 60
33683 65
33684 73
33685 72
33686 71
33687 70
33688 68
33689 74
33690 59
33691 52
33692 53
33693 61
33694 73
33695 65
33696 70
33697 77
33698 79
33699 72
33700 59
33701 62
33702 66
33703 56
33704 59
33705 65
33706 71
33707 63
33708 75
33709 70
33710 63
33711 64
33712 60
33713 72
33714 70
33715 74
33716 70
33717 72
33718 71
33719 59
33720 66
33721 66
33722 80
33723 60
33724 43
33725 48
33726 62
33727 74
33728 77
33729 73
33730 72
33731 86
33732 73
33733 68
33734 70
33735 72
33736 68
33737 65
33738 77
33739 71
33740 61
33741 56
33742 54
33743 71
33744 72
33745 70
33746 72
33747 74
33748 59
33749 71
33750 73
33751 81
33752 79
33753 76
33754 74
33755 78
33756 79
33757 67
33758 70
33759 73
33760 81
33761 75
33762 66
33763 64
33764 75
33765 65
33766 53
33767 47
33768 45
33769 49
33770 51
33771 52
33772 55
33773 59
33774 76
33775 72
33776 73
33777 74
33778 69
33779 70
33780 63
33781 59
33782 63
33783 74
33784 66
33785 84
33786 75
33787 69
33788 86
33789 70
33790 69
33791 67
33792 76
33793 75
33794 60
33795 58
33796 66
33797 58
33798 78
33799 65
33800 73
33801 74
33802 73
33803 68
33804 71
33805 76
33806 69
33807 74
33808 69
33809 77
33810 83
33811 76
33812 75
33813 79
33814 75
33815 72
33816 62
33817 77
33818 61
33819 54
33820 54
33821 74
33822 68
33823 68
33824 68
33825 74
33826 78
33827 65
33828 50
33829 61
33830 73
33831 66
33832 71
33833 72
33834 74
33835 82
33836 77
33837 74
33838 80
33839 84
33840 76
33841 73
33842 68
33843 70
33844 75
33845 74
33846 73
33847 74
33848 73
33849 73
33850 58
33851 69
33852 68
33853 69
33854 74
33855 69
33856 63
33857 61
33858 73
33859 73
33860 64
33861 68
33862 70
33863 70
33864 80
33865 74
33866 82
33867 78
33868 64
33869 67
33870 68
33871 76
33872 76
33873 72
33874 76
33875 81
33876 64
33877 66
33878 68
33879 65
33880 67
33881 59
33882 57
33883 59
33884 70
33885 65
33886 67
33887 65
33888 60
33889 59
33890 73
33891 75
33892 70
33893 73
33894 73
33895 84
33896 72
33897 77
33898 66
33899 59
33900 61
33901 59
33902 60
33903 76
33904 63
33905 78
33906 78
33907 79
33908 65
33909 66
33910 70
33911 64
33912 66
33913 68
33914 71
33915 71
33916 64
33917 59
33918 56
33919 57
33920 68
33921 72
33922 77
33923 65
33924 72
33925 70
33926 73
33927 58
33928 50
33929 52
33930 56
33931 61
33932 63
33933 72
33934 72
33935 76
33936 77
33937 74
33938 71
33939 70
33940 57
33941 50
33942 61
33943 75
33944 81
33945 72
33946 62
33947 67
33948 69
33949 72
33950 65
33951 71
33952 61
33953 68
33954 73
33955 82
33956 77
33957 78
33958 67
33959 63
33960 61
33961 59
33962 70
33963 71
33964 76
33965 72
33966 57
33967 63
33968 82
33969 70
33970 69
33971 71
33972 63
33973 70
33974 84
33975 77
33976 72
33977 67
33978 68
33979 69
33980 81
33981 76
33982 65
33983 52
33984 67
33985 61
33986 74
33987 67
33988 53
33989 50
33990 57
33991 70
33992 67
33993 63
33994 68
33995 66
33996 73
33997 76
33998 72
33999 60
34000 64
34001 62
34002 67
34003 62
34004 68
34005 71
34006 73
34007 80
34008 85
34009 82
34010 91
34011 85
34012 71
34013 74
34014 86
34015 69
34016 67
34017 79
34018 67
34019 77
34020 68
34021 78
34022 77
34023 61
34024 66
34025 63
34026 72
34027 69
34028 70
34029 71
34030 64
34031 62
34032 61
34033 73
34034 69
34035 65
34036 59
34037 51
34038 61
34039 61
34040 52
34041 60
34042 64
34043 67
34044 71
34045 83
34046 81
34047 67
34048 79
34049 71
34050 72
34051 66
34052 65
34053 63
34054 73
34055 67
34056 77
34057 73
34058 76
34059 83
34060 75
34061 68
34062 62
34063 71
34064 65
34065 71
34066 62
34067 54
34068 57
34069 71
34070 67
34071 70
34072 59
34073 74
34074 73
34075 80
34076 74
34077 67
34078 65
34079 82
34080 76
34081 69
34082 78
34083 88
34084 78
34085 77
34086 71
34087 62
34088 59
34089 63
34090 61
34091 67
34092 68
34093 77
34094 71
34095 67
34096 77
34097 73
34098 62
34099 48
34100 51
34101 66
34102 64
34103 72
34104 66
34105 78
34106 82
34107 80
34108 73
34109 67
34110 71
34111 68
34112 64
34113 64
34114 73
34115 76
34116 74
34117 64
34118 57
34119 67
34120 73
34121 82
34122 71
34123 61
34124 65
34125 76
34126 66
34127 74
34128 62
34129 58
34130 61
34131 68
34132 68
34133 58
34134 71
34135 69
34136 72
34137 77
34138 75
34139 78
34140 79
34141 74
34142 73
34143 64
34144 58
34145 67
34146 68
34147 72
34148 68
34149 56
34150 55
34151 67
34152 62
34153 74
34154 70
34155 88
34156 81
34157 85
34158 72
34159 73
34160 68
34161 70
34162 65
34163 59
34164 49
34165 55
34166 65
34167 72
34168 76
34169 78
34170 77
34171 78
34172 81
34173 66
34174 65
34175 66
34176 86
34177 74
34178 69
34179 61
34180 62
34181 68
34182 65
34183 57
34184 71
34185 71
34186 51
34187 54
34188 58
34189 59
34190 61
34191 67
34192 74
34193 72
34194 62
34195 54
34196 53
34197 70
34198 77
34199 74
34200 65
34201 64
34202 73
34203 72
34204 76
34205 65
34206 69
34207 68
34208 64
34209 64
34210 73
34211 67
34212 76
34213 82
34214 82
34215 72
34216 75
34217 60
34218 71
34219 69
34220 68
34221 64
34222 68
34223 66
34224 51
34225 52
34226 59
34227 72
34228 73
34229 77
34230 73
34231 78
34232 76
34233 69
34234 63
34235 56
34236 53
34237 59
34238 75
34239 81
34240 67
34241 74
34242 88
34243 68
34244 57
34245 60
34246 67
34247 59
34248 73
34249 81
34250 73
34251 68
34252 63
34253 64
34254 73
34255 74
34256 61
34257 66
34258 57
34259 53
34260 55
34261 68
34262 69
34263 66
34264 67
34265 59
34266 68
34267 65
34268 78
34269 77
34270 59
34271 75
34272 76
34273 70
34274 74
34275 76
34276 70
34277 72
34278 72
34279 73
34280 65
34281 60
34282 59
34283 67
34284 71
34285 72
34286 62
34287 65
34288 66
34289 67
34290 58
34291 67
34292 81
34293 77
34294 74
34295 79
34296 76
34297 65
34298 71
34299 71
34300 53
34301 65
34302 69
34303 76
34304 62
34305 62
34306 69
34307 71
34308 74
34309 73
34310 69
34311 71
34312 86
34313 68
34314 72
34315 74
34316 80
34317 68
34318 64
34319 60
34320 69
34321 69
34322 76
34323 71
34324 63
34325 78
34326 72
34327 63
34328 74
34329 79
34330 71
34331 66
34332 63
34333 60
34334 53
34335 48
34336 56
34337 61
34338 60
34339 63
34340 66
34341 69
34342 74
34343 61
34344 57
34345 66
34346 61
34347 67
34348 69
34349 66
34350 70
34351 70
34352 77
34353 93
34354 74
34355 66
34356 61
34357 81
34358 81
34359 76
34360 63
34361 81
34362 86
34363 86
34364 70
34365 65
34366 64
34367 73
34368 64
34369 73
34370 67
34371 66
34372 79
34373 64
34374 69
34375 67
34376 69
34377 76
34378 76
34379 75
34380 61
34381 54
34382 52
34383 67
34384 77
34385 72
34386 73
34387 62
34388 61
34389 64
34390 63
34391 62
34392 66
34393 77
34394 69
34395 65
34396 77
34397 74
34398 66
34399 69
34400 72
34401 56
34402 51
34403 62
34404 67
34405 71
34406 66
34407 67
34408 81
34409 68
34410 82
34411 79
34412 78
34413 70
34414 74
34415 71
34416 84
34417 73
34418 70
34419 66
34420 67
34421 66
34422 80
34423 94
34424 98
34425 85
34426 67
34427 68
34428 64
34429 68
34430 74
34431 76
34432 82
34433 76
34434 71
34435 85
34436 71
34437 71
34438 68
34439 71
34440 77
34441 77
34442 66
34443 74
34444 76
34445 78
34446 80
34447 65
34448 66
34449 78
34450 78
34451 76
34452 80
34453 72
34454 69
34455 67
34456 60
34457 67
34458 63
34459 46
34460 41
34461 35
34462 29
34463 38
34464 54
34465 58
34466 53
34467 61
34468 73
34469 77
34470 78
34471 78
34472 75
34473 62
34474 63
34475 73
34476 89
34477 72
34478 66
34479 57
34480 70
34481 73
34482 63
34483 62
34484 70
34485 62
34486 65
34487 69
34488 69
34489 60
34490 61
34491 58
34492 67
34493 64
34494 61
34495 53
34496 59
34497 58
34498 59
34499 62
34500 62
34501 72
34502 72
34503 60
34504 44
34505 52
34506 57
34507 64
34508 70
34509 72
34510 68
34511 84
34512 77
34513 69
34514 64
34515 67
34516 64
34517 66
34518 69
34519 76
34520 81
34521 68
34522 77
34523 69
34524 71
34525 66
34526 69
34527 72
34528 71
34529 68
34530 71
34531 82
34532 63
34533 70
34534 74
34535 76
34536 75
34537 79
34538 74
34539 64
34540 66
34541 72
34542 66
34543 64
34544 71
34545 70
34546 77
34547 72
34548 74
34549 75
34550 65
34551 59
34552 63
34553 67
34554 64
34555 70
34556 73
34557 71
34558 62
34559 69
34560 79
34561 65
34562 63
34563 69
34564 68
34565 64
34566 45
34567 50
34568 66
34569 74
34570 66
34571 64
34572 71
34573 68
34574 69
34575 66
34576 62
34577 65
34578 70
34579 59
34580 67
34581 63
34582 53
34583 69
34584 67
34585 57
34586 56
34587 65
34588 74
34589 69
34590 79
34591 67
34592 76
34593 67
34594 67
34595 56
34596 50
34597 51
34598 65
34599 71
34600 66
34601 56
34602 65
34603 72
34604 74
34605 71
34606 62
34607 63
34608 67
34609 63
34610 76
34611 62
34612 60
34613 51
34614 46
34615 61
34616 57
34617 64
34618 69
34619 73
34620 57
34621 63
34622 74
34623 65
34624 74
34625 70
34626 73
34627 72
34628 75
34629 71
34630 72
34631 66
34632 65
34633 58
34634 67
34635 69
34636 79
34637 71
34638 65
34639 63
34640 60
34641 64
34642 65
34643 54
34644 56
34645 70
34646 71
34647 79
34648 77
34649 80
34650 72
34651 66
34652 70
34653 66
34654 53
34655 40
34656 57
34657 70
34658 76
34659 71
34660 71
34661 75
34662 66
34663 63
34664 59
34665 68
34666 64
34667 65
34668 63
34669 63
34670 50
34671 65
34672 76
34673 75
34674 73
34675 61
34676 56
34677 71
34678 73
34679 71
34680 55
34681 69
34682 70
34683 60
34684 58
34685 77
34686 67
34687 64
34688 71
34689 66
34690 62
34691 73
34692 58
34693 71
34694 75
34695 71
34696 76
34697 76
34698 73
34699 79
34700 77
34701 81
34702 76
34703 75
34704 68
34705 78
34706 71
34707 62
34708 56
34709 70
34710 73
34711 73
34712 72
34713 77
34714 78
34715 75
34716 77
34717 82
34718 63
34719 65
34720 62
34721 65
34722 75
34723 82
34724 80
34725 78
34726 65
34727 60
34728 63
34729 62
34730 74
34731 78
34732 76
34733 75
34734 74
34735 81
34736 82
34737 71
34738 68
34739 67
34740 71
34741 69
34742 75
34743 69
34744 71
34745 67
34746 81
34747 66
34748 65
34749 72
34750 61
34751 57
34752 65
34753 60
34754 69
34755 64
34756 63
34757 71
34758 77
34759 68
34760 71
34761 69
34762 63
34763 62
34764 71
34765 70
34766 75
34767 68
34768 70
34769 73
34770 63
34771 72
34772 60
34773 70
34774 59
34775 78
34776 72
34777 77
34778 71
34779 67
34780 68
34781 78
34782 75
34783 72
34784 64
34785 65
34786 66
34787 71
34788 68
34789 67
34790 68
34791 73
34792 73
34793 61
34794 63
34795 62
34796 58
34797 65
34798 66
34799 65
34800 64
34801 63
34802 74
34803 69
34804 63
34805 70
34806 53
34807 65
34808 71
34809 69
34810 72
34811 63
34812 68
34813 75
34814 81
34815 75
34816 75
34817 71
34818 63
34819 66
34820 63
34821 67
34822 74
34823 71
34824 84
34825 74
34826 82
34827 74
34828 67
34829 65
34830 63
34831 57
34832 59
34833 79
34834 78
34835 66
34836 71
34837 68
34838 74
34839 70
34840 72
34841 71
34842 65
34843 70
34844 71
34845 74
34846 67
34847 75
34848 66
34849 72
34850 78
34851 75
34852 65
34853 69
34854 72
34855 72
34856 71
34857 71
34858 66
34859 77
34860 72
34861 66
34862 67
34863 67
34864 67
34865 65
34866 61
34867 66
34868 62
34869 66
34870 51
34871 64
34872 81
34873 76
34874 75
34875 66
34876 61
34877 65
34878 71
34879 82
34880 74
34881 63
34882 58
34883 50
34884 45
34885 31
34886 40
34887 59
34888 65
34889 63
34890 63
34891 64
34892 77
34893 66
34894 59
34895 66
34896 70
34897 69
34898 64
34899 63
34900 60
34901 64
34902 61
34903 76
34904 72
34905 70
34906 70
34907 80
34908 75
34909 60
34910 63
34911 68
34912 78
34913 77
34914 70
34915 72
34916 60
34917 62
34918 64
34919 72
34920 75
34921 70
34922 57
34923 64
34924 68
34925 69
34926 69
34927 79
34928 79
34929 71
34930 68
34931 64
34932 66
34933 57
34934 73
34935 75
34936 71
34937 66
34938 61
34939 60
34940 63
34941 65
34942 60
34943 63
34944 75
34945 81
34946 65
34947 66
34948 59
34949 62
34950 70
34951 73
34952 77
34953 66
34954 73
34955 68
34956 76
34957 78
34958 64
34959 62
34960 58
34961 68
34962 67
34963 76
34964 74
34965 76
34966 78
34967 65
34968 73
34969 64
34970 59
34971 56
34972 54
34973 65
34974 63
34975 61
34976 63
34977 73
34978 78
34979 70
34980 68
34981 60
34982 61
34983 64
34984 80
34985 75
34986 72
34987 71
34988 74
34989 91
34990 83
34991 78
34992 79
34993 69
34994 73
34995 71
34996 72
34997 78
34998 73
34999 56
35000 75
35001 74
35002 66
35003 50
35004 53
35005 54
35006 69
35007 69
35008 67
35009 61
35010 70
35011 62
35012 77
35013 70
35014 66
35015 67
35016 69
35017 83
35018 73
35019 71
35020 58
35021 60
35022 70
35023 68
35024 64
35025 60
35026 68
35027 64
35028 60
35029 64
35030 68
35031 67
35032 77
35033 75
35034 62
35035 69
35036 54
35037 50
35038 46
35039 63
35040 71
35041 66
35042 72
35043 70
35044 59
35045 78
35046 67
35047 64
35048 79
35049 66
35050 74
35051 77
35052 81
35053 77
35054 76
35055 64
35056 71
35057 66
35058 70
35059 57
35060 62
35061 76
35062 79
35063 72
35064 75
35065 71
35066 69
35067 60
35068 57
35069 65
35070 67
35071 66
35072 62
35073 63
35074 70
35075 73
35076 76
35077 76
35078 72
35079 64
35080 67
35081 77
35082 69
35083 74
35084 64
35085 68
35086 67
35087 64
35088 66
35089 65
35090 63
35091 80
35092 69
35093 57
35094 71
35095 73
35096 76
35097 86
35098 71
35099 71
35100 66
35101 62
35102 61
35103 68
35104 72
35105 70
35106 74
35107 67
35108 75
35109 69
35110 66
35111 79
35112 59
35113 68
35114 78
35115 70
35116 73
35117 70
35118 68
35119 73
35120 64
35121 69
35122 65
35123 82
35124 65
35125 70
35126 80
35127 86
35128 67
35129 70
35130 71
35131 74
35132 70
35133 78
35134 69
35135 57
35136 62
35137 75
35138 62
35139 68
35140 81
35141 70
35142 62
35143 63
35144 62
35145 61
35146 66
35147 57
35148 60
35149 73
35150 71
35151 66
35152 65
35153 69
35154 77
35155 74
35156 75
35157 78
35158 65
35159 59
35160 56
35161 58
35162 62
35163 63
35164 62
35165 67
35166 56
35167 46
35168 61
35169 69
35170 65
35171 50
35172 67
35173 72
35174 78
35175 63
35176 61
35177 66
35178 63
35179 64
35180 76
35181 59
35182 52
35183 40
35184 49
35185 59
35186 55
35187 65
35188 75
35189 78
35190 72
35191 77
35192 74
35193 72
35194 71
35195 73
35196 71
35197 56
35198 70
35199 75
35200 66
35201 61
35202 56
35203 57
35204 50
35205 56
35206 62
35207 45
35208 59
35209 60
35210 75
35211 75
35212 72
35213 58
35214 42
35215 52
35216 55
35217 62
35218 70
35219 70
35220 76
35221 83
35222 81
35223 69
35224 84
35225 67
35226 70
35227 66
35228 63
35229 71
35230 75
35231 81
35232 74
35233 78
35234 76
35235 75
35236 70
35237 67
35238 70
35239 66
35240 66
35241 73
35242 70
35243 67
35244 82
35245 76
35246 72
35247 78
35248 62
35249 71
35250 61
35251 58
35252 63
35253 75
35254 74
35255 74
35256 77
35257 71
35258 63
35259 75
35260 70
35261 68
35262 71
35263 79
35264 78
35265 66
35266 68
35267 70
35268 67
35269 56
35270 63
35271 66
35272 65
35273 62
35274 64
35275 63
35276 71
35277 72
35278 70
35279 72
35280 78
35281 67
35282 70
35283 77
35284 75
35285 72
35286 90
35287 74
35288 63
35289 66
35290 62
35291 74
35292 70
35293 67
35294 62
35295 76
35296 85
35297 67
35298 61
35299 60
35300 76
35301 70
35302 73
35303 67
35304 74
35305 77
35306 64
35307 75
35308 67
35309 68
35310 77
35311 75
35312 66
35313 68
35314 69
35315 72
35316 64
35317 68
35318 75
35319 86
35320 84
35321 78
35322 69
35323 65
35324 67
35325 72
35326 73
35327 72
35328 81
35329 86
35330 73
35331 76
35332 82
35333 72
35334 60
35335 72
35336 60
35337 65
35338 76
35339 77
35340 60
35341 64
35342 67
35343 70
35344 72
35345 68
35346 69
35347 69
35348 68
35349 60
35350 61
35351 74
35352 80
35353 64
35354 73
35355 76
35356 81
35357 72
35358 84
35359 81
35360 79
35361 74
35362 63
35363 74
35364 75
35365 65
35366 69
35367 71
35368 78
35369 84
35370 69
35371 68
35372 76
35373 78
35374 77
35375 63
35376 51
35377 53
35378 61
35379 69
35380 79
35381 71
35382 72
35383 69
35384 64
35385 74
35386 75
35387 79
35388 70
35389 74
35390 65
35391 73
35392 62
35393 74
35394 68
35395 78
35396 80
35397 74
35398 59
35399 67
35400 59
35401 70
35402 67
35403 67
35404 61
35405 62
35406 78
35407 80
35408 68
35409 74
35410 71
35411 68
35412 68
35413 72
35414 70
35415 81
35416 74
35417 69
35418 57
35419 64
35420 67
35421 74
35422 73
35423 66
35424 67
35425 68
35426 66
35427 64
35428 64
35429 64
35430 62
35431 58
35432 60
35433 63
35434 66
35435 75
35436 77
35437 67
35438 70
35439 58
35440 63
35441 61
35442 59
35443 55
35444 75
35445 61
35446 77
35447 80
35448 62
35449 69
35450 67
35451 61
35452 68
35453 68
35454 60
35455 74
35456 69
35457 72
35458 57
35459 67
35460 77
35461 76
35462 64
35463 75
35464 74
35465 77
35466 69
35467 74
35468 74
35469 72
35470 75
35471 69
35472 67
35473 67
35474 70
35475 66
35476 84
35477 78
35478 82
35479 62
35480 58
35481 69
35482 81
35483 75
35484 61
35485 70
35486 67
35487 54
35488 55
35489 52
35490 61
35491 70
35492 77
35493 68
35494 57
35495 55
35496 50
35497 63
35498 78
35499 74
35500 59
35501 75
35502 76
35503 76
35504 76
35505 75
35506 75
35507 79
35508 64
35509 70
35510 73
35511 81
35512 64
35513 60
35514 66
35515 68
35516 55
35517 57
35518 53
35519 52
35520 64
35521 67
35522 75
35523 76
35524 65
35525 75
35526 76
35527 74
35528 75
35529 73
35530 55
35531 70
35532 68
35533 67
35534 74
35535 76
35536 70
35537 69
35538 66
35539 72
35540 73
35541 68
35542 80
35543 63
35544 75
35545 73
35546 88
35547 70
35548 64
35549 67
35550 66
35551 69
35552 67
35553 73
35554 71
35555 68
35556 66
35557 70
35558 71
35559 73
35560 74
35561 72
35562 83
35563 82
35564 70
35565 60
35566 62
35567 66
35568 70
35569 60
35570 61
35571 75
35572 60
35573 51
35574 44
35575 41
35576 51
35577 63
35578 66
35579 70
35580 69
35581 75
35582 62
35583 71
35584 66
35585 72
35586 75
35587 75
35588 73
35589 78
35590 63
35591 68
35592 78
35593 72
35594 74
35595 62
35596 78
35597 75
35598 69
35599 63
35600 67
35601 74
35602 65
35603 63
35604 73
35605 81
35606 75
35607 68
35608 62
35609 64
35610 65
35611 68
35612 68
35613 65
35614 72
35615 69
35616 73
35617 80
35618 67
35619 74
35620 72
35621 60
35622 74
35623 70
35624 70
35625 71
35626 80
35627 68
35628 67
35629 76
35630 69
35631 72
35632 66
35633 64
35634 52
35635 57
35636 63
35637 70
35638 68
35639 66
35640 60
35641 58
35642 60
35643 59
35644 74
35645 82
35646 64
35647 73
35648 83
35649 71
35650 72
35651 72
35652 71
35653 54
35654 66
35655 63
35656 66
35657 67
35658 62
35659 59
35660 74
35661 75
35662 81
35663 74
35664 70
35665 68
35666 67
35667 80
35668 67
35669 69
35670 72
35671 59
35672 63
35673 65
35674 77
35675 77
35676 66
35677 65
35678 67
35679 70
35680 51
35681 54
35682 68
35683 75
35684 70
35685 77
35686 69
35687 84
35688 81
35689 70
35690 67
35691 60
35692 42
35693 32
35694 46
35695 48
35696 61
35697 65
35698 69
35699 69
35700 66
35701 57
35702 59
35703 75
35704 73
35705 73
35706 68
35707 62
35708 66
35709 68
35710 84
35711 82
35712 73
35713 73
35714 67
35715 62
35716 80
35717 74
35718 70
35719 67
35720 75
35721 68
35722 67
35723 65
35724 69
35725 63
35726 60
35727 75
35728 69
35729 64
35730 70
35731 68
35732 60
35733 71
35734 67
35735 71
35736 70
35737 63
35738 65
35739 63
35740 54
35741 68
35742 75
35743 74
35744 74
35745 79
35746 73
35747 64
35748 66
35749 72
35750 61
35751 72
35752 72
35753 65
35754 68
35755 75
35756 57
35757 58
35758 75
35759 69
35760 65
35761 68
35762 67
35763 75
35764 71
35765 71
35766 73
35767 71
35768 73
35769 64
35770 59
35771 71
35772 67
35773 65
35774 57
35775 47
35776 48
35777 64
35778 67
35779 70
35780 64
35781 61
35782 63
35783 69
35784 68
35785 72
35786 90
35787 78
35788 70
35789 63
35790 79
35791 73
35792 65
35793 72
35794 64
35795 79
35796 69
35797 84
35798 76
35799 64
35800 76
35801 77
35802 84
35803 69
35804 66
35805 66
35806 81
35807 75
35808 71
35809 77
35810 85
35811 73
35812 78
35813 68
35814 55
35815 67
35816 73
35817 74
35818 72
35819 71
35820 83
35821 71
35822 59
35823 59
35824 53
35825 55
35826 57
35827 69
35828 77
35829 76
35830 80
35831 75
35832 76
35833 68
35834 63
35835 59
35836 63
35837 68
35838 68
35839 74
35840 64
35841 61
35842 72
35843 73
35844 79
35845 81
35846 78
35847 81
35848 67
35849 66
35850 69
35851 69
35852 64
35853 62
35854 60
35855 73
35856 76
35857 68
35858 74
35859 59
35860 58
35861 59
35862 75
35863 79
35864 70
35865 82
35866 78
35867 69
35868 61
35869 53
35870 61
35871 66
35872 64
35873 58
35874 54
35875 58
35876 77
35877 71
35878 71
35879 67
35880 86
35881 74
35882 66
35883 70
35884 63
35885 69
35886 71
35887 63
35888 51
35889 64
35890 75
35891 72
35892 69
35893 62
35894 61
35895 57
35896 60
35897 74
35898 74
35899 78
35900 84
35901 70
35902 74
35903 72
35904 70
35905 69
35906 71
35907 73
35908 67
35909 70
35910 74
35911 72
35912 79
35913 73
35914 75
35915 67
35916 62
35917 64
35918 62
35919 60
35920 71
35921 74
35922 77
35923 84
35924 72
35925 63
35926 61
35927 70
35928 77
35929 77
35930 74
35931 65
35932 78
35933 64
35934 64
35935 66
35936 64
35937 66
35938 67
35939 66
35940 67
35941 61
35942 72
35943 68
35944 79
35945 95
35946 75
35947 73
35948 61
35949 66
35950 67
35951 78
35952 69
35953 81
35954 74
35955 57
35956 48
35957 59
35958 70
35959 64
35960 65
35961 70
35962 70
35963 79
35964 73
35965 72
35966 72
35967 66
35968 74
35969 62
35970 53
35971 70
35972 84
35973 81
35974 79
35975 77
35976 79
35977 83
35978 74
35979 77
35980 71
35981 77
35982 73
35983 75
35984 71
35985 66
35986 62
35987 57
35988 52
35989 64
35990 63
35991 68
35992 72
35993 76
35994 79
35995 75
35996 77
35997 63
35998 63
35999 64
36000 75
36001 74
36002 69
36003 63
36004 61
36005 74
36006 72
36007 65
36008 65
36009 71
36010 77
36011 79
36012 65
36013 66
36014 70
36015 75
36016 69
36017 67
36018 66
36019 82
36020 75
36021 62
36022 47
36023 49
36024 53
36025 64
36026 57
36027 52
36028 53
36029 66
36030 66
36031 63
36032 68
36033 59
36034 69
36035 66
36036 61
36037 59
36038 47
36039 61
36040 57
36041 66
36042 65
36043 64
36044 69
36045 64
36046 50
36047 55
36048 68
36049 72
36050 59
36051 61
36052 68
36053 79
36054 75
36055 69
36056 71
36057 61
36058 63
36059 78
36060 75
36061 81
36062 70
36063 75
36064 85
36065 76
36066 63
36067 64
36068 69
36069 67
36070 65
36071 61
36072 71
36073 54
36074 59
36075 61
36076 72
36077 84
36078 80
36079 78
36080 79
36081 64
36082 78
36083 76
36084 69
36085 72
36086 65
36087 68
36088 73
36089 69
36090 64
36091 65
36092 67
36093 82
36094 85
36095 72
36096 67
36097 62
36098 53
36099 47
36100 56
36101 76
36102 60
36103 74
36104 73
36105 77
36106 81
36107 61
36108 54
36109 60
36110 68
36111 85
36112 73
36113 70
36114 72
36115 76
36116 79
36117 72
36118 69
36119 66
36120 59
36121 60
36122 65
36123 72
36124 71
36125 75
36126 65
36127 65
36128 73
36129 59
36130 63
36131 65
36132 73
36133 71
36134 66
36135 71
36136 74
36137 76
36138 64
36139 69
36140 68
36141 69
36142 76
36143 68
36144 70
36145 63
36146 56
36147 68
36148 70
36149 71
36150 74
36151 60
36152 58
36153 56
36154 61
36155 70
36156 56
36157 57
36158 61
36159 72
36160 79
36161 76
36162 87
36163 81
36164 79
36165 74
36166 78
36167 65
36168 71
36169 69
36170 60
36171 67
36172 63
36173 64
36174 76
36175 79
36176 80
36177 81
36178 74
36179 74
36180 75
36181 66
36182 70
36183 77
36184 75
36185 64
36186 62
36187 68
36188 75
36189 77
36190 72
36191 56
36192 57
36193 60
36194 65
36195 67
36196 68
36197 75
36198 67
36199 66
36200 70
36201 66
36202 63
36203 75
36204 73
36205 64
36206 71
36207 74
36208 73
36209 57
36210 61
36211 67
36212 65
36213 76
36214 75
36215 67
36216 68
36217 58
36218 62
36219 63
36220 73
36221 62
36222 52
36223 58
36224 59
36225 64
36226 70
36227 72
36228 61
36229 58
36230 65
36231 72
36232 74
36233 79
36234 82
36235 72
36236 64
36237 63
36238 62
36239 67
36240 66
36241 67
36242 81
36243 76
36244 61
36245 64
36246 72
36247 71
36248 69
36249 63
36250 59
36251 65
36252 63
36253 60
36254 63
36255 62
36256 58
36257 57
36258 70
36259 65
36260 66
36261 73
36262 70
36263 63
36264 66
36265 64
36266 66
36267 70
36268 65
36269 73
36270 68
36271 66
36272 67
36273 76
36274 77
36275 68
36276 62
36277 51
36278 70
36279 70
36280 66
36281 67
36282 62
36283 52
36284 39
36285 41
36286 54
36287 72
36288 60
36289 60
36290 73
36291 70
36292 66
36293 64
36294 61
36295 61
36296 65
36297 71
36298 75
36299 64
36300 61
36301 77
36302 73
36303 67
36304 70
36305 66
36306 57
36307 63
36308 65
36309 63
36310 70
36311 75
36312 62
36313 66
36314 71
36315 70
36316 61
36317 64
36318 65
36319 66
36320 66
36321 67
36322 68
36323 71
36324 67
36325 86
36326 70
36327 69
36328 74
36329 74
36330 79
36331 74
36332 70
36333 70
36334 80
36335 81
36336 85
36337 71
36338 76
36339 70
36340 72
36341 67
36342 64
36343 60
36344 65
36345 63
36346 68
36347 79
36348 75
36349 60
36350 67
36351 65
36352 75
36353 73
36354 69
36355 73
36356 79
36357 72
36358 63
36359 62
36360 61
36361 73
36362 72
36363 67
36364 69
36365 69
36366 59
36367 61
36368 72
36369 71
36370 75
36371 71
36372 59
36373 72
36374 77
36375 71
36376 69
36377 66
36378 71
36379 64
36380 66
36381 65
36382 71
36383 76
36384 65
36385 79
36386 69
36387 63
36388 65
36389 72
36390 70
36391 67
36392 73
36393 76
36394 70
36395 67
36396 71
36397 79
36398 70
36399 78
36400 67
36401 66
36402 62
36403 58
36404 73
36405 68
36406 57
36407 56
36408 67
36409 60
36410 46
36411 58
36412 73
36413 72
36414 63
36415 54
36416 59
36417 73
36418 74
36419 71
36420 70
36421 62
36422 76
36423 72
36424 73
36425 80
36426 78
36427 76
36428 65
36429 63
36430 66
36431 72
36432 71
36433 70
36434 64
36435 59
36436 64
36437 69
36438 76
36439 62
36440 69
36441 76
36442 69
36443 70
36444 73
36445 62
36446 65
36447 67
36448 54
36449 67
36450 78
36451 75
36452 63
36453 72
36454 68
36455 69
36456 65
36457 70
36458 62
36459 56
36460 69
36461 74
36462 67
36463 69
36464 60
36465 66
36466 65
36467 72
36468 58
36469 50
36470 61
36471 60
36472 70
36473 70
36474 57
36475 60
36476 64
36477 63
36478 61
36479 75
36480 68
36481 70
36482 77
36483 73
36484 68
36485 71
36486 74
36487 55
36488 60
36489 61
36490 64
36491 65
36492 68
36493 71
36494 69
36495 71
36496 70
36497 67
36498 64
36499 66
36500 78
36501 70
36502 66
36503 70
36504 66
36505 62
36506 66
36507 64
36508 64
36509 62
36510 69
36511 62
36512 65
36513 72
36514 72
36515 63
36516 69
36517 67
36518 78
36519 63
36520 82
36521 72
36522 77
36523 75
36524 66
36525 66
36526 65
36527 67
36528 56
36529 72
36530 81
36531 63
36532 76
36533 75
36534 79
36535 74
36536 64
36537 69
36538 66
36539 46
36540 65
36541 70
36542 73
36543 71
36544 64
36545 65
36546 63
36547 73
36548 73
36549 73
36550 73
36551 71
36552 74
36553 68
36554 80
36555 66
36556 65
36557 73
36558 71
36559 69
36560 62
36561 61
36562 65
36563 73
36564 75
36565 69
36566 58
36567 57
36568 54
36569 65
36570 66
36571 66
36572 68
36573 74
36574 54
36575 60
36576 73
36577 76
36578 65
36579 70
36580 69
36581 72
36582 83
36583 70
36584 55
36585 56
36586 59
36587 61
36588 72
36589 61
36590 68
36591 66
36592 79
36593 85
36594 82
36595 77
36596 74
36597 77
36598 71
36599 78
36600 71
36601 57
36602 58
36603 53
36604 64
36605 60
36606 65
36607 67
36608 67
36609 70
36610 67
36611 59
36612 68
36613 55
36614 70
36615 76
36616 81
36617 75
36618 74
36619 80
36620 72
36621 70
36622 65
36623 68
36624 70
36625 66
36626 68
36627 84
36628 65
36629 81
36630 70
36631 53
36632 55
36633 61
36634 54
36635 53
36636 51
36637 44
36638 56
36639 61
36640 62
36641 73
36642 69
36643 69
36644 76
36645 79
36646 82
36647 70
36648 65
36649 67
36650 64
36651 66
36652 67
36653 64
36654 58
36655 72
36656 71
36657 66
36658 68
36659 69
36660 66
36661 79
36662 74
36663 71
36664 74
36665 73
36666 70
36667 63
36668 73
36669 65
36670 64
36671 57
36672 56
36673 60
36674 71
36675 76
36676 66
36677 56
36678 55
36679 51
36680 68
36681 72
36682 67
36683 69
36684 63
36685 75
36686 79
36687 78
36688 75
36689 67
36690 83
36691 75
36692 65
36693 72
36694 66
36695 55
36696 71
36697 71
36698 70
36699 64
36700 59
36701 70
36702 66
36703 77
36704 81
36705 66
36706 60
36707 54
36708 63
36709 67
36710 74
36711 65
36712 64
36713 68
36714 63
36715 43
36716 59
36717 64
36718 66
36719 70
36720 77
36721 77
36722 71
36723 75
36724 68
36725 71
36726 66
36727 69
36728 71
36729 78
36730 66
36731 76
36732 80
36733 84
36734 69
36735 68
36736 85
36737 68
36738 68
36739 77
36740 74
36741 68
36742 71
36743 75
36744 75
36745 68
36746 68
36747 59
36748 71
36749 69
36750 60
36751 64
36752 66
36753 71
36754 66
36755 52
36756 61
36757 65
36758 68
36759 84
36760 92
36761 79
36762 70
36763 79
36764 70
36765 61
36766 80
36767 75
36768 75
36769 59
36770 49
36771 51
36772 71
36773 64
36774 57
36775 77
36776 78
36777 73
36778 69
36779 49
36780 33
36781 48
36782 56
36783 66
36784 68
36785 63
36786 62
36787 54
36788 58
36789 55
36790 69
36791 78
36792 67
36793 65
36794 66
36795 60
36796 57
36797 58
36798 71
36799 74
36800 72
36801 64
36802 63
36803 72
36804 74
36805 77
36806 76
36807 83
36808 70
36809 71
36810 81
36811 70
36812 56
36813 61
36814 55
36815 49
36816 58
36817 62
36818 68
36819 78
36820 62
36821 58
36822 57
36823 52
36824 67
36825 76
36826 73
36827 64
36828 74
36829 70
36830 66
36831 62
36832 63
36833 72
36834 75
36835 68
36836 59
36837 54
36838 69
36839 67
36840 75
36841 72
36842 60
36843 76
36844 73
36845 79
36846 61
36847 77
36848 67
36849 70
36850 74
36851 73
36852 62
36853 70
36854 76
36855 68
36856 78
36857 81
36858 75
36859 77
36860 78
36861 69
36862 69
36863 76
36864 73
36865 82
36866 68
36867 63
36868 70
36869 64
36870 58
36871 53
36872 55
36873 66
36874 57
36875 54
36876 70
36877 62
36878 53
36879 68
36880 58
36881 53
36882 60
36883 65
36884 62
36885 61
36886 62
36887 64
36888 75
36889 69
36890 66
36891 68
36892 70
36893 69
36894 81
36895 85
36896 67
36897 74
36898 65
36899 62
36900 66
36901 63
36902 59
36903 45
36904 60
36905 63
36906 66
36907 66
36908 64
36909 66
36910 62
36911 48
36912 49
36913 65
36914 67
36915 73
36916 79
36917 71
36918 64
36919 74
36920 75
36921 72
36922 66
36923 67
36924 70
36925 71
36926 66
36927 67
36928 64
36929 65
36930 71
36931 69
36932 70
36933 68
36934 54
36935 53
36936 44
36937 46
36938 66
36939 51
36940 60
36941 62
36942 64
36943 60
36944 59
36945 56
36946 61
36947 78
36948 72
36949 75
36950 74
36951 67
36952 64
36953 69
36954 68
36955 61
36956 58
36957 74
36958 73
36959 65
36960 78
36961 77
36962 72
36963 67
36964 81
36965 73
36966 69
36967 66
36968 65
36969 63
36970 74
36971 84
36972 72
36973 73
36974 70
36975 70
36976 68
36977 78
36978 69
36979 66
36980 70
36981 76
36982 73
36983 74
36984 71
36985 64
36986 63
36987 58
36988 74
36989 71
36990 74
36991 81
36992 63
36993 69
36994 67
36995 68
36996 70
36997 58
36998 68
36999 64
37000 69
37001 71
37002 66
37003 73
37004 74
37005 63
37006 55
37007 71
37008 67
37009 70
37010 71
37011 70
37012 69
37013 62
37014 61
37015 70
37016 74
37017 62
37018 60
37019 57
37020 63
37021 68
37022 74
37023 66
37024 62
37025 62
37026 68
37027 74
37028 88
37029 72
37030 75
37031 76
37032 72
37033 63
37034 69
37035 72
37036 61
37037 64
37038 65
37039 66
37040 68
37041 66
37042 63
37043 68
37044 63
37045 66
37046 61
37047 58
37048 76
37049 70
37050 62
37051 74
37052 77
37053 75
37054 68
37055 68
37056 71
37057 59
37058 68
37059 69
37060 70
37061 57
37062 57
37063 67
37064 69
37065 66
37066 67
37067 82
37068 78
37069 67
37070 72
37071 72
37072 62
37073 67
37074 63
37075 68
37076 59
37077 65
37078 70
37079 75
37080 67
37081 68
37082 66
37083 62
37084 43
37085 56
37086 63
37087 53
37088 63
37089 70
37090 72
37091 75
37092 67
37093 65
37094 70
37095 70
37096 72
37097 65
37098 67
37099 80
37100 76
37101 76
37102 75
37103 70
37104 75
37105 76
37106 73
37107 77
37108 67
37109 56
37110 63
37111 59
37112 73
37113 65
37114 67
37115 78
37116 59
37117 56
37118 61
37119 63
37120 73
37121 63
37122 66
37123 71
37124 69
37125 73
37126 65
37127 51
37128 48
37129 67
37130 84
37131 74
37132 68
37133 74
37134 72
37135 82
37136 70
37137 76
37138 68
37139 55
37140 59
37141 67
37142 59
37143 65
37144 60
37145 64
37146 70
37147 68
37148 74
37149 73
37150 61
37151 58
37152 49
37153 56
37154 70
37155 88
37156 87
37157 84
37158 84
37159 77
37160 78
37161 83
37162 75
37163 64
37164 48
37165 44
37166 33
37167 41
37168 54
37169 71
37170 75
37171 64
37172 60
37173 55
37174 74
37175 70
37176 73
37177 72
37178 70
37179 60
37180 69
37181 67
37182 57
37183 53
37184 55
37185 40
37186 51
37187 59
37188 65
37189 75
37190 71
37191 67
37192 53
37193 66
37194 72
37195 57
37196 62
37197 66
37198 74
37199 70
37200 71
37201 62
37202 54
37203 66
37204 69
37205 79
37206 72
37207 67
37208 79
37209 75
37210 80
37211 60
37212 63
37213 64
37214 69
37215 68
37216 80
37217 71
37218 69
37219 66
37220 72
37221 65
37222 63
37223 62
37224 62
37225 57
37226 64
37227 65
37228 60
37229 54
37230 58
37231 56
37232 53
37233 68
37234 60
37235 62
37236 75
37237 62
37238 76
37239 65
37240 73
37241 69
37242 67
37243 72
37244 83
37245 76
37246 73
37247 73
37248 62
37249 65
37250 74
37251 57
37252 56
37253 66
37254 76
37255 79
37256 69
37257 66
37258 70
37259 84
37260 83
37261 80
37262 83
37263 70
37264 79
37265 71
37266 79
37267 83
37268 67
37269 82
37270 69
37271 78
37272 80
37273 84
37274 70
37275 86
37276 67
37277 68
37278 71
37279 61
37280 62
37281 71
37282 72
37283 65
37284 61
37285 74
37286 71
37287 63
37288 71
37289 63
37290 57
37291 68
37292 68
37293 70
37294 59
37295 63
37296 60
37297 50
37298 34
37299 32
37300 33
37301 46
37302 61
37303 65
37304 69
37305 75
37306 63
37307 62
37308 68
37309 68
37310 73
37311 70
37312 77
37313 78
37314 59
37315 58
37316 70
37317 67
37318 67
37319 72
37320 69
37321 66
37322 73
37323 70
37324 63
37325 58
37326 62
37327 59
37328 63
37329 69
37330 74
37331 65
37332 70
37333 72
37334 60
37335 69
37336 64
37337 56
37338 58
37339 64
37340 67
37341 66
37342 73
37343 81
37344 68
37345 60
37346 75
37347 66
37348 52
37349 55
37350 60
37351 69
37352 70
37353 63
37354 67
37355 71
37356 71
37357 61
37358 66
37359 72
37360 65
37361 59
37362 65
37363 56
37364 41
37365 44
37366 48
37367 65
37368 66
37369 69
37370 74
37371 71
37372 74
37373 77
37374 71
37375 68
37376 63
37377 60
37378 60
37379 63
37380 59
37381 66
37382 75
37383 75
37384 75
37385 68
37386 70
37387 78
37388 71
37389 67
37390 72
37391 76
37392 58
37393 71
37394 68
37395 66
37396 65
37397 76
37398 59
37399 64
37400 60
37401 63
37402 67
37403 69
37404 72
37405 72
37406 77
37407 71
37408 60
37409 70
37410 64
37411 62
37412 67
37413 67
37414 68
37415 70
37416 76
37417 86
37418 83
37419 68
37420 64
37421 65
37422 73
37423 72
37424 66
37425 72
37426 84
37427 66
37428 63
37429 65
37430 84
37431 74
37432 65
37433 65
37434 61
37435 65
37436 66
37437 62
37438 67
37439 72
37440 64
37441 69
37442 69
37443 60
37444 57
37445 52
37446 71
37447 57
37448 75
37449 74
37450 73
37451 78
37452 74
37453 66
37454 62
37455 65
37456 67
37457 82
37458 77
37459 75
37460 80
37461 66
37462 56
37463 59
37464 70
37465 75
37466 66
37467 73
37468 70
37469 62
37470 75
37471 75
37472 67
37473 70
37474 63
37475 62
37476 60
37477 68
37478 67
37479 67
37480 63
37481 63
37482 67
37483 59
37484 55
37485 60
37486 69
37487 64
37488 64
37489 76
37490 75
37491 67
37492 73
37493 68
37494 66
37495 61
37496 71
37497 80
37498 67
37499 59
37500 65
37501 64
37502 71
37503 72
37504 70
37505 76
37506 71
37507 63
37508 77
37509 67
37510 79
37511 64
37512 77
37513 74
37514 69
37515 68
37516 65
37517 58
37518 63
37519 71
37520 68
37521 67
37522 66
37523 75
37524 82
37525 69
37526 66
37527 72
37528 68
37529 68
37530 74
37531 69
37532 83
37533 74
37534 69
37535 69
37536 73
37537 71
37538 73
37539 79
37540 75
37541 69
37542 69
37543 65
37544 74
37545 59
37546 70
37547 74
37548 83
37549 93
37550 82
37551 69
37552 69
37553 64
37554 69
37555 74
37556 59
37557 61
37558 59
37559 54
37560 38
37561 36
37562 41
37563 51
37564 55
37565 63
37566 72
37567 63
37568 65
37569 69
37570 77
37571 70
37572 74
37573 64
37574 65
37575 72
37576 76
37577 70
37578 71
37579 65
37580 70
37581 73
37582 76
37583 89
37584 81
37585 77
37586 70
37587 64
37588 62
37589 58
37590 60
37591 64
37592 64
37593 69
37594 73
37595 75
37596 79
37597 66
37598 63
37599 68
37600 69
37601 64
37602 52
37603 57
37604 65
37605 73
37606 68
37607 70
37608 61
37609 61
37610 64
37611 66
37612 68
37613 61
37614 74
37615 77
37616 69
37617 74
37618 71
37619 67
37620 57
37621 56
37622 71
37623 69
37624 66
37625 67
37626 70
37627 74
37628 67
37629 68
37630 67
37631 73
37632 75
37633 73
37634 71
37635 73
37636 64
37637 67
37638 53
37639 67
37640 65
37641 68
37642 73
37643 74
37644 63
37645 71
37646 64
37647 63
37648 66
37649 79
37650 72
37651 74
37652 68
37653 79
37654 63
37655 59
37656 71
37657 69
37658 70
37659 70
37660 63
37661 70
37662 72
37663 71
37664 62
37665 63
37666 62
37667 67
37668 70
37669 71
37670 68
37671 78
37672 70
37673 66
37674 75
37675 76
37676 66
37677 63
37678 64
37679 65
37680 77
37681 75
37682 66
37683 74
37684 78
37685 82
37686 69
37687 61
37688 77
37689 65
37690 59
37691 60
37692 79
37693 74
37694 69
37695 74
37696 68
37697 71
37698 67
37699 80
37700 74
37701 64
37702 68
37703 67
37704 68
37705 66
37706 72
37707 59
37708 63
37709 70
37710 62
37711 72
37712 70
37713 76
37714 67
37715 60
37716 41
37717 39
37718 55
37719 72
37720 74
37721 74
37722 66
37723 67
37724 65
37725 57
37726 59
37727 64
37728 62
37729 69
37730 63
37731 61
37732 65
37733 69
37734 73
37735 72
37736 73
37737 67
37738 69
37739 63
37740 76
37741 65
37742 63
37743 65
37744 71
37745 67
37746 71
37747 81
37748 76
37749 69
37750 67
37751 68
37752 70
37753 63
37754 75
37755 64
37756 75
37757 69
37758 76
37759 71
37760 55
37761 53
37762 66
37763 68
37764 67
37765 69
37766 68
37767 56
37768 53
37769 57
37770 60
37771 61
37772 66
37773 77
37774 63
37775 57
37776 68
37777 78
37778 69
37779 64
37780 79
37781 67
37782 68
37783 70
37784 64
37785 55
37786 58
37787 61
37788 67
37789 61
37790 66
37791 66
37792 73
37793 75
37794 77
37795 71
37796 80
37797 78
37798 66
37799 73
37800 72
37801 68
37802 71
37803 75
37804 76
37805 75
37806 68
37807 75
37808 69
37809 61
37810 63
37811 68
37812 66
37813 84
37814 70
37815 62
37816 45
37817 52
37818 60
37819 68
37820 52
37821 47
37822 56
37823 48
37824 44
37825 56
37826 65
37827 80
37828 73
37829 75
37830 72
37831 76
37832 67
37833 77
37834 66
37835 75
37836 74
37837 74
37838 62
37839 68
37840 58
37841 52
37842 56
37843 59
37844 61
37845 74
37846 71
37847 59
37848 64
37849 68
37850 70
37851 68
37852 69
37853 63
37854 56
37855 75
37856 68
37857 66
37858 74
37859 75
37860 73
37861 75
37862 77
37863 61
37864 67
37865 78
37866 69
37867 74
37868 69
37869 78
37870 84
37871 74
37872 86
37873 82
37874 74
37875 73
37876 69
37877 54
37878 58
37879 68
37880 71
37881 79
37882 83
37883 83
37884 70
37885 62
37886 55
37887 66
37888 58
37889 62
37890 71
37891 67
37892 75
37893 89
37894 83
37895 81
37896 83
37897 77
37898 76
37899 70
37900 64
37901 56
37902 61
37903 69
37904 64
37905 60
37906 64
37907 70
37908 75
37909 75
37910 63
37911 70
37912 66
37913 69
37914 67
37915 75
37916 72
37917 68
37918 67
37919 70
37920 61
37921 57
37922 62
37923 60
37924 76
37925 79
37926 68
37927 71
37928 59
37929 57
37930 73
37931 78
37932 75
37933 61
37934 56
37935 65
37936 70
37937 59
37938 58
37939 45
37940 52
37941 58
37942 67
37943 66
37944 70
37945 72
37946 70
37947 65
37948 68
37949 71
37950 74
37951 73
37952 82
37953 77
37954 81
37955 68
37956 78
37957 66
37958 65
37959 64
37960 63
37961 54
37962 70
37963 71
37964 80
37965 83
37966 75
37967 74
37968 66
37969 60
37970 57
37971 67
37972 74
37973 73
37974 84
37975 87
37976 75
37977 77
37978 58
37979 70
37980 67
37981 71
37982 74
37983 68
37984 70
37985 63
37986 54
37987 56
37988 76
37989 68
37990 57
37991 59
37992 62
37993 63
37994 60
37995 69
37996 80
37997 71
37998 71
37999 68
38000 67
38001 68
38002 72
38003 66
38004 81
38005 72
38006 72
38007 61
38008 72
38009 64
38010 76
38011 64
38012 75
38013 72
38014 71
38015 57
38016 67
38017 71
38018 62
38019 73
38020 67
38021 64
38022 73
38023 73
38024 70
38025 72
38026 64
38027 69
38028 73
38029 76
38030 66
38031 62
38032 64
38033 76
38034 77
38035 82
38036 69
38037 75
38038 58
38039 70
38040 56
38041 63
38042 68
38043 67
38044 65
38045 68
38046 82
38047 70
38048 69
38049 57
38050 62
38051 67
38052 65
38053 70
38054 80
38055 74
38056 60
38057 71
38058 69
38059 76
38060 74
38061 71
38062 69
38063 60
38064 63
38065 65
38066 83
38067 79
38068 70
38069 66
38070 72
38071 72
38072 62
38073 64
38074 74
38075 83
38076 80
38077 87
38078 79
38079 80
38080 84
38081 78
38082 75
38083 73
38084 75
38085 71
38086 76
38087 72
38088 64
38089 53
38090 42
38091 45
38092 63
38093 66
38094 61
38095 69
38096 71
38097 86
38098 70
38099 68
38100 78
38101 73
38102 66
38103 73
38104 72
38105 79
38106 76
38107 75
38108 65
38109 62
38110 60
38111 61
38112 66
38113 65
38114 66
38115 68
38116 66
38117 66
38118 60
38119 65
38120 68
38121 79
38122 64
38123 69
38124 66
38125 47
38126 40
38127 46
38128 51
38129 64
38130 68
38131 76
38132 73
38133 72
38134 72
38135 60
38136 61
38137 56
38138 70
38139 70
38140 76
38141 77
38142 70
38143 75
38144 71
38145 72
38146 73
38147 55
38148 64
38149 67
38150 72
38151 70
38152 63
38153 77
38154 70
38155 71
38156 60
38157 58
38158 60
38159 65
38160 71
38161 69
38162 73
38163 80
38164 64
38165 67
38166 58
38167 67
38168 67
38169 62
38170 60
38171 57
38172 61
38173 64
38174 67
38175 51
38176 49
38177 53
38178 69
38179 72
38180 72
38181 69
38182 68
38183 76
38184 69
38185 73
38186 70
38187 75
38188 76
38189 86
38190 87
38191 69
38192 62
38193 70
38194 78
38195 81
38196 82
38197 72
38198 66
38199 54
38200 67
38201 61
38202 70
38203 68
38204 58
38205 62
38206 67
38207 70
38208 84
38209 85
38210 78
38211 70
38212 61
38213 67
38214 72
38215 74
38216 77
38217 65
38218 60
38219 59
38220 64
38221 64
38222 68
38223 75
38224 78
38225 75
38226 66
38227 69
38228 73
38229 74
38230 74
38231 73
38232 58
38233 61
38234 64
38235 67
38236 65
38237 70
38238 68
38239 68
38240 66
38241 68
38242 69
38243 67
38244 61
38245 75
38246 73
38247 73
38248 60
38249 66
38250 68
38251 61
38252 65
38253 75
38254 79
38255 77
38256 69
38257 58
38258 68
38259 70
38260 80
38261 76
38262 58
38263 70
38264 73
38265 71
38266 57
38267 60
38268 63
38269 62
38270 62
38271 69
38272 80
38273 76
38274 80
38275 64
38276 63
38277 73
38278 78
38279 80
38280 75
38281 60
38282 71
38283 81
38284 76
38285 74
38286 67
38287 60
38288 66
38289 56
38290 48
38291 65
38292 70
38293 68
38294 66
38295 78
38296 68
38297 66
38298 72
38299 69
38300 82
38301 84
38302 79
38303 79
38304 74
38305 68
38306 81
38307 74
38308 71
38309 68
38310 70
38311 67
38312 57
38313 49
38314 66
38315 70
38316 68
38317 63
38318 54
38319 48
38320 42
38321 57
38322 73
38323 72
38324 74
38325 67
38326 65
38327 71
38328 64
38329 65
38330 61
38331 56
38332 58
38333 66
38334 75
38335 74
38336 58
38337 64
38338 65
38339 74
38340 72
38341 65
38342 76
38343 73
38344 72
38345 64
38346 67
38347 58
38348 65
38349 79
38350 73
38351 75
38352 74
38353 71
38354 73
38355 68
38356 66
38357 62
38358 61
38359 54
38360 66
38361 71
38362 72
38363 82
38364 66
38365 65
38366 77
38367 64
38368 69
38369 68
38370 74
38371 77
38372 79
38373 71
38374 83
38375 74
38376 77
38377 75
38378 67
38379 69
38380 68
38381 70
38382 78
38383 75
38384 76
38385 77
38386 77
38387 75
38388 60
38389 68
38390 74
38391 64
38392 61
38393 60
38394 68
38395 83
38396 80
38397 61
38398 74
38399 76
38400 74
38401 64
38402 60
38403 52
38404 62
38405 77
38406 61
38407 64
38408 79
38409 71
38410 67
38411 77
38412 81
38413 70
38414 75
38415 73
38416 68
38417 79
38418 72
38419 66
38420 65
38421 69
38422 79
38423 86
38424 80
38425 72
38426 62
38427 54
38428 53
38429 50
38430 52
38431 61
38432 73
38433 81
38434 81
38435 78
38436 69
38437 75
38438 76
38439 75
38440 85
38441 83
38442 74
38443 64
38444 59
38445 54
38446 64
38447 68
38448 72
38449 68
38450 78
38451 67
38452 73
38453 76
38454 75
38455 74
38456 66
38457 68
38458 72
38459 71
38460 59
38461 68
38462 69
38463 71
38464 79
38465 73
38466 63
38467 71
38468 67
38469 65
38470 74
38471 65
38472 72
38473 62
38474 60
38475 69
38476 76
38477 72
38478 80
38479 69
38480 64
38481 73
38482 77
38483 65
38484 59
38485 69
38486 60
38487 59
38488 70
38489 72
38490 73
38491 63
38492 53
38493 62
38494 72
38495 72
38496 72
38497 74
38498 64
38499 80
38500 71
38501 74
38502 64
38503 73
38504 67
38505 74
38506 68
38507 75
38508 76
38509 65
38510 56
38511 63
38512 59
38513 75
38514 70
38515 61
38516 59
38517 53
38518 68
38519 73
38520 65
38521 71
38522 69
38523 62
38524 50
38525 61
38526 64
38527 62
38528 65
38529 75
38530 78
38531 70
38532 73
38533 72
38534 60
38535 64
38536 67
38537 71
38538 70
38539 73
38540 63
38541 60
38542 59
38543 68
38544 72
38545 70
38546 69
38547 65
38548 70
38549 75
38550 71
38551 67
38552 66
38553 64
38554 67
38555 67
38556 78
38557 77
38558 70
38559 66
38560 62
38561 67
38562 72
38563 69
38564 72
38565 57
38566 75
38567 75
38568 71
38569 68
38570 62
38571 67
38572 71
38573 82
38574 74
38575 82
38576 75
38577 85
38578 71
38579 87
38580 76
38581 74
38582 72
38583 59
38584 69
38585 67
38586 61
38587 63
38588 66
38589 72
38590 76
38591 70
38592 73
38593 74
38594 70
38595 73
38596 66
38597 63
38598 67
38599 79
38600 75
38601 69
38602 64
38603 69
38604 64
38605 71
38606 74
38607 66
38608 53
38609 52
38610 60
38611 68
38612 62
38613 64
38614 69
38615 53
38616 62
38617 63
38618 59
38619 70
38620 78
38621 75
38622 69
38623 62
38624 54
38625 56
38626 64
38627 70
38628 72
38629 65
38630 73
38631 75
38632 74
38633 76
38634 74
38635 69
38636 74
38637 75
38638 74
38639 72
38640 65
38641 72
38642 63
38643 66
38644 78
38645 76
38646 61
38647 73
38648 77
38649 74
38650 79
38651 88
38652 69
38653 76
38654 68
38655 63
38656 55
38657 54
38658 60
38659 66
38660 74
38661 65
38662 73
38663 66
38664 68
38665 65
38666 76
38667 86
38668 70
38669 67
38670 68
38671 72
38672 80
38673 67
38674 68
38675 66
38676 67
38677 66
38678 67
38679 73
38680 70
38681 67
38682 80
38683 75
38684 82
38685 75
38686 62
38687 59
38688 60
38689 63
38690 67
38691 72
38692 70
38693 54
38694 59
38695 73
38696 69
38697 65
38698 54
38699 40
38700 52
38701 62
38702 64
38703 65
38704 54
38705 72
38706 74
38707 72
38708 62
38709 57
38710 54
38711 63
38712 73
38713 68
38714 62
38715 71
38716 69
38717 74
38718 79
38719 73
38720 69
38721 71
38722 69
38723 71
38724 77
38725 78
38726 67
38727 77
38728 69
38729 76
38730 80
38731 70
38732 76
38733 57
38734 44
38735 54
38736 61
38737 68
38738 72
38739 72
38740 59
38741 58
38742 69
38743 64
38744 52
38745 58
38746 71
38747 82
38748 79
38749 72
38750 67
38751 65
38752 60
38753 48
38754 63
38755 64
38756 68
38757 56
38758 53
38759 61
38760 63
38761 62
38762 72
38763 69
38764 68
38765 65
38766 66
38767 72
38768 66
38769 67
38770 79
38771 81
38772 77
38773 76
38774 79
38775 72
38776 64
38777 60
38778 70
38779 77
38780 74
38781 75
38782 80
38783 73
38784 84
38785 75
38786 72
38787 68
38788 65
38789 72
38790 69
38791 74
38792 83
38793 68
38794 63
38795 56
38796 68
38797 70
38798 77
38799 61
38800 58
38801 69
38802 61
38803 63
38804 59
38805 67
38806 68
38807 70
38808 74
38809 81
38810 71
38811 60
38812 53
38813 56
38814 61
38815 68
38816 76
38817 77
38818 82
38819 85
38820 73
38821 56
38822 66
38823 67
38824 67
38825 65
38826 68
38827 59
38828 68
38829 61
38830 55
38831 61
38832 68
38833 66
38834 74
38835 87
38836 74
38837 77
38838 80
38839 68
38840 76
38841 70
38842 73
38843 80
38844 64
38845 67
38846 74
38847 64
38848 80
38849 71
38850 82
38851 77
38852 72
38853 76
38854 71
38855 87
38856 80
38857 75
38858 66
38859 77
38860 81
38861 65
38862 74
38863 71
38864 70
38865 68
38866 68
38867 66
38868 79
38869 65
38870 68
38871 68
38872 79
38873 70
38874 68
38875 82
38876 85
38877 72
38878 69
38879 70
38880 75
38881 79
38882 72
38883 71
38884 62
38885 67
38886 78
38887 76
38888 67
38889 65
38890 74
38891 74
38892 71
38893 62
38894 55
38895 71
38896 54
38897 52
38898 56
38899 61
38900 70
38901 66
38902 74
38903 78
38904 75
38905 78
38906 69
38907 55
38908 56
38909 58
38910 62
38911 78
38912 70
38913 63
38914 80
38915 64
38916 58
38917 72
38918 77
38919 80
38920 78
38921 68
38922 77
38923 80
38924 70
38925 71
38926 77
38927 73
38928 70
38929 70
38930 64
38931 61
38932 66
38933 70
38934 71
38935 68
38936 62
38937 52
38938 48
38939 47
38940 51
38941 56
38942 73
38943 74
38944 72
38945 80
38946 71
38947 75
38948 69
38949 77
38950 74
38951 73
38952 73
38953 69
38954 76
38955 62
38956 73
38957 59
38958 77
38959 76
38960 77
38961 73
38962 66
38963 67
38964 73
38965 74
38966 75
38967 71
38968 76
38969 75
38970 68
38971 70
38972 76
38973 92
38974 75
38975 91
38976 76
38977 67
38978 76
38979 71
38980 78
38981 79
38982 78
38983 62
38984 70
38985 67
38986 67
38987 74
38988 73
38989 70
38990 73
38991 59
38992 70
38993 78
38994 89
38995 83
38996 76
38997 65
38998 77
38999 78
39000 67
39001 57
39002 74
39003 72
39004 63
39005 71
39006 77
39007 71
39008 63
39009 68
39010 78
39011 67
39012 64
39013 68
39014 72
39015 70
39016 73
39017 79
39018 77
39019 70
39020 79
39021 80
39022 85
39023 82
39024 77
39025 64
39026 60
39027 69
39028 66
39029 71
39030 72
39031 73
39032 70
39033 63
39034 54
39035 70
39036 69
39037 63
39038 72
39039 89
39040 71
39041 78
39042 76
39043 68
39044 77
39045 70
39046 69
39047 61
39048 55
39049 72
39050 69
39051 79
39052 83
39053 81
39054 80
39055 70
39056 66
39057 69
39058 70
39059 64
39060 81
39061 74
39062 63
39063 68
39064 79
39065 74
39066 63
39067 72
39068 58
39069 68
39070 69
39071 64
39072 72
39073 76
39074 76
39075 71
39076 84
39077 79
39078 67
39079 73
39080 75
39081 71
39082 71
39083 66
39084 59
39085 78
39086 79
39087 60
39088 70
39089 78
39090 76
39091 70
39092 66
39093 71
39094 74
39095 70
39096 65
39097 75
39098 71
39099 56
39100 52
39101 63
39102 68
39103 70
39104 68
39105 65
39106 70
39107 64
39108 63
39109 74
39110 71
39111 76
39112 70
39113 62
39114 66
39115 69
39116 64
39117 69
39118 67
39119 64
39120 71
39121 61
39122 47
39123 48
39124 67
39125 68
39126 62
39127 63
39128 69
39129 73
39130 74
39131 79
39132 75
39133 75
39134 74
39135 86
39136 76
39137 65
39138 70
39139 67
39140 62
39141 64
39142 61
39143 64
39144 56
39145 67
39146 67
39147 71
39148 60
39149 71
39150 69
39151 67
39152 65
39153 76
39154 74
39155 72
39156 66
39157 73
39158 59
39159 61
39160 63
39161 71
39162 67
39163 69
39164 75
39165 72
39166 73
39167 79
39168 75
39169 59
39170 66
39171 69
39172 62
39173 62
39174 81
39175 78
39176 65
39177 75
39178 67
39179 56
39180 39
39181 41
39182 47
39183 50
39184 59
39185 64
39186 62
39187 70
39188 66
39189 70
39190 66
39191 67
39192 76
39193 75
39194 71
39195 63
39196 64
39197 75
39198 68
39199 64
39200 63
39201 76
39202 71
39203 59
39204 71
39205 69
39206 59
39207 57
39208 76
39209 69
39210 61
39211 68
39212 72
39213 74
39214 58
39215 58
39216 59
39217 63
39218 61
39219 68
39220 67
39221 77
39222 83
39223 82
39224 66
39225 68
39226 59
39227 57
39228 74
39229 77
39230 73
39231 73
39232 66
39233 70
39234 73
39235 72
39236 73
39237 73
39238 64
39239 73
39240 72
39241 72
39242 68
39243 64
39244 79
39245 80
39246 82
39247 69
39248 71
39249 75
39250 85
39251 72
39252 71
39253 68
39254 75
39255 70
39256 79
39257 72
39258 63
39259 66
39260 68
39261 65
39262 77
39263 72
39264 82
39265 71
39266 69
39267 60
39268 64
39269 83
39270 71
39271 73
39272 78
39273 72
39274 74
39275 65
39276 60
39277 71
39278 72
39279 73
39280 70
39281 65
39282 66
39283 72
39284 81
39285 85
39286 67
39287 73
39288 69
39289 64
39290 61
39291 51
39292 52
39293 56
39294 65
39295 62
39296 56
39297 66
39298 74
39299 69
39300 79
39301 78
39302 68
39303 70
39304 76
39305 69
39306 72
39307 67
39308 49
39309 50
39310 68
39311 69
39312 70
39313 74
39314 64
39315 59
39316 45
39317 50
39318 60
39319 56
39320 63
39321 60
39322 63
39323 69
39324 77
39325 69
39326 70
39327 73
39328 69
39329 58
39330 53
39331 67
39332 65
39333 68
39334 70
39335 73
39336 61
39337 58
39338 59
39339 67
39340 64
39341 69
39342 66
39343 66
39344 62
39345 66
39346 70
39347 66
39348 73
39349 75
39350 62
39351 60
39352 53
39353 68
39354 73
39355 61
39356 74
39357 66
39358 67
39359 79
39360 90
39361 82
39362 65
39363 63
39364 60
39365 46
39366 51
39367 60
39368 69
39369 78
39370 79
39371 68
39372 57
39373 55
39374 70
39375 70
39376 67
39377 63
39378 62
39379 59
39380 69
39381 73
39382 70
39383 71
39384 73
39385 73
39386 55
39387 57
39388 71
39389 78
39390 77
39391 69
39392 68
39393 71
39394 65
39395 74
39396 76
39397 83
39398 72
39399 71
39400 61
39401 73
39402 74
39403 73
39404 68
39405 79
39406 70
39407 56
39408 67
39409 73
39410 67
39411 76
39412 67
39413 65
39414 53
39415 69
39416 70
39417 68
39418 70
39419 69
39420 67
39421 62
39422 65
39423 74
39424 68
39425 64
39426 73
39427 66
39428 63
39429 66
39430 65
39431 58
39432 61
39433 57
39434 61
39435 73
39436 72
39437 80
39438 68
39439 70
39440 79
39441 74
39442 60
39443 68
39444 61
39445 68
39446 72
39447 82
39448 70
39449 65
39450 72
39451 81
39452 68
39453 63
39454 78
39455 67
39456 79
39457 75
39458 76
39459 77
39460 60
39461 62
39462 71
39463 72
39464 81
39465 65
39466 70
39467 69
39468 74
39469 80
39470 73
39471 74
39472 77
39473 76
39474 59
39475 58
39476 62
39477 57
39478 41
39479 46
39480 63
39481 70
39482 65
39483 65
39484 57
39485 55
39486 63
39487 74
39488 85
39489 81
39490 72
39491 66
39492 73
39493 69
39494 66
39495 76
39496 75
39497 70
39498 66
39499 61
39500 74
39501 78
39502 81
39503 76
39504 77
39505 79
39506 89
39507 70
39508 72
39509 71
39510 62
39511 59
39512 48
39513 45
39514 47
39515 62
39516 71
39517 74
39518 83
39519 68
39520 65
39521 67
39522 83
39523 76
39524 65
39525 66
39526 71
39527 73
39528 70
39529 67
39530 54
39531 61
39532 70
39533 73
39534 64
39535 73
39536 78
39537 66
39538 60
39539 71
39540 67
39541 64
39542 62
39543 72
39544 64
39545 68
39546 80
39547 69
39548 58
39549 66
39550 73
39551 78
39552 71
39553 70
39554 72
39555 73
39556 66
39557 68
39558 67
39559 82
39560 72
39561 64
39562 78
39563 61
39564 59
39565 61
39566 75
39567 65
39568 78
39569 75
39570 64
39571 66
39572 75
39573 77
39574 81
39575 71
39576 82
39577 79
39578 71
39579 66
39580 63
39581 72
39582 63
39583 74
39584 75
39585 63
39586 74
39587 65
39588 66
39589 74
39590 65
39591 71
39592 76
39593 71
39594 70
39595 67
39596 62
39597 71
39598 67
39599 71
39600 70
39601 72
39602 76
39603 69
39604 69
39605 76
39606 62
39607 76
39608 73
39609 73
39610 72
39611 71
39612 75
39613 70
39614 68
39615 57
39616 66
39617 65
39618 72
39619 72
39620 77
39621 65
39622 64
39623 75
39624 76
39625 68
39626 71
39627 75
39628 70
39629 71
39630 62
39631 65
39632 69
39633 55
39634 61
39635 65
39636 64
39637 75
39638 73
39639 68
39640 62
39641 67
39642 71
39643 72
39644 75
39645 61
39646 51
39647 60
39648 66
39649 64
39650 66
39651 72
39652 76
39653 70
39654 72
39655 70
39656 65
39657 60
39658 57
39659 48
39660 49
39661 52
39662 57
39663 48
39664 49
39665 56
39666 65
39667 66
39668 80
39669 68
39670 65
39671 66
39672 73
39673 81
39674 70
39675 73
39676 56
39677 74
39678 72
39679 69
39680 74
39681 73
39682 76
39683 60
39684 63
39685 70
39686 74
39687 74
39688 65
39689 83
39690 83
39691 74
39692 72
39693 69
39694 76
39695 81
39696 70
39697 68
39698 70
39699 77
39700 70
39701 63
39702 67
39703 71
39704 73
39705 65
39706 59
39707 66
39708 70
39709 72
39710 68
39711 67
39712 65
39713 64
39714 65
39715 67
39716 64
39717 80
39718 80
39719 79
39720 75
39721 63
39722 62
39723 73
39724 66
39725 55
39726 69
39727 78
39728 78
39729 72
39730 58
39731 56
39732 59
39733 63
39734 66
39735 72
39736 73
39737 65
39738 71
39739 77
39740 80
39741 75
39742 72
39743 70
39744 68
39745 69
39746 62
39747 63
39748 70
39749 61
39750 70
39751 65
39752 66
39753 71
39754 68
39755 79
39756 79
39757 72
39758 71
39759 60
39760 59
39761 74
39762 70
39763 63
39764 68
39765 70
39766 70
39767 78
39768 69
39769 72
39770 85
39771 81
39772 70
39773 66
39774 71
39775 68
39776 65
39777 67
39778 66
39779 65
39780 69
39781 60
39782 68
39783 68
39784 65
39785 78
39786 69
39787 72
39788 74
39789 81
39790 74
39791 65
39792 54
39793 68
39794 72
39795 54
39796 56
39797 73
39798 60
39799 65
39800 76
39801 72
39802 69
39803 70
39804 74
39805 67
39806 68
39807 59
39808 55
39809 58
39810 62
39811 65
39812 63
39813 67
39814 62
39815 63
39816 71
39817 78
39818 65
39819 71
39820 64
39821 58
39822 75
39823 85
39824 75
39825 74
39826 70
39827 62
39828 67
39829 71
39830 79
39831 71
39832 65
39833 79
39834 80
39835 82
39836 79
39837 60
39838 67
39839 65
39840 62
39841 70
39842 65
39843 57
39844 42
39845 56
39846 59
39847 68
39848 78
39849 72
39850 75
39851 74
39852 63
39853 73
39854 70
39855 84
39856 82
39857 77
39858 70
39859 63
39860 62
39861 60
39862 64
39863 66
39864 64
39865 66
39866 84
39867 78
39868 70
39869 65
39870 54
39871 49
39872 38
39873 45
39874 62
39875 62
39876 61
39877 58
39878 46
39879 45
39880 49
39881 61
39882 74
39883 67
39884 65
39885 52
39886 65
39887 63
39888 73
39889 80
39890 67
39891 64
39892 77
39893 68
39894 77
39895 74
39896 78
39897 66
39898 67
39899 69
39900 61
39901 67
39902 77
39903 77
39904 83
39905 85
39906 72
39907 75
39908 71
39909 73
39910 74
39911 70
39912 77
39913 77
39914 82
39915 81
39916 72
39917 70
39918 75
39919 67
39920 68
39921 72
39922 64
39923 61
39924 74
39925 74
39926 67
39927 53
39928 71
39929 63
39930 64
39931 66
39932 62
39933 77
39934 79
39935 83
39936 76
39937 68
39938 72
39939 71
39940 56
39941 58
39942 65
39943 71
39944 56
39945 58
39946 64
39947 69
39948 74
39949 74
39950 72
39951 69
39952 68
39953 73
39954 72
39955 73
39956 71
39957 70
39958 76
39959 76
39960 90
39961 83
39962 78
39963 70
39964 76
39965 71
39966 78
39967 77
39968 76
39969 62
39970 70
39971 64
39972 72
39973 73
39974 76
39975 58
39976 64
39977 59
39978 44
39979 49
39980 53
39981 67
39982 71
39983 74
39984 80
39985 77
39986 69
39987 72
39988 73
39989 77
39990 66
39991 68
39992 73
39993 72
39994 77
39995 69
39996 79
39997 73
39998 73
39999 65
40000 70
40001 72
40002 76
40003 67
40004 83
40005 74
40006 75
40007 70
40008 76
40009 71
40010 83
40011 63
40012 61
40013 68
40014 73
40015 69
40016 67
40017 65
40018 77
40019 73
40020 68
40021 76
40022 77
40023 74
40024 77
40025 78
40026 64
40027 62
40028 56
40029 63
40030 66
40031 69
40032 71
40033 71
40034 69
40035 60
40036 59
40037 51
40038 61
40039 71
40040 62
40041 58
40042 56
40043 50
40044 69
40045 63
40046 71
40047 73
40048 63
40049 72
40050 69
40051 70
40052 70
40053 66
40054 62
40055 72
40056 74
40057 74
40058 82
40059 67
40060 72
40061 69
40062 68
40063 65
40064 70
40065 62
40066 67
40067 69
40068 71
40069 72
40070 72
40071 72
40072 76
40073 70
40074 73
40075 75
40076 66
40077 74
40078 56
40079 65
40080 65
40081 68
40082 73
40083 65
40084 74
40085 66
40086 85
40087 69
40088 69
40089 73
40090 74
40091 83
40092 83
40093 87
40094 75
40095 60
40096 48
40097 59
40098 76
40099 76
40100 69
40101 61
40102 66
40103 66
40104 61
40105 65
40106 67
40107 77
40108 73
40109 63
40110 62
40111 53
40112 61
40113 63
40114 82
40115 88
40116 79
40117 60
40118 59
40119 65
40120 64
40121 68
40122 70
40123 68
40124 71
40125 70
40126 70
40127 70
40128 71
40129 76
40130 62
40131 73
40132 77
40133 67
40134 68
40135 68
40136 64
40137 65
40138 60
40139 72
40140 77
40141 81
40142 77
40143 70
40144 78
40145 69
40146 74
40147 76
40148 67
40149 56
40150 53
40151 65
40152 75
40153 88
40154 83
40155 74
40156 70
40157 70
40158 58
40159 42
40160 54
40161 51
40162 47
40163 52
40164 59
40165 76
40166 75
40167 67
40168 67
40169 72
40170 80
40171 65
40172 77
40173 62
40174 66
40175 72
40176 78
40177 59
40178 64
40179 68
40180 69
40181 67
40182 62
40183 68
40184 69
40185 80
40186 74
40187 78
40188 76
40189 72
40190 78
40191 68
40192 63
40193 67
40194 70
40195 67
40196 59
40197 57
40198 60
40199 71
40200 65
40201 67
40202 72
40203 64
40204 63
40205 73
40206 73
40207 66
40208 64
40209 62
40210 65
40211 66
40212 73
40213 70
40214 73
40215 70
40216 70
40217 73
40218 74
40219 73
40220 67
40221 73
40222 63
40223 71
40224 57
40225 56
40226 53
40227 42
40228 62
40229 80
40230 61
40231 69
40232 71
40233 86
40234 92
40235 80
40236 68
40237 67
40238 75
40239 72
40240 76
40241 65
40242 68
40243 72
40244 71
40245 70
40246 78
40247 64
40248 73
40249 65
40250 73
40251 82
40252 71
40253 77
40254 68
40255 73
40256 66
40257 58
40258 47
40259 46
40260 49
40261 64
40262 82
40263 76
40264 75
40265 76
40266 81
40267 67
40268 70
40269 61
40270 68
40271 68
40272 69
40273 83
40274 64
40275 63
40276 65
40277 71
40278 67
40279 75
40280 63
40281 71
40282 77
40283 70
40284 66
40285 59
40286 60
40287 61
40288 77
40289 76
40290 65
40291 83
40292 82
40293 83
40294 69
40295 69
40296 78
40297 66
40298 75
40299 64
40300 60
40301 55
40302 67
40303 72
40304 84
40305 73
40306 75
40307 65
40308 79
40309 79
40310 72
40311 82
40312 72
40313 57
40314 72
40315 71
40316 74
40317 75
40318 67
40319 79
40320 72
40321 71
40322 70
40323 66
40324 72
40325 73
40326 75
40327 63
40328 72
40329 70
40330 69
40331 70
40332 73
40333 76
40334 70
40335 70
40336 68
40337 75
40338 68
40339 66
40340 76
40341 79
40342 71
40343 73
40344 59
40345 71
40346 66
40347 69
40348 73
40349 70
40350 58
40351 60
40352 61
40353 77
40354 76
40355 73
40356 71
40357 70
40358 64
40359 71
40360 70
40361 83
40362 71
40363 75
40364 89
40365 77
40366 65
40367 69
40368 78
40369 61
40370 59
40371 65
40372 60
40373 67
40374 65
40375 61
40376 80
40377 79
40378 91
40379 76
40380 73
40381 74
40382 71
40383 75
40384 73
40385 77
40386 68
40387 67
40388 71
40389 71
40390 67
40391 69
40392 66
40393 76
40394 70
40395 71
40396 66
40397 80
40398 71
40399 70
40400 68
40401 70
40402 72
40403 73
40404 74
40405 83
40406 76
40407 72
40408 64
40409 67
40410 75
40411 76
40412 84
40413 66
40414 63
40415 76
40416 60
40417 53
40418 70
40419 69
40420 72
40421 72
40422 76
40423 73
40424 70
40425 71
40426 71
40427 70
40428 67
40429 59
40430 61
40431 66
40432 71
40433 72
40434 74
40435 73
40436 75
40437 83
40438 76
40439 77
40440 79
40441 65
40442 71
40443 76
40444 89
40445 80
40446 83
40447 77
40448 69
40449 64
40450 72
40451 72
40452 71
40453 65
40454 62
40455 65
40456 55
40457 64
40458 67
40459 56
40460 54
40461 58
40462 66
40463 67
40464 80
40465 73
40466 88
40467 74
40468 70
40469 76
40470 72
40471 67
40472 67
40473 67
40474 54
40475 59
40476 60
40477 68
40478 60
40479 55
40480 47
40481 46
40482 58
40483 60
40484 60
40485 53
40486 67
40487 68
40488 77
40489 77
40490 65
40491 79
40492 71
40493 64
40494 67
40495 68
40496 72
40497 63
40498 64
40499 69
40500 75
40501 73
40502 76
40503 75
40504 73
40505 64
40506 58
40507 70
40508 68
40509 62
40510 79
40511 67
40512 68
40513 74
40514 68
40515 63
40516 61
40517 76
40518 71
40519 77
40520 71
40521 71
40522 68
40523 69
40524 60
40525 65
40526 64
40527 59
40528 65
40529 67
40530 68
40531 71
40532 69
40533 65
40534 64
40535 62
40536 61
40537 72
40538 67
40539 70
40540 72
40541 76
40542 69
40543 69
40544 74
40545 69
40546 64
40547 65
40548 59
40549 72
40550 63
40551 59
40552 76
40553 69
40554 69
40555 76
40556 75
40557 69
40558 68
40559 63
40560 64
40561 56
40562 65
40563 54
40564 44
40565 52
40566 65
40567 64
40568 61
40569 59
40570 68
40571 65
40572 68
40573 76
40574 71
40575 64
40576 66
40577 60
40578 51
40579 67
40580 70
40581 61
40582 52
40583 55
40584 74
40585 88
40586 78
40587 58
40588 71
40589 79
40590 81
40591 78
40592 60
40593 71
40594 73
40595 70
40596 68
40597 82
40598 70
40599 76
40600 69
40601 73
40602 75
40603 68
40604 78
40605 69
40606 76
40607 76
40608 83
40609 80
40610 77
40611 77
40612 78
40613 58
40614 58
40615 70
40616 66
40617 72
40618 62
40619 56
40620 68
40621 74
40622 73
40623 55
40624 51
40625 54
40626 68
40627 69
40628 74
40629 78
40630 64
40631 71
40632 80
40633 70
40634 63
40635 60
40636 71
40637 69
40638 54
40639 68
40640 56
40641 69
40642 69
40643 64
40644 77
40645 73
40646 70
40647 71
40648 72
40649 69
40650 71
40651 58
40652 71
40653 78
40654 75
40655 65
40656 66
40657 62
40658 63
40659 64
40660 65
40661 66
40662 79
40663 74
40664 74
40665 77
40666 70
40667 64
40668 65
40669 61
40670 68
40671 68
40672 73
40673 77
40674 67
40675 56
40676 58
40677 73
40678 73
40679 70
40680 74
40681 67
40682 63
40683 73
40684 75
40685 75
40686 72
40687 70
40688 70
40689 72
40690 74
40691 74
40692 59
40693 70
40694 69
40695 53
40696 55
40697 73
40698 77
40699 71
40700 79
40701 83
40702 74
40703 65
40704 73
40705 72
40706 56
40707 61
40708 63
40709 65
40710 62
40711 65
40712 73
40713 72
40714 59
40715 67
40716 71
40717 68
40718 73
40719 68
40720 68
40721 70
40722 66
40723 75
40724 71
40725 63
40726 53
40727 42
40728 37
40729 57
40730 63
40731 59
40732 62
40733 69
40734 65
40735 67
40736 64
40737 70
40738 69
40739 63
40740 71
40741 60
40742 61
40743 69
40744 56
40745 61
40746 59
40747 70
40748 68
40749 80
40750 79
40751 88
40752 73
40753 77
40754 72
40755 74
40756 88
40757 77
40758 74
40759 79
40760 60
40761 79
40762 71
40763 70
40764 70
40765 81
40766 68
40767 65
40768 73
40769 71
40770 73
40771 67
40772 69
40773 70
40774 75
40775 69
40776 70
40777 64
40778 82
40779 73
40780 69
40781 75
40782 71
40783 56
40784 50
40785 67
40786 68
40787 67
40788 77
40789 68
40790 70
40791 58
40792 49
40793 52
40794 63
40795 64
40796 67
40797 65
40798 61
40799 61
40800 74
40801 74
40802 71
40803 65
40804 72
40805 76
40806 80
40807 83
40808 75
40809 71
40810 64
40811 69
40812 71
40813 62
40814 62
40815 59
40816 75
40817 67
40818 71
40819 75
40820 75
40821 69
40822 68
40823 69
40824 75
40825 73
40826 73
40827 69
40828 67
40829 68
40830 66
40831 73
40832 78
40833 66
40834 68
40835 68
40836 69
40837 78
40838 65
40839 63
40840 75
40841 75
40842 65
40843 69
40844 64
40845 71
40846 72
40847 77
40848 68
40849 74
40850 80
40851 66
40852 76
40853 71
40854 70
40855 67
40856 75
40857 72
40858 57
40859 69
40860 75
40861 73
40862 75
40863 79
40864 64
40865 65
40866 79
40867 75
40868 77
40869 66
40870 65
40871 69
40872 68
40873 66
40874 69
40875 67
40876 71
40877 72
40878 87
40879 73
40880 71
40881 68
40882 75
40883 83
40884 79
40885 72
40886 76
40887 73
40888 68
40889 71
40890 65
40891 61
40892 60
40893 56
40894 52
40895 53
40896 53
40897 61
40898 74
40899 78
40900 63
40901 71
40902 64
40903 69
40904 55
40905 62
40906 80
40907 67
40908 72
40909 69
40910 66
40911 57
40912 58
40913 69
40914 67
40915 63
40916 68
40917 63
40918 64
40919 65
40920 71
40921 85
40922 80
40923 69
40924 61
40925 65
40926 63
40927 66
40928 73
40929 69
40930 81
40931 71
40932 67
40933 63
40934 54
40935 45
40936 55
40937 56
40938 58
40939 67
40940 59
40941 64
40942 76
40943 67
40944 73
40945 74
40946 67
40947 68
40948 66
40949 57
40950 49
40951 59
40952 62
40953 64
40954 72
40955 68
40956 73
40957 72
40958 71
40959 59
40960 74
40961 75
40962 72
40963 75
40964 72
40965 73
40966 59
40967 69
40968 65
40969 68
40970 66
40971 66
40972 57
40973 67
40974 76
40975 63
40976 66
40977 66
40978 69
40979 68
40980 79
40981 80
40982 67
40983 70
40984 70
40985 66
40986 64
40987 58
40988 67
40989 65
40990 73
40991 82
40992 77
40993 67
40994 64
40995 58
40996 38
40997 34
40998 41
40999 52
41000 63
41001 64
41002 80
41003 66
41004 72
41005 69
41006 74
41007 76
41008 69
41009 58
41010 57
41011 68
41012 72
41013 87
41014 79
41015 93
41016 75
41017 66
41018 60
41019 67
41020 70
41021 61
41022 63
41023 66
41024 79
41025 65
41026 67
41027 53
41028 42
41029 50
41030 68
41031 78
41032 71
41033 82
41034 89
41035 78
41036 74
41037 63
41038 75
41039 66
41040 75
41041 79
41042 78
41043 69
41044 66
41045 62
41046 63
41047 65
41048 71
41049 67
41050 72
41051 68
41052 72
41053 67
41054 58
41055 66
41056 69
41057 69
41058 64
41059 63
41060 62
41061 72
41062 64
41063 71
41064 74
41065 59
41066 58
41067 70
41068 74
41069 69
41070 72
41071 58
41072 57
41073 68
41074 69
41075 69
41076 85
41077 66
41078 64
41079 60
41080 55
41081 48
41082 42
41083 50
41084 60
41085 67
41086 69
41087 67
41088 73
41089 70
41090 73
41091 63
41092 63
41093 56
41094 55
41095 66
41096 71
41097 70
41098 66
41099 51
41100 62
41101 67
41102 80
41103 71
41104 71
41105 66
41106 55
41107 52
41108 56
41109 59
41110 68
41111 62
41112 61
41113 60
41114 66
41115 78
41116 71
41117 81
41118 69
41119 72
41120 66
41121 54
41122 63
41123 72
41124 76
41125 81
41126 78
41127 73
41128 66
41129 85
41130 76
41131 80
41132 73
41133 66
41134 67
41135 74
41136 76
41137 68
41138 66
41139 59
41140 65
41141 67
41142 63
41143 66
41144 75
41145 79
41146 66
41147 58
41148 71
41149 79
41150 66
41151 74
41152 65
41153 70
41154 63
41155 57
41156 67
41157 71
41158 73
41159 71
41160 67
41161 57
41162 62
41163 67
41164 76
41165 73
41166 77
41167 74
41168 60
41169 48
41170 60
41171 79
41172 79
41173 68
41174 66
41175 70
41176 85
41177 78
41178 68
41179 64
41180 63
41181 68
41182 77
41183 77
41184 66
41185 63
41186 56
41187 58
41188 72
41189 70
41190 64
41191 77
41192 65
41193 61
41194 67
41195 72
41196 65
41197 69
41198 70
41199 70
41200 72
41201 66
41202 63
41203 47
41204 50
41205 53
41206 61
41207 70
41208 72
41209 68
41210 69
41211 76
41212 81
41213 68
41214 66
41215 59
41216 61
41217 62
41218 61
41219 62
41220 65
41221 73
41222 65
41223 69
41224 63
41225 63
41226 65
41227 76
41228 68
41229 70
41230 56
41231 61
41232 67
41233 48
41234 64
41235 68
41236 64
41237 77
41238 76
41239 71
41240 59
41241 58
41242 68
41243 67
41244 82
41245 76
41246 64
41247 65
41248 69
41249 66
41250 78
41251 78
41252 88
41253 89
41254 84
41255 70
41256 71
41257 63
41258 74
41259 79
41260 59
41261 76
41262 71
41263 75
41264 78
41265 85
41266 75
41267 62
41268 68
41269 69
41270 72
41271 77
41272 78
41273 85
41274 74
41275 68
41276 74
41277 67
41278 71
41279 72
41280 62
41281 69
41282 70
41283 64
41284 63
41285 73
41286 67
41287 68
41288 74
41289 62
41290 53
41291 48
41292 45
41293 57
41294 59
41295 53
41296 63
41297 53
41298 45
41299 62
41300 72
41301 68
41302 78
41303 79
41304 79
41305 78
41306 61
41307 74
41308 67
41309 61
41310 70
41311 71
41312 69
41313 69
41314 67
41315 60
41316 61
41317 62
41318 72
41319 67
41320 72
41321 70
41322 63
41323 64
41324 72
41325 63
41326 68
41327 61
41328 63
41329 66
41330 68
41331 66
41332 68
41333 67
41334 66
41335 71
41336 71
41337 61
41338 60
41339 50
41340 57
41341 77
41342 74
41343 77
41344 63
41345 60
41346 62
41347 66
41348 65
41349 66
41350 69
41351 67
41352 54
41353 65
41354 74
41355 66
41356 67
41357 73
41358 74
41359 67
41360 69
41361 71
41362 70
41363 76
41364 81
41365 67
41366 73
41367 68
41368 72
41369 63
41370 61
41371 62
41372 66
41373 72
41374 71
41375 74
41376 72
41377 73
41378 70
41379 63
41380 74
41381 64
41382 75
41383 66
41384 62
41385 55
41386 65
41387 64
41388 65
41389 64
41390 65
41391 59
41392 62
41393 63
41394 72
41395 75
41396 81
41397 83
41398 68
41399 69
41400 58
41401 62
41402 67
41403 72
41404 79
41405 90
41406 80
41407 77
41408 64
41409 61
41410 72
41411 69
41412 77
41413 72
41414 80
41415 73
41416 59
41417 74
41418 78
41419 78
41420 58
41421 65
41422 76
41423 71
41424 68
41425 69
41426 76
41427 75
41428 68
41429 66
41430 66
41431 72
41432 81
41433 80
41434 79
41435 66
41436 65
41437 72
41438 73
41439 64
41440 63
41441 63
41442 68
41443 82
41444 72
41445 82
41446 87
41447 80
41448 72
41449 60
41450 63
41451 67
41452 77
41453 71
41454 69
41455 75
41456 77
41457 81
41458 64
41459 60
41460 55
41461 65
41462 68
41463 73
41464 71
41465 61
41466 71
41467 72
41468 77
41469 72
41470 73
41471 62
41472 73
41473 72
41474 68
41475 74
41476 61
41477 56
41478 69
41479 70
41480 65
41481 67
41482 60
41483 69
41484 73
41485 82
41486 87
41487 83
41488 71
41489 68
41490 75
41491 76
41492 65
41493 61
41494 56
41495 65
41496 59
41497 62
41498 69
41499 72
41500 70
41501 74
41502 73
41503 77
41504 71
41505 73
41506 72
41507 81
41508 67
41509 72
41510 64
41511 57
41512 73
41513 71
41514 73
41515 58
41516 65
41517 76
41518 70
41519 70
41520 72
41521 77
41522 76
41523 72
41524 60
41525 64
41526 66
41527 71
41528 66
41529 61
41530 60
41531 47
41532 49
41533 48
41534 60
41535 65
41536 64
41537 61
41538 69
41539 71
41540 70
41541 61
41542 66
41543 71
41544 72
41545 74
41546 78
41547 69
41548 65
41549 68
41550 63
41551 72
41552 78
41553 69
41554 82
41555 73
41556 71
41557 75
41558 73
41559 81
41560 68
41561 58
41562 61
41563 66
41564 68
41565 69
41566 65
41567 60
41568 70
41569 70
41570 62
41571 60
41572 69
41573 61
41574 54
41575 57
41576 62
41577 66
41578 70
41579 53
41580 68
41581 58
41582 57
41583 75
41584 68
41585 71
41586 68
41587 70
41588 64
41589 62
41590 74
41591 64
41592 52
41593 68
41594 61
41595 61
41596 63
41597 63
41598 68
41599 68
41600 73
41601 67
41602 60
41603 65
41604 61
41605 60
41606 67
41607 74
41608 72
41609 64
41610 67
41611 63
41612 59
41613 52
41614 63
41615 60
41616 70
41617 65
41618 61
41619 63
41620 68
41621 72
41622 78
41623 76
41624 78
41625 59
41626 65
41627 69
41628 57
41629 62
41630 69
41631 71
41632 60
41633 56
41634 51
41635 67
41636 70
41637 57
41638 66
41639 74
41640 76
41641 80
41642 68
41643 59
41644 67
41645 80
41646 83
41647 83
41648 74
41649 72
41650 71
41651 73
41652 69
41653 68
41654 69
41655 61
41656 63
41657 62
41658 71
41659 74
41660 69
41661 74
41662 63
41663 65
41664 63
41665 66
41666 60
41667 72
41668 66
41669 62
41670 57
41671 60
41672 72
41673 57
41674 68
41675 72
41676 82
41677 71
41678 72
41679 63
41680 77
41681 74
41682 73
41683 63
41684 54
41685 72
41686 66
41687 84
41688 71
41689 62
41690 80
41691 85
41692 71
41693 75
41694 83
41695 65
41696 68
41697 64
41698 62
41699 56
41700 49
41701 62
41702 73
41703 69
41704 64
41705 73
41706 54
41707 48
41708 51
41709 68
41710 59
41711 71
41712 70
41713 72
41714 67
41715 76
41716 72
41717 62
41718 71
41719 60
41720 59
41721 59
41722 74
41723 76
41724 77
41725 73
41726 75
41727 78
41728 75
41729 69
41730 63
41731 55
41732 66
41733 73
41734 68
41735 64
41736 80
41737 64
41738 59
41739 65
41740 80
41741 88
41742 68
41743 70
41744 67
41745 74
41746 72
41747 65
41748 81
41749 80
41750 69
41751 72
41752 67
41753 62
41754 59
41755 65
41756 68
41757 70
41758 69
41759 69
41760 74
41761 74
41762 71
41763 68
41764 71
41765 64
41766 67
41767 67
41768 66
41769 69
41770 74
41771 61
41772 57
41773 61
41774 64
41775 70
41776 65
41777 63
41778 56
41779 42
41780 58
41781 55
41782 65
41783 76
41784 74
41785 75
41786 66
41787 72
41788 68
41789 74
41790 75
41791 65
41792 61
41793 62
41794 82
41795 69
41796 65
41797 53
41798 68
41799 74
41800 67
41801 63
41802 69
41803 63
41804 72
41805 65
41806 52
41807 54
41808 59
41809 70
41810 71
41811 67
41812 71
41813 71
41814 67
41815 67
41816 75
41817 77
41818 75
41819 73
41820 65
41821 64
41822 66
41823 69
41824 69
41825 70
41826 78
41827 78
41828 73
41829 72
41830 77
41831 81
41832 70
41833 72
41834 65
41835 62
41836 60
41837 66
41838 68
41839 58
41840 51
41841 63
41842 78
41843 66
41844 57
41845 67
41846 72
41847 74
41848 57
41849 52
41850 68
41851 83
41852 71
41853 75
41854 74
41855 66
41856 68
41857 84
41858 69
41859 73
41860 73
41861 77
41862 67
41863 77
41864 73
41865 90
41866 72
41867 78
41868 68
41869 62
41870 66
41871 63
41872 47
41873 61
41874 66
41875 74
41876 79
41877 80
41878 71
41879 68
41880 65
41881 64
41882 63
41883 60
41884 65
41885 58
41886 56
41887 57
41888 59
41889 70
41890 85
41891 73
41892 64
41893 65
41894 72
41895 73
41896 63
41897 65
41898 64
41899 68
41900 56
41901 58
41902 60
41903 62
41904 72
41905 79
41906 74
41907 62
41908 80
41909 80
41910 64
41911 63
41912 70
41913 75
41914 83
41915 76
41916 70
41917 83
41918 86
41919 85
41920 74
41921 77
41922 71
41923 75
41924 64
41925 60
41926 57
41927 60
41928 57
41929 66
41930 66
41931 75
41932 76
41933 73
41934 76
41935 71
41936 71
41937 59
41938 77
41939 80
41940 81
41941 79
41942 63
41943 61
41944 68
41945 69
41946 66
41947 70
41948 74
41949 78
41950 81
41951 78
41952 70
41953 68
41954 66
41955 58
41956 57
41957 67
41958 78
41959 75
41960 78
41961 74
41962 75
41963 68
41964 71
41965 78
41966 67
41967 68
41968 73
41969 69
41970 67
41971 77
41972 72
41973 64
41974 72
41975 72
41976 70
41977 65
41978 79
41979 65
41980 68
41981 66
41982 62
41983 78
41984 74
41985 62
41986 61
41987 58
41988 56
41989 57
41990 54
41991 52
41992 66
41993 67
41994 83
41995 68
41996 74
41997 63
41998 70
41999 78
42000 71
42001 64
42002 72
42003 69
42004 65
42005 60
42006 61
42007 51
42008 55
42009 56
42010 67
42011 72
42012 67
42013 62
42014 69
42015 72
42016 75
42017 69
42018 73
42019 68
42020 78
42021 71
42022 62
42023 67
42024 66
42025 81
42026 73
42027 69
42028 69
42029 73
42030 69
42031 62
42032 61
42033 60
42034 58
42035 60
42036 77
42037 75
42038 66
42039 67
42040 54
42041 61
42042 66
42043 67
42044 69
42045 86
42046 71
42047 72
42048 75
42049 83
42050 74
42051 72
42052 70
42053 76
42054 75
42055 76
42056 73
42057 63
42058 59
42059 68
42060 74
42061 68
42062 67
42063 63
42064 68
42065 75
42066 64
42067 70
42068 54
42069 57
42070 55
42071 43
42072 42
42073 45
42074 52
42075 60
42076 63
42077 64
42078 70
42079 69
42080 65
42081 68
42082 74
42083 64
42084 65
42085 75
42086 60
42087 73
42088 71
42089 75
42090 64
42091 54
42092 67
42093 63
42094 66
42095 73
42096 65
42097 63
42098 69
42099 68
42100 69
42101 74
42102 71
42103 68
42104 62
42105 62
42106 70
42107 78
42108 82
42109 70
42110 71
42111 70
42112 64
42113 56
42114 64
42115 71
42116 69
42117 56
42118 64
42119 56
42120 62
42121 73
42122 70
42123 77
42124 71
42125 71
42126 74
42127 74
42128 68
42129 64
42130 68
42131 76
42132 65
42133 67
42134 62
42135 67
42136 64
42137 68
42138 62
42139 64
42140 66
42141 64
42142 73
42143 72
42144 68
42145 70
42146 76
42147 81
42148 71
42149 70
42150 73
42151 61
42152 62
42153 67
42154 68
42155 73
42156 74
42157 75
42158 93
42159 94
42160 74
42161 72
42162 70
42163 72
42164 71
42165 70
42166 68
42167 74
42168 65
42169 64
42170 70
42171 68
42172 75
42173 68
42174 86
42175 89
42176 70
42177 84
42178 65
42179 58
42180 60
42181 74
42182 67
42183 60
42184 80
42185 80
42186 64
42187 72
42188 69
42189 71
42190 71
42191 61
42192 77
42193 75
42194 81
42195 74
42196 74
42197 72
42198 72
42199 68
42200 66
42201 60
42202 63
42203 67
42204 70
42205 68
42206 52
42207 56
42208 61
42209 66
42210 70
42211 78
42212 76
42213 79
42214 67
42215 69
42216 71
42217 68
42218 75
42219 71
42220 75
42221 71
42222 78
42223 73
42224 74
42225 64
42226 71
42227 66
42228 62
42229 66
42230 78
42231 66
42232 69
42233 60
42234 65
42235 73
42236 74
42237 77
42238 70
42239 69
42240 66
42241 68
42242 73
42243 68
42244 66
42245 69
42246 75
42247 61
42248 52
42249 64
42250 79
42251 71
42252 74
42253 83
42254 74
42255 71
42256 52
42257 63
42258 60
42259 47
42260 35
42261 36
42262 51
42263 56
42264 67
42265 70
42266 64
42267 76
42268 75
42269 67
42270 64
42271 73
42272 68
42273 65
42274 68
42275 63
42276 56
42277 71
42278 74
42279 74
42280 70
42281 63
42282 68
42283 70
42284 70
42285 67
42286 73
42287 81
42288 69
42289 70
42290 65
42291 69
42292 72
42293 68
42294 80
42295 68
42296 67
42297 60
42298 42
42299 59
42300 63
42301 73
42302 66
42303 77
42304 73
42305 71
42306 58
42307 57
42308 63
42309 62
42310 66
42311 64
42312 63
42313 76
42314 69
42315 50
42316 49
42317 56
42318 61
42319 64
42320 63
42321 69
42322 74
42323 71
42324 68
42325 69
42326 77
42327 77
42328 69
42329 59
42330 68
42331 70
42332 66
42333 75
42334 72
42335 67
42336 65
42337 64
42338 69
42339 71
42340 66
42341 70
42342 75
42343 74
42344 71
42345 66
42346 68
42347 74
42348 76
42349 78
42350 76
42351 75
42352 76
42353 74
42354 68
42355 80
42356 70
42357 67
42358 67
42359 74
42360 75
42361 80
42362 61
42363 64
42364 66
42365 72
42366 75
42367 67
42368 65
42369 57
42370 70
42371 76
42372 76
42373 80
42374 72
42375 72
42376 61
42377 65
42378 72
42379 69
42380 65
42381 60
42382 67
42383 78
42384 70
42385 76
42386 63
42387 69
42388 71
42389 65
42390 60
42391 58
42392 56
42393 62
42394 74
42395 70
42396 60
42397 66
42398 72
42399 74
42400 67
42401 54
42402 72
42403 77
42404 65
42405 71
42406 60
42407 61
42408 68
42409 69
42410 80
42411 72
42412 65
42413 79
42414 65
42415 65
42416 67
42417 57
42418 50
42419 58
42420 70
42421 67
42422 57
42423 47
42424 66
42425 71
42426 71
42427 62
42428 64
42429 74
42430 78
42431 65
42432 63
42433 61
42434 80
42435 68
42436 55
42437 69
42438 72
42439 81
42440 71
42441 82
42442 84
42443 78
42444 76
42445 57
42446 58
42447 53
42448 64
42449 65
42450 59
42451 49
42452 51
42453 53
42454 65
42455 60
42456 72
42457 79
42458 84
42459 86
42460 71
42461 62
42462 70
42463 67
42464 72
42465 68
42466 75
42467 70
42468 67
42469 71
42470 73
42471 74
42472 74
42473 65
42474 67
42475 62
42476 67
42477 58
42478 77
42479 68
42480 68
42481 76
42482 80
42483 65
42484 63
42485 75
42486 70
42487 66
42488 61
42489 59
42490 73
42491 74
42492 67
42493 62
42494 72
42495 75
42496 69
42497 72
42498 78
42499 77
42500 75
42501 67
42502 58
42503 60
42504 54
42505 69
42506 74
42507 68
42508 69
42509 70
42510 57
42511 55
42512 63
42513 51
42514 50
42515 63
42516 63
42517 67
42518 68
42519 69
42520 70
42521 64
42522 77
42523 58
42524 58
42525 70
42526 83
42527 67
42528 66
42529 74
42530 65
42531 64
42532 66
42533 57
42534 51
42535 70
42536 76
42537 71
42538 74
42539 73
42540 60
42541 72
42542 73
42543 73
42544 69
42545 67
42546 65
42547 63
42548 69
42549 69
42550 79
42551 73
42552 74
42553 72
42554 73
42555 80
42556 78
42557 75
42558 72
42559 75
42560 72
42561 71
42562 73
42563 77
42564 71
42565 77
42566 63
42567 64
42568 68
42569 75
42570 73
42571 68
42572 64
42573 63
42574 69
42575 70
42576 69
42577 75
42578 67
42579 65
42580 66
42581 63
42582 79
42583 71
42584 69
42585 72
42586 81
42587 84
42588 67
42589 69
42590 69
42591 69
42592 69
42593 74
42594 68
42595 68
42596 71
42597 70
42598 69
42599 64
42600 63
42601 71
42602 66
42603 62
42604 77
42605 71
42606 76
42607 82
42608 81
42609 65
42610 65
42611 73
42612 69
42613 65
42614 67
42615 75
42616 59
42617 69
42618 70
42619 69
42620 66
42621 77
42622 75
42623 76
42624 77
42625 60
42626 63
42627 66
42628 46
42629 61
42630 63
42631 69
42632 65
42633 64
42634 66
42635 65
42636 58
42637 61
42638 69
42639 64
42640 67
42641 63
42642 70
42643 72
42644 66
42645 68
42646 69
42647 67
42648 69
42649 70
42650 70
42651 82
42652 78
42653 59
42654 67
42655 74
42656 63
42657 74
42658 67
42659 71
42660 76
42661 79
42662 68
42663 59
42664 68
42665 81
42666 88
42667 81
42668 64
42669 56
42670 70
42671 74
42672 77
42673 85
42674 65
42675 69
42676 65
42677 70
42678 66
42679 71
42680 72
42681 72
42682 73
42683 67
42684 69
42685 71
42686 60
42687 61
42688 65
42689 84
42690 79
42691 72
42692 78
42693 92
42694 95
42695 80
42696 70
42697 69
42698 77
42699 67
42700 71
42701 66
42702 63
42703 62
42704 64
42705 58
42706 70
42707 67
42708 62
42709 73
42710 74
42711 80
42712 74
42713 62
42714 67
42715 57
42716 69
42717 62
42718 68
42719 78
42720 85
42721 73
42722 58
42723 71
42724 74
42725 61
42726 70
42727 87
42728 72
42729 62
42730 72
42731 68
42732 75
42733 59
42734 67
42735 76
42736 85
42737 71
42738 79
42739 70
42740 75
42741 58
42742 61
42743 80
42744 76
42745 79
42746 63
42747 58
42748 54
42749 64
42750 61
42751 69
42752 70
42753 74
42754 80
42755 73
42756 60
42757 68
42758 67
42759 74
42760 61
42761 42
42762 40
42763 59
42764 68
42765 82
42766 62
42767 65
42768 65
42769 65
42770 71
42771 79
42772 77
42773 76
42774 62
42775 53
42776 71
42777 65
42778 70
42779 61
42780 65
42781 72
42782 81
42783 83
42784 79
42785 65
42786 69
42787 70
42788 71
42789 70
42790 75
42791 78
42792 68
42793 76
42794 74
42795 57
42796 63
42797 61
42798 55
42799 54
42800 63
42801 66
42802 72
42803 68
42804 68
42805 61
42806 60
42807 63
42808 62
42809 61
42810 59
42811 71
42812 77
42813 76
42814 76
42815 72
42816 73
42817 70
42818 77
42819 62
42820 64
42821 67
42822 71
42823 69
42824 77
42825 65
42826 62
42827 61
42828 64
42829 70
42830 79
42831 82
42832 64
42833 61
42834 59
42835 69
42836 82
42837 75
42838 67
42839 70
42840 74
42841 71
42842 72
42843 74
42844 70
42845 71
42846 67
42847 81
42848 73
42849 65
42850 67
42851 79
42852 73
42853 69
42854 73
42855 74
42856 77
42857 68
42858 66
42859 68
42860 67
42861 72
42862 85
42863 76
42864 65
42865 65
42866 73
42867 56
42868 71
42869 67
42870 64
42871 64
42872 63
42873 57
42874 67
42875 56
42876 70
42877 73
42878 75
42879 62
42880 56
42881 41
42882 27
42883 30
42884 44
42885 54
42886 64
42887 63
42888 53
42889 62
42890 62
42891 67
42892 68
42893 77
42894 68
42895 66
42896 68
42897 72
42898 65
42899 69
42900 78
42901 77
42902 65
42903 79
42904 63
42905 66
42906 75
42907 73
42908 65
42909 66
42910 69
42911 65
42912 73
42913 77
42914 75
42915 62
42916 63
42917 75
42918 63
42919 55
42920 73
42921 78
42922 73
42923 79
42924 73
42925 65
42926 70
42927 65
42928 73
42929 72
42930 82
42931 76
42932 57
42933 69
42934 75
42935 67
42936 65
42937 73
42938 77
42939 74
42940 72
42941 70
42942 67
42943 68
42944 55
42945 67
42946 81
42947 66
42948 61
42949 67
42950 75
42951 64
42952 65
42953 68
42954 78
42955 73
42956 75
42957 77
42958 76
42959 71
42960 74
42961 69
42962 64
42963 55
42964 61
42965 66
42966 67
42967 65
42968 70
42969 69
42970 56
42971 67
42972 54
42973 60
42974 67
42975 60
42976 72
42977 65
42978 71
42979 61
42980 57
42981 65
42982 68
42983 82
42984 75
42985 67
42986 69
42987 60
42988 80
42989 94
42990 81
42991 64
42992 73
42993 70
42994 72
42995 75
42996 56
42997 60
42998 76
42999 75
43000 66
43001 67
43002 78
43003 77
43004 62
43005 72
43006 68
43007 62
43008 58
43009 60
43010 65
43011 63
43012 58
43013 67
43014 74
43015 72
43016 69
43017 70
43018 75
43019 76
43020 85
43021 68
43022 64
43023 69
43024 69
43025 70
43026 67
43027 75
43028 95
43029 86
43030 68
43031 68
43032 63
43033 74
43034 71
43035 61
43036 67
43037 75
43038 65
43039 79
43040 71
43041 62
43042 47
43043 48
43044 55
43045 67
43046 71
43047 64
43048 73
43049 66
43050 62
43051 74
43052 60
43053 66
43054 60
43055 64
43056 52
43057 61
43058 64
43059 65
43060 69
43061 69
43062 71
43063 78
43064 75
43065 70
43066 75
43067 64
43068 67
43069 76
43070 74
43071 73
43072 69
43073 78
43074 63
43075 55
43076 66
43077 64
43078 72
43079 68
43080 70
43081 89
43082 79
43083 72
43084 68
43085 68
43086 63
43087 61
43088 59
43089 61
43090 62
43091 67
43092 74
43093 57
43094 56
43095 52
43096 60
43097 60
43098 73
43099 63
43100 78
43101 69
43102 68
43103 76
43104 70
43105 67
43106 63
43107 54
43108 63
43109 63
43110 66
43111 78
43112 62
43113 65
43114 67
43115 76
43116 82
43117 76
43118 68
43119 66
43120 68
43121 80
43122 85
43123 77
43124 78
43125 74
43126 67
43127 52
43128 62
43129 66
43130 76
43131 67
43132 57
43133 62
43134 61
43135 58
43136 72
43137 65
43138 56
43139 75
43140 74
43141 88
43142 68
43143 78
43144 71
43145 70
43146 69
43147 75
43148 79
43149 76
43150 73
43151 84
43152 73
43153 74
43154 64
43155 74
43156 61
43157 55
43158 71
43159 66
43160 66
43161 74
43162 62
43163 71
43164 74
43165 80
43166 75
43167 73
43168 79
43169 66
43170 65
43171 67
43172 80
43173 75
43174 75
43175 78
43176 65
43177 64
43178 65
43179 72
43180 66
43181 71
43182 63
43183 69
43184 72
43185 68
43186 63
43187 81
43188 65
43189 69
43190 75
43191 67
43192 68
43193 76
43194 70
43195 66
43196 75
43197 72
43198 69
43199 62
43200 70
43201 73
43202 73
43203 72
43204 61
43205 74
43206 71
43207 67
43208 65
43209 63
43210 70
43211 76
43212 67
43213 72
43214 72
43215 66
43216 68
43217 74
43218 71
43219 71
43220 57
43221 65
43222 77
43223 78
43224 61
43225 69
43226 70
43227 62
43228 65
43229 55
43230 58
43231 65
43232 71
43233 76
43234 70
43235 75
43236 76
43237 69
43238 67
43239 78
43240 77
43241 68
43242 57
43243 58
43244 67
43245 74
43246 64
43247 58
43248 55
43249 59
43250 73
43251 70
43252 67
43253 68
43254 75
43255 76
43256 77
43257 68
43258 74
43259 72
43260 71
43261 89
43262 74
43263 61
43264 57
43265 60
43266 67
43267 73
43268 80
43269 85
43270 81
43271 67
43272 57
43273 67
43274 72
43275 66
43276 48
43277 55
43278 62
43279 65
43280 64
43281 61
43282 67
43283 81
43284 79
43285 66
43286 61
43287 70
43288 75
43289 66
43290 74
43291 83
43292 66
43293 75
43294 78
43295 60
43296 59
43297 64
43298 57
43299 66
43300 57
43301 60
43302 63
43303 71
43304 74
43305 62
43306 57
43307 73
43308 65
43309 56
43310 63
43311 65
43312 76
43313 69
43314 72
43315 65
43316 70
43317 64
43318 69
43319 69
43320 64
43321 56
43322 64
43323 69
43324 71
43325 63
43326 69
43327 55
43328 58
43329 64
43330 71
43331 78
43332 73
43333 85
43334 72
43335 63
43336 73
43337 69
43338 60
43339 59
43340 65
43341 75
43342 74
43343 70
43344 59
43345 69
43346 66
43347 61
43348 62
43349 74
43350 69
43351 65
43352 72
43353 54
43354 66
43355 72
43356 65
43357 84
43358 85
43359 85
43360 79
43361 71
43362 73
43363 73
43364 75
43365 77
43366 75
43367 66
43368 69
43369 66
43370 71
43371 70
43372 74
43373 64
43374 74
43375 77
43376 86
43377 74
43378 73
43379 80
43380 81
43381 72
43382 74
43383 71
43384 66
43385 63
43386 70
43387 71
43388 76
43389 69
43390 69
43391 62
43392 68
43393 71
43394 68
43395 79
43396 68
43397 67
43398 70
43399 68
43400 66
43401 68
43402 68
43403 73
43404 71
43405 72
43406 78
43407 71
43408 66
43409 80
43410 69
43411 72
43412 78
43413 84
43414 69
43415 78
43416 78
43417 76
43418 80
43419 64
43420 68
43421 78
43422 80
43423 83
43424 69
43425 66
43426 63
43427 76
43428 69
43429 79
43430 85
43431 101
43432 84
43433 78
43434 67
43435 73
43436 67
43437 65
43438 60
43439 65
43440 69
43441 57
43442 71
43443 64
43444 69
43445 71
43446 75
43447 71
43448 62
43449 61
43450 74
43451 79
43452 71
43453 64
43454 65
43455 82
43456 66
43457 64
43458 75
43459 68
43460 81
43461 76
43462 70
43463 67
43464 58
43465 74
43466 72
43467 74
43468 63
43469 60
43470 58
43471 53
43472 57
43473 65
43474 75
43475 77
43476 76
43477 79
43478 74
43479 71
43480 68
43481 69
43482 63
43483 67
43484 68
43485 66
43486 71
43487 63
43488 77
43489 69
43490 58
43491 70
43492 73
43493 68
43494 75
43495 73
43496 78
43497 88
43498 86
43499 83
43500 76
43501 75
43502 67
43503 61
43504 74
43505 82
43506 72
43507 70
43508 67
43509 66
43510 74
43511 78
43512 74
43513 72
43514 69
43515 57
43516 67
43517 74
43518 74
43519 73
43520 74
43521 72
43522 56
43523 63
43524 73
43525 69
43526 66
43527 76
43528 72
43529 75
43530 78
43531 68
43532 72
43533 75
43534 61
43535 64
43536 66
43537 73
43538 74
43539 61
43540 65
43541 72
43542 91
43543 81
43544 76
43545 61
43546 59
43547 66
43548 62
43549 60
43550 69
43551 61
43552 62
43553 61
43554 59
43555 52
43556 59
43557 70
43558 71
43559 71
43560 58
43561 65
43562 54
43563 56
43564 72
43565 71
43566 74
43567 80
43568 73
43569 71
43570 68
43571 66
43572 81
43573 81
43574 72
43575 76
43576 82
43577 77
43578 72
43579 67
43580 66
43581 63
43582 57
43583 59
43584 74
43585 72
43586 76
43587 73
43588 55
43589 57
43590 75
43591 73
43592 68
43593 73
43594 70
43595 71
43596 77
43597 69
43598 84
43599 70
43600 61
43601 68
43602 72
43603 68
43604 64
43605 46
43606 62
43607 75
43608 68
43609 67
43610 64
43611 62
43612 73
43613 70
43614 60
43615 61
43616 73
43617 74
43618 67
43619 68
43620 75
43621 70
43622 66
43623 74
43624 69
43625 55
43626 58
43627 64
43628 74
43629 66
43630 69
43631 71
43632 61
43633 66
43634 79
43635 71
43636 58
43637 51
43638 44
43639 48
43640 53
43641 67
43642 79
43643 79
43644 73
43645 76
43646 66
43647 73
43648 68
43649 59
43650 65
43651 71
43652 66
43653 68
43654 79
43655 74
43656 61
43657 66
43658 64
43659 63
43660 59
43661 49
43662 54
43663 57
43664 72
43665 74
43666 83
43667 73
43668 70
43669 69
43670 75
43671 73
43672 69
43673 69
43674 67
43675 61
43676 63
43677 69
43678 75
43679 78
43680 69
43681 80
43682 74
43683 72
43684 57
43685 63
43686 55
43687 64
43688 66
43689 57
43690 51
43691 47
43692 58
43693 62
43694 70
43695 79
43696 68
43697 71
43698 72
43699 78
43700 65
43701 72
43702 78
43703 77
43704 61
43705 63
43706 59
43707 66
43708 61
43709 65
43710 70
43711 77
43712 69
43713 52
43714 59
43715 61
43716 68
43717 63
43718 58
43719 61
43720 65
43721 63
43722 70
43723 62
43724 64
43725 66
43726 72
43727 79
43728 66
43729 63
43730 57
43731 70
43732 73
43733 67
43734 65
43735 70
43736 79
43737 74
43738 71
43739 70
43740 71
43741 67
43742 68
43743 76
43744 72
43745 72
43746 76
43747 75
43748 72
43749 79
43750 71
43751 73
43752 72
43753 82
43754 64
43755 73
43756 81
43757 81
43758 72
43759 64
43760 61
43761 63
43762 70
43763 78
43764 64
43765 66
43766 61
43767 70
43768 63
43769 72
43770 65
43771 73
43772 77
43773 73
43774 71
43775 51
43776 68
43777 67
43778 71
43779 74
43780 65
43781 69
43782 69
43783 68
43784 79
43785 71
43786 69
43787 63
43788 63
43789 45
43790 31
43791 43
43792 60
43793 70
43794 56
43795 54
43796 55
43797 67
43798 64
43799 71
43800 68
43801 77
43802 62
43803 74
43804 66
43805 64
43806 65
43807 66
43808 74
43809 70
43810 71
43811 79
43812 72
43813 56
43814 75
43815 68
43816 74
43817 65
43818 67
43819 68
43820 66
43821 69
43822 55
43823 58
43824 71
43825 78
43826 68
43827 69
43828 60
43829 69
43830 72
43831 70
43832 72
43833 62
43834 47
43835 46
43836 42
43837 44
43838 49
43839 64
43840 64
43841 76
43842 73
43843 73
43844 73
43845 72
43846 70
43847 73
43848 70
43849 75
43850 64
43851 65
43852 69
43853 77
43854 70
43855 75
43856 71
43857 66
43858 63
43859 57
43860 64
43861 69
43862 83
43863 72
43864 69
43865 71
43866 80
43867 73
43868 63
43869 75
43870 73
43871 66
43872 47
43873 39
43874 38
43875 48
43876 55
43877 66
43878 74
43879 75
43880 76
43881 66
43882 68
43883 77
43884 73
43885 76
43886 69
43887 84
43888 70
43889 77
43890 71
43891 58
43892 54
43893 66
43894 56
43895 55
43896 69
43897 77
43898 69
43899 70
43900 75
43901 72
43902 73
43903 78
43904 73
43905 81
43906 63
43907 68
43908 85
43909 73
43910 90
43911 79
43912 76
43913 71
43914 83
43915 66
43916 66
43917 69
43918 68
43919 78
43920 81
43921 74
43922 69
43923 70
43924 83
43925 76
43926 63
43927 72
43928 79
43929 76
43930 76
43931 62
43932 72
43933 78
43934 79
43935 68
43936 67
43937 68
43938 68
43939 66
43940 68
43941 73
43942 63
43943 67
43944 67
43945 56
43946 70
43947 72
43948 77
43949 63
43950 55
43951 66
43952 74
43953 75
43954 68
43955 72
43956 78
43957 68
43958 66
43959 67
43960 73
43961 87
43962 73
43963 72
43964 71
43965 63
43966 67
43967 70
43968 74
43969 67
43970 58
43971 63
43972 65
43973 70
43974 68
43975 74
43976 77
43977 89
43978 85
43979 79
43980 77
43981 69
43982 70
43983 68
43984 70
43985 73
43986 70
43987 73
43988 72
43989 71
43990 74
43991 70
43992 81
43993 64
43994 52
43995 59
43996 66
43997 80
43998 79
43999 66
44000 60
44001 57
44002 56
44003 55
44004 57
44005 66
44006 68
44007 71
44008 75
44009 68
44010 73
44011 64
44012 69
44013 73
44014 68
44015 61
44016 60
44017 63
44018 73
44019 72
44020 60
44021 63
44022 79
44023 69
44024 73
44025 76
44026 74
44027 64
44028 66
44029 73
44030 71
44031 69
44032 70
44033 76
44034 72
44035 71
44036 58
44037 75
44038 70
44039 61
44040 65
44041 61
44042 67
44043 69
44044 74
44045 77
44046 71
44047 60
44048 61
44049 66
44050 70
44051 71
44052 63
44053 78
44054 83
44055 80
44056 82
44057 72
44058 70
44059 64
44060 66
44061 71
44062 72
44063 58
44064 65
44065 57
44066 50
44067 60
44068 61
44069 67
44070 69
44071 76
44072 78
44073 83
44074 67
44075 71
44076 81
44077 67
44078 55
44079 41
44080 48
44081 58
44082 73
44083 70
44084 72
44085 75
44086 74
44087 70
44088 67
44089 57
44090 65
44091 61
44092 66
44093 70
44094 76
44095 70
44096 56
44097 69
44098 74
44099 82
44100 93
44101 83
44102 77
44103 76
44104 74
44105 68
44106 65
44107 70
44108 64
44109 56
44110 67
44111 86
44112 75
44113 74
44114 74
44115 64
44116 65
44117 65
44118 62
44119 66
44120 60
44121 80
44122 76
44123 64
44124 67
44125 82
44126 85
44127 66
44128 80
44129 63
44130 69
44131 70
44132 71
44133 66
44134 67
44135 63
44136 66
44137 63
44138 72
44139 70
44140 53
44141 57
44142 67
44143 63
44144 72
44145 78
44146 61
44147 58
44148 57
44149 70
44150 74
44151 66
44152 56
44153 51
44154 62
44155 73
44156 66
44157 67
44158 68
44159 68
44160 67
44161 70
44162 71
44163 63
44164 65
44165 76
44166 82
44167 79
44168 75
44169 70
44170 81
44171 65
44172 64
44173 73
44174 71
44175 69
44176 71
44177 78
44178 74
44179 73
44180 69
44181 75
44182 76
44183 64
44184 58
44185 64
44186 83
44187 66
44188 72
44189 67
44190 66
44191 64
44192 56
44193 69
44194 73
44195 66
44196 70
44197 69
44198 71
44199 64
44200 74
44201 66
44202 62
44203 74
44204 77
44205 75
44206 73
44207 65
44208 61
44209 76
44210 70
44211 66
44212 75
44213 70
44214 67
44215 55
44216 58
44217 62
44218 64
44219 65
44220 58
44221 72
44222 78
44223 69
44224 64
44225 61
44226 56
44227 75
44228 75
44229 71
44230 70
44231 70
44232 69
44233 56
44234 64
44235 71
44236 69
44237 72
44238 73
44239 73
44240 66
44241 61
44242 57
44243 58
44244 68
44245 69
44246 75
44247 74
44248 67
44249 67
44250 81
44251 80
44252 70
44253 72
44254 62
44255 70
44256 72
44257 75
44258 68
44259 63
44260 63
44261 65
44262 78
44263 68
44264 74
44265 70
44266 74
44267 68
44268 65
44269 70
44270 69
44271 65
44272 57
44273 71
44274 64
44275 56
44276 38
44277 41
44278 59
44279 58
44280 56
44281 64
44282 75
44283 79
44284 73
44285 74
44286 74
44287 79
44288 79
44289 73
44290 71
44291 74
44292 78
44293 66
44294 68
44295 75
44296 64
44297 72
44298 65
44299 66
44300 57
44301 61
44302 79
44303 69
44304 74
44305 65
44306 79
44307 79
44308 73
44309 79
44310 73
44311 68
44312 63
44313 54
44314 71
44315 60
44316 63
44317 64
44318 56
44319 65
44320 79
44321 81
44322 76
44323 80
44324 70
44325 64
44326 67
44327 58
44328 66
44329 58
44330 67
44331 70
44332 72
44333 64
44334 77
44335 81
44336 66
44337 67
44338 62
44339 54
44340 60
44341 62
44342 70
44343 70
44344 66
44345 75
44346 67
44347 57
44348 75
44349 72
44350 63
44351 54
44352 55
44353 60
44354 67
44355 73
44356 70
44357 70
44358 74
44359 74
44360 75
44361 68
44362 67
44363 60
44364 66
44365 71
44366 72
44367 69
44368 66
44369 77
44370 68
44371 68
44372 76
44373 81
44374 71
44375 67
44376 68
44377 63
44378 60
44379 53
44380 63
44381 68
44382 75
44383 74
44384 59
44385 58
44386 50
44387 61
44388 69
44389 70
44390 69
44391 70
44392 62
44393 75
44394 71
44395 70
44396 72
44397 68
44398 65
44399 48
44400 58
44401 63
44402 74
44403 72
44404 75
44405 80
44406 76
44407 68
44408 61
44409 65
44410 62
44411 72
44412 78
44413 69
44414 83
44415 81
44416 71
44417 81
44418 80
44419 71
44420 70
44421 68
44422 71
44423 71
44424 71
44425 67
44426 68
44427 70
44428 66
44429 72
44430 73
44431 73
44432 76
44433 71
44434 69
44435 65
44436 67
44437 62
44438 70
44439 64
44440 66
44441 74
44442 68
44443 60
44444 61
44445 75
44446 74
44447 78
44448 79
44449 73
44450 78
44451 86
44452 73
44453 74
44454 85
44455 88
44456 80
44457 65
44458 64
44459 66
44460 71
44461 68
44462 62
44463 66
44464 64
44465 56
44466 68
44467 67
44468 69
44469 66
44470 78
44471 71
44472 67
44473 74
44474 79
44475 81
44476 75
44477 76
44478 74
44479 69
44480 72
44481 68
44482 69
44483 67
44484 56
44485 61
44486 57
44487 54
44488 62
44489 54
44490 58
44491 68
44492 72
44493 64
44494 76
44495 63
44496 61
44497 67
44498 78
44499 63
44500 74
44501 66
44502 72
44503 69
44504 73
44505 70
44506 72
44507 75
44508 70
44509 67
44510 69
44511 70
44512 65
44513 65
44514 70
44515 56
44516 68
44517 56
44518 38
44519 40
44520 58
44521 64
44522 70
44523 68
44524 69
44525 79
44526 75
44527 72
44528 70
44529 75
44530 72
44531 66
44532 68
44533 64
44534 76
44535 66
44536 73
44537 75
44538 77
44539 74
44540 79
44541 70
44542 80
44543 78
44544 77
44545 65
44546 77
44547 76
44548 64
44549 57
44550 65
44551 68
44552 72
44553 73
44554 84
44555 72
44556 61
44557 54
44558 69
44559 74
44560 74
44561 65
44562 59
44563 63
44564 66
44565 65
44566 67
44567 71
44568 70
44569 78
44570 80
44571 69
44572 62
44573 71
44574 68
44575 83
44576 68
44577 77
44578 64
44579 71
44580 67
44581 76
44582 77
44583 84
44584 82
44585 76
44586 78
44587 77
44588 75
44589 67
44590 63
44591 65
44592 70
44593 76
44594 72
44595 74
44596 75
44597 58
44598 64
44599 63
44600 55
44601 71
44602 66
44603 65
44604 70
44605 73
44606 69
44607 60
44608 69
44609 63
44610 67
44611 72
44612 70
44613 69
44614 74
44615 80
44616 71
44617 74
44618 72
44619 74
44620 74
44621 62
44622 71
44623 76
44624 63
44625 65
44626 79
44627 76
44628 71
44629 70
44630 75
44631 71
44632 70
44633 69
44634 65
44635 72
44636 70
44637 75
44638 60
44639 73
44640 78
44641 63
44642 62
44643 74
44644 68
44645 68
44646 80
44647 66
44648 65
44649 61
44650 67
44651 71
44652 78
44653 75
44654 62
44655 47
44656 40
44657 39
44658 40
44659 57
44660 59
44661 69
44662 64
44663 61
44664 55
44665 49
44666 58
44667 69
44668 82
44669 71
44670 65
44671 64
44672 48
44673 53
44674 63
44675 64
44676 64
44677 72
44678 81
44679 70
44680 62
44681 61
44682 50
44683 68
44684 73
44685 75
44686 74
44687 67
44688 71
44689 72
44690 74
44691 70
44692 77
44693 72
44694 63
44695 62
44696 61
44697 59
44698 67
44699 64
44700 59
44701 62
44702 67
44703 66
44704 76
44705 80
44706 73
44707 71
44708 68
44709 87
44710 75
44711 67
44712 83
44713 67
44714 63
44715 76
44716 74
44717 64
44718 72
44719 86
44720 74
44721 67
44722 71
44723 55
44724 54
44725 49
44726 64
44727 68
44728 76
44729 66
44730 78
44731 70
44732 65
44733 63
44734 73
44735 67
44736 67
44737 81
44738 83
44739 71
44740 64
44741 62
44742 70
44743 74
44744 73
44745 81
44746 80
44747 79
44748 71
44749 75
44750 72
44751 69
44752 87
44753 77
44754 69
44755 71
44756 83
44757 72
44758 62
44759 63
44760 75
44761 76
44762 74
44763 54
44764 57
44765 68
44766 67
44767 76
44768 80
44769 69
44770 81
44771 64
44772 66
44773 72
44774 69
44775 60
44776 59
44777 55
44778 68
44779 68
44780 66
44781 72
44782 66
44783 73
44784 72
44785 78
44786 85
44787 80
44788 66
44789 69
44790 74
44791 77
44792 83
44793 66
44794 63
44795 59
44796 67
44797 64
44798 68
44799 81
44800 63
44801 67
44802 61
44803 64
44804 77
44805 70
44806 64
44807 75
44808 83
44809 63
44810 72
44811 66
44812 73
44813 73
44814 65
44815 69
44816 64
44817 77
44818 83
44819 72
44820 72
44821 82
44822 79
44823 69
44824 53
44825 55
44826 62
44827 70
44828 75
44829 64
44830 60
44831 61
44832 62
44833 72
44834 60
44835 59
44836 70
44837 63
44838 55
44839 65
44840 64
44841 63
44842 64
44843 68
44844 67
44845 74
44846 65
44847 55
44848 61
44849 62
44850 73
44851 76
44852 68
44853 70
44854 71
44855 63
44856 57
44857 68
44858 76
44859 71
44860 77
44861 66
44862 80
44863 70
44864 68
44865 69
44866 72
44867 79
44868 66
44869 69
44870 64
44871 67
44872 64
44873 75
44874 66
44875 62
44876 72
44877 83
44878 65
44879 64
44880 72
44881 76
44882 70
44883 69
44884 57
44885 64
44886 73
44887 75
44888 76
44889 73
44890 68
44891 53
44892 66
44893 69
44894 73
44895 69
44896 78
44897 82
44898 67
44899 66
44900 68
44901 72
44902 76
44903 62
44904 61
44905 67
44906 63
44907 67
44908 77
44909 73
44910 63
44911 68
44912 65
44913 66
44914 72
44915 59
44916 62
44917 61
44918 55
44919 64
44920 66
44921 63
44922 75
44923 78
44924 73
44925 74
44926 85
44927 71
44928 67
44929 66
44930 56
44931 65
44932 69
44933 76
44934 59
44935 55
44936 59
44937 65
44938 79
44939 63
44940 67
44941 75
44942 73
44943 70
44944 73
44945 73
44946 70
44947 68
44948 71
44949 69
44950 76
44951 72
44952 62
44953 55
44954 65
44955 71
44956 74
44957 70
44958 73
44959 70
44960 61
44961 68
44962 77
44963 65
44964 72
44965 75
44966 74
44967 62
44968 63
44969 67
44970 65
44971 62
44972 66
44973 68
44974 68
44975 69
44976 69
44977 67
44978 57
44979 71
44980 62
44981 52
44982 48
44983 59
44984 69
44985 72
44986 58
44987 63
44988 62
44989 69
44990 72
44991 71
44992 61
44993 65
44994 68
44995 74
44996 72
44997 69
44998 68
44999 72
45000 65
45001 79
45002 81
45003 77
45004 78
45005 77
45006 76
45007 74
45008 60
45009 72
45010 68
45011 81
45012 79
45013 77
45014 77
45015 77
45016 67
45017 82
45018 81
45019 76
45020 59
45021 57
45022 52
45023 48
45024 52
45025 47
45026 43
45027 58
45028 67
45029 70
45030 63
45031 73
45032 66
45033 67
45034 63
45035 65
45036 77
45037 73
45038 71
45039 68
45040 60
45041 74
45042 69
45043 62
45044 67
45045 78
45046 67
45047 61
45048 60
45049 58
45050 56
45051 57
45052 63
45053 62
45054 62
45055 52
45056 56
45057 65
45058 83
45059 81
45060 76
45061 62
45062 54
45063 71
45064 74
45065 81
45066 80
45067 63
45068 65
45069 68
45070 76
45071 74
45072 70
45073 69
45074 79
45075 72
45076 71
45077 76
45078 84
45079 80
45080 63
45081 65
45082 68
45083 71
45084 79
45085 72
45086 69
45087 71
45088 73
45089 67
45090 72
45091 56
45092 68
45093 74
45094 69
45095 65
45096 71
45097 78
45098 70
45099 73
45100 66
45101 64
45102 57
45103 50
45104 49
45105 54
45106 61
45107 55
45108 52
45109 41
45110 52
45111 66
45112 65
45113 53
45114 60
45115 53
45116 43
45117 38
45118 55
45119 59
45120 60
45121 61
45122 69
45123 63
45124 74
45125 67
45126 71
45127 69
45128 76
45129 67
45130 76
45131 66
45132 69
45133 75
45134 75
45135 77
45136 66
45137 65
45138 66
45139 60
45140 72
45141 76
45142 61
45143 68
45144 65
45145 66
45146 70
45147 65
45148 62
45149 67
45150 81
45151 73
45152 77
45153 90
45154 74
45155 66
45156 65
45157 77
45158 73
45159 70
45160 69
45161 83
45162 81
45163 71
45164 74
45165 76
45166 57
45167 58
45168 66
45169 70
45170 75
45171 72
45172 75
45173 79
45174 66
45175 66
45176 82
45177 70
45178 74
45179 66
45180 61
45181 69
45182 63
45183 61
45184 72
45185 66
45186 66
45187 76
45188 77
45189 78
45190 67
45191 74
45192 69
45193 70
45194 58
45195 71
45196 70
45197 74
45198 70
45199 55
45200 66
45201 70
45202 71
45203 72
45204 84
45205 77
45206 65
45207 63
45208 68
45209 75
45210 83
45211 68
45212 66
45213 68
45214 63
45215 71
45216 67
45217 72
45218 69
45219 72
45220 66
45221 74
45222 73
45223 65
45224 63
45225 69
45226 72
45227 68
45228 63
45229 69
45230 72
45231 86
45232 72
45233 71
45234 61
45235 54
45236 74
45237 74
45238 67
45239 69
45240 68
45241 65
45242 70
45243 64
45244 73
45245 65
45246 64
45247 67
45248 78
45249 70
45250 59
45251 57
45252 65
45253 70
45254 79
45255 74
45256 74
45257 73
45258 71
45259 72
45260 69
45261 72
45262 56
45263 68
45264 63
45265 75
45266 69
45267 72
45268 71
45269 70
45270 68
45271 78
45272 74
45273 62
45274 72
45275 69
45276 57
45277 71
45278 58
45279 67
45280 62
45281 53
45282 67
45283 51
45284 48
45285 47
45286 59
45287 65
45288 74
45289 71
45290 64
45291 67
45292 52
45293 66
45294 71
45295 75
45296 79
45297 79
45298 76
45299 70
45300 71
45301 71
45302 69
45303 77
45304 76
45305 76
45306 74
45307 71
45308 61
45309 66
45310 81
45311 79
45312 63
45313 68
45314 63
45315 65
45316 67
45317 65
45318 67
45319 49
45320 48
45321 51
45322 59
45323 70
45324 61
45325 63
45326 66
45327 61
45328 67
45329 50
45330 52
45331 63
45332 75
45333 69
45334 69
45335 72
45336 58
45337 64
45338 69
45339 78
45340 72
45341 81
45342 68
45343 77
45344 73
45345 64
45346 48
45347 51
45348 55
45349 59
45350 68
45351 77
45352 73
45353 70
45354 70
45355 70
45356 69
45357 73
45358 70
45359 52
45360 56
45361 70
45362 71
45363 65
45364 73
45365 60
45366 70
45367 74
45368 81
45369 74
45370 92
45371 78
45372 74
45373 73
45374 74
45375 68
45376 72
45377 63
45378 67
45379 62
45380 63
45381 62
45382 53
45383 65
45384 66
45385 66
45386 75
45387 66
45388 66
45389 61
45390 61
45391 55
45392 68
45393 73
45394 63
45395 71
45396 71
45397 71
45398 65
45399 69
45400 72
45401 78
45402 61
45403 75
45404 69
45405 70
45406 61
45407 60
45408 77
45409 79
45410 76
45411 81
45412 67
45413 76
45414 78
45415 78
45416 64
45417 67
45418 77
45419 85
45420 69
45421 65
45422 67
45423 60
45424 67
45425 76
45426 72
45427 65
45428 75
45429 72
45430 63
45431 62
45432 69
45433 66
45434 73
45435 64
45436 61
45437 58
45438 59
45439 66
45440 70
45441 66
45442 76
45443 73
45444 80
45445 73
45446 72
45447 68
45448 51
45449 68
45450 71
45451 58
45452 52
45453 64
45454 68
45455 70
45456 66
45457 63
45458 60
45459 58
45460 49
45461 47
45462 43
45463 51
45464 57
45465 69
45466 70
45467 58
45468 61
45469 73
45470 73
45471 66
45472 72
45473 69
45474 71
45475 81
45476 76
45477 76
45478 85
45479 68
45480 68
45481 60
45482 59
45483 51
45484 56
45485 63
45486 63
45487 70
45488 73
45489 64
45490 50
45491 46
45492 64
45493 68
45494 74
45495 69
45496 57
45497 64
45498 77
45499 62
45500 71
45501 84
45502 73
45503 71
45504 79
45505 77
45506 68
45507 66
45508 67
45509 64
45510 72
45511 75
45512 68
45513 72
45514 75
45515 75
45516 76
45517 72
45518 68
45519 72
45520 71
45521 70
45522 69
45523 64
45524 71
45525 68
45526 75
45527 77
45528 79
45529 81
45530 83
45531 72
45532 71
45533 79
45534 74
45535 69
45536 70
45537 80
45538 74
45539 62
45540 58
45541 51
45542 68
45543 75
45544 79
45545 69
45546 68
45547 67
45548 75
45549 69
45550 75
45551 56
45552 53
45553 55
45554 65
45555 73
45556 76
45557 60
45558 73
45559 62
45560 73
45561 72
45562 63
45563 56
45564 68
45565 70
45566 83
45567 76
45568 74
45569 73
45570 71
45571 64
45572 65
45573 66
45574 69
45575 68
45576 67
45577 64
45578 64
45579 66
45580 72
45581 80
45582 77
45583 79
45584 73
45585 71
45586 72
45587 75
45588 66
45589 62
45590 59
45591 62
45592 66
45593 76
45594 65
45595 55
45596 57
45597 73
45598 83
45599 64
45600 62
45601 63
45602 56
45603 71
45604 76
45605 77
45606 73
45607 70
45608 77
45609 71
45610 76
45611 72
45612 55
45613 65
45614 69
45615 76
45616 67
45617 66
45618 74
45619 74
45620 65
45621 56
45622 73
45623 78
45624 80
45625 78
45626 74
45627 72
45628 69
45629 72
45630 70
45631 70
45632 65
45633 63
45634 58
45635 52
45636 44
45637 64
45638 61
45639 64
45640 65
45641 62
45642 64
45643 60
45644 68
45645 68
45646 71
45647 56
45648 55
45649 54
45650 66
45651 75
45652 76
45653 67
45654 70
45655 69
45656 63
45657 69
45658 79
45659 66
45660 64
45661 59
45662 54
45663 49
45664 62
45665 71
45666 60
45667 75
45668 68
45669 70
45670 63
45671 59
45672 60
45673 72
45674 67
45675 69
45676 70
45677 67
45678 64
45679 67
45680 71
45681 66
45682 72
45683 73
45684 63
45685 58
45686 55
45687 53
45688 49
45689 52
45690 63
45691 66
45692 67
45693 60
45694 64
45695 61
45696 60
45697 69
45698 59
45699 55
45700 54
45701 69
45702 74
45703 82
45704 69
45705 73
45706 74
45707 68
45708 64
45709 63
45710 71
45711 65
45712 70
45713 68
45714 64
45715 69
45716 76
45717 79
45718 80
45719 82
45720 63
45721 65
45722 60
45723 80
45724 67
45725 73
45726 73
45727 57
45728 74
45729 73
45730 85
45731 81
45732 65
45733 59
45734 62
45735 60
45736 68
45737 80
45738 67
45739 67
45740 63
45741 65
45742 58
45743 57
45744 52
45745 47
45746 45
45747 61
45748 72
45749 63
45750 65
45751 70
45752 60
45753 68
45754 79
45755 71
45756 74
45757 82
45758 81
45759 74
45760 71
45761 62
45762 55
45763 62
45764 76
45765 73
45766 61
45767 62
45768 66
45769 70
45770 68
45771 67
45772 71
45773 70
45774 73
45775 70
45776 62
45777 71
45778 82
45779 77
45780 71
45781 66
45782 66
45783 69
45784 75
45785 67
45786 65
45787 62
45788 60
45789 55
45790 62
45791 69
45792 62
45793 59
45794 55
45795 65
45796 62
45797 73
45798 61
45799 67
45800 72
45801 79
45802 77
45803 63
45804 72
45805 65
45806 66
45807 68
45808 71
45809 66
45810 77
45811 78
45812 78
45813 73
45814 74
45815 75
45816 75
45817 70
45818 66
45819 73
45820 63
45821 73
45822 85
45823 88
45824 77
45825 74
45826 71
45827 64
45828 63
45829 65
45830 66
45831 62
45832 57
45833 67
45834 75
45835 61
45836 67
45837 68
45838 70
45839 77
45840 71
45841 67
45842 64
45843 72
45844 84
45845 70
45846 62
45847 67
45848 61
45849 79
45850 74
45851 73
45852 66
45853 56
45854 67
45855 70
45856 64
45857 74
45858 75
45859 64
45860 62
45861 62
45862 78
45863 83
45864 65
45865 78
45866 77
45867 67
45868 66
45869 75
45870 73
45871 72
45872 65
45873 68
45874 59
45875 68
45876 77
45877 69
45878 74
45879 74
45880 57
45881 62
45882 74
45883 67
45884 69
45885 68
45886 62
45887 70
45888 52
45889 51
45890 55
45891 69
45892 70
45893 76
45894 71
45895 63
45896 67
45897 66
45898 65
45899 80
45900 74
45901 64
45902 65
45903 68
45904 78
45905 72
45906 78
45907 68
45908 76
45909 80
45910 68
45911 78
45912 87
45913 75
45914 64
45915 73
45916 80
45917 78
45918 68
45919 71
45920 72
45921 71
45922 70
45923 67
45924 62
45925 60
45926 61
45927 57
45928 58
45929 67
45930 68
45931 63
45932 72
45933 74
45934 69
45935 66
45936 63
45937 56
45938 65
45939 66
45940 76
45941 76
45942 71
45943 69
45944 70
45945 72
45946 81
45947 82
45948 73
45949 66
45950 56
45951 70
45952 58
45953 62
45954 63
45955 63
45956 66
45957 81
45958 69
45959 76
45960 67
45961 59
45962 62
45963 66
45964 71
45965 68
45966 61
45967 73
45968 62
45969 64
45970 73
45971 68
45972 78
45973 77
45974 81
45975 83
45976 86
45977 69
45978 71
45979 79
45980 83
45981 74
45982 74
45983 71
45984 68
45985 71
45986 65
45987 77
45988 75
45989 72
45990 71
45991 61
45992 71
45993 73
45994 66
45995 57
45996 56
45997 65
45998 69
45999 71
46000 74
46001 64
46002 67
46003 63
46004 60
46005 58
46006 42
46007 32
46008 48
46009 49
46010 58
46011 62
46012 59
46013 62
46014 73
46015 73
46016 67
46017 70
46018 68
46019 70
46020 82
46021 80
46022 81
46023 72
46024 67
46025 72
46026 73
46027 72
46028 70
46029 69
46030 70
46031 57
46032 55
46033 66
46034 68
46035 53
46036 61
46037 67
46038 68
46039 70
46040 90
46041 84
46042 78
46043 68
46044 66
46045 60
46046 64
46047 63
46048 60
46049 63
46050 69
46051 61
46052 55
46053 60
46054 61
46055 76
46056 77
46057 69
46058 74
46059 70
46060 75
46061 74
46062 76
46063 75
46064 69
46065 66
46066 75
46067 73
46068 62
46069 79
46070 78
46071 69
46072 75
46073 59
46074 71
46075 68
46076 67
46077 73
46078 63
46079 74
46080 72
46081 62
46082 74
46083 70
46084 68
46085 70
46086 78
46087 69
46088 76
46089 67
46090 71
46091 67
46092 80
46093 76
46094 74
46095 66
46096 64
46097 50
46098 53
46099 47
46100 52
46101 56
46102 63
46103 74
46104 79
46105 75
46106 68
46107 57
46108 71
46109 82
46110 85
46111 88
46112 76
46113 71
46114 68
46115 72
46116 65
46117 66
46118 84
46119 69
46120 70
46121 69
46122 73
46123 74
46124 71
46125 76
46126 59
46127 68
46128 76
46129 74
46130 82
46131 76
46132 75
46133 86
46134 76
46135 81
46136 71
46137 72
46138 71
46139 74
46140 78
46141 69
46142 71
46143 57
46144 56
46145 53
46146 55
46147 55
46148 52
46149 67
46150 75
46151 60
46152 63
46153 63
46154 58
46155 51
46156 59
46157 70
46158 71
46159 73
46160 69
46161 70
46162 71
46163 65
46164 71
46165 67
46166 65
46167 72
46168 79
46169 85
46170 79
46171 76
46172 78
46173 77
46174 73
46175 65
46176 64
46177 65
46178 61
46179 59
46180 58
46181 59
46182 50
46183 60
46184 75
46185 69
46186 65
46187 73
46188 71
46189 58
46190 67
46191 71
46192 71
46193 78
46194 64
46195 69
46196 70
46197 65
46198 68
46199 70
46200 69
46201 79
46202 75
46203 74
46204 69
46205 65
46206 67
46207 63
46208 67
46209 72
46210 76
46211 68
46212 75
46213 73
46214 72
46215 68
46216 71
46217 67
46218 60
46219 64
46220 71
46221 72
46222 69
46223 70
46224 75
46225 67
46226 62
46227 59
46228 68
46229 70
46230 82
46231 92
46232 73
46233 71
46234 71
46235 65
46236 74
46237 74
46238 72
46239 73
46240 80
46241 81
46242 86
46243 81
46244 80
46245 72
46246 65
46247 65
46248 76
46249 71
46250 70
46251 51
46252 55
46253 67
46254 65
46255 69
46256 68
46257 72
46258 82
46259 72
46260 64
46261 75
46262 60
46263 71
46264 76
46265 70
46266 64
46267 66
46268 71
46269 67
46270 66
46271 67
46272 57
46273 69
46274 74
46275 72
46276 71
46277 80
46278 61
46279 60
46280 69
46281 70
46282 72
46283 70
46284 78
46285 79
46286 81
46287 68
46288 66
46289 63
46290 66
46291 58
46292 61
46293 64
46294 63
46295 69
46296 68
46297 64
46298 55
46299 66
46300 74
46301 75
46302 78
46303 69
46304 71
46305 74
46306 68
46307 60
46308 71
46309 63
46310 60
46311 72
46312 79
46313 71
46314 74
46315 69
46316 66
46317 69
46318 78
46319 78
46320 68
46321 66
46322 64
46323 69
46324 77
46325 64
46326 60
46327 53
46328 62
46329 61
46330 54
46331 56
46332 62
46333 67
46334 77
46335 76
46336 81
46337 80
46338 74
46339 68
46340 79
46341 67
46342 75
46343 60
46344 77
46345 69
46346 58
46347 75
46348 82
46349 70
46350 68
46351 71
46352 74
46353 72
46354 63
46355 62
46356 69
46357 76
46358 67
46359 64
46360 62
46361 67
46362 70
46363 76
46364 67
46365 62
46366 76
46367 74
46368 73
46369 76
46370 70
46371 65
46372 59
46373 76
46374 80
46375 75
46376 75
46377 65
46378 72
46379 73
46380 75
46381 70
46382 61
46383 75
46384 60
46385 58
46386 57
46387 64
46388 65
46389 71
46390 68
46391 71
46392 68
46393 61
46394 68
46395 58
46396 73
46397 69
46398 69
46399 62
46400 78
46401 77
46402 73
46403 70
46404 73
46405 77
46406 74
46407 74
46408 70
46409 55
46410 50
46411 51
46412 56
46413 60
46414 69
46415 61
46416 62
46417 74
46418 65
46419 68
46420 68
46421 76
46422 66
46423 60
46424 66
46425 68
46426 74
46427 73
46428 71
46429 67
46430 72
46431 61
46432 57
46433 56
46434 67
46435 75
46436 70
46437 60
46438 73
46439 75
46440 63
46441 65
46442 75
46443 72
46444 65
46445 58
46446 52
46447 48
46448 62
46449 72
46450 59
46451 72
46452 76
46453 77
46454 63
46455 55
46456 65
46457 54
46458 66
46459 83
46460 69
46461 77
46462 70
46463 67
46464 73
46465 56
46466 69
46467 64
46468 66
46469 82
46470 70
46471 61
46472 58
46473 56
46474 62
46475 64
46476 61
46477 53
46478 62
46479 59
46480 64
46481 74
46482 67
46483 65
46484 64
46485 68
46486 73
46487 63
46488 63
46489 63
46490 64
46491 60
46492 64
46493 55
46494 57
46495 66
46496 69
46497 63
46498 72
46499 64
46500 67
46501 68
46502 72
46503 79
46504 83
46505 65
46506 69
46507 73
46508 63
46509 70
46510 71
46511 66
46512 69
46513 76
46514 69
46515 66
46516 67
46517 63
46518 44
46519 56
46520 59
46521 63
46522 71
46523 61
46524 67
46525 66
46526 68
46527 63
46528 59
46529 57
46530 73
46531 64
46532 69
46533 60
46534 69
46535 71
46536 72
46537 75
46538 78
46539 90
46540 70
46541 67
46542 65
46543 59
46544 53
46545 51
46546 69
46547 61
46548 55
46549 68
46550 78
46551 74
46552 75
46553 62
46554 65
46555 69
46556 71
46557 67
46558 70
46559 73
46560 70
46561 62
46562 64
46563 83
46564 68
46565 59
46566 67
46567 59
46568 72
46569 76
46570 76
46571 76
46572 69
46573 49
46574 55
46575 67
46576 78
46577 79
46578 76
46579 70
46580 64
46581 60
46582 62
46583 67
46584 76
46585 64
46586 67
46587 57
46588 55
46589 68
46590 62
46591 77
46592 76
46593 71
46594 74
46595 78
46596 69
46597 74
46598 72
46599 87
46600 75
46601 76
46602 68
46603 60
46604 63
46605 71
46606 74
46607 77
46608 77
46609 78
46610 76
46611 79
46612 77
46613 70
46614 77
46615 83
46616 83
46617 78
46618 82
46619 63
46620 72
46621 75
46622 80
46623 69
46624 72
46625 73
46626 64
46627 56
46628 63
46629 67
46630 62
46631 72
46632 69
46633 74
46634 68
46635 77
46636 61
46637 71
46638 72
46639 79
46640 75
46641 66
46642 77
46643 69
46644 69
46645 54
46646 68
46647 67
46648 69
46649 71
46650 62
46651 67
46652 74
46653 81
46654 69
46655 69
46656 67
46657 65
46658 57
46659 73
46660 70
46661 62
46662 68
46663 61
46664 53
46665 68
46666 69
46667 66
46668 71
46669 61
46670 62
46671 68
46672 69
46673 68
46674 76
46675 71
46676 75
46677 82
46678 71
46679 66
46680 65
46681 57
46682 63
46683 74
46684 73
46685 71
46686 76
46687 62
46688 69
46689 58
46690 62
46691 66
46692 73
46693 70
46694 78
46695 71
46696 73
46697 77
46698 63
46699 76
46700 75
46701 78
46702 67
46703 62
46704 68
46705 61
46706 57
46707 55
46708 64
46709 70
46710 73
46711 74
46712 73
46713 69
46714 75
46715 73
46716 76
46717 75
46718 73
46719 92
46720 85
46721 67
46722 66
46723 74
46724 71
46725 62
46726 58
46727 53
46728 62
46729 66
46730 68
46731 68
46732 71
46733 63
46734 72
46735 70
46736 57
46737 45
46738 40
46739 42
46740 59
46741 68
46742 72
46743 79
46744 62
46745 74
46746 65
46747 62
46748 74
46749 63
46750 77
46751 73
46752 70
46753 72
46754 68
46755 65
46756 62
46757 80
46758 72
46759 71
46760 65
46761 67
46762 63
46763 66
46764 72
46765 71
46766 80
46767 73
46768 66
46769 66
46770 64
46771 70
46772 74
46773 67
46774 77
46775 79
46776 79
46777 64
46778 59
46779 65
46780 56
46781 59
46782 61
46783 71
46784 69
46785 64
46786 57
46787 59
46788 67
46789 77
46790 67
46791 68
46792 65
46793 50
46794 69
46795 78
46796 74
46797 84
46798 84
46799 74
46800 65
46801 65
46802 51
46803 67
46804 66
46805 75
46806 73
46807 74
46808 71
46809 64
46810 70
46811 67
46812 61
46813 70
46814 76
46815 73
46816 75
46817 76
46818 78
46819 74
46820 71
46821 74
46822 69
46823 63
46824 61
46825 63
46826 67
46827 60
46828 62
46829 72
46830 59
46831 55
46832 51
46833 48
46834 49
46835 69
46836 78
46837 68
46838 70
46839 72
46840 68
46841 71
46842 63
46843 71
46844 67
46845 66
46846 74
46847 76
46848 91
46849 87
46850 72
46851 67
46852 63
46853 58
46854 55
46855 68
46856 72
46857 76
46858 85
46859 67
46860 68
46861 76
46862 75
46863 62
46864 59
46865 63
46866 58
46867 62
46868 73
46869 75
46870 64
46871 65
46872 67
46873 65
46874 67
46875 68
46876 66
46877 65
46878 69
46879 64
46880 65
46881 66
46882 75
46883 79
46884 66
46885 71
46886 62
46887 74
46888 72
46889 66
46890 62
46891 65
46892 74
46893 78
46894 87
46895 79
46896 76
46897 74
46898 77
46899 86
46900 72
46901 77
46902 78
46903 60
46904 57
46905 58
46906 71
46907 70
46908 65
46909 67
46910 70
46911 75
46912 63
46913 54
46914 69
46915 69
46916 68
46917 69
46918 67
46919 77
46920 78
46921 68
46922 66
46923 63
46924 71
46925 72
46926 59
46927 48
46928 49
46929 67
46930 63
46931 71
46932 63
46933 74
46934 66
46935 71
46936 83
46937 73
46938 73
46939 72
46940 78
46941 68
46942 71
46943 71
46944 73
46945 72
46946 66
46947 65
46948 76
46949 77
46950 83
46951 73
46952 60
46953 72
46954 67
46955 67
46956 65
46957 72
46958 69
46959 79
46960 72
46961 74
46962 65
46963 71
46964 78
46965 64
46966 80
46967 65
46968 77
46969 77
46970 62
46971 73
46972 71
46973 59
46974 64
46975 69
46976 72
46977 63
46978 72
46979 63
46980 65
46981 70
46982 74
46983 70
46984 75
46985 80
46986 73
46987 69
46988 70
46989 63
46990 66
46991 60
46992 58
46993 55
46994 61
46995 51
46996 61
46997 69
46998 74
46999 78
47000 70
47001 69
47002 65
47003 63
47004 55
47005 62
47006 69
47007 68
47008 68
47009 58
47010 64
47011 57
47012 55
47013 57
47014 64
47015 70
47016 79
47017 80
47018 71
47019 70
47020 63
47021 73
47022 69
47023 77
47024 64
47025 65
47026 76
47027 70
47028 61
47029 65
47030 74
47031 69
47032 71
47033 69
47034 62
47035 62
47036 68
47037 70
47038 70
47039 68
47040 66
47041 64
47042 79
47043 66
47044 84
47045 81
47046 82
47047 66
47048 60
47049 63
47050 59
47051 68
47052 65
47053 80
47054 73
47055 69
47056 70
47057 55
47058 72
47059 65
47060 76
47061 76
47062 65
47063 66
47064 61
47065 67
47066 79
47067 70
47068 73
47069 74
47070 66
47071 75
47072 76
47073 74
47074 85
47075 75
47076 71
47077 64
47078 76
47079 74
47080 83
47081 78
47082 84
47083 70
47084 78
47085 71
47086 58
47087 47
47088 56
47089 67
47090 73
47091 61
47092 62
47093 57
47094 63
47095 60
47096 69
47097 73
47098 77
47099 74
47100 74
47101 77
47102 65
47103 67
47104 67
47105 82
47106 72
47107 65
47108 70
47109 73
47110 82
47111 78
47112 63
47113 66
47114 75
47115 80
47116 75
47117 73
47118 81
47119 76
47120 79
47121 74
47122 67
47123 50
47124 63
47125 81
47126 65
47127 47
47128 63
47129 72
47130 68
47131 81
47132 78
47133 72
47134 74
47135 66
47136 54
47137 64
47138 71
47139 66
47140 69
47141 62
47142 63
47143 68
47144 72
47145 79
47146 83
47147 67
47148 64
47149 71
47150 70
47151 71
47152 64
47153 60
47154 67
47155 71
47156 72
47157 68
47158 64
47159 57
47160 53
47161 72
47162 70
47163 67
47164 66
47165 71
47166 67
47167 72
47168 71
47169 67
47170 68
47171 73
47172 75
47173 76
47174 73
47175 75
47176 69
47177 69
47178 77
47179 71
47180 78
47181 81
47182 74
47183 75
47184 77
47185 68
47186 71
47187 70
47188 71
47189 73
47190 78
47191 74
47192 73
47193 75
47194 68
47195 64
47196 57
47197 48
47198 66
47199 69
47200 60
47201 63
47202 62
47203 71
47204 80
47205 66
47206 75
47207 72
47208 73
47209 65
47210 64
47211 73
47212 80
47213 75
47214 76
47215 71
47216 59
47217 58
47218 69
47219 78
47220 70
47221 82
47222 73
47223 78
47224 74
47225 68
47226 65
47227 48
47228 51
47229 62
47230 66
47231 63
47232 60
47233 67
47234 75
47235 70
47236 56
47237 65
47238 63
47239 60
47240 71
47241 66
47242 59
47243 55
47244 71
47245 75
47246 63
47247 69
47248 65
47249 72
47250 76
47251 60
47252 51
47253 63
47254 66
47255 71
47256 77
47257 71
47258 59
47259 43
47260 42
47261 60
47262 64
47263 66
47264 66
47265 73
47266 72
47267 69
47268 77
47269 70
47270 61
47271 62
47272 47
47273 66
47274 64
47275 63
47276 65
47277 75
47278 67
47279 62
47280 59
47281 68
47282 59
47283 76
47284 65
47285 63
47286 63
47287 70
47288 58
47289 73
47290 79
47291 81
47292 83
47293 75
47294 74
47295 65
47296 61
47297 63
47298 67
47299 69
47300 70
47301 68
47302 56
47303 58
47304 76
47305 80
47306 76
47307 66
47308 69
47309 71
47310 70
47311 69
47312 61
47313 73
47314 69
47315 64
47316 56
47317 63
47318 63
47319 68
47320 63
47321 71
47322 55
47323 57
47324 68
47325 65
47326 64
47327 63
47328 65
47329 65
47330 68
47331 75
47332 74
47333 71
47334 56
47335 58
47336 51
47337 63
47338 73
47339 78
47340 78
47341 65
47342 56
47343 54
47344 72
47345 70
47346 69
47347 61
47348 56
47349 61
47350 66
47351 69
47352 70
47353 72
47354 61
47355 80
47356 73
47357 76
47358 75
47359 74
47360 71
47361 79
47362 72
47363 69
47364 74
47365 67
47366 81
47367 70
47368 71
47369 78
47370 70
47371 69
47372 73
47373 69
47374 69
47375 75
47376 76
47377 71
47378 64
47379 60
47380 55
47381 73
47382 77
47383 75
47384 73
47385 64
47386 68
47387 75
47388 71
47389 71
47390 65
47391 57
47392 45
47393 63
47394 67
47395 63
47396 58
47397 63
47398 76
47399 75
47400 67
47401 65
47402 56
47403 57
47404 66
47405 72
47406 71
47407 72
47408 64
47409 62
47410 65
47411 68
47412 65
47413 72
47414 62
47415 66
47416 60
47417 65
47418 73
47419 65
47420 60
47421 64
47422 66
47423 75
47424 64
47425 77
47426 62
47427 60
47428 72
47429 70
47430 68
47431 71
47432 59
47433 66
47434 71
47435 66
47436 71
47437 63
47438 72
47439 62
47440 67
47441 72
47442 71
47443 66
47444 63
47445 62
47446 71
47447 73
47448 78
47449 69
47450 67
47451 65
47452 76
47453 75
47454 67
47455 64
47456 70
47457 73
47458 72
47459 76
47460 73
47461 70
47462 69
47463 75
47464 75
47465 65
47466 68
47467 55
47468 54
47469 58
47470 61
47471 66
47472 70
47473 67
47474 83
47475 81
47476 75
47477 60
47478 61
47479 56
47480 68
47481 62
47482 64
47483 61
47484 74
47485 66
47486 66
47487 78
47488 80
47489 70
47490 56
47491 57
47492 69
47493 81
47494 73
47495 60
47496 63
47497 70
47498 72
47499 70
47500 61
47501 62
47502 69
47503 67
47504 71
47505 67
47506 68
47507 63
47508 66
47509 57
47510 67
47511 72
47512 71
47513 80
47514 73
47515 63
47516 67
47517 77
47518 70
47519 61
47520 78
47521 66
47522 76
47523 73
47524 72
47525 62
47526 66
47527 69
47528 67
47529 69
47530 71
47531 72
47532 79
47533 85
47534 75
47535 78
47536 78
47537 65
47538 53
47539 63
47540 67
47541 73
47542 73
47543 77
47544 62
47545 71
47546 65
47547 60
47548 59
47549 68
47550 70
47551 66
47552 77
47553 72
47554 65
47555 67
47556 77
47557 68
47558 65
47559 68
47560 59
47561 65
47562 69
47563 78
47564 76
47565 85
47566 80
47567 75
47568 67
47569 59
47570 51
47571 58
47572 72
47573 63
47574 57
47575 64
47576 77
47577 75
47578 76
47579 66
47580 66
47581 64
47582 64
47583 61
47584 73
47585 69
47586 74
47587 74
47588 81
47589 71
47590 68
47591 70
47592 74
47593 76
47594 78
47595 75
47596 64
47597 63
47598 66
47599 70
47600 74
47601 64
47602 74
47603 70
47604 70
47605 69
47606 60
47607 74
47608 82
47609 74
47610 66
47611 68
47612 64
47613 81
47614 79
47615 74
47616 63
47617 60
47618 59
47619 68
47620 61
47621 68
47622 71
47623 76
47624 75
47625 72
47626 73
47627 72
47628 81
47629 69
47630 85
47631 80
47632 77
47633 74
47634 84
47635 70
47636 72
47637 83
47638 70
47639 81
47640 68
47641 72
47642 72
47643 60
47644 65
47645 68
47646 74
47647 87
47648 67
47649 73
47650 71
47651 68
47652 62
47653 76
47654 74
47655 68
47656 66
47657 65
47658 63
47659 69
47660 70
47661 72
47662 70
47663 58
47664 71
47665 63
47666 64
47667 61
47668 62
47669 61
47670 65
47671 70
47672 69
47673 70
47674 54
47675 59
47676 56
47677 71
47678 65
47679 73
47680 74
47681 83
47682 75
47683 72
47684 70
47685 78
47686 73
47687 58
47688 57
47689 50
47690 55
47691 54
47692 67
47693 83
47694 75
47695 76
47696 75
47697 76
47698 72
47699 81
47700 70
47701 69
47702 66
47703 57
47704 68
47705 83
47706 73
47707 74
47708 61
47709 67
47710 77
47711 79
47712 78
47713 70
47714 68
47715 75
47716 60
47717 77
47718 78
47719 72
47720 79
47721 61
47722 67
47723 70
47724 63
47725 73
47726 68
47727 63
47728 57
47729 63
47730 52
47731 53
47732 56
47733 62
47734 62
47735 69
47736 67
47737 69
47738 76
47739 68
47740 70
47741 78
47742 78
47743 70
47744 58
47745 56
47746 70
47747 85
47748 69
47749 71
47750 76
47751 78
47752 60
47753 69
47754 60
47755 73
47756 67
47757 80
47758 71
47759 80
47760 67
47761 69
47762 69
47763 75
47764 75
47765 74
47766 81
47767 74
47768 76
47769 69
47770 67
47771 62
47772 66
47773 73
47774 66
47775 63
47776 63
47777 71
47778 65
47779 68
47780 62
47781 63
47782 60
47783 66
47784 67
47785 66
47786 73
47787 67
47788 65
47789 62
47790 57
47791 72
47792 80
47793 75
47794 73
47795 63
47796 59
47797 69
47798 65
47799 78
47800 79
47801 64
47802 62
47803 67
47804 76
47805 70
47806 73
47807 79
47808 79
47809 70
47810 75
47811 63
47812 54
47813 57
47814 55
47815 40
47816 55
47817 69
47818 73
47819 86
47820 74
47821 68
47822 71
47823 72
47824 77
47825 75
47826 70
47827 64
47828 66
47829 72
47830 74
47831 67
47832 69
47833 74
47834 75
47835 62
47836 59
47837 58
47838 67
47839 77
47840 71
47841 68
47842 69
47843 63
47844 65
47845 72
47846 82
47847 78
47848 79
47849 63
47850 68
47851 63
47852 74
47853 75
47854 76
47855 67
47856 69
47857 63
47858 62
47859 55
47860 54
47861 42
47862 62
47863 66
47864 70
47865 78
47866 79
47867 76
47868 70
47869 74
47870 71
47871 81
47872 69
47873 75
47874 73
47875 65
47876 62
47877 67
47878 70
47879 73
47880 67
47881 74
47882 63
47883 57
47884 63
47885 68
47886 68
47887 67
47888 77
47889 75
47890 70
47891 66
47892 61
47893 59
47894 53
47895 49
47896 43
47897 53
47898 62
47899 65
47900 58
47901 63
47902 78
47903 68
47904 69
47905 70
47906 59
47907 73
47908 74
47909 61
47910 53
47911 46
47912 53
47913 67
47914 69
47915 74
47916 77
47917 79
47918 72
47919 68
47920 62
47921 69
47922 57
47923 70
47924 64
47925 72
47926 75
47927 69
47928 75
47929 66
47930 61
47931 64
47932 60
47933 72
47934 65
47935 67
47936 75
47937 67
47938 56
47939 71
47940 64
47941 72
47942 76
47943 69
47944 61
47945 70
47946 72
47947 60
47948 73
47949 67
47950 69
47951 68
47952 70
47953 75
47954 74
47955 72
47956 69
47957 72
47958 63
47959 55
47960 59
47961 67
47962 65
47963 60
47964 63
47965 79
47966 74
47967 71
47968 80
47969 69
47970 68
47971 66
47972 56
47973 57
47974 69
47975 72
47976 70
47977 65
47978 73
47979 59
47980 67
47981 64
47982 69
47983 68
47984 74
47985 79
47986 66
47987 76
47988 80
47989 76
47990 59
47991 67
47992 65
47993 69
47994 70
47995 65
47996 70
47997 65
47998 67
47999 65
48000 66
48001 63
48002 73
48003 67
48004 64
48005 73
48006 75
48007 73
48008 69
48009 69
48010 65
48011 61
48012 65
48013 58
48014 75
48015 71
48016 62
48017 68
48018 73
48019 66
48020 80
48021 74
48022 69
48023 57
48024 54
48025 51
48026 48
48027 56
48028 74
48029 67
48030 70
48031 66
48032 70
48033 63
48034 58
48035 61
48036 66
48037 62
48038 64
48039 65
48040 67
48041 71
48042 68
48043 49
48044 68
48045 72
48046 66
48047 65
48048 72
48049 68
48050 64
48051 58
48052 61
48053 71
48054 72
48055 68
48056 74
48057 61
48058 56
48059 53
48060 47
48061 59
48062 64
48063 60
48064 63
48065 70
48066 63
48067 55
48068 52
48069 71
48070 71
48071 70
48072 74
48073 77
48074 80
48075 79
48076 73
48077 72
48078 63
48079 66
48080 71
48081 70
48082 73
48083 77
48084 80
48085 69
48086 61
48087 59
48088 64
48089 71
48090 76
48091 89
48092 81
48093 80
48094 78
48095 75
48096 66
48097 59
48098 40
48099 33
48100 52
48101 67
48102 64
48103 57
48104 64
48105 64
48106 60
48107 72
48108 74
48109 68
48110 72
48111 70
48112 72
48113 68
48114 76
48115 80
48116 77
48117 75
48118 75
48119 72
48120 76
48121 82
48122 71
48123 60
48124 74
48125 79
48126 74
48127 73
48128 70
48129 63
48130 68
48131 66
48132 55
48133 67
48134 67
48135 61
48136 70
48137 73
48138 69
48139 68
48140 72
48141 67
48142 58
48143 58
48144 66
48145 58
48146 64
48147 70
48148 76
48149 64
48150 73
48151 67
48152 63
48153 64
48154 54
48155 64
48156 61
48157 62
48158 74
48159 74
48160 61
48161 54
48162 67
48163 75
48164 67
48165 55
48166 58
48167 67
48168 64
48169 49
48170 47
48171 56
48172 66
48173 64
48174 68
48175 72
48176 76
48177 82
48178 73
48179 60
48180 59
48181 58
48182 66
48183 71
48184 84
48185 81
48186 70
48187 72
48188 77
48189 78
48190 69
48191 78
48192 60
48193 63
48194 74
48195 69
48196 74
48197 55
48198 72
48199 80
48200 82
48201 74
48202 71
48203 63
48204 65
48205 75
48206 74
48207 77
48208 72
48209 70
48210 75
48211 77
48212 67
48213 71
48214 62
48215 62
48216 61
48217 61
48218 67
48219 68
48220 64
48221 58
48222 73
48223 79
48224 78
48225 76
48226 67
48227 67
48228 65
48229 78
48230 70
48231 72
48232 59
48233 69
48234 75
48235 63
48236 75
48237 71
48238 63
48239 70
48240 74
48241 65
48242 61
48243 63
48244 63
48245 73
48246 85
48247 83
48248 75
48249 64
48250 74
48251 73
48252 69
48253 69
48254 68
48255 82
48256 80
48257 75
48258 64
48259 64
48260 74
48261 74
48262 63
48263 52
48264 65
48265 74
48266 67
48267 69
48268 67
48269 68
48270 72
48271 69
48272 67
48273 72
48274 67
48275 75
48276 65
48277 78
48278 76
48279 70
48280 72
48281 70
48282 69
48283 60
48284 55
48285 54
48286 68
48287 83
48288 72
48289 54
48290 68
48291 62
48292 71
48293 69
48294 71
48295 54
48296 50
48297 47
48298 65
48299 69
48300 59
48301 59
48302 71
48303 70
48304 66
48305 53
48306 67
48307 75
48308 78
48309 73
48310 70
48311 70
48312 78
48313 81
48314 70
48315 68
48316 59
48317 57
48318 68
48319 67
48320 74
48321 81
48322 77
48323 83
48324 67
48325 54
48326 56
48327 66
48328 59
48329 69
48330 77
48331 65
48332 63
48333 49
48334 51
48335 53
48336 66
48337 73
48338 77
48339 87
48340 70
48341 64
48342 68
48343 53
48344 66
48345 63
48346 76
48347 76
48348 80
48349 77
48350 76
48351 74
48352 71
48353 82
48354 76
48355 60
48356 69
48357 75
48358 71
48359 73
48360 71
48361 79
48362 75
48363 71
48364 72
48365 73
48366 71
48367 68
48368 59
48369 72
48370 58
48371 54
48372 61
48373 76
48374 74
48375 65
48376 72
48377 70
48378 69
48379 77
48380 77
48381 80
48382 79
48383 78
48384 63
48385 63
48386 69
48387 65
48388 75
48389 78
48390 74
48391 69
48392 63
48393 65
48394 66
48395 65
48396 61
48397 58
48398 56
48399 49
48400 53
48401 64
48402 67
48403 80
48404 83
48405 68
48406 73
48407 72
48408 65
48409 64
48410 62
48411 58
48412 64
48413 68
48414 67
48415 62
48416 65
48417 55
48418 73
48419 69
48420 67
48421 77
48422 81
48423 83
48424 67
48425 64
48426 58
48427 70
48428 60
48429 65
48430 72
48431 60
48432 56
48433 57
48434 60
48435 63
48436 77
48437 69
48438 69
48439 54
48440 53
48441 48
48442 46
48443 59
48444 76
48445 78
48446 60
48447 55
48448 65
48449 67
48450 67
48451 64
48452 73
48453 79
48454 70
48455 75
48456 64
48457 63
48458 66
48459 72
48460 64
48461 66
48462 67
48463 66
48464 71
48465 63
48466 69
48467 72
48468 59
48469 68
48470 67
48471 69
48472 64
48473 74
48474 83
48475 71
48476 66
48477 69
48478 77
48479 77
48480 73
48481 74
48482 69
48483 56
48484 61
48485 65
48486 72
48487 73
48488 77
48489 79
48490 72
48491 58
48492 68
48493 68
48494 76
48495 67
48496 65
48497 71
48498 79
48499 77
48500 70
48501 56
48502 69
48503 73
48504 74
48505 67
48506 69
48507 56
48508 51
48509 60
48510 69
48511 69
48512 57
48513 43
48514 57
48515 63
48516 65
48517 61
48518 65
48519 72
48520 71
48521 68
48522 75
48523 66
48524 68
48525 64
48526 61
48527 69
48528 68
48529 63
48530 65
48531 73
48532 64
48533 61
48534 64
48535 71
48536 73
48537 79
48538 65
48539 63
48540 69
48541 68
48542 71
48543 63
48544 70
48545 71
48546 83
48547 80
48548 61
48549 76
48550 65
48551 64
48552 48
48553 53
48554 61
48555 73
48556 78
48557 77
48558 72
48559 70
48560 69
48561 81
48562 70
48563 74
48564 62
48565 58
48566 56
48567 61
48568 75
48569 68
48570 65
48571 76
48572 65
48573 57
48574 73
48575 71
48576 82
48577 71
48578 70
48579 71
48580 65
48581 63
48582 67
48583 72
48584 59
48585 69
48586 71
48587 68
48588 81
48589 72
48590 73
48591 74
48592 64
48593 65
48594 67
48595 72
48596 68
48597 65
48598 65
48599 73
48600 73
48601 75
48602 66
48603 68
48604 68
48605 73
48606 75
48607 68
48608 73
48609 63
48610 77
48611 86
48612 68
48613 75
48614 79
48615 75
48616 69
48617 72
48618 64
48619 58
48620 61
48621 70
48622 70
48623 68
48624 83
48625 75
48626 64
48627 80
48628 63
48629 80
48630 81
48631 79
48632 80
48633 71
48634 70
48635 67
48636 65
48637 78
48638 69
48639 78
48640 76
48641 70
48642 65
48643 76
48644 71
48645 60
48646 73
48647 60
48648 63
48649 67
48650 74
48651 74
48652 59
48653 67
48654 71
48655 82
48656 74
48657 73
48658 59
48659 54
48660 66
48661 74
48662 70
48663 62
48664 54
48665 55
48666 63
48667 69
48668 75
48669 63
48670 58
48671 60
48672 61
48673 63
48674 61
48675 63
48676 69
48677 69
48678 81
48679 73
48680 64
48681 74
48682 79
48683 76
48684 65
48685 63
48686 69
48687 67
48688 72
48689 73
48690 71
48691 69
48692 72
48693 80
48694 66
48695 65
48696 77
48697 77
48698 68
48699 64
48700 68
48701 61
48702 81
48703 76
48704 76
48705 69
48706 68
48707 70
48708 56
48709 74
48710 65
48711 63
48712 62
48713 59
48714 70
48715 70
48716 72
48717 62
48718 70
48719 77
48720 61
48721 63
48722 61
48723 74
48724 79
48725 64
48726 66
48727 75
48728 68
48729 59
48730 66
48731 64
48732 74
48733 71
48734 69
48735 75
48736 73
48737 63
48738 57
48739 68
48740 76
48741 71
48742 73
48743 75
48744 68
48745 59
48746 58
48747 67
48748 57
48749 68
48750 69
48751 69
48752 74
48753 61
48754 57
48755 77
48756 72
48757 67
48758 63
48759 70
48760 69
48761 64
48762 77
48763 74
48764 69
48765 68
48766 65
48767 80
48768 70
48769 70
48770 67
48771 62
48772 67
48773 68
48774 80
48775 66
48776 80
48777 77
48778 63
48779 68
48780 74
48781 70
48782 54
48783 50
48784 47
48785 50
48786 51
48787 55
48788 67
48789 72
48790 63
48791 67
48792 68
48793 64
48794 65
48795 71
48796 72
48797 68
48798 67
48799 49
48800 62
48801 80
48802 75
48803 69
48804 66
48805 60
48806 70
48807 68
48808 66
48809 58
48810 60
48811 76
48812 73
48813 79
48814 78
48815 68
48816 57
48817 66
48818 61
48819 66
48820 64
48821 60
48822 71
48823 72
48824 59
48825 52
48826 44
48827 35
48828 34
48829 45
48830 47
48831 65
48832 73
48833 58
48834 57
48835 50
48836 51
48837 65
48838 71
48839 71
48840 71
48841 77
48842 68
48843 62
48844 72
48845 69
48846 63
48847 70
48848 68
48849 61
48850 60
48851 53
48852 65
48853 74
48854 71
48855 67
48856 65
48857 67
48858 68
48859 68
48860 70
48861 72
48862 68
48863 58
48864 68
48865 71
48866 69
48867 75
48868 70
48869 65
48870 73
48871 79
48872 62
48873 61
48874 62
48875 76
48876 81
48877 96
48878 79
48879 75
48880 68
48881 53
48882 61
48883 65
48884 65
48885 62
48886 55
48887 59
48888 59
48889 59
48890 67
48891 66
48892 63
48893 79
48894 71
48895 63
48896 68
48897 75
48898 71
48899 68
48900 70
48901 64
48902 70
48903 75
48904 63
48905 70
48906 69
48907 68
48908 55
48909 65
48910 62
48911 66
48912 71
48913 66
48914 67
48915 55
48916 71
48917 77
48918 73
48919 68
48920 76
48921 72
48922 75
48923 72
48924 67
48925 67
48926 81
48927 75
48928 58
48929 59
48930 58
48931 77
48932 65
48933 66
48934 71
48935 73
48936 76
48937 66
48938 67
48939 73
48940 70
48941 60
48942 52
48943 54
48944 67
48945 65
48946 58
48947 60
48948 64
48949 65
48950 57
48951 58
48952 68
48953 57
48954 60
48955 58
48956 53
48957 60
48958 74
48959 78
48960 68
48961 75
48962 65
48963 70
48964 69
48965 77
48966 72
48967 73
48968 83
48969 68
48970 62
48971 61
48972 62
48973 76
48974 72
48975 78
48976 85
48977 67
48978 75
48979 82
48980 72
48981 68
48982 77
48983 70
48984 72
48985 69
48986 71
48987 67
48988 61
48989 60
48990 55
48991 65
48992 71
48993 71
48994 70
48995 68
48996 69
48997 78
48998 69
48999 72
49000 67
49001 72
49002 68
49003 73
49004 58
49005 57
49006 70
49007 77
49008 63
49009 72
49010 64
49011 68
49012 71
49013 73
49014 76
49015 75
49016 68
49017 55
49018 54
49019 60
49020 69
49021 78
49022 72
49023 64
49024 78
49025 76
49026 76
49027 86
49028 74
49029 71
49030 70
49031 69
49032 75
49033 69
49034 63
49035 78
49036 76
49037 68
49038 64
49039 68
49040 74
49041 88
49042 74
49043 75
49044 70
49045 65
49046 69
49047 65
49048 77
49049 78
49050 74
49051 61
49052 63
49053 61
49054 63
49055 69
49056 68
49057 76
49058 70
49059 79
49060 68
49061 70
49062 75
49063 68
49064 54
49065 68
49066 66
49067 54
49068 57
49069 59
49070 69
49071 69
49072 65
49073 59
49074 67
49075 61
49076 57
49077 65
49078 68
49079 65
49080 68
49081 73
49082 73
49083 68
49084 65
49085 71
49086 70
49087 74
49088 70
49089 64
49090 62
49091 61
49092 61
49093 76
49094 78
49095 60
49096 59
49097 55
49098 59
49099 71
49100 82
49101 90
49102 72
49103 69
49104 76
49105 71
49106 90
49107 81
49108 78
49109 76
49110 63
49111 74
49112 69
49113 63
49114 62
49115 64
49116 70
49117 63
49118 63
49119 70
49120 67
49121 77
49122 74
49123 75
49124 60
49125 67
49126 75
49127 67
49128 69
49129 77
49130 70
49131 68
49132 69
49133 64
49134 68
49135 69
49136 76
49137 67
49138 68
49139 74
49140 72
49141 61
49142 70
49143 67
49144 71
49145 63
49146 56
49147 74
49148 70
49149 71
49150 63
49151 60
49152 68
49153 70
49154 64
49155 65
49156 69
49157 81
49158 73
49159 73
49160 72
49161 66
49162 68
49163 73
49164 71
49165 69
49166 70
49167 69
49168 78
49169 78
49170 70
49171 75
49172 71
49173 69
49174 74
49175 73
49176 67
49177 59
49178 62
49179 63
49180 61
49181 60
49182 63
49183 72
49184 72
49185 62
49186 59
49187 64
49188 49
49189 60
49190 63
49191 74
49192 69
49193 69
49194 61
49195 66
49196 65
49197 61
49198 73
49199 68
49200 70
49201 77
49202 74
49203 83
49204 76
49205 66
49206 65
49207 47
49208 59
49209 68
49210 62
49211 63
49212 73
49213 69
49214 64
49215 71
49216 68
49217 57
49218 59
49219 76
49220 72
49221 67
49222 62
49223 72
49224 75
49225 70
49226 65
49227 63
49228 66
49229 62
49230 62
49231 78
49232 77
49233 66
49234 63
49235 71
49236 72
49237 72
49238 62
49239 69
49240 72
49241 67
49242 71
49243 70
49244 66
49245 70
49246 67
49247 63
49248 60
49249 75
49250 78
49251 68
49252 78
49253 91
49254 78
49255 63
49256 65
49257 69
49258 62
49259 54
49260 73
49261 77
49262 75
49263 78
49264 74
49265 68
49266 63
49267 62
49268 53
49269 54
49270 66
49271 73
49272 72
49273 73
49274 79
49275 73
49276 74
49277 67
49278 56
49279 62
49280 65
49281 76
49282 75
49283 68
49284 62
49285 68
49286 70
49287 77
49288 63
49289 69
49290 73
49291 58
49292 74
49293 68
49294 63
49295 68
49296 68
49297 76
49298 69
49299 63
49300 71
49301 66
49302 68
49303 71
49304 78
49305 82
49306 75
49307 64
49308 64
49309 60
49310 61
49311 69
49312 59
49313 69
49314 73
49315 65
49316 72
49317 77
49318 57
49319 58
49320 67
49321 64
49322 57
49323 76
49324 68
49325 75
49326 61
49327 66
49328 67
49329 70
49330 75
49331 74
49332 75
49333 67
49334 62
49335 42
49336 43
49337 58
49338 73
49339 66
49340 76
49341 74
49342 73
49343 77
49344 76
49345 71
49346 61
49347 73
49348 66
49349 69
49350 69
49351 69
49352 64
49353 68
49354 76
49355 77
49356 71
49357 61
49358 67
49359 64
49360 67
49361 75
49362 65
49363 66
49364 59
49365 63
49366 79
49367 81
49368 78
49369 60
49370 57
49371 48
49372 47
49373 64
49374 64
49375 56
49376 68
49377 60
49378 61
49379 63
49380 64
49381 69
49382 68
49383 70
49384 68
49385 65
49386 58
49387 61
49388 68
49389 62
49390 60
49391 51
49392 61
49393 63
49394 62
49395 66
49396 65
49397 65
49398 67
49399 67
49400 58
49401 62
49402 60
49403 66
49404 60
49405 66
49406 77
49407 75
49408 65
49409 52
49410 64
49411 69
49412 75
49413 69
49414 75
49415 69
49416 75
49417 71
49418 70
49419 61
49420 56
49421 62
49422 77
49423 66
49424 83
49425 87
49426 76
49427 70
49428 69
49429 62
49430 68
49431 79
49432 67
49433 61
49434 63
49435 67
49436 72
49437 71
49438 73
49439 70
49440 65
49441 63
49442 59
49443 54
49444 49
49445 50
49446 60
49447 75
49448 78
49449 83
49450 69
49451 60
49452 48
49453 65
49454 64
49455 52
49456 49
49457 51
49458 54
49459 58
49460 58
49461 48
49462 60
49463 60
49464 66
49465 74
49466 63
49467 70
49468 69
49469 75
49470 72
49471 70
49472 67
49473 65
49474 67
49475 68
49476 60
49477 65
49478 71
49479 73
49480 61
49481 68
49482 69
49483 71
49484 70
49485 77
49486 74
49487 69
49488 62
49489 53
49490 54
49491 61
49492 61
49493 66
49494 64
49495 68
49496 71
49497 68
49498 67
49499 67
49500 59
49501 58
49502 60
49503 72
49504 74
49505 66
49506 75
49507 64
49508 73
49509 66
49510 67
49511 84
49512 90
49513 75
49514 76
49515 71
49516 67
49517 75
49518 70
49519 66
49520 69
49521 59
49522 61
49523 61
49524 65
49525 69
49526 63
49527 68
49528 71
49529 68
49530 70
49531 73
49532 70
49533 68
49534 66
49535 59
49536 60
49537 67
49538 75
49539 74
49540 76
49541 69
49542 59
49543 59
49544 48
49545 56
49546 41
49547 40
49548 51
49549 52
49550 61
49551 70
49552 72
49553 65
49554 72
49555 66
49556 71
49557 78
49558 61
49559 55
49560 44
49561 52
49562 55
49563 62
49564 63
49565 65
49566 66
49567 77
49568 72
49569 69
49570 70
49571 67
49572 59
49573 51
49574 50
49575 62
49576 66
49577 68
49578 71
49579 66
49580 51
49581 53
49582 63
49583 62
49584 73
49585 69
49586 72
49587 77
49588 69
49589 68
49590 74
49591 79
49592 76
49593 69
49594 68
49595 64
49596 63
49597 64
49598 64
49599 58
49600 65
49601 66
49602 67
49603 72
49604 69
49605 64
49606 72
49607 71
49608 87
49609 81
49610 72
49611 57
49612 50
49613 49
49614 67
49615 77
49616 72
49617 69
49618 65
49619 69
49620 71
49621 51
49622 67
49623 63
49624 69
49625 76
49626 74
49627 70
49628 65
49629 66
49630 74
49631 74
49632 75
49633 74
49634 73
49635 78
49636 68
49637 66
49638 79
49639 71
49640 67
49641 63
49642 61
49643 72
49644 60
49645 70
49646 80
49647 78
49648 71
49649 74
49650 59
49651 64
49652 65
49653 63
49654 74
49655 84
49656 78
49657 72
49658 68
49659 67
49660 71
49661 68
49662 80
49663 74
49664 71
49665 73
49666 72
49667 64
49668 69
49669 68
49670 60
49671 63
49672 71
49673 70
49674 71
49675 78
49676 59
49677 57
49678 62
49679 72
49680 73
49681 74
49682 75
49683 81
49684 71
49685 63
49686 67
49687 71
49688 88
49689 84
49690 78
49691 76
49692 71
49693 66
49694 60
49695 56
49696 63
49697 74
49698 70
49699 79
49700 76
49701 75
49702 65
49703 54
49704 69
49705 76
49706 69
49707 77
49708 75
49709 78
49710 76
49711 64
49712 66
49713 62
49714 64
49715 50
49716 55
49717 63
49718 72
49719 75
49720 71
49721 68
49722 78
49723 73
49724 75
49725 73
49726 78
49727 77
49728 69
49729 74
49730 71
49731 70
49732 77
49733 74
49734 62
49735 68
49736 72
49737 58
49738 60
49739 62
49740 70
49741 68
49742 74
49743 70
49744 69
49745 75
49746 63
49747 71
49748 69
49749 69
49750 68
49751 76
49752 77
49753 69
49754 57
49755 62
49756 80
49757 74
49758 66
49759 61
49760 59
49761 66
49762 76
49763 66
49764 68
49765 72
49766 77
49767 58
49768 60
49769 70
49770 77
49771 73
49772 71
49773 76
49774 75
49775 72
49776 64
49777 73
49778 71
49779 78
49780 79
49781 81
49782 81
49783 68
49784 67
49785 57
49786 54
49787 67
49788 70
49789 79
49790 77
49791 80
49792 66
49793 74
49794 68
49795 74
49796 54
49797 55
49798 63
49799 68
49800 71
49801 66
49802 72
49803 70
49804 65
49805 48
49806 60
49807 68
49808 67
49809 65
49810 64
49811 56
49812 66
49813 71
49814 64
49815 61
49816 74
49817 72
49818 63
49819 72
49820 75
49821 78
49822 62
49823 71
49824 66
49825 80
49826 70
49827 62
49828 58
49829 65
49830 64
49831 51
49832 49
49833 44
49834 30
49835 43
49836 44
49837 55
49838 73
49839 73
49840 64
49841 70
49842 71
49843 75
49844 72
49845 68
49846 70
49847 58
49848 70
49849 71
49850 66
49851 65
49852 61
49853 62
49854 73
49855 69
49856 72
49857 68
49858 64
49859 64
49860 66
49861 71
49862 69
49863 54
49864 65
49865 83
49866 68
49867 64
49868 65
49869 67
49870 85
49871 82
49872 74
49873 70
49874 74
49875 68
49876 70
49877 65
49878 68
49879 71
49880 58
49881 69
49882 70
49883 70
49884 81
49885 66
49886 65
49887 72
49888 68
49889 63
49890 70
49891 65
49892 66
49893 63
49894 61
49895 63
49896 62
49897 67
49898 74
49899 78
49900 79
49901 84
49902 76
49903 75
49904 67
49905 74
49906 74
49907 77
49908 70
49909 63
49910 62
49911 69
49912 72
49913 73
49914 71
49915 63
49916 63
49917 64
49918 76
49919 77
49920 72
49921 69
49922 67
49923 64
49924 69
49925 69
49926 79
49927 76
49928 72
49929 68
49930 56
49931 50
49932 67
49933 72
49934 73
49935 79
49936 59
49937 55
49938 54
49939 67
49940 69
49941 56
49942 68
49943 65
49944 67
49945 61
49946 57
49947 61
49948 63
49949 75
49950 58
49951 73
49952 77
49953 74
49954 78
49955 76
49956 82
49957 81
49958 79
49959 88
49960 71
49961 63
49962 60
49963 65
49964 75
49965 74
49966 88
49967 76
49968 59
49969 73
49970 70
49971 74
49972 75
49973 83
49974 82
49975 73
49976 55
49977 52
49978 54
49979 69
49980 73
49981 71
49982 85
49983 75
49984 61
49985 66
49986 68
49987 74
49988 72
49989 64
49990 62
49991 65
49992 79
49993 70
49994 55
49995 63
49996 68
49997 68
49998 61
49999 65

Execution Time: 134.795 ms
