Algorithm: SSSP
Source: 0

Vertex Distance
0 0
1 16
2 27
3 46
4 48
5 49
6 52
7 49
8 53
9 57
10 62
11 68
12 54
13 66
14 57
15 59
16 64
17 52
18 50
19 48
20 64
21 70
22 64
23 53
24 50
25 50
26 56
27 65
28 65
29 73
30 63
31 70
32 58
33 51
34 53
35 59
36 61
37 64
38 69
39 63
40 59
41 72
42 77
43 74
44 63
45 59
46 62
47 64
48 65
49 67
50 70
51 76
52 81
53 86
54 66
55 67
56 73
57 62
58 60
59 62
60 66
61 59
62 63
63 58
64 58
65 59
66 69
67 75
68 59
69 50
70 49
71 51
72 54
73 59
74 42
75 56
76 63
77 62
78 62
79 53
80 51
81 59
82 60
83 56
84 43
85 46
86 65
87 69
88 70
89 71
90 67
91 62
92 56
93 46
94 53
95 64
96 67
97 61
98 60
99 71
100 58
101 57
102 56
103 57
104 63
105 57
106 60
107 53
108 67
109 61
110 64
111 71
112 71
113 64
114 67
115 65
116 66
117 55
118 53
119 47
120 49
121 55
122 57
123 65
124 60
125 65
126 66
127 70
128 67
129 63
130 64
131 61
132 57
133 56
134 54
135 68
136 67
137 63
138 50
139 56
140 46
141 51
142 39
143 38
144 43
145 45
146 61
147 49
148 47
149 45
150 51
151 66
152 65
153 61
154 58
155 62
156 74
157 69
158 58
159 52
160 52
161 64
162 72
163 63
164 61
165 69
166 66
167 62
168 58
169 58
170 59
171 50
172 52
173 60
174 65
175 65
176 64
177 57
178 55
179 50
180 52
181 62
182 66
183 62
184 73
185 54
186 53
187 64
188 60
189 70
190 66
191 61
192 61
193 65
194 59
195 59
196 56
197 71
198 60
199 49
200 51
201 65
202 63
203 64
204 68
205 68
206 60
207 56
208 64
209 60
210 61
211 45
212 52
213 61
214 66
215 70
216 61
217 60
218 59
219 58
220 63
221 68
222 55
223 49
224 53
225 49
226 63
227 66
228 64
229 56
230 65
231 64
232 61
233 62
234 63
235 67
236 58
237 53
238 54
239 55
240 52
241 50
242 57
243 65
244 67
245 60
246 63
247 60
248 58
249 53
250 55
251 63
252 55
253 45
254 53
255 53
256 61
257 67
258 54
259 61
260 57
261 60
262 67
263 58
264 68
265 60
266 53
267 62
268 57
269 56
270 53
271 52
272 44
273 47
274 48
275 49
276 55
277 56
278 42
279 49
280 45
281 61
282 75
283 63
284 59
285 54
286 57
287 64
288 57
289 54
290 59
291 63
292 59
293 56
294 55
295 57
296 52
297 51
298 65
299 64
300 64
301 58
302 47
303 56
304 53
305 65
306 62
307 56
308 59
309 61
310 60
311 62
312 63
313 70
314 65
315 60
316 58
317 57
318 58
319 44
320 59
321 60
322 62
323 65
324 63
325 55
326 55
327 61
328 65
329 64
330 69
331 59
332 67
333 67
334 66
335 57
336 67
337 65
338 63
339 66
340 54
341 58
342 75
343 66
344 57
345 66
346 62
347 54
348 57
349 60
350 59
351 53
352 50
353 57
354 52
355 56
356 58
357 63
358 57
359 58
360 59
361 72
362 71
363 63
364 60
365 70
366 58
367 39
368 43
369 52
370 58
371 63
372 60
373 63
374 59
375 49
376 68
377 63
378 60
379 61
380 58
381 58
382 62
383 64
384 62
385 54
386 50
387 56
388 44
389 37
390 49
391 58
392 78
393 66
394 58
395 59
396 60
397 64
398 69
399 66
400 65
401 72
402 78
403 58
404 59
405 60
406 61
407 55
408 66
409 66
410 59
411 66
412 63
413 72
414 71
415 68
416 67
417 51
418 52
419 61
420 63
421 61
422 62
423 65
424 52
425 59
426 50
427 53
428 64
429 67
430 62
431 62
432 58
433 51
434 50
435 61
436 63
437 60
438 69
439 51
440 63
441 57
442 47
443 58
444 67
445 64
446 68
447 61
448 64
449 70
450 72
451 64
452 69
453 62
454 70
455 57
456 52
457 54
458 59
459 73
460 59
461 53
462 65
463 70
464 67
465 60
466 62
467 63
468 69
469 57
470 56
471 66
472 52
473 61
474 67
475 57
476 76
477 67
478 63
479 67
480 57
481 55
482 58
483 55
484 66
485 67
486 68
487 72
488 69
489 83
490 64
491 72
492 73
493 66
494 72
495 66
496 60
497 57
498 60
499 63
500 69
501 53
502 50
503 55
504 54
505 56
506 53
507 58
508 50
509 64
510 59
511 53
512 58
513 55
514 45
515 44
516 50
517 57
518 64
519 60
520 55
521 62
522 50
523 59
524 66
525 69
526 56
527 60
528 50
529 40
530 36
531 53
532 55
533 56
534 50
535 44
536 55
537 64
538 50
539 62
540 66
541 57
542 52
543 61
544 66
545 61
546 58
547 51
548 61
549 67
550 61
551 64
552 57
553 63
554 65
555 49
556 64
557 52
558 60
559 63
560 59
561 59
562 66
563 68
564 61
565 69
566 59
567 51
568 54
569 63
570 57
571 64
572 60
573 65
574 66
575 59
576 70
577 64
578 71
579 61
580 62
581 67
582 64
583 68
584 56
585 68
586 60
587 53
588 66
589 58
590 57
591 55
592 49
593 43
594 53
595 60
596 53
597 52
598 63
599 78
600 68
601 69
602 68
603 65
604 60
605 62
606 55
607 53
608 65
609 69
610 66
611 46
612 42
613 39
614 42
615 52
616 50
617 40
618 38
619 46
620 49
621 60
622 62
623 50
624 53
625 57
626 68
627 52
628 57
629 62
630 58
631 76
632 61
633 67
634 59
635 48
636 47
637 38
638 41
639 46
640 54
641 64
642 63
643 57
644 54
645 53
646 62
647 62
648 70
649 61
650 58
651 66
652 60
653 46
654 60
655 65
656 57
657 54
658 57
659 58
660 57
661 64
662 61
663 63
664 72
665 64
666 67
667 51
668 63
669 67
670 53
671 61
672 45
673 57
674 59
675 56
676 66
677 64
678 60
679 50
680 68
681 54
682 64
683 54
684 59
685 59
686 53
687 54
688 51
689 66
690 64
691 53
692 59
693 66
694 70
695 54
696 47
697 54
698 57
699 67
700 61
701 68
702 63
703 58
704 63
705 60
706 59
707 55
708 53
709 55
710 54
711 51
712 68
713 52
714 57
715 63
716 67
717 58
718 54
719 67
720 61
721 64
722 68
723 70
724 59
725 53
726 61
727 64
728 56
729 75
730 72
731 58
732 63
733 65
734 47
735 65
736 68
737 66
738 55
739 63
740 57
741 61
742 57
743 62
744 60
745 51
746 56
747 59
748 59
749 68
750 57
751 65
752 65
753 66
754 67
755 55
756 44
757 59
758 56
759 64
760 72
761 64
762 69
763 62
764 59
765 65
766 61
767 54
768 53
769 59
770 55
771 63
772 58
773 62
774 54
775 61
776 67
777 64
778 55
779 61
780 62
781 60
782 55
783 52
784 52
785 50
786 69
787 64
788 59
789 49
790 52
791 62
792 76
793 69
794 70
795 69
796 64
797 67
798 51
799 62
800 61
801 58
802 54
803 56
804 59
805 61
806 51
807 60
808 63
809 57
810 58
811 71
812 65
813 48
814 60
815 68
816 58
817 63
818 49
819 62
820 54
821 52
822 57
823 56
824 56
825 57
826 65
827 54
828 56
829 58
830 68
831 75
832 62
833 51
834 62
835 63
836 61
837 49
838 58
839 54
840 49
841 59
842 48
843 56
844 53
845 48
846 57
847 46
848 53
849 62
850 60
851 66
852 70
853 64
854 66
855 59
856 70
857 56
858 54
859 58
860 56
861 57
862 66
863 68
864 71
865 67
866 66
867 73
868 57
869 39
870 45
871 59
872 55
873 54
874 61
875 63
876 48
877 60
878 64
879 58
880 52
881 37
882 53
883 50
884 39
885 48
886 42
887 41
888 36
889 47
890 36
891 50
892 57
893 59
894 44
895 51
896 53
897 66
898 62
899 60
900 57
901 66
902 62
903 62
904 65
905 54
906 67
907 54
908 55
909 66
910 58
911 64
912 56
913 72
914 61
915 73
916 68
917 65
918 61
919 58
920 64
921 58
922 64
923 62
924 64
925 50
926 49
927 58
928 54
929 74
930 68
931 67
932 53
933 52
934 50
935 58
936 61
937 71
938 55
939 58
940 49
941 56
942 63
943 62
944 65
945 61
946 52
947 56
948 62
949 57
950 53
951 39
952 55
953 53
954 58
955 50
956 63
957 70
958 62
959 64
960 62
961 53
962 71
963 64
964 77
965 70
966 56
967 52
968 49
969 62
970 51
971 58
972 57
973 69
974 68
975 62
976 47
977 53
978 50
979 55
980 67
981 51
982 47
983 42
984 61
985 54
986 57
987 52
988 54
989 54
990 62
991 58
992 64
993 54
994 59
995 62
996 73
997 65
998 70
999 62
1000 56
1001 55
1002 52
1003 61
1004 63
1005 57
1006 42
1007 32
1008 41
1009 53
1010 55
1011 50
1012 51
1013 55
1014 46
1015 50
1016 65
1017 60
1018 65
1019 61
1020 65
1021 62
1022 65
1023 65
1024 58
1025 65
1026 68
1027 67
1028 50
1029 61
1030 70
1031 61
1032 66
1033 62
1034 59
1035 56
1036 58
1037 55
1038 60
1039 59
1040 56
1041 68
1042 76
1043 62
1044 54
1045 68
1046 64
1047 66
1048 69
1049 65
1050 52
1051 68
1052 59
1053 57
1054 53
1055 68
1056 64
1057 56
1058 69
1059 76
1060 69
1061 80
1062 69
1063 72
1064 74
1065 74
1066 59
1067 65
1068 67
1069 68
1070 59
1071 60
1072 66
1073 66
1074 63
1075 68
1076 77
1077 66
1078 72
1079 61
1080 65
1081 59
1082 63
1083 53
1084 56
1085 55
1086 46
1087 49
1088 65
1089 58
1090 62
1091 64
1092 70
1093 65
1094 46
1095 63
1096 66
1097 74
1098 54
1099 62
1100 66
1101 64
1102 65
1103 58
1104 64
1105 58
1106 61
1107 66
1108 58
1109 60
1110 62
1111 57
1112 54
1113 63
1114 50
1115 57
1116 59
1117 63
1118 64
1119 69
1120 69
1121 74
1122 66
1123 61
1124 56
1125 64
1126 69
1127 69
1128 57
1129 53
1130 60
1131 58
1132 67
1133 69
1134 60
1135 66
1136 61
1137 57
1138 62
1139 66
1140 71
1141 56
1142 45
1143 40
1144 51
1145 64
1146 60
1147 55
1148 65
1149 62
1150 58
1151 54
1152 50
1153 61
1154 61
1155 63
1156 62
1157 69
1158 63
1159 61
1160 50
1161 38
1162 36
1163 41
1164 45
1165 61
1166 59
1167 59
1168 63
1169 71
1170 51
1171 52
1172 53
1173 49
1174 35
1175 54
1176 57
1177 59
1178 73
1179 60
1180 57
1181 58
1182 51
1183 52
1184 65
1185 58
1186 68
1187 59
1188 49
1189 40
1190 43
1191 40
1192 55
1193 63
1194 71
1195 66
1196 73
1197 62
1198 61
1199 57
1200 66
1201 70
1202 54
1203 53
1204 49
1205 60
1206 63
1207 57
1208 55
1209 49
1210 68
1211 65
1212 71
1213 70
1214 67
1215 66
1216 55
1217 45
1218 48
1219 57
1220 63
1221 67
1222 61
1223 58
1224 66
1225 57
1226 61
1227 61
1228 50
1229 51
1230 57
1231 66
1232 71
1233 67
1234 54
1235 62
1236 60
1237 71
1238 72
1239 68
1240 63
1241 53
1242 55
1243 69
1244 60
1245 60
1246 60
1247 46
1248 56
1249 45
1250 57
1251 58
1252 64
1253 57
1254 37
1255 51
1256 47
1257 49
1258 59
1259 69
1260 63
1261 58
1262 61
1263 65
1264 55
1265 51
1266 60
1267 64
1268 67
1269 62
1270 53
1271 48
1272 42
1273 56
1274 57
1275 53
1276 57
1277 65
1278 68
1279 55
1280 65
1281 56
1282 50
1283 49
1284 55
1285 64
1286 60
1287 62
1288 64
1289 65
1290 57
1291 69
1292 66
1293 58
1294 58
1295 69
1296 66
1297 69
1298 56
1299 65
1300 66
1301 62
1302 56
1303 52
1304 65
1305 46
1306 54
1307 61
1308 65
1309 72
1310 63
1311 61
1312 62
1313 48
1314 49
1315 55
1316 69
1317 56
1318 57
1319 59
1320 52
1321 54
1322 56
1323 58
1324 55
1325 61
1326 63
1327 67
1328 62
1329 56
1330 65
1331 66
1332 66
1333 69
1334 67
1335 60
1336 67
1337 60
1338 57
1339 52
1340 39
1341 36
1342 50
1343 54
1344 51
1345 55
1346 50
1347 47
1348 45
1349 54
1350 66
1351 70
1352 66
1353 61
1354 65
1355 72
1356 61
1357 69
1358 60
1359 64
1360 59
1361 60
1362 58
1363 64
1364 69
1365 64
1366 64
1367 59
1368 50
1369 68
1370 57
1371 50
1372 44
1373 49
1374 52
1375 52
1376 57
1377 60
1378 62
1379 75
1380 65
1381 58
1382 61
1383 58
1384 70
1385 70
1386 66
1387 47
1388 56
1389 54
1390 60
1391 54
1392 49
1393 61
1394 57
1395 51
1396 48
1397 54
1398 58
1399 74
1400 63
1401 54
1402 59
1403 66
1404 65
1405 59
1406 70
1407 58
1408 65
1409 63
1410 44
1411 62
1412 57
1413 48
1414 46
1415 47
1416 49
1417 55
1418 58
1419 60
1420 59
1421 52
1422 54
1423 48
1424 42
1425 59
1426 68
1427 56
1428 65
1429 64
1430 57
1431 55
1432 64
1433 62
1434 62
1435 62
1436 59
1437 63
1438 61
1439 52
1440 55
1441 52
1442 43
1443 60
1444 65
1445 68
1446 61
1447 52
1448 43
1449 44
1450 58
1451 40
1452 57
1453 62
1454 72
1455 77
1456 57
1457 55
1458 66
1459 57
1460 61
1461 51
1462 44
1463 45
1464 57
1465 39
1466 42
1467 55
1468 70
1469 57
1470 70
1471 60
1472 53
1473 54
1474 68
1475 68
1476 55
1477 59
1478 58
1479 60
1480 60
1481 64
1482 57
1483 61
1484 52
1485 58
1486 60
1487 63
1488 52
1489 66
1490 61
1491 60
1492 50
1493 54
1494 56
1495 50
1496 57
1497 62
1498 60
1499 65
1500 53
1501 56
1502 49
1503 53
1504 68
1505 54
1506 56
1507 69
1508 65
1509 64
1510 55
1511 59
1512 58
1513 62
1514 67
1515 66
1516 60
1517 57
1518 60
1519 74
1520 56
1521 73
1522 72
1523 64
1524 64
1525 59
1526 64
1527 57
1528 52
1529 42
1530 60
1531 77
1532 60
1533 62
1534 62
1535 57
1536 68
1537 64
1538 54
1539 43
1540 55
1541 62
1542 63
1543 60
1544 69
1545 62
1546 62
1547 73
1548 62
1549 66
1550 67
1551 63
1552 68
1553 67
1554 59
1555 60
1556 56
1557 57
1558 58
1559 62
1560 60
1561 76
1562 67
1563 61
1564 57
1565 54
1566 63
1567 60
1568 64
1569 63
1570 55
1571 60
1572 67
1573 65
1574 65
1575 53
1576 54
1577 58
1578 59
1579 66
1580 63
1581 68
1582 58
1583 48
1584 52
1585 56
1586 53
1587 58
1588 57
1589 61
1590 70
1591 72
1592 64
1593 60
1594 61
1595 58
1596 68
1597 57
1598 55
1599 54
1600 55
1601 53
1602 60
1603 62
1604 65
1605 59
1606 63
1607 58
1608 49
1609 59
1610 60
1611 62
1612 74
1613 81
1614 66
1615 62
1616 59
1617 49
1618 67
1619 69
1620 64
1621 61
1622 66
1623 66
1624 59
1625 61
1626 59
1627 62
1628 66
1629 67
1630 49
1631 53
1632 69
1633 66
1634 64
1635 66
1636 66
1637 63
1638 55
1639 66
1640 61
1641 62
1642 60
1643 60
1644 47
1645 57
1646 60
1647 64
1648 45
1649 50
1650 58
1651 56
1652 62
1653 66
1654 53
1655 41
1656 53
1657 62
1658 73
1659 62
1660 52
1661 69
1662 58
1663 55
1664 54
1665 51
1666 60
1667 64
1668 67
1669 62
1670 59
1671 56
1672 60
1673 55
1674 60
1675 60
1676 59
1677 59
1678 60
1679 51
1680 59
1681 62
1682 54
1683 57
1684 63
1685 67
1686 62
1687 66
1688 55
1689 54
1690 57
1691 63
1692 62
1693 58
1694 63
1695 57
1696 56
1697 51
1698 65
1699 56
1700 63
1701 73
1702 65
1703 55
1704 56
1705 69
1706 74
1707 55
1708 50
1709 61
1710 62
1711 67
1712 55
1713 53
1714 59
1715 72
1716 56
1717 69
1718 77
1719 70
1720 62
1721 60
1722 56
1723 58
1724 69
1725 64
1726 60
1727 55
1728 52
1729 63
1730 45
1731 39
1732 45
1733 47
1734 58
1735 55
1736 62
1737 49
1738 51
1739 55
1740 67
1741 52
1742 58
1743 47
1744 42
1745 54
1746 65
1747 63
1748 59
1749 57
1750 53
1751 51
1752 39
1753 48
1754 47
1755 48
1756 60
1757 55
1758 57
1759 60
1760 44
1761 46
1762 52
1763 72
1764 66
1765 65
1766 61
1767 55
1768 53
1769 47
1770 49
1771 56
1772 60
1773 58
1774 62
1775 65
1776 57
1777 66
1778 70
1779 71
1780 67
1781 68
1782 82
1783 65
1784 72
1785 71
1786 59
1787 53
1788 58
1789 59
1790 52
1791 67
1792 64
1793 51
1794 65
1795 62
1796 58
1797 54
1798 48
1799 30
1800 22
1801 36
1802 40
1803 44
1804 54
1805 60
1806 63
1807 54
1808 63
1809 65
1810 61
1811 53
1812 57
1813 56
1814 58
1815 66
1816 65
1817 64
1818 63
1819 59
1820 70
1821 67
1822 66
1823 62
1824 59
1825 72
1826 61
1827 60
1828 62
1829 61
1830 61
1831 79
1832 64
1833 66
1834 52
1835 55
1836 57
1837 61
1838 53
1839 60
1840 64
1841 51
1842 55
1843 61
1844 52
1845 69
1846 60
1847 57
1848 62
1849 60
1850 57
1851 69
1852 63
1853 67
1854 57
1855 58
1856 57
1857 59
1858 62
1859 63
1860 64
1861 70
1862 65
1863 68
1864 61
1865 69
1866 62
1867 54
1868 61
1869 60
1870 62
1871 58
1872 48
1873 48
1874 56
1875 60
1876 57
1877 59
1878 67
1879 67
1880 57
1881 57
1882 65
1883 60
1884 51
1885 60
1886 59
1887 58
1888 66
1889 71
1890 61
1891 60
1892 56
1893 61
1894 70
1895 71
1896 53
1897 43
1898 54
1899 57
1900 72
1901 63
1902 70
1903 76
1904 75
1905 74
1906 65
1907 56
1908 53
1909 58
1910 63
1911 58
1912 68
1913 69
1914 68
1915 72
1916 61
1917 55
1918 68
1919 83
1920 71
1921 74
1922 64
1923 58
1924 54
1925 70
1926 67
1927 68
1928 56
1929 58
1930 61
1931 59
1932 61
1933 52
1934 63
1935 72
1936 74
1937 66
1938 59
1939 62
1940 50
1941 66
1942 54
1943 58
1944 53
1945 55
1946 52
1947 45
1948 41
1949 45
1950 61
1951 58
1952 60
1953 48
1954 54
1955 40
1956 54
1957 55
1958 56
1959 58
1960 63
1961 52
1962 54
1963 63
1964 60
1965 47
1966 59
1967 75
1968 64
1969 59
1970 60
1971 59
1972 48
1973 61
1974 57
1975 59
1976 54
1977 55
1978 56
1979 58
1980 70
1981 64
1982 58
1983 58
1984 53
1985 49
1986 55
1987 56
1988 47
1989 60
1990 64
1991 54
1992 55
1993 65
1994 60
1995 61
1996 60
1997 65
1998 64
1999 47
2000 62
2001 74
2002 57
2003 63
2004 66
2005 57
2006 64
2007 61
2008 71
2009 69
2010 55
2011 55
2012 46
2013 37
2014 44
2015 57
2016 59
2017 60
2018 64
2019 58
2020 60
2021 54
2022 46
2023 57
2024 49
2025 51
2026 63
2027 65
2028 67
2029 65
2030 61
2031 57
2032 50
2033 56
2034 54
2035 57
2036 48
2037 55
2038 64
2039 59
2040 62
2041 67
2042 81
2043 73
2044 66
2045 62
2046 58
2047 58
2048 46
2049 59
2050 59
2051 51
2052 53
2053 50
2054 58
2055 59
2056 60
2057 60
2058 56
2059 69
2060 69
2061 77
2062 68
2063 59
2064 67
2065 64
2066 64
2067 62
2068 61
2069 63
2070 63
2071 57
2072 60
2073 59
2074 59
2075 56
2076 61
2077 65
2078 56
2079 61
2080 64
2081 61
2082 60
2083 49
2084 57
2085 58
2086 71
2087 64
2088 69
2089 67
2090 52
2091 71
2092 71
2093 71
2094 68
2095 73
2096 64
2097 62
2098 58
2099 64
2100 52
2101 49
2102 55
2103 59
2104 57
2105 62
2106 77
2107 65
2108 60
2109 50
2110 58
2111 56
2112 67
2113 61
2114 57
2115 56
2116 58
2117 57
2118 68
2119 58
2120 61
2121 60
2122 58
2123 49
2124 64
2125 74
2126 67
2127 57
2128 62
2129 63
2130 55
2131 64
2132 67
2133 59
2134 55
2135 56
2136 56
2137 54
2138 56
2139 56
2140 64
2141 73
2142 66
2143 59
2144 56
2145 67
2146 73
2147 60
2148 65
2149 61
2150 62
2151 64
2152 71
2153 76
2154 69
2155 62
2156 61
2157 56
2158 42
2159 48
2160 61
2161 69
2162 66
2163 58
2164 61
2165 63
2166 63
2167 49
2168 51
2169 45
2170 48
2171 57
2172 61
2173 54
2174 60
2175 53
2176 58
2177 55
2178 58
2179 54
2180 57
2181 59
2182 49
2183 68
2184 63
2185 68
2186 70
2187 65
2188 56
2189 47
2190 53
2191 45
2192 46
2193 56
2194 62
2195 71
2196 61
2197 54
2198 51
2199 62
2200 69
2201 64
2202 72
2203 62
2204 69
2205 75
2206 63
2207 58
2208 68
2209 76
2210 73
2211 65
2212 67
2213 61
2214 63
2215 55
2216 67
2217 65
2218 59
2219 61
2220 50
2221 52
2222 53
2223 64
2224 55
2225 54
2226 67
2227 59
2228 68
2229 65
2230 63
2231 58
2232 51
2233 57
2234 58
2235 64
2236 53
2237 56
2238 64
2239 57
2240 53
2241 68
2242 67
2243 64
2244 75
2245 73
2246 64
2247 67
2248 52
2249 54
2250 59
2251 54
2252 66
2253 52
2254 49
2255 38
2256 45
2257 57
2258 48
2259 49
2260 53
2261 57
2262 55
2263 51
2264 47
2265 49
2266 48
2267 51
2268 63
2269 47
2270 44
2271 41
2272 59
2273 60
2274 54
2275 57
2276 57
2277 56
2278 52
2279 50
2280 68
2281 61
2282 42
2283 48
2284 65
2285 67
2286 68
2287 64
2288 63
2289 62
2290 67
2291 50
2292 54
2293 62
2294 71
2295 67
2296 64
2297 58
2298 57
2299 63
2300 54
2301 61
2302 60
2303 57
2304 60
2305 63
2306 58
2307 57
2308 58
2309 65
2310 60
2311 60
2312 61
2313 53
2314 57
2315 61
2316 63
2317 59
2318 56
2319 51
2320 57
2321 65
2322 60
2323 58
2324 56
2325 64
2326 61
2327 60
2328 59
2329 64
2330 58
2331 65
2332 57
2333 57
2334 56
2335 56
2336 51
2337 53
2338 63
2339 64
2340 65
2341 58
2342 67
2343 71
2344 70
2345 73
2346 59
2347 63
2348 64
2349 65
2350 62
2351 61
2352 64
2353 62
2354 56
2355 54
2356 48
2357 56
2358 58
2359 64
2360 60
2361 72
2362 58
2363 55
2364 45
2365 46
2366 65
2367 61
2368 63
2369 63
2370 73
2371 60
2372 65
2373 63
2374 67
2375 66
2376 48
2377 58
2378 68
2379 55
2380 48
2381 58
2382 60
2383 43
2384 52
2385 56
2386 65
2387 56
2388 55
2389 57
2390 64
2391 59
2392 51
2393 66
2394 61
2395 56
2396 49
2397 55
2398 49
2399 52
2400 59
2401 55
2402 56
2403 64
2404 58
2405 60
2406 55
2407 55
2408 46
2409 59
2410 76
2411 62
2412 55
2413 40
2414 58
2415 61
2416 57
2417 70
2418 66
2419 58
2420 62
2421 44
2422 57
2423 71
2424 64
2425 54
2426 50
2427 46
2428 55
2429 59
2430 55
2431 53
2432 55
2433 58
2434 61
2435 61
2436 60
2437 67
2438 65
2439 62
2440 55
2441 48
2442 37
2443 43
2444 51
2445 71
2446 60
2447 59
2448 60
2449 61
2450 65
2451 61
2452 53
2453 56
2454 62
2455 58
2456 68
2457 67
2458 56
2459 71
2460 60
2461 60
2462 56
2463 53
2464 55
2465 63
2466 66
2467 62
2468 62
2469 61
2470 59
2471 56
2472 66
2473 64
2474 56
2475 60
2476 56
2477 46
2478 27
2479 38
2480 47
2481 57
2482 60
2483 59
2484 63
2485 60
2486 63
2487 62
2488 47
2489 66
2490 74
2491 72
2492 68
2493 62
2494 60
2495 54
2496 63
2497 56
2498 57
2499 65
2500 67
2501 65
2502 56
2503 69
2504 68
2505 52
2506 52
2507 58
2508 52
2509 61
2510 70
2511 67
2512 50
2513 63
2514 58
2515 62
2516 57
2517 59
2518 64
2519 58
2520 57
2521 48
2522 56
2523 55
2524 45
2525 50
2526 59
2527 63
2528 58
2529 57
2530 68
2531 55
2532 56
2533 72
2534 66
2535 61
2536 73
2537 59
2538 53
2539 59
2540 57
2541 73
2542 64
2543 53
2544 73
2545 68
2546 54
2547 55
2548 64
2549 56
2550 58
2551 61
2552 57
2553 53
2554 70
2555 56
2556 56
2557 64
2558 65
2559 63
2560 67
2561 70
2562 73
2563 65
2564 57
2565 52
2566 58
2567 49
2568 58
2569 55
2570 48
2571 58
2572 56
2573 50
2574 54
2575 58
2576 59
2577 57
2578 63
2579 55
2580 45
2581 46
2582 58
2583 63
2584 52
2585 54
2586 59
2587 63
2588 60
2589 56
2590 65
2591 65
2592 63
2593 64
2594 60
2595 61
2596 60
2597 59
2598 60
2599 62
2600 55
2601 62
2602 53
2603 64
2604 55
2605 60
2606 67
2607 54
2608 56
2609 61
2610 55
2611 51
2612 54
2613 59
2614 65
2615 65
2616 70
2617 69
2618 61
2619 60
2620 68
2621 49
2622 53
2623 57
2624 55
2625 66
2626 58
2627 42
2628 51
2629 55
2630 62
2631 55
2632 63
2633 63
2634 64
2635 61
2636 55
2637 64
2638 66
2639 63
2640 64
2641 65
2642 53
2643 54
2644 65
2645 61
2646 54
2647 68
2648 56
2649 56
2650 51
2651 69
2652 60
2653 63
2654 63
2655 75
2656 77
2657 62
2658 67
2659 63
2660 61
2661 64
2662 58
2663 63
2664 72
2665 52
2666 42
2667 48
2668 56
2669 63
2670 66
2671 68
2672 64
2673 66
2674 67
2675 65
2676 67
2677 54
2678 41
2679 33
2680 41
2681 56
2682 51
2683 56
2684 47
2685 54
2686 64
2687 62
2688 65
2689 63
2690 53
2691 42
2692 48
2693 59
2694 65
2695 72
2696 65
2697 58
2698 57
2699 51
2700 60
2701 59
2702 60
2703 64
2704 65
2705 56
2706 58
2707 59
2708 48
2709 53
2710 69
2711 65
2712 75
2713 69
2714 57
2715 50
2716 56
2717 55
2718 56
2719 51
2720 45
2721 58
2722 65
2723 65
2724 48
2725 53
2726 58
2727 55
2728 60
2729 67
2730 62
2731 52
2732 61
2733 56
2734 55
2735 71
2736 71
2737 66
2738 46
2739 54
2740 61
2741 54
2742 57
2743 66
2744 72
2745 66
2746 67
2747 78
2748 66
2749 73
2750 74
2751 70
2752 65
2753 62
2754 59
2755 55
2756 61
2757 59
2758 63
2759 57
2760 56
2761 65
2762 66
2763 62
2764 52
2765 51
2766 47
2767 54
2768 61
2769 52
2770 53
2771 67
2772 66
2773 67
2774 52
2775 64
2776 73
2777 77
2778 75
2779 69
2780 71
2781 65
2782 55
2783 58
2784 64
2785 65
2786 58
2787 65
2788 48
2789 60
2790 76
2791 64
2792 70
2793 74
2794 72
2795 62
2796 52
2797 64
2798 53
2799 60
2800 53
2801 59
2802 60
2803 62
2804 58
2805 61
2806 68
2807 57
2808 71
2809 74
2810 55
2811 58
2812 56
2813 67
2814 61
2815 54
2816 50
2817 68
2818 70
2819 60
2820 59
2821 54
2822 56
2823 49
2824 53
2825 63
2826 52
2827 59
2828 60
2829 57
2830 65
2831 67
2832 64
2833 61
2834 68
2835 50
2836 65
2837 63
2838 69
2839 62
2840 67
2841 57
2842 67
2843 63
2844 51
2845 65
2846 51
2847 52
2848 59
2849 60
2850 56
2851 63
2852 66
2853 64
2854 54
2855 52
2856 66
2857 59
2858 58
2859 63
2860 64
2861 64
2862 64
2863 54
2864 47
2865 57
2866 64
2867 73
2868 71
2869 62
2870 63
2871 46
2872 49
2873 52
2874 71
2875 59
2876 51
2877 43
2878 35
2879 47
2880 56
2881 47
2882 50
2883 55
2884 54
2885 54
2886 59
2887 56
2888 65
2889 57
2890 54
2891 57
2892 59
2893 61
2894 62
2895 66
2896 62
2897 68
2898 67
2899 70
2900 72
2901 68
2902 59
2903 64
2904 74
2905 69
2906 61
2907 52
2908 55
2909 75
2910 72
2911 74
2912 60
2913 62
2914 60
2915 58
2916 62
2917 48
2918 46
2919 44
2920 62
2921 57
2922 57
2923 41
2924 42
2925 48
2926 66
2927 70
2928 62
2929 54
2930 62
2931 58
2932 63
2933 55
2934 51
2935 54
2936 59
2937 59
2938 64
2939 64
2940 74
2941 65
2942 56
2943 61
2944 58
2945 62
2946 61
2947 64
2948 66
2949 58
2950 57
2951 59
2952 63
2953 63
2954 49
2955 52
2956 53
2957 56
2958 53
2959 57
2960 70
2961 60
2962 62
2963 56
2964 64
2965 64
2966 59
2967 62
2968 63
2969 58
2970 63
2971 63
2972 62
2973 59
2974 64
2975 66
2976 70
2977 65
2978 62
2979 58
2980 60
2981 54
2982 58
2983 47
2984 64
2985 63
2986 58
2987 62
2988 68
2989 63
2990 77
2991 65
2992 60
2993 62
2994 62
2995 52
2996 48
2997 53
2998 53
2999 49
3000 55
3001 63
3002 63
3003 60
3004 57
3005 56
3006 61
3007 62
3008 61
3009 60
3010 53
3011 63
3012 66
3013 64
3014 56
3015 59
3016 58
3017 53
3018 60
3019 53
3020 52
3021 62
3022 54
3023 51
3024 57
3025 54
3026 55
3027 68
3028 67
3029 53
3030 52
3031 57
3032 56
3033 62
3034 59
3035 60
3036 61
3037 62
3038 72
3039 54
3040 62
3041 60
3042 57
3043 63
3044 59
3045 57
3046 58
3047 68
3048 64
3049 55
3050 58
3051 68
3052 79
3053 70
3054 56
3055 40
3056 52
3057 56
3058 64
3059 56
3060 55
3061 66
3062 61
3063 73
3064 71
3065 72
3066 71
3067 51
3068 61
3069 59
3070 57
3071 61
3072 67
3073 63
3074 58
3075 68
3076 60
3077 55
3078 67
3079 65
3080 63
3081 51
3082 58
3083 65
3084 56
3085 46
3086 43
3087 60
3088 73
3089 64
3090 52
3091 72
3092 64
3093 57
3094 53
3095 67
3096 68
3097 64
3098 63
3099 58
3100 60
3101 56
3102 57
3103 50
3104 67
3105 63
3106 68
3107 61
3108 62
3109 60
3110 64
3111 55
3112 63
3113 66
3114 70
3115 69
3116 67
3117 67
3118 68
3119 54
3120 59
3121 69
3122 67
3123 53
3124 61
3125 73
3126 70
3127 77
3128 73
3129 68
3130 54
3131 49
3132 53
3133 64
3134 55
3135 60
3136 54
3137 64
3138 56
3139 38
3140 37
3141 53
3142 62
3143 61
3144 59
3145 55
3146 52
3147 55
3148 55
3149 50
3150 44
3151 32
3152 28
3153 37
3154 40
3155 56
3156 64
3157 67
3158 58
3159 40
3160 39
3161 38
3162 56
3163 64
3164 56
3165 66
3166 57
3167 70
3168 61
3169 56
3170 57
3171 70
3172 66
3173 67
3174 63
3175 63
3176 55
3177 50
3178 46
3179 60
3180 66
3181 74
3182 62
3183 60
3184 64
3185 63
3186 62
3187 55
3188 66
3189 56
3190 59
3191 63
3192 80
3193 81
3194 69
3195 61
3196 60
3197 58
3198 54
3199 57
3200 60
3201 72
3202 66
3203 63
3204 57
3205 51
3206 51
3207 57
3208 55
3209 52
3210 51
3211 57
3212 56
3213 60
3214 58
3215 70
3216 69
3217 61
3218 64
3219 70
3220 67
3221 56
3222 60
3223 57
3224 49
3225 59
3226 63
3227 47
3228 45
3229 58
3230 61
3231 61
3232 59
3233 47
3234 63
3235 58
3236 63
3237 62
3238 74
3239 64
3240 56
3241 61
3242 54
3243 58
3244 64
3245 65
3246 65
3247 62
3248 66
3249 62
3250 64
3251 66
3252 61
3253 48
3254 33
3255 51
3256 65
3257 56
3258 54
3259 64
3260 52
3261 59
3262 56
3263 57
3264 46
3265 34
3266 32
3267 50
3268 60
3269 63
3270 57
3271 58
3272 74
3273 62
3274 67
3275 58
3276 54
3277 48
3278 54
3279 52
3280 41
3281 39
3282 37
3283 57
3284 58
3285 71
3286 58
3287 60
3288 65
3289 59
3290 63
3291 54
3292 51
3293 57
3294 64
3295 51
3296 56
3297 67
3298 66
3299 55
3300 57
3301 58
3302 41
3303 37
3304 51
3305 64
3306 47
3307 51
3308 56
3309 73
3310 63
3311 69
3312 79
3313 62
3314 61
3315 71
3316 57
3317 59
3318 63
3319 61
3320 59
3321 56
3322 58
3323 62
3324 55
3325 54
3326 57
3327 64
3328 55
3329 60
3330 52
3331 63
3332 62
3333 61
3334 44
3335 54
3336 54
3337 55
3338 53
3339 47
3340 59
3341 68
3342 68
3343 64
3344 57
3345 60
3346 56
3347 60
3348 62
3349 66
3350 63
3351 62
3352 63
3353 61
3354 63
3355 55
3356 60
3357 53
3358 57
3359 75
3360 64
3361 70
3362 64
3363 58
3364 58
3365 66
3366 58
3367 49
3368 57
3369 68
3370 64
3371 62
3372 57
3373 50
3374 65
3375 59
3376 52
3377 50
3378 59
3379 68
3380 67
3381 64
3382 63
3383 50
3384 56
3385 61
3386 52
3387 61
3388 66
3389 66
3390 57
3391 61
3392 52
3393 50
3394 54
3395 58
3396 57
3397 52
3398 51
3399 53
3400 39
3401 44
3402 57
3403 54
3404 55
3405 61
3406 70
3407 62
3408 64
3409 58
3410 60
3411 52
3412 70
3413 66
3414 62
3415 66
3416 71
3417 58
3418 67
3419 55
3420 58
3421 61
3422 63
3423 74
3424 61
3425 67
3426 56
3427 59
3428 61
3429 66
3430 63
3431 68
3432 54
3433 52
3434 65
3435 75
3436 80
3437 62
3438 67
3439 57
3440 58
3441 54
3442 51
3443 59
3444 61
3445 51
3446 55
3447 70
3448 59
3449 71
3450 65
3451 59
3452 57
3453 59
3454 72
3455 61
3456 71
3457 67
3458 76
3459 78
3460 63
3461 66
3462 60
3463 62
3464 58
3465 66
3466 64
3467 51
3468 55
3469 62
3470 76
3471 64
3472 64
3473 50
3474 62
3475 64
3476 51
3477 56
3478 59
3479 62
3480 73
3481 69
3482 56
3483 66
3484 68
3485 66
3486 72
3487 61
3488 57
3489 51
3490 50
3491 49
3492 67
3493 58
3494 50
3495 59
3496 59
3497 59
3498 63
3499 65
3500 56
3501 59
3502 50
3503 48
3504 52
3505 59
3506 56
3507 54
3508 59
3509 60
3510 53
3511 72
3512 63
3513 72
3514 79
3515 69
3516 68
3517 72
3518 65
3519 48
3520 45
3521 50
3522 58
3523 63
3524 61
3525 69
3526 56
3527 53
3528 51
3529 57
3530 54
3531 48
3532 60
3533 58
3534 60
3535 61
3536 67
3537 69
3538 69
3539 62
3540 69
3541 60
3542 60
3543 63
3544 52
3545 53
3546 47
3547 54
3548 55
3549 63
3550 60
3551 63
3552 68
3553 64
3554 67
3555 65
3556 85
3557 75
3558 69
3559 60
3560 63
3561 56
3562 55
3563 50
3564 48
3565 53
3566 63
3567 52
3568 61
3569 59
3570 59
3571 65
3572 56
3573 55
3574 56
3575 51
3576 49
3577 46
3578 62
3579 54
3580 60
3581 64
3582 65
3583 63
3584 62
3585 59
3586 51
3587 52
3588 54
3589 56
3590 58
3591 58
3592 60
3593 71
3594 58
3595 57
3596 53
3597 61
3598 67
3599 70
3600 51
3601 56
3602 58
3603 55
3604 61
3605 62
3606 68
3607 67
3608 68
3609 79
3610 64
3611 69
3612 66
3613 72
3614 60
3615 65
3616 50
3617 69
3618 64
3619 62
3620 62
3621 60
3622 58
3623 56
3624 51
3625 58
3626 66
3627 72
3628 63
3629 57
3630 52
3631 70
3632 70
3633 66
3634 62
3635 64
3636 64
3637 61
3638 58
3639 66
3640 71
3641 63
3642 56
3643 59
3644 53
3645 63
3646 53
3647 55
3648 57
3649 59
3650 62
3651 62
3652 72
3653 64
3654 73
3655 59
3656 71
3657 62
3658 49
3659 51
3660 51
3661 61
3662 58
3663 74
3664 64
3665 53
3666 53
3667 64
3668 68
3669 64
3670 67
3671 61
3672 58
3673 66
3674 61
3675 60
3676 64
3677 72
3678 73
3679 65
3680 60
3681 65
3682 61
3683 66
3684 61
3685 54
3686 68
3687 75
3688 56
3689 54
3690 62
3691 53
3692 57
3693 69
3694 54
3695 58
3696 64
3697 67
3698 48
3699 52
3700 63
3701 67
3702 61
3703 55
3704 51
3705 68
3706 54
3707 60
3708 61
3709 57
3710 56
3711 62
3712 66
3713 72
3714 64
3715 49
3716 55
3717 54
3718 49
3719 51
3720 54
3721 64
3722 65
3723 51
3724 42
3725 41
3726 38
3727 34
3728 49
3729 55
3730 63
3731 64
3732 60
3733 67
3734 65
3735 58
3736 54
3737 59
3738 73
3739 64
3740 58
3741 58
3742 56
3743 60
3744 58
3745 73
3746 69
3747 65
3748 66
3749 51
3750 62
3751 61
3752 63
3753 52
3754 61
3755 56
3756 58
3757 69
3758 56
3759 59
3760 63
3761 57
3762 59
3763 61
3764 63
3765 68
3766 55
3767 65
3768 78
3769 64
3770 69
3771 72
3772 67
3773 60
3774 63
3775 54
3776 52
3777 49
3778 53
3779 53
3780 54
3781 64
3782 67
3783 81
3784 78
3785 62
3786 49
3787 59
3788 50
3789 36
3790 20
3791 25
3792 41
3793 45
3794 60
3795 64
3796 65
3797 55
3798 60
3799 63
3800 59
3801 64
3802 66
3803 62
3804 54
3805 52
3806 55
3807 64
3808 67
3809 59
3810 56
3811 60
3812 62
3813 63
3814 65
3815 60
3816 61
3817 58
3818 66
3819 68
3820 81
3821 69
3822 68
3823 55
3824 39
3825 46
3826 52
3827 58
3828 71
3829 60
3830 56
3831 57
3832 56
3833 65
3834 58
3835 62
3836 64
3837 58
3838 60
3839 61
3840 54
3841 50
3842 57
3843 61
3844 59
3845 68
3846 68
3847 59
3848 75
3849 74
3850 68
3851 65
3852 60
3853 57
3854 68
3855 69
3856 66
3857 62
3858 62
3859 54
3860 56
3861 59
3862 60
3863 51
3864 65
3865 74
3866 67
3867 54
3868 60
3869 66
3870 69
3871 59
3872 58
3873 65
3874 61
3875 63
3876 57
3877 54
3878 64
3879 68
3880 67
3881 61
3882 57
3883 55
3884 58
3885 52
3886 55
3887 59
3888 62
3889 64
3890 55
3891 61
3892 56
3893 64
3894 60
3895 50
3896 59
3897 64
3898 60
3899 72
3900 59
3901 57
3902 59
3903 62
3904 68
3905 80
3906 69
3907 56
3908 58
3909 62
3910 56
3911 43
3912 58
3913 61
3914 66
3915 55
3916 67
3917 54
3918 71
3919 60
3920 48
3921 61
3922 51
3923 49
3924 58
3925 58
3926 58
3927 69
3928 59
3929 50
3930 69
3931 60
3932 59
3933 53
3934 52
3935 58
3936 61
3937 66
3938 69
3939 68
3940 62
3941 68
3942 72
3943 66
3944 70
3945 62
3946 71
3947 57
3948 62
3949 65
3950 56
3951 54
3952 62
3953 76
3954 79
3955 69
3956 64
3957 63
3958 48
3959 55
3960 64
3961 60
3962 56
3963 57
3964 58
3965 56
3966 55
3967 63
3968 62
3969 63
3970 68
3971 60
3972 64
3973 69
3974 63
3975 67
3976 67
3977 63
3978 52
3979 55
3980 61
3981 61
3982 57
3983 71
3984 72
3985 63
3986 61
3987 72
3988 78
3989 65
3990 66
3991 55
3992 69
3993 63
3994 54
3995 53
3996 57
3997 60
3998 61
3999 51
4000 56
4001 67
4002 64
4003 66
4004 74
4005 68
4006 60
4007 63
4008 70
4009 62
4010 52
4011 62
4012 58
4013 66
4014 70
4015 68
4016 54
4017 64
4018 64
4019 65
4020 64
4021 61
4022 67
4023 63
4024 58
4025 51
4026 62
4027 61
4028 57
4029 49
4030 60
4031 63
4032 57
4033 69
4034 70
4035 55
4036 63
4037 59
4038 54
4039 55
4040 46
4041 57
4042 62
4043 59
4044 58
4045 51
4046 38
4047 49
4048 47
4049 55
4050 56
4051 62
4052 65
4053 61
4054 53
4055 59
4056 66
4057 65
4058 61
4059 62
4060 61
4061 58
4062 60
4063 58
4064 61
4065 69
4066 64
4067 65
4068 63
4069 64
4070 58
4071 63
4072 58
4073 63
4074 57
4075 53
4076 62
4077 67
4078 68
4079 66
4080 58
4081 65
4082 65
4083 75
4084 56
4085 63
4086 59
4087 56
4088 76
4089 63
4090 60
4091 63
4092 53
4093 55
4094 66
4095 47
4096 63
4097 66
4098 71
4099 60
4100 59
4101 58
4102 57
4103 52
4104 45
4105 51
4106 46
4107 62
4108 57
4109 53
4110 56
4111 58
4112 60
4113 64
4114 59
4115 69
4116 57
4117 56
4118 49
4119 44
4120 57
4121 67
4122 55
4123 64
4124 56
4125 59
4126 49
4127 55
4128 56
4129 62
4130 61
4131 50
4132 61
4133 66
4134 65
4135 56
4136 58
4137 68
4138 71
4139 58
4140 64
4141 46
4142 58
4143 61
4144 44
4145 48
4146 52
4147 46
4148 47
4149 50
4150 56
4151 58
4152 62
4153 69
4154 59
4155 56
4156 59
4157 58
4158 57
4159 64
4160 61
4161 63
4162 63
4163 52
4164 67
4165 72
4166 54
4167 58
4168 64
4169 66
4170 74
4171 61
4172 73
4173 75
4174 62
4175 74
4176 69
4177 74
4178 76
4179 62
4180 56
4181 64
4182 66
4183 52
4184 46
4185 52
4186 59
4187 60
4188 45
4189 64
4190 62
4191 57
4192 56
4193 60
4194 67
4195 65
4196 62
4197 69
4198 64
4199 72
4200 69
4201 54
4202 58
4203 56
4204 64
4205 57
4206 71
4207 70
4208 67
4209 73
4210 61
4211 51
4212 58
4213 63
4214 66
4215 66
4216 68
4217 67
4218 72
4219 59
4220 50
4221 57
4222 45
4223 50
4224 63
4225 59
4226 49
4227 52
4228 53
4229 60
4230 63
4231 69
4232 68
4233 65
4234 59
4235 58
4236 66
4237 69
4238 63
4239 66
4240 62
4241 62
4242 58
4243 62
4244 52
4245 65
4246 74
4247 72
4248 74
4249 61
4250 65
4251 73
4252 56
4253 58
4254 56
4255 60
4256 67
4257 59
4258 64
4259 59
4260 63
4261 52
4262 68
4263 60
4264 61
4265 64
4266 66
4267 54
4268 57
4269 61
4270 56
4271 67
4272 66
4273 51
4274 52
4275 60
4276 53
4277 55
4278 65
4279 65
4280 63
4281 62
4282 50
4283 59
4284 70
4285 65
4286 56
4287 64
4288 55
4289 59
4290 73
4291 71
4292 63
4293 60
4294 54
4295 53
4296 67
4297 86
4298 74
4299 70
4300 68
4301 69
4302 66
4303 56
4304 57
4305 57
4306 54
4307 68
4308 72
4309 66
4310 64
4311 60
4312 56
4313 64
4314 59
4315 57
4316 60
4317 69
4318 61
4319 55
4320 54
4321 63
4322 66
4323 53
4324 54
4325 51
4326 50
4327 46
4328 47
4329 58
4330 60
4331 68
4332 78
4333 63
4334 62
4335 55
4336 62
4337 58
4338 61
4339 62
4340 61
4341 74
4342 70
4343 61
4344 64
4345 56
4346 59
4347 53
4348 45
4349 63
4350 76
4351 88
4352 71
4353 70
4354 61
4355 54
4356 40
4357 42
4358 51
4359 58
4360 49
4361 31
4362 49
4363 49
4364 59
4365 66
4366 53
4367 64
4368 51
4369 63
4370 63
4371 63
4372 64
4373 55
4374 62
4375 62
4376 57
4377 65
4378 63
4379 56
4380 64
4381 53
4382 70
4383 64
4384 78
4385 70
4386 58
4387 59
4388 73
4389 68
4390 57
4391 73
4392 70
4393 61
4394 65
4395 68
4396 57
4397 58
4398 60
4399 51
4400 60
4401 64
4402 65
4403 56
4404 59
4405 52
4406 61
4407 57
4408 67
4409 66
4410 60
4411 57
4412 67
4413 62
4414 60
4415 68
4416 57
4417 66
4418 74
4419 70
4420 62
4421 62
4422 71
4423 63
4424 74
4425 66
4426 63
4427 65
4428 61
4429 56
4430 61
4431 60
4432 68
4433 66
4434 59
4435 64
4436 58
4437 59
4438 48
4439 62
4440 58
4441 67
4442 67
4443 75
4444 67
4445 66
4446 69
4447 52
4448 59
4449 71
4450 68
4451 59
4452 52
4453 57
4454 65
4455 50
4456 65
4457 77
4458 70
4459 61
4460 64
4461 57
4462 67
4463 69
4464 66
4465 55
4466 56
4467 57
4468 63
4469 64
4470 64
4471 56
4472 50
4473 41
4474 58
4475 70
4476 73
4477 72
4478 56
4479 63
4480 62
4481 62
4482 64
4483 77
4484 62
4485 63
4486 57
4487 58
4488 53
4489 42
4490 60
4491 65
4492 62
4493 51
4494 51
4495 46
4496 60
4497 61
4498 51
4499 48
4500 44
4501 39
4502 37
4503 45
4504 58
4505 62
4506 54
4507 61
4508 66
4509 54
4510 52
4511 49
4512 59
4513 51
4514 50
4515 66
4516 57
4517 73
4518 57
4519 54
4520 53
4521 47
4522 54
4523 59
4524 52
4525 53
4526 67
4527 56
4528 72
4529 71
4530 59
4531 39
4532 27
4533 37
4534 39
4535 55
4536 63
4537 56
4538 62
4539 56
4540 51
4541 46
4542 50
4543 47
4544 56
4545 51
4546 38
4547 32
4548 47
4549 55
4550 57
4551 53
4552 63
4553 51
4554 50
4555 52
4556 54
4557 56
4558 65
4559 54
4560 66
4561 58
4562 60
4563 53
4564 58
4565 59
4566 67
4567 64
4568 59
4569 54
4570 63
4571 59
4572 64
4573 51
4574 64
4575 66
4576 73
4577 69
4578 68
4579 61
4580 58
4581 53
4582 49
4583 59
4584 62
4585 65
4586 62
4587 54
4588 52
4589 43
4590 47
4591 60
4592 62
4593 60
4594 56
4595 53
4596 51
4597 48
4598 54
4599 58
4600 69
4601 67
4602 60
4603 66
4604 67
4605 69
4606 66
4607 67
4608 67
4609 64
4610 70
4611 59
4612 62
4613 56
4614 61
4615 67
4616 59
4617 57
4618 55
4619 56
4620 64
4621 60
4622 57
4623 53
4624 52
4625 71
4626 68
4627 75
4628 63
4629 63
4630 64
4631 67
4632 60
4633 59
4634 64
4635 61
4636 52
4637 54
4638 46
4639 58
4640 58
4641 60
4642 49
4643 48
4644 60
4645 71
4646 69
4647 58
4648 68
4649 62
4650 55
4651 53
4652 56
4653 62
4654 57
4655 66
4656 63
4657 50
4658 42
4659 54
4660 57
4661 57
4662 61
4663 61
4664 67
4665 57
4666 62
4667 63
4668 62
4669 68
4670 59
4671 56
4672 57
4673 64
4674 68
4675 64
4676 58
4677 57
4678 54
4679 68
4680 55
4681 54
4682 50
4683 60
4684 62
4685 63
4686 59
4687 66
4688 58
4689 59
4690 60
4691 61
4692 60
4693 49
4694 63
4695 61
4696 64
4697 63
4698 61
4699 42
4700 46
4701 56
4702 66
4703 79
4704 76
4705 58
4706 63
4707 63
4708 68
4709 68
4710 54
4711 59
4712 62
4713 51
4714 61
4715 58
4716 64
4717 66
4718 59
4719 62
4720 67
4721 70
4722 70
4723 60
4724 61
4725 62
4726 61
4727 58
4728 49
4729 51
4730 52
4731 63
4732 58
4733 62
4734 67
4735 60
4736 48
4737 55
4738 56
4739 59
4740 58
4741 62
4742 58
4743 60
4744 57
4745 52
4746 54
4747 59
4748 58
4749 61
4750 69
4751 65
4752 61
4753 58
4754 68
4755 74
4756 67
4757 60
4758 75
4759 71
4760 60
4761 55
4762 52
4763 71
4764 67
4765 49
4766 51
4767 60
4768 55
4769 52
4770 48
4771 58
4772 52
4773 59
4774 57
4775 60
4776 58
4777 48
4778 57
4779 59
4780 60
4781 77
4782 63
4783 64
4784 71
4785 75
4786 74
4787 56
4788 53
4789 67
4790 65
4791 68
4792 61
4793 56
4794 48
4795 49
4796 61
4797 47
4798 52
4799 52
4800 61
4801 55
4802 51
4803 50
4804 63
4805 61
4806 67
4807 53
4808 47
4809 51
4810 58
4811 59
4812 66
4813 66
4814 70
4815 64
4816 66
4817 57
4818 53
4819 70
4820 64
4821 53
4822 66
4823 56
4824 54
4825 53
4826 56
4827 61
4828 68
4829 60
4830 68
4831 63
4832 55
4833 53
4834 58
4835 61
4836 60
4837 67
4838 69
4839 72
4840 65
4841 64
4842 60
4843 68
4844 68
4845 64
4846 51
4847 57
4848 56
4849 68
4850 59
4851 63
4852 63
4853 52
4854 64
4855 66
4856 59
4857 54
4858 56
4859 60
4860 61
4861 68
4862 61
4863 56
4864 56
4865 67
4866 82
4867 81
4868 63
4869 65
4870 58
4871 61
4872 69
4873 55
4874 63
4875 59
4876 57
4877 58
4878 58
4879 57
4880 59
4881 71
4882 69
4883 62
4884 53
4885 57
4886 57
4887 55
4888 64
4889 66
4890 65
4891 54
4892 64
4893 56
4894 58
4895 53
4896 61
4897 62
4898 61
4899 62
4900 65
4901 61
4902 57
4903 58
4904 60
4905 52
4906 61
4907 63
4908 58
4909 60
4910 53
4911 58
4912 68
4913 55
4914 58
4915 70
4916 58
4917 56
4918 61
4919 77
4920 72
4921 64
4922 56
4923 59
4924 65
4925 61
4926 54
4927 45
4928 34
4929 51
4930 57
4931 70
4932 63
4933 61
4934 62
4935 65
4936 55
4937 63
4938 59
4939 53
4940 60
4941 54
4942 53
4943 60
4944 56
4945 64
4946 56
4947 51
4948 49
4949 43
4950 36
4951 49
4952 51
4953 53
4954 67
4955 68
4956 67
4957 59
4958 62
4959 70
4960 68
4961 68
4962 55
4963 57
4964 77
4965 57
4966 50
4967 52
4968 53
4969 54
4970 48
4971 44
4972 48
4973 50
4974 58
4975 68
4976 54
4977 52
4978 64
4979 55
4980 66
4981 68
4982 57
4983 61
4984 57
4985 57
4986 65
4987 60
4988 62
4989 56
4990 69
4991 66
4992 68
4993 64
4994 54
4995 48
4996 59
4997 60
4998 62
4999 57
5000 65
5001 54
5002 62
5003 56
5004 57
5005 60
5006 58
5007 66
5008 66
5009 62
5010 64
5011 62
5012 69
5013 63
5014 62
5015 55
5016 53
5017 68
5018 68
5019 65
5020 69
5021 63
5022 56
5023 59
5024 58
5025 70
5026 64
5027 56
5028 59
5029 44
5030 33
5031 48
5032 54
5033 60
5034 56
5035 60
5036 63
5037 60
5038 67
5039 57
5040 57
5041 70
5042 62
5043 59
5044 55
5045 54
5046 49
5047 62
5048 65
5049 68
5050 65
5051 55
5052 59
5053 75
5054 79
5055 72
5056 71
5057 64
5058 69
5059 71
5060 68
5061 55
5062 57
5063 52
5064 65
5065 68
5066 54
5067 63
5068 67
5069 58
5070 40
5071 42
5072 51
5073 50
5074 65
5075 70
5076 55
5077 56
5078 64
5079 57
5080 64
5081 62
5082 57
5083 63
5084 62
5085 57
5086 62
5087 63
5088 59
5089 67
5090 56
5091 59
5092 49
5093 64
5094 61
5095 52
5096 55
5097 61
5098 64
5099 58
5100 63
5101 62
5102 67
5103 62
5104 61
5105 59
5106 48
5107 64
5108 58
5109 65
5110 69
5111 66
5112 59
5113 62
5114 51
5115 64
5116 71
5117 62
5118 59
5119 59
5120 67
5121 77
5122 68
5123 70
5124 55
5125 50
5126 47
5127 44
5128 62
5129 68
5130 49
5131 45
5132 60
5133 66
5134 66
5135 51
5136 67
5137 65
5138 73
5139 61
5140 63
5141 64
5142 47
5143 61
5144 58
5145 62
5146 63
5147 64
5148 71
5149 55
5150 57
5151 55
5152 61
5153 65
5154 70
5155 74
5156 64
5157 52
5158 63
5159 57
5160 60
5161 69
5162 71
5163 53
5164 48
5165 52
5166 50
5167 36
5168 51
5169 67
5170 76
5171 62
5172 60
5173 68
5174 59
5175 61
5176 61
5177 50
5178 30
5179 47
5180 55
5181 63
5182 60
5183 61
5184 60
5185 58
5186 57
5187 63
5188 73
5189 54
5190 57
5191 48
5192 56
5193 70
5194 69
5195 64
5196 65
5197 66
5198 50
5199 67
5200 63
5201 61
5202 57
5203 39
5204 35
5205 37
5206 42
5207 48
5208 43
5209 57
5210 76
5211 67
5212 82
5213 68
5214 65
5215 61
5216 64
5217 52
5218 53
5219 56
5220 62
5221 63
5222 71
5223 64
5224 54
5225 54
5226 60
5227 69
5228 62
5229 56
5230 47
5231 45
5232 43
5233 53
5234 66
5235 66
5236 68
5237 68
5238 50
5239 48
5240 62
5241 68
5242 72
5243 60
5244 59
5245 61
5246 58
5247 47
5248 57
5249 61
5250 67
5251 64
5252 57
5253 55
5254 60
5255 56
5256 67
5257 73
5258 63
5259 73
5260 60
5261 55
5262 48
5263 41
5264 56
5265 64
5266 59
5267 52
5268 62
5269 65
5270 72
5271 70
5272 60
5273 50
5274 48
5275 66
5276 61
5277 62
5278 61
5279 61
5280 65
5281 72
5282 59
5283 71
5284 61
5285 61
5286 57
5287 62
5288 65
5289 67
5290 61
5291 50
5292 45
5293 48
5294 55
5295 46
5296 50
5297 54
5298 61
5299 64
5300 60
5301 63
5302 60
5303 63
5304 60
5305 62
5306 56
5307 54
5308 54
5309 53
5310 65
5311 64
5312 58
5313 64
5314 59
5315 64
5316 59
5317 53
5318 50
5319 59
5320 58
5321 49
5322 47
5323 49
5324 57
5325 58
5326 72
5327 59
5328 55
5329 54
5330 56
5331 63
5332 58
5333 54
5334 53
5335 57
5336 65
5337 70
5338 64
5339 59
5340 62
5341 77
5342 71
5343 66
5344 66
5345 81
5346 64
5347 65
5348 61
5349 55
5350 59
5351 58
5352 56
5353 55
5354 57
5355 54
5356 52
5357 59
5358 57
5359 67
5360 55
5361 55
5362 52
5363 58
5364 67
5365 77
5366 70
5367 53
5368 58
5369 61
5370 62
5371 64
5372 56
5373 58
5374 57
5375 67
5376 72
5377 57
5378 56
5379 53
5380 61
5381 69
5382 66
5383 59
5384 60
5385 68
5386 66
5387 62
5388 69
5389 73
5390 57
5391 52
5392 51
5393 63
5394 59
5395 62
5396 64
5397 51
5398 58
5399 65
5400 61
5401 67
5402 49
5403 42
5404 41
5405 55
5406 61
5407 73
5408 67
5409 54
5410 57
5411 63
5412 61
5413 59
5414 49
5415 69
5416 65
5417 59
5418 61
5419 58
5420 54
5421 57
5422 61
5423 53
5424 62
5425 66
5426 56
5427 71
5428 62
5429 66
5430 70
5431 57
5432 59
5433 67
5434 63
5435 60
5436 62
5437 66
5438 81
5439 74
5440 56
5441 72
5442 83
5443 67
5444 63
5445 60
5446 61
5447 53
5448 44
5449 45
5450 46
5451 56
5452 53
5453 64
5454 58
5455 58
5456 63
5457 61
5458 60
5459 54
5460 68
5461 66
5462 54
5463 59
5464 56
5465 60
5466 63
5467 61
5468 45
5469 44
5470 62
5471 72
5472 56
5473 53
5474 43
5475 60
5476 64
5477 65
5478 59
5479 71
5480 64
5481 55
5482 54
5483 59
5484 63
5485 59
5486 60
5487 50
5488 59
5489 70
5490 62
5491 59
5492 59
5493 53
5494 62
5495 67
5496 62
5497 53
5498 50
5499 62
5500 70
5501 72
5502 64
5503 57
5504 58
5505 57
5506 56
5507 48
5508 60
5509 61
5510 70
5511 64
5512 61
5513 68
5514 58
5515 50
5516 67
5517 68
5518 66
5519 53
5520 54
5521 65
5522 65
5523 57
5524 59
5525 65
5526 58
5527 60
5528 61
5529 61
5530 56
5531 49
5532 50
5533 50
5534 52
5535 56
5536 61
5537 53
5538 48
5539 59
5540 67
5541 60
5542 54
5543 61
5544 63
5545 64
5546 54
5547 48
5548 57
5549 54
5550 65
5551 64
5552 59
5553 53
5554 35
5555 55
5556 63
5557 50
5558 52
5559 49
5560 64
5561 59
5562 64
5563 54
5564 63
5565 67
5566 70
5567 54
5568 60
5569 61
5570 72
5571 72
5572 73
5573 74
5574 55
5575 52
5576 62
5577 66
5578 70
5579 63
5580 68
5581 58
5582 67
5583 56
5584 73
5585 69
5586 61
5587 57
5588 54
5589 50
5590 36
5591 49
5592 59
5593 62
5594 65
5595 57
5596 55
5597 54
5598 63
5599 63
5600 50
5601 63
5602 60
5603 58
5604 56
5605 74
5606 66
5607 69
5608 50
5609 58
5610 58
5611 44
5612 48
5613 62
5614 63
5615 48
5616 61
5617 52
5618 53
5619 56
5620 55
5621 62
5622 62
5623 47
5624 52
5625 56
5626 68
5627 58
5628 74
5629 57
5630 64
5631 67
5632 70
5633 62
5634 58
5635 65
5636 58
5637 49
5638 45
5639 56
5640 58
5641 61
5642 61
5643 63
5644 60
5645 58
5646 62
5647 59
5648 55
5649 48
5650 59
5651 57
5652 59
5653 54
5654 64
5655 64
5656 62
5657 59
5658 69
5659 63
5660 66
5661 59
5662 51
5663 61
5664 66
5665 54
5666 58
5667 56
5668 57
5669 58
5670 63
5671 65
5672 62
5673 63
5674 74
5675 72
5676 55
5677 64
5678 71
5679 61
5680 61
5681 63
5682 60
5683 64
5684 60
5685 56
5686 65
5687 56
5688 70
5689 67
5690 75
5691 67
5692 59
5693 54
5694 47
5695 50
5696 56
5697 65
5698 66
5699 61
5700 56
5701 64
5702 62
5703 66
5704 62
5705 68
5706 56
5707 64
5708 57
5709 59
5710 69
5711 83
5712 64
5713 74
5714 64
5715 65
5716 60
5717 60
5718 77
5719 65
5720 61
5721 62
5722 63
5723 60
5724 58
5725 70
5726 58
5727 42
5728 40
5729 41
5730 53
5731 56
5732 61
5733 58
5734 60
5735 59
5736 60
5737 58
5738 53
5739 45
5740 34
5741 32
5742 47
5743 47
5744 52
5745 63
5746 59
5747 50
5748 53
5749 56
5750 58
5751 57
5752 61
5753 53
5754 48
5755 44
5756 45
5757 62
5758 61
5759 50
5760 69
5761 65
5762 53
5763 64
5764 61
5765 57
5766 50
5767 63
5768 58
5769 57
5770 58
5771 61
5772 66
5773 61
5774 67
5775 55
5776 68
5777 59
5778 60
5779 66
5780 66
5781 66
5782 60
5783 41
5784 39
5785 45
5786 47
5787 50
5788 57
5789 63
5790 61
5791 58
5792 62
5793 63
5794 69
5795 70
5796 70
5797 58
5798 58
5799 60
5800 59
5801 64
5802 59
5803 60
5804 56
5805 68
5806 74
5807 76
5808 69
5809 63
5810 59
5811 66
5812 78
5813 65
5814 63
5815 57
5816 69
5817 61
5818 55
5819 68
5820 54
5821 57
5822 63
5823 71
5824 61
5825 63
5826 63
5827 64
5828 69
5829 57
5830 51
5831 66
5832 60
5833 57
5834 66
5835 67
5836 61
5837 63
5838 52
5839 56
5840 58
5841 56
5842 53
5843 59
5844 62
5845 62
5846 63
5847 59
5848 58
5849 60
5850 64
5851 48
5852 57
5853 50
5854 62
5855 74
5856 59
5857 64
5858 65
5859 63
5860 61
5861 69
5862 72
5863 59
5864 65
5865 77
5866 83
5867 81
5868 68
5869 56
5870 71
5871 59
5872 64
5873 51
5874 46
5875 63
5876 68
5877 62
5878 58
5879 64
5880 62
5881 44
5882 59
5883 64
5884 65
5885 55
5886 53
5887 48
5888 49
5889 62
5890 65
5891 62
5892 77
5893 71
5894 52
5895 63
5896 63
5897 58
5898 57
5899 49
5900 56
5901 63
5902 61
5903 46
5904 36
5905 39
5906 44
5907 57
5908 60
5909 49
5910 59
5911 57
5912 77
5913 71
5914 66
5915 71
5916 77
5917 79
5918 69
5919 57
5920 58
5921 70
5922 62
5923 54
5924 61
5925 60
5926 54
5927 45
5928 47
5929 52
5930 52
5931 52
5932 58
5933 60
5934 60
5935 63
5936 59
5937 58
5938 63
5939 59
5940 52
5941 56
5942 60
5943 57
5944 66
5945 63
5946 57
5947 65
5948 52
5949 55
5950 53
5951 63
5952 61
5953 54
5954 59
5955 65
5956 61
5957 51
5958 48
5959 63
5960 59
5961 65
5962 59
5963 65
5964 67
5965 73
5966 60
5967 57
5968 59
5969 66
5970 55
5971 65
5972 69
5973 70
5974 54
5975 51
5976 41
5977 49
5978 50
5979 60
5980 48
5981 55
5982 59
5983 53
5984 45
5985 43
5986 53
5987 57
5988 62
5989 64
5990 67
5991 63
5992 62
5993 62
5994 67
5995 58
5996 53
5997 49
5998 57
5999 50
6000 51
6001 65
6002 58
6003 54
6004 57
6005 58
6006 64
6007 66
6008 60
6009 62
6010 54
6011 57
6012 61
6013 66
6014 63
6015 52
6016 52
6017 51
6018 51
6019 58
6020 68
6021 64
6022 68
6023 69
6024 66
6025 59
6026 41
6027 35
6028 45
6029 52
6030 62
6031 65
6032 60
6033 63
6034 77
6035 67
6036 61
6037 56
6038 57
6039 60
6040 64
6041 66
6042 63
6043 63
6044 67
6045 63
6046 66
6047 60
6048 58
6049 51
6050 58
6051 54
6052 55
6053 67
6054 56
6055 65
6056 58
6057 54
6058 57
6059 68
6060 52
6061 48
6062 47
6063 53
6064 56
6065 57
6066 61
6067 59
6068 58
6069 63
6070 51
6071 57
6072 53
6073 50
6074 63
6075 57
6076 56
6077 69
6078 53
6079 42
6080 47
6081 48
6082 55
6083 59
6084 73
6085 64
6086 70
6087 65
6088 60
6089 54
6090 65
6091 63
6092 62
6093 59
6094 67
6095 65
6096 53
6097 61
6098 70
6099 58
6100 78
6101 72
6102 57
6103 62
6104 55
6105 56
6106 62
6107 76
6108 64
6109 63
6110 59
6111 70
6112 64
6113 59
6114 56
6115 62
6116 62
6117 66
6118 55
6119 51
6120 64
6121 69
6122 66
6123 55
6124 58
6125 55
6126 71
6127 63
6128 64
6129 58
6130 54
6131 53
6132 55
6133 53
6134 71
6135 65
6136 65
6137 71
6138 63
6139 66
6140 51
6141 57
6142 51
6143 57
6144 54
6145 57
6146 55
6147 60
6148 54
6149 53
6150 54
6151 60
6152 52
6153 51
6154 62
6155 63
6156 56
6157 61
6158 60
6159 67
6160 52
6161 59
6162 60
6163 50
6164 60
6165 58
6166 44
6167 46
6168 61
6169 59
6170 56
6171 63
6172 64
6173 71
6174 56
6175 61
6176 65
6177 74
6178 76
6179 62
6180 60
6181 59
6182 60
6183 62
6184 61
6185 68
6186 56
6187 67
6188 56
6189 62
6190 61
6191 47
6192 46
6193 66
6194 65
6195 61
6196 58
6197 51
6198 58
6199 59
6200 58
6201 43
6202 46
6203 49
6204 55
6205 56
6206 66
6207 65
6208 67
6209 62
6210 51
6211 55
6212 53
6213 65
6214 47
6215 46
6216 55
6217 59
6218 57
6219 61
6220 65
6221 57
6222 64
6223 75
6224 60
6225 57
6226 59
6227 56
6228 61
6229 62
6230 59
6231 54
6232 63
6233 63
6234 67
6235 62
6236 63
6237 68
6238 57
6239 56
6240 52
6241 64
6242 61
6243 57
6244 53
6245 44
6246 54
6247 48
6248 41
6249 59
6250 62
6251 80
6252 65
6253 63
6254 61
6255 64
6256 66
6257 68
6258 72
6259 66
6260 58
6261 61
6262 60
6263 65
6264 76
6265 62
6266 49
6267 58
6268 72
6269 64
6270 74
6271 67
6272 61
6273 50
6274 52
6275 57
6276 52
6277 56
6278 66
6279 58
6280 58
6281 61
6282 64
6283 52
6284 58
6285 53
6286 54
6287 43
6288 52
6289 61
6290 57
6291 58
6292 58
6293 62
6294 58
6295 67
6296 68
6297 58
6298 55
6299 57
6300 54
6301 57
6302 58
6303 59
6304 61
6305 62
6306 67
6307 62
6308 71
6309 52
6310 51
6311 55
6312 58
6313 45
6314 64
6315 57
6316 61
6317 72
6318 65
6319 73
6320 66
6321 70
6322 60
6323 62
6324 62
6325 54
6326 66
6327 62
6328 59
6329 51
6330 42
6331 24
6332 25
6333 29
6334 41
6335 59
6336 75
6337 65
6338 54
6339 51
6340 59
6341 61
6342 70
6343 53
6344 55
6345 58
6346 78
6347 63
6348 62
6349 67
6350 61
6351 61
6352 72
6353 62
6354 66
6355 59
6356 48
6357 58
6358 58
6359 60
6360 60
6361 64
6362 76
6363 63
6364 48
6365 63
6366 50
6367 53
6368 50
6369 52
6370 59
6371 65
6372 55
6373 58
6374 65
6375 59
6376 61
6377 71
6378 62
6379 63
6380 61
6381 56
6382 68
6383 70
6384 56
6385 53
6386 67
6387 65
6388 68
6389 59
6390 55
6391 56
6392 61
6393 54
6394 61
6395 55
6396 54
6397 60
6398 60
6399 59
6400 62
6401 55
6402 52
6403 57
6404 66
6405 64
6406 64
6407 65
6408 55
6409 66
6410 57
6411 53
6412 61
6413 57
6414 59
6415 51
6416 53
6417 70
6418 74
6419 61
6420 59
6421 61
6422 70
6423 62
6424 58
6425 64
6426 68
6427 72
6428 70
6429 56
6430 53
6431 56
6432 56
6433 63
6434 61
6435 56
6436 63
6437 71
6438 71
6439 52
6440 58
6441 57
6442 56
6443 54
6444 63
6445 60
6446 60
6447 59
6448 64
6449 65
6450 60
6451 73
6452 68
6453 63
6454 60
6455 62
6456 57
6457 67
6458 58
6459 63
6460 69
6461 56
6462 65
6463 56
6464 59
6465 57
6466 62
6467 57
6468 52
6469 66
6470 66
6471 51
6472 65
6473 61
6474 70
6475 68
6476 56
6477 65
6478 76
6479 61
6480 60
6481 62
6482 62
6483 67
6484 64
6485 62
6486 51
6487 54
6488 64
6489 54
6490 48
6491 39
6492 46
6493 45
6494 50
6495 51
6496 52
6497 57
6498 58
6499 55
6500 56
6501 66
6502 61
6503 55
6504 51
6505 63
6506 61
6507 56
6508 72
6509 64
6510 62
6511 54
6512 60
6513 70
6514 62
6515 70
6516 74
6517 62
6518 54
6519 58
6520 55
6521 68
6522 58
6523 58
6524 56
6525 51
6526 56
6527 59
6528 53
6529 56
6530 50
6531 62
6532 60
6533 71
6534 65
6535 61
6536 58
6537 52
6538 49
6539 58
6540 63
6541 65
6542 61
6543 49
6544 59
6545 63
6546 65
6547 57
6548 55
6549 61
6550 62
6551 56
6552 65
6553 66
6554 70
6555 63
6556 50
6557 49
6558 52
6559 55
6560 61
6561 60
6562 65
6563 63
6564 66
6565 63
6566 72
6567 62
6568 58
6569 52
6570 66
6571 67
6572 66
6573 57
6574 58
6575 59
6576 55
6577 53
6578 55
6579 57
6580 59
6581 71
6582 62
6583 62
6584 45
6585 62
6586 57
6587 52
6588 48
6589 46
6590 54
6591 64
6592 68
6593 65
6594 70
6595 70
6596 57
6597 57
6598 63
6599 59
6600 60
6601 55
6602 56
6603 57
6604 61
6605 66
6606 47
6607 59
6608 62
6609 71
6610 58
6611 58
6612 53
6613 41
6614 38
6615 53
6616 58
6617 64
6618 59
6619 54
6620 60
6621 63
6622 55
6623 56
6624 63
6625 61
6626 61
6627 73
6628 59
6629 58
6630 57
6631 65
6632 61
6633 67
6634 66
6635 60
6636 61
6637 51
6638 54
6639 52
6640 62
6641 58
6642 46
6643 51
6644 57
6645 61
6646 56
6647 59
6648 69
6649 65
6650 56
6651 62
6652 62
6653 57
6654 59
6655 76
6656 76
6657 67
6658 55
6659 62
6660 65
6661 55
6662 60
6663 58
6664 62
6665 61
6666 63
6667 60
6668 59
6669 60
6670 65
6671 53
6672 51
6673 63
6674 67
6675 60
6676 61
6677 64
6678 67
6679 69
6680 66
6681 62
6682 59
6683 56
6684 65
6685 59
6686 54
6687 53
6688 67
6689 75
6690 58
6691 63
6692 67
6693 57
6694 60
6695 60
6696 62
6697 62
6698 71
6699 70
6700 65
6701 54
6702 53
6703 50
6704 59
6705 63
6706 57
6707 62
6708 63
6709 43
6710 45
6711 49
6712 54
6713 49
6714 51
6715 64
6716 77
6717 70
6718 54
6719 51
6720 52
6721 57
6722 56
6723 68
6724 65
6725 56
6726 63
6727 62
6728 71
6729 57
6730 53
6731 52
6732 51
6733 48
6734 57
6735 60
6736 60
6737 62
6738 48
6739 39
6740 55
6741 47
6742 41
6743 28
6744 26
6745 46
6746 57
6747 65
6748 57
6749 55
6750 66
6751 62
6752 57
6753 56
6754 55
6755 49
6756 38
6757 58
6758 60
6759 61
6760 67
6761 68
6762 49
6763 50
6764 58
6765 60
6766 56
6767 63
6768 63
6769 65
6770 71
6771 60
6772 56
6773 50
6774 68
6775 58
6776 65
6777 55
6778 55
6779 64
6780 65
6781 62
6782 67
6783 64
6784 68
6785 72
6786 69
6787 65
6788 62
6789 53
6790 56
6791 65
6792 64
6793 76
6794 81
6795 62
6796 64
6797 65
6798 54
6799 56
6800 63
6801 65
6802 58
6803 59
6804 61
6805 62
6806 60
6807 48
6808 55
6809 59
6810 69
6811 59
6812 54
6813 48
6814 62
6815 60
6816 57
6817 62
6818 51
6819 49
6820 50
6821 59
6822 61
6823 58
6824 58
6825 63
6826 73
6827 58
6828 64
6829 65
6830 61
6831 76
6832 64
6833 66
6834 62
6835 74
6836 64
6837 56
6838 59
6839 50
6840 42
6841 48
6842 59
6843 61
6844 58
6845 59
6846 58
6847 59
6848 61
6849 70
6850 51
6851 48
6852 42
6853 49
6854 57
6855 56
6856 56
6857 49
6858 50
6859 59
6860 57
6861 54
6862 55
6863 61
6864 50
6865 43
6866 38
6867 43
6868 45
6869 46
6870 54
6871 58
6872 58
6873 53
6874 58
6875 59
6876 59
6877 57
6878 72
6879 79
6880 71
6881 62
6882 65
6883 66
6884 56
6885 61
6886 60
6887 49
6888 45
6889 40
6890 41
6891 55
6892 58
6893 64
6894 64
6895 58
6896 67
6897 64
6898 54
6899 56
6900 64
6901 56
6902 51
6903 68
6904 48
6905 49
6906 61
6907 71
6908 64
6909 46
6910 50
6911 53
6912 55
6913 57
6914 67
6915 55
6916 43
6917 55
6918 62
6919 60
6920 57
6921 60
6922 63
6923 54
6924 46
6925 32
6926 51
6927 57
6928 69
6929 64
6930 56
6931 41
6932 54
6933 70
6934 73
6935 68
6936 53
6937 46
6938 51
6939 43
6940 59
6941 62
6942 64
6943 46
6944 57
6945 72
6946 71
6947 68
6948 54
6949 51
6950 59
6951 71
6952 68
6953 61
6954 58
6955 68
6956 76
6957 72
6958 62
6959 52
6960 62
6961 63
6962 49
6963 55
6964 67
6965 51
6966 61
6967 60
6968 58
6969 56
6970 65
6971 62
6972 57
6973 59
6974 57
6975 56
6976 63
6977 65
6978 64
6979 55
6980 55
6981 61
6982 60
6983 57
6984 53
6985 64
6986 67
6987 66
6988 67
6989 68
6990 63
6991 66
6992 74
6993 62
6994 69
6995 67
6996 68
6997 64
6998 68
6999 67
7000 60
7001 72
7002 84
7003 74
7004 69
7005 53
7006 53
7007 60
7008 65
7009 64
7010 53
7011 59
7012 56
7013 61
7014 65
7015 66
7016 60
7017 47
7018 52
7019 51
7020 62
7021 62
7022 58
7023 59
7024 63
7025 66
7026 53
7027 60
7028 55
7029 71
7030 57
7031 62
7032 75
7033 62
7034 73
7035 62
7036 59
7037 56
7038 54
7039 74
7040 61
7041 55
7042 56
7043 57
7044 56
7045 66
7046 64
7047 53
7048 57
7049 51
7050 56
7051 52
7052 51
7053 57
7054 61
7055 76
7056 61
7057 69
7058 61
7059 57
7060 65
7061 70
7062 57
7063 55
7064 51
7065 58
7066 51
7067 57
7068 55
7069 60
7070 67
7071 69
7072 63
7073 59
7074 51
7075 54
7076 61
7077 46
7078 65
7079 54
7080 50
7081 67
7082 71
7083 81
7084 64
7085 65
7086 57
7087 49
7088 50
7089 65
7090 56
7091 54
7092 58
7093 66
7094 59
7095 53
7096 62
7097 66
7098 56
7099 43
7100 54
7101 58
7102 59
7103 67
7104 70
7105 68
7106 69
7107 67
7108 64
7109 44
7110 53
7111 50
7112 58
7113 51
7114 50
7115 51
7116 68
7117 67
7118 69
7119 57
7120 55
7121 54
7122 45
7123 61
7124 66
7125 65
7126 61
7127 58
7128 52
7129 54
7130 61
7131 62
7132 61
7133 65
7134 59
7135 58
7136 64
7137 62
7138 80
7139 70
7140 56
7141 65
7142 60
7143 60
7144 54
7145 58
7146 55
7147 52
7148 48
7149 31
7150 48
7151 57
7152 58
7153 55
7154 52
7155 61
7156 58
7157 63
7158 67
7159 61
7160 59
7161 52
7162 56
7163 58
7164 50
7165 46
7166 49
7167 55
7168 57
7169 56
7170 67
7171 66
7172 61
7173 57
7174 62
7175 61
7176 70
7177 64
7178 65
7179 63
7180 60
7181 59
7182 64
7183 57
7184 63
7185 45
7186 53
7187 60
7188 63
7189 55
7190 52
7191 56
7192 60
7193 54
7194 53
7195 62
7196 62
7197 66
7198 50
7199 37
7200 53
7201 65
7202 65
7203 59
7204 69
7205 77
7206 64
7207 59
7208 56
7209 62
7210 65
7211 64
7212 61
7213 71
7214 64
7215 67
7216 59
7217 71
7218 60
7219 51
7220 49
7221 55
7222 65
7223 65
7224 62
7225 57
7226 70
7227 64
7228 57
7229 59
7230 51
7231 58
7232 56
7233 45
7234 58
7235 63
7236 57
7237 52
7238 51
7239 54
7240 62
7241 66
7242 49
7243 42
7244 57
7245 65
7246 66
7247 67
7248 66
7249 52
7250 55
7251 53
7252 50
7253 58
7254 58
7255 51
7256 50
7257 55
7258 50
7259 58
7260 71
7261 65
7262 66
7263 63
7264 60
7265 49
7266 51
7267 56
7268 62
7269 58
7270 63
7271 69
7272 54
7273 55
7274 67
7275 55
7276 52
7277 56
7278 59
7279 65
7280 66
7281 71
7282 57
7283 72
7284 66
7285 63
7286 54
7287 59
7288 63
7289 54
7290 61
7291 54
7292 56
7293 64
7294 56
7295 60
7296 61
7297 58
7298 57
7299 67
7300 76
7301 67
7302 54
7303 64
7304 66
7305 68
7306 66
7307 51
7308 61
7309 71
7310 60
7311 74
7312 66
7313 78
7314 64
7315 59
7316 58
7317 58
7318 65
7319 61
7320 68
7321 60
7322 70
7323 66
7324 52
7325 55
7326 62
7327 62
7328 51
7329 56
7330 59
7331 65
7332 63
7333 61
7334 47
7335 61
7336 59
7337 54
7338 60
7339 47
7340 40
7341 35
7342 34
7343 48
7344 49
7345 56
7346 55
7347 59
7348 58
7349 61
7350 64
7351 49
7352 49
7353 55
7354 56
7355 44
7356 46
7357 52
7358 40
7359 45
7360 55
7361 61
7362 57
7363 48
7364 55
7365 56
7366 53
7367 55
7368 59
7369 62
7370 64
7371 61
7372 62
7373 67
7374 70
7375 73
7376 65
7377 63
7378 63
7379 59
7380 57
7381 55
7382 52
7383 44
7384 43
7385 55
7386 57
7387 52
7388 52
7389 55
7390 54
7391 44
7392 48
7393 37
7394 50
7395 63
7396 60
7397 59
7398 71
7399 55
7400 65
7401 54
7402 52
7403 65
7404 70
7405 65
7406 56
7407 54
7408 45
7409 48
7410 60
7411 58
7412 54
7413 48
7414 38
7415 40
7416 42
7417 47
7418 55
7419 58
7420 52
7421 51
7422 57
7423 58
7424 60
7425 59
7426 62
7427 64
7428 69
7429 63
7430 66
7431 61
7432 56
7433 66
7434 70
7435 63
7436 67
7437 65
7438 62
7439 67
7440 76
7441 69
7442 63
7443 68
7444 56
7445 57
7446 52
7447 41
7448 59
7449 65
7450 62
7451 58
7452 65
7453 61
7454 67
7455 63
7456 51
7457 48
7458 65
7459 61
7460 61
7461 59
7462 69
7463 62
7464 56
7465 60
7466 59
7467 62
7468 65
7469 49
7470 44
7471 45
7472 57
7473 66
7474 58
7475 60
7476 59
7477 62
7478 72
7479 60
7480 73
7481 76
7482 72
7483 73
7484 63
7485 70
7486 61
7487 57
7488 55
7489 49
7490 58
7491 61
7492 68
7493 64
7494 66
7495 69
7496 61
7497 56
7498 60
7499 63
7500 70
7501 67
7502 71
7503 61
7504 54
7505 60
7506 60
7507 63
7508 59
7509 64
7510 58
7511 63
7512 70
7513 61
7514 54
7515 59
7516 69
7517 61
7518 71
7519 64
7520 58
7521 56
7522 59
7523 63
7524 68
7525 59
7526 73
7527 72
7528 59
7529 57
7530 57
7531 58
7532 54
7533 60
7534 58
7535 60
7536 57
7537 58
7538 55
7539 62
7540 62
7541 60
7542 56
7543 58
7544 59
7545 57
7546 56
7547 63
7548 54
7549 65
7550 60
7551 56
7552 50
7553 58
7554 69
7555 72
7556 65
7557 62
7558 48
7559 54
7560 50
7561 69
7562 68
7563 66
7564 68
7565 75
7566 58
7567 55
7568 60
7569 61
7570 54
7571 61
7572 53
7573 63
7574 58
7575 61
7576 64
7577 67
7578 56
7579 64
7580 74
7581 58
7582 54
7583 65
7584 55
7585 60
7586 68
7587 71
7588 66
7589 70
7590 55
7591 63
7592 68
7593 64
7594 63
7595 66
7596 67
7597 72
7598 63
7599 51
7600 57
7601 61
7602 61
7603 56
7604 61
7605 58
7606 58
7607 44
7608 63
7609 66
7610 69
7611 60
7612 69
7613 53
7614 52
7615 48
7616 40
7617 42
7618 48
7619 58
7620 59
7621 72
7622 53
7623 58
7624 59
7625 57
7626 58
7627 67
7628 61
7629 71
7630 71
7631 66
7632 59
7633 57
7634 60
7635 61
7636 63
7637 49
7638 44
7639 45
7640 51
7641 62
7642 64
7643 56
7644 56
7645 61
7646 57
7647 39
7648 51
7649 59
7650 58
7651 66
7652 53
7653 70
7654 59
7655 67
7656 61
7657 60
7658 62
7659 66
7660 54
7661 51
7662 66
7663 57
7664 45
7665 60
7666 63
7667 56
7668 61
7669 63
7670 67
7671 55
7672 53
7673 55
7674 57
7675 62
7676 57
7677 55
7678 38
7679 52
7680 64
7681 62
7682 70
7683 57
7684 61
7685 51
7686 52
7687 60
7688 47
7689 58
7690 54
7691 53
7692 66
7693 71
7694 61
7695 56
7696 54
7697 55
7698 56
7699 53
7700 63
7701 73
7702 64
7703 59
7704 61
7705 59
7706 61
7707 66
7708 53
7709 64
7710 53
7711 59
7712 56
7713 58
7714 70
7715 71
7716 65
7717 51
7718 48
7719 49
7720 53
7721 64
7722 61
7723 58
7724 49
7725 58
7726 68
7727 69
7728 67
7729 66
7730 58
7731 49
7732 58
7733 64
7734 73
7735 62
7736 63
7737 58
7738 55
7739 60
7740 56
7741 62
7742 57
7743 61
7744 60
7745 66
7746 57
7747 50
7748 53
7749 57
7750 68
7751 60
7752 64
7753 65
7754 64
7755 64
7756 54
7757 68
7758 51
7759 66
7760 59
7761 62
7762 66
7763 63
7764 66
7765 67
7766 75
7767 86
7768 75
7769 60
7770 61
7771 81
7772 75
7773 71
7774 58
7775 59
7776 57
7777 57
7778 64
7779 68
7780 64
7781 59
7782 57
7783 64
7784 74
7785 65
7786 59
7787 65
7788 52
7789 48
7790 64
7791 66
7792 61
7793 64
7794 63
7795 59
7796 59
7797 53
7798 64
7799 65
7800 65
7801 58
7802 59
7803 70
7804 71
7805 59
7806 53
7807 66
7808 58
7809 53
7810 59
7811 49
7812 50
7813 60
7814 68
7815 62
7816 62
7817 71
7818 53
7819 52
7820 54
7821 70
7822 69
7823 64
7824 51
7825 56
7826 59
7827 60
7828 62
7829 69
7830 62
7831 58
7832 63
7833 62
7834 67
7835 60
7836 55
7837 57
7838 71
7839 75
7840 66
7841 48
7842 57
7843 52
7844 47
7845 54
7846 59
7847 72
7848 67
7849 63
7850 57
7851 54
7852 64
7853 62
7854 54
7855 60
7856 60
7857 58
7858 57
7859 56
7860 71
7861 67
7862 60
7863 57
7864 73
7865 77
7866 68
7867 69
7868 68
7869 54
7870 51
7871 49
7872 59
7873 77
7874 62
7875 68
7876 55
7877 52
7878 53
7879 56
7880 55
7881 53
7882 56
7883 62
7884 58
7885 52
7886 65
7887 63
7888 59
7889 54
7890 55
7891 56
7892 64
7893 63
7894 57
7895 54
7896 49
7897 63
7898 64
7899 60
7900 70
7901 64
7902 71
7903 75
7904 77
7905 57
7906 48
7907 54
7908 60
7909 56
7910 54
7911 53
7912 63
7913 65
7914 65
7915 73
7916 68
7917 59
7918 50
7919 60
7920 56
7921 72
7922 67
7923 56
7924 54
7925 49
7926 61
7927 71
7928 60
7929 72
7930 65
7931 64
7932 65
7933 58
7934 62
7935 58
7936 63
7937 67
7938 63
7939 56
7940 49
7941 66
7942 70
7943 61
7944 52
7945 63
7946 60
7947 62
7948 57
7949 66
7950 60
7951 60
7952 58
7953 59
7954 58
7955 56
7956 56
7957 54
7958 52
7959 57
7960 55
7961 75
7962 67
7963 55
7964 68
7965 64
7966 69
7967 80
7968 67
7969 76
7970 62
7971 49
7972 58
7973 49
7974 32
7975 36
7976 38
7977 41
7978 45
7979 48
7980 58
7981 71
7982 63
7983 46
7984 59
7985 61
7986 63
7987 66
7988 61
7989 44
7990 51
7991 61
7992 69
7993 69
7994 81
7995 65
7996 63
7997 66
7998 61
7999 54
8000 49
8001 48
8002 60
8003 68
8004 70
8005 52
8006 60
8007 67
8008 60
8009 68
8010 54
8011 61
8012 63
8013 61
8014 52
8015 55
8016 44
8017 56
8018 64
8019 53
8020 60
8021 74
8022 66
8023 61
8024 60
8025 55
8026 66
8027 64
8028 67
8029 71
8030 82
8031 64
8032 66
8033 57
8034 63
8035 66
8036 62
8037 59
8038 54
8039 55
8040 62
8041 54
8042 56
8043 58
8044 65
8045 68
8046 67
8047 62
8048 63
8049 65
8050 65
8051 66
8052 59
8053 57
8054 57
8055 54
8056 48
8057 60
8058 48
8059 58
8060 59
8061 62
8062 72
8063 62
8064 57
8065 65
8066 58
8067 71
8068 59
8069 56
8070 61
8071 74
8072 63
8073 55
8074 62
8075 62
8076 46
8077 53
8078 56
8079 60
8080 75
8081 66
8082 76
8083 66
8084 71
8085 63
8086 66
8087 54
8088 56
8089 64
8090 64
8091 65
8092 49
8093 52
8094 49
8095 54
8096 60
8097 66
8098 68
8099 76
8100 64
8101 60
8102 54
8103 53
8104 51
8105 55
8106 69
8107 74
8108 59
8109 54
8110 69
8111 63
8112 54
8113 55
8114 66
8115 69
8116 62
8117 61
8118 69
8119 68
8120 62
8121 67
8122 53
8123 62
8124 67
8125 60
8126 52
8127 62
8128 61
8129 57
8130 56
8131 56
8132 60
8133 56
8134 64
8135 66
8136 65
8137 64
8138 56
8139 59
8140 60
8141 55
8142 65
8143 60
8144 70
8145 70
8146 70
8147 60
8148 63
8149 59
8150 57
8151 59
8152 57
8153 48
8154 59
8155 54
8156 61
8157 64
8158 58
8159 65
8160 63
8161 69
8162 68
8163 55
8164 62
8165 49
8166 65
8167 64
8168 61
8169 64
8170 75
8171 68
8172 52
8173 54
8174 68
8175 70
8176 61
8177 56
8178 50
8179 64
8180 69
8181 67
8182 69
8183 71
8184 56
8185 57
8186 53
8187 46
8188 47
8189 55
8190 67
8191 64
8192 65
8193 57
8194 51
8195 60
8196 59
8197 60
8198 55
8199 49
8200 48
8201 67
8202 58
8203 45
8204 61
8205 51
8206 48
8207 62
8208 67
8209 61
8210 77
8211 68
8212 59
8213 75
8214 70
8215 55
8216 38
8217 41
8218 49
8219 66
8220 53
8221 64
8222 62
8223 58
8224 71
8225 75
8226 56
8227 48
8228 45
8229 51
8230 58
8231 60
8232 67
8233 63
8234 59
8235 68
8236 63
8237 66
8238 60
8239 49
8240 45
8241 43
8242 59
8243 64
8244 66
8245 65
8246 63
8247 54
8248 67
8249 63
8250 69
8251 61
8252 67
8253 65
8254 69
8255 62
8256 59
8257 57
8258 64
8259 67
8260 64
8261 65
8262 58
8263 56
8264 55
8265 51
8266 70
8267 67
8268 72
8269 71
8270 65
8271 50
8272 44
8273 62
8274 65
8275 53
8276 51
8277 53
8278 47
8279 59
8280 65
8281 79
8282 71
8283 69
8284 62
8285 48
8286 47
8287 46
8288 54
8289 58
8290 57
8291 56
8292 52
8293 59
8294 66
8295 60
8296 55
8297 63
8298 67
8299 61
8300 61
8301 72
8302 62
8303 57
8304 62
8305 49
8306 53
8307 60
8308 64
8309 60
8310 64
8311 49
8312 64
8313 59
8314 57
8315 57
8316 58
8317 54
8318 53
8319 60
8320 67
8321 60
8322 54
8323 57
8324 58
8325 74
8326 58
8327 51
8328 49
8329 58
8330 71
8331 63
8332 55
8333 56
8334 67
8335 64
8336 62
8337 66
8338 60
8339 56
8340 55
8341 50
8342 52
8343 55
8344 57
8345 64
8346 54
8347 47
8348 36
8349 34
8350 45
8351 59
8352 62
8353 69
8354 65
8355 61
8356 53
8357 48
8358 52
8359 55
8360 57
8361 57
8362 58
8363 43
8364 55
8365 54
8366 60
8367 63
8368 78
8369 62
8370 71
8371 62
8372 58
8373 63
8374 49
8375 69
8376 68
8377 63
8378 51
8379 61
8380 61
8381 63
8382 51
8383 55
8384 51
8385 50
8386 51
8387 56
8388 59
8389 54
8390 57
8391 56
8392 72
8393 77
8394 69
8395 57
8396 60
8397 49
8398 57
8399 68
8400 53
8401 63
8402 74
8403 59
8404 53
8405 54
8406 66
8407 62
8408 59
8409 54
8410 71
8411 68
8412 67
8413 76
8414 73
8415 62
8416 63
8417 54
8418 53
8419 60
8420 55
8421 57
8422 54
8423 54
8424 57
8425 55
8426 63
8427 49
8428 59
8429 65
8430 79
8431 64
8432 74
8433 67
8434 58
8435 67
8436 63
8437 56
8438 49
8439 46
8440 44
8441 46
8442 37
8443 48
8444 63
8445 59
8446 66
8447 59
8448 58
8449 64
8450 63
8451 57
8452 47
8453 56
8454 58
8455 62
8456 60
8457 54
8458 57
8459 59
8460 60
8461 50
8462 43
8463 61
8464 62
8465 68
8466 67
8467 54
8468 56
8469 62
8470 67
8471 51
8472 63
8473 64
8474 65
8475 50
8476 55
8477 52
8478 51
8479 41
8480 34
8481 49
8482 58
8483 53
8484 47
8485 49
8486 50
8487 67
8488 67
8489 67
8490 61
8491 60
8492 67
8493 66
8494 58
8495 63
8496 76
8497 61
8498 58
8499 63
8500 65
8501 73
8502 71
8503 62
8504 55
8505 67
8506 65
8507 64
8508 73
8509 66
8510 68
8511 64
8512 66
8513 67
8514 58
8515 61
8516 56
8517 58
8518 56
8519 59
8520 61
8521 61
8522 64
8523 67
8524 58
8525 55
8526 47
8527 46
8528 57
8529 60
8530 57
8531 61
8532 62
8533 53
8534 47
8535 51
8536 56
8537 76
8538 59
8539 54
8540 52
8541 44
8542 48
8543 65
8544 54
8545 48
8546 52
8547 63
8548 55
8549 63
8550 74
8551 77
8552 58
8553 49
8554 55
8555 58
8556 70
8557 63
8558 59
8559 73
8560 57
8561 66
8562 64
8563 53
8564 63
8565 55
8566 51
8567 43
8568 49
8569 55
8570 65
8571 56
8572 68
8573 58
8574 47
8575 51
8576 68
8577 64
8578 57
8579 56
8580 57
8581 50
8582 47
8583 62
8584 65
8585 59
8586 71
8587 62
8588 51
8589 47
8590 57
8591 61
8592 61
8593 53
8594 58
8595 62
8596 49
8597 35
8598 49
8599 54
8600 66
8601 61
8602 63
8603 66
8604 65
8605 58
8606 53
8607 54
8608 56
8609 57
8610 66
8611 58
8612 47
8613 49
8614 56
8615 66
8616 61
8617 63
8618 53
8619 46
8620 52
8621 60
8622 66
8623 55
8624 56
8625 53
8626 51
8627 54
8628 54
8629 47
8630 44
8631 48
8632 54
8633 56
8634 58
8635 56
8636 52
8637 55
8638 58
8639 64
8640 77
8641 63
8642 61
8643 62
8644 56
8645 62
8646 61
8647 68
8648 58
8649 57
8650 63
8651 66
8652 71
8653 59
8654 57
8655 58
8656 58
8657 48
8658 38
8659 40
8660 40
8661 56
8662 62
8663 73
8664 71
8665 66
8666 58
8667 57
8668 60
8669 64
8670 60
8671 55
8672 56
8673 61
8674 55
8675 68
8676 66
8677 64
8678 63
8679 67
8680 56
8681 62
8682 49
8683 61
8684 59
8685 67
8686 64
8687 56
8688 58
8689 64
8690 66
8691 49
8692 45
8693 49
8694 51
8695 57
8696 70
8697 59
8698 63
8699 51
8700 63
8701 55
8702 58
8703 52
8704 62
8705 51
8706 53
8707 53
8708 55
8709 67
8710 66
8711 59
8712 58
8713 66
8714 61
8715 62
8716 58
8717 57
8718 58
8719 55
8720 66
8721 56
8722 61
8723 56
8724 54
8725 42
8726 59
8727 62
8728 59
8729 42
8730 57
8731 60
8732 58
8733 48
8734 57
8735 64
8736 58
8737 56
8738 68
8739 74
8740 67
8741 58
8742 71
8743 76
8744 67
8745 57
8746 55
8747 71
8748 66
8749 55
8750 60
8751 63
8752 66
8753 65
8754 56
8755 61
8756 61
8757 62
8758 66
8759 73
8760 66
8761 67
8762 61
8763 64
8764 69
8765 57
8766 61
8767 56
8768 50
8769 50
8770 46
8771 53
8772 59
8773 58
8774 60
8775 68
8776 68
8777 66
8778 64
8779 55
8780 53
8781 57
8782 61
8783 53
8784 59
8785 58
8786 50
8787 51
8788 56
8789 64
8790 51
8791 57
8792 65
8793 65
8794 52
8795 64
8796 62
8797 52
8798 48
8799 61
8800 63
8801 57
8802 59
8803 63
8804 55
8805 47
8806 61
8807 49
8808 48
8809 68
8810 62
8811 59
8812 61
8813 62
8814 58
8815 55
8816 51
8817 54
8818 55
8819 59
8820 59
8821 61
8822 68
8823 74
8824 62
8825 61
8826 60
8827 57
8828 69
8829 54
8830 66
8831 60
8832 48
8833 49
8834 58
8835 49
8836 51
8837 60
8838 63
8839 68
8840 65
8841 58
8842 61
8843 60
8844 62
8845 55
8846 57
8847 56
8848 60
8849 61
8850 52
8851 66
8852 74
8853 62
8854 50
8855 59
8856 64
8857 65
8858 60
8859 70
8860 70
8861 61
8862 64
8863 50
8864 51
8865 65
8866 63
8867 58
8868 47
8869 46
8870 45
8871 38
8872 46
8873 55
8874 57
8875 57
8876 67
8877 69
8878 68
8879 58
8880 70
8881 71
8882 58
8883 56
8884 66
8885 67
8886 69
8887 60
8888 66
8889 64
8890 59
8891 60
8892 70
8893 50
8894 64
8895 63
8896 51
8897 55
8898 47
8899 55
8900 67
8901 64
8902 54
8903 48
8904 46
8905 61
8906 63
8907 72
8908 71
8909 58
8910 62
8911 59
8912 50
8913 54
8914 44
8915 57
8916 65
8917 51
8918 48
8919 47
8920 45
8921 37
8922 56
8923 53
8924 62
8925 62
8926 58
8927 60
8928 60
8929 63
8930 71
8931 65
8932 61
8933 62
8934 59
8935 63
8936 67
8937 70
8938 55
8939 59
8940 53
8941 59
8942 62
8943 59
8944 65
8945 61
8946 61
8947 66
8948 76
8949 56
8950 57
8951 66
8952 73
8953 62
8954 67
8955 70
8956 65
8957 68
8958 62
8959 58
8960 67
8961 68
8962 64
8963 68
8964 64
8965 61
8966 55
8967 51
8968 49
8969 62
8970 69
8971 65
8972 70
8973 69
8974 79
8975 62
8976 65
8977 46
8978 41
8979 48
8980 53
8981 42
8982 54
8983 55
8984 59
8985 70
8986 64
8987 66
8988 57
8989 61
8990 70
8991 56
8992 64
8993 62
8994 69
8995 60
8996 59
8997 66
8998 56
8999 50
9000 52
9001 71
9002 61
9003 55
9004 58
9005 63
9006 45
9007 54
9008 58
9009 45
9010 40
9011 58
9012 59
9013 59
9014 47
9015 45
9016 49
9017 43
9018 59
9019 66
9020 69
9021 56
9022 58
9023 63
9024 61
9025 64
9026 51
9027 63
9028 62
9029 57
9030 62
9031 66
9032 54
9033 47
9034 43
9035 45
9036 51
9037 60
9038 63
9039 62
9040 50
9041 51
9042 65
9043 59
9044 62
9045 64
9046 56
9047 53
9048 61
9049 66
9050 57
9051 71
9052 69
9053 55
9054 67
9055 64
9056 71
9057 64
9058 65
9059 65
9060 77
9061 69
9062 62
9063 63
9064 57
9065 61
9066 69
9067 65
9068 53
9069 52
9070 55
9071 60
9072 54
9073 52
9074 57
9075 54
9076 50
9077 58
9078 57
9079 65
9080 71
9081 59
9082 74
9083 65
9084 61
9085 55
9086 60
9087 63
9088 63
9089 61
9090 74
9091 66
9092 60
9093 52
9094 53
9095 55
9096 61
9097 62
9098 73
9099 64
9100 66
9101 71
9102 65
9103 59
9104 61
9105 45
9106 40
9107 39
9108 53
9109 56
9110 66
9111 63
9112 67
9113 56
9114 59
9115 51
9116 63
9117 56
9118 63
9119 61
9120 64
9121 54
9122 60
9123 55
9124 62
9125 59
9126 59
9127 69
9128 66
9129 57
9130 54
9131 59
9132 63
9133 69
9134 64
9135 61
9136 57
9137 56
9138 48
9139 47
9140 41
9141 56
9142 59
9143 55
9144 70
9145 65
9146 53
9147 64
9148 58
9149 67
9150 60
9151 61
9152 53
9153 51
9154 48
9155 33
9156 29
9157 40
9158 52
9159 56
9160 75
9161 64
9162 68
9163 60
9164 51
9165 49
9166 62
9167 63
9168 54
9169 47
9170 55
9171 71
9172 61
9173 61
9174 56
9175 58
9176 56
9177 59
9178 51
9179 64
9180 67
9181 65
9182 71
9183 63
9184 76
9185 73
9186 59
9187 53
9188 48
9189 42
9190 54
9191 56
9192 60
9193 68
9194 54
9195 43
9196 41
9197 60
9198 61
9199 60
9200 64
9201 56
9202 50
9203 55
9204 66
9205 60
9206 60
9207 57
9208 59
9209 62
9210 56
9211 61
9212 67
9213 75
9214 77
9215 63
9216 64
9217 54
9218 69
9219 59
9220 70
9221 60
9222 63
9223 73
9224 56
9225 68
9226 64
9227 60
9228 47
9229 53
9230 58
9231 69
9232 59
9233 68
9234 71
9235 76
9236 66
9237 57
9238 62
9239 58
9240 64
9241 63
9242 66
9243 65
9244 70
9245 62
9246 69
9247 55
9248 54
9249 60
9250 69
9251 53
9252 57
9253 59
9254 63
9255 53
9256 56
9257 64
9258 61
9259 64
9260 61
9261 54
9262 57
9263 58
9264 67
9265 71
9266 69
9267 64
9268 53
9269 49
9270 50
9271 56
9272 51
9273 56
9274 58
9275 52
9276 56
9277 57
9278 55
9279 68
9280 72
9281 77
9282 71
9283 68
9284 58
9285 63
9286 62
9287 52
9288 58
9289 57
9290 62
9291 62
9292 60
9293 58
9294 54
9295 59
9296 54
9297 63
9298 61
9299 57
9300 66
9301 64
9302 62
9303 67
9304 61
9305 55
9306 61
9307 60
9308 64
9309 67
9310 58
9311 56
9312 64
9313 65
9314 55
9315 54
9316 61
9317 49
9318 52
9319 57
9320 63
9321 54
9322 66
9323 66
9324 65
9325 57
9326 69
9327 66
9328 65
9329 57
9330 57
9331 75
9332 71
9333 63
9334 64
9335 68
9336 54
9337 47
9338 56
9339 64
9340 63
9341 64
9342 76
9343 62
9344 72
9345 69
9346 65
9347 58
9348 69
9349 64
9350 62
9351 55
9352 54
9353 64
9354 64
9355 66
9356 50
9357 38
9358 39
9359 57
9360 68
9361 69
9362 59
9363 59
9364 54
9365 66
9366 70
9367 70
9368 65
9369 58
9370 60
9371 64
9372 65
9373 63
9374 58
9375 63
9376 52
9377 43
9378 47
9379 51
9380 43
9381 42
9382 51
9383 54
9384 55
9385 60
9386 57
9387 59
9388 64
9389 46
9390 50
9391 57
9392 68
9393 66
9394 65
9395 66
9396 67
9397 58
9398 57
9399 55
9400 66
9401 59
9402 53
9403 46
9404 52
9405 61
9406 58
9407 50
9408 49
9409 60
9410 61
9411 54
9412 55
9413 64
9414 53
9415 58
9416 59
9417 61
9418 52
9419 39
9420 46
9421 42
9422 43
9423 50
9424 55
9425 69
9426 67
9427 58
9428 59
9429 51
9430 53
9431 51
9432 70
9433 63
9434 66
9435 58
9436 65
9437 61
9438 62
9439 44
9440 53
9441 53
9442 49
9443 59
9444 40
9445 36
9446 37
9447 41
9448 48
9449 58
9450 59
9451 62
9452 62
9453 46
9454 51
9455 59
9456 65
9457 65
9458 59
9459 68
9460 64
9461 57
9462 61
9463 64
9464 66
9465 81
9466 63
9467 67
9468 64
9469 67
9470 72
9471 62
9472 56
9473 53
9474 64
9475 68
9476 56
9477 65
9478 65
9479 65
9480 60
9481 62
9482 52
9483 63
9484 55
9485 52
9486 59
9487 61
9488 44
9489 48
9490 42
9491 34
9492 46
9493 51
9494 63
9495 61
9496 52
9497 46
9498 64
9499 72
9500 61
9501 58
9502 52
9503 56
9504 64
9505 57
9506 60
9507 70
9508 62
9509 64
9510 78
9511 59
9512 62
9513 65
9514 51
9515 54
9516 58
9517 66
9518 67
9519 63
9520 57
9521 55
9522 60
9523 63
9524 57
9525 63
9526 61
9527 60
9528 58
9529 56
9530 65
9531 72
9532 62
9533 59
9534 59
9535 65
9536 54
9537 51
9538 61
9539 59
9540 56
9541 48
9542 61
9543 61
9544 52
9545 53
9546 60
9547 58
9548 49
9549 56
9550 55
9551 52
9552 59
9553 58
9554 64
9555 62
9556 69
9557 65
9558 62
9559 63
9560 67
9561 64
9562 63
9563 65
9564 58
9565 62
9566 55
9567 54
9568 63
9569 62
9570 68
9571 56
9572 60
9573 64
9574 60
9575 64
9576 53
9577 61
9578 54
9579 55
9580 50
9581 49
9582 46
9583 38
9584 35
9585 37
9586 38
9587 43
9588 54
9589 56
9590 58
9591 58
9592 68
9593 65
9594 62
9595 60
9596 67
9597 62
9598 53
9599 55
9600 50
9601 63
9602 54
9603 54
9604 48
9605 51
9606 71
9607 62
9608 54
9609 64
9610 62
9611 68
9612 49
9613 55
9614 49
9615 47
9616 64
9617 63
9618 59
9619 56
9620 60
9621 72
9622 65
9623 54
9624 53
9625 58
9626 55
9627 68
9628 68
9629 70
9630 59
9631 54
9632 73
9633 68
9634 58
9635 53
9636 58
9637 61
9638 62
9639 66
9640 64
9641 67
9642 69
9643 76
9644 64
9645 60
9646 55
9647 54
9648 46
9649 44
9650 46
9651 45
9652 43
9653 52
9654 48
9655 54
9656 67
9657 61
9658 69
9659 71
9660 73
9661 76
9662 58
9663 56
9664 58
9665 60
9666 59
9667 76
9668 57
9669 61
9670 67
9671 58
9672 70
9673 66
9674 58
9675 44
9676 64
9677 57
9678 61
9679 57
9680 63
9681 65
9682 71
9683 62
9684 67
9685 61
9686 51
9687 57
9688 59
9689 63
9690 63
9691 49
9692 59
9693 53
9694 61
9695 52
9696 68
9697 66
9698 62
9699 78
9700 66
9701 66
9702 62
9703 61
9704 60
9705 57
9706 53
9707 50
9708 59
9709 67
9710 59
9711 56
9712 46
9713 56
9714 58
9715 63
9716 68
9717 49
9718 44
9719 52
9720 55
9721 72
9722 85
9723 68
9724 69
9725 56
9726 53
9727 55
9728 52
9729 50
9730 56
9731 62
9732 66
9733 79
9734 82
9735 63
9736 58
9737 60
9738 50
9739 57
9740 59
9741 55
9742 57
9743 52
9744 43
9745 52
9746 62
9747 70
9748 71
9749 64
9750 56
9751 55
9752 75
9753 75
9754 57
9755 68
9756 70
9757 60
9758 60
9759 56
9760 55
9761 57
9762 60
9763 64
9764 68
9765 60
9766 53
9767 58
9768 60
9769 56
9770 42
9771 51
9772 66
9773 75
9774 67
9775 66
9776 56
9777 58
9778 51
9779 55
9780 69
9781 70
9782 63
9783 52
9784 63
9785 57
9786 60
9787 64
9788 67
9789 70
9790 80
9791 65
9792 66
9793 52
9794 57
9795 61
9796 64
9797 64
9798 57
9799 75
9800 63
9801 68
9802 63
9803 71
9804 70
9805 58
9806 55
9807 60
9808 57
9809 64
9810 65
9811 62
9812 74
9813 61
9814 47
9815 46
9816 62
9817 59
9818 60
9819 62
9820 58
9821 63
9822 72
9823 65
9824 64
9825 61
9826 67
9827 60
9828 54
9829 56
9830 59
9831 69
9832 69
9833 65
9834 60
9835 55
9836 47
9837 44
9838 54
9839 65
9840 61
9841 51
9842 66
9843 71
9844 72
9845 69
9846 60
9847 57
9848 51
9849 43
9850 49
9851 48
9852 50
9853 60
9854 70
9855 77
9856 76
9857 62
9858 57
9859 51
9860 59
9861 64
9862 65
9863 59
9864 67
9865 50
9866 49
9867 58
9868 62
9869 69
9870 58
9871 46
9872 49
9873 63
9874 72
9875 58
9876 61
9877 62
9878 49
9879 48
9880 42
9881 45
9882 52
9883 63
9884 61
9885 55
9886 68
9887 71
9888 73
9889 59
9890 57
9891 59
9892 58
9893 54
9894 52
9895 57
9896 64
9897 66
9898 62
9899 66
9900 57
9901 70
9902 69
9903 69
9904 70
9905 52
9906 58
9907 57
9908 55
9909 70
9910 53
9911 54
9912 50
9913 46
9914 47
9915 38
9916 36
9917 45
9918 44
9919 35
9920 47
9921 54
9922 55
9923 62
9924 61
9925 56
9926 41
9927 42
9928 46
9929 56
9930 46
9931 57
9932 70
9933 76
9934 67
9935 67
9936 59
9937 55
9938 60
9939 58
9940 62
9941 63
9942 76
9943 59
9944 67
9945 67
9946 66
9947 52
9948 51
9949 65
9950 66
9951 65
9952 46
9953 54
9954 69
9955 83
9956 78
9957 67
9958 64
9959 65
9960 62
9961 64
9962 62
9963 62
9964 69
9965 72
9966 63
9967 65
9968 60
9969 58
9970 65
9971 64
9972 61
9973 67
9974 65
9975 66
9976 62
9977 66
9978 46
9979 55
9980 52
9981 58
9982 61
9983 60
9984 68
9985 63
9986 72
9987 73
9988 63
9989 65
9990 54
9991 50
9992 55
9993 62
9994 61
9995 61
9996 59
9997 61
9998 63
9999 56
10000 47
10001 52
10002 59
10003 57
10004 56
10005 53
10006 56
10007 66
10008 69
10009 70
10010 65
10011 73
10012 67
10013 66
10014 55
10015 48
10016 55
10017 53
10018 52
10019 50
10020 55
10021 54
10022 61
10023 67
10024 59
10025 52
10026 64
10027 59
10028 67
10029 68
10030 60
10031 62
10032 62
10033 67
10034 56
10035 58
10036 61
10037 43
10038 54
10039 63
10040 68
10041 55
10042 58
10043 50
10044 48
10045 50
10046 55
10047 58
10048 65
10049 50
10050 64
10051 69
10052 65
10053 57
10054 52
10055 55
10056 65
10057 73
10058 60
10059 62
10060 59
10061 68
10062 76
10063 71
10064 65
10065 48
10066 61
10067 62
10068 50
10069 49
10070 59
10071 58
10072 51
10073 56
10074 58
10075 74
10076 65
10077 66
10078 65
10079 51
10080 57
10081 56
10082 63
10083 68
10084 60
10085 63
10086 70
10087 56
10088 57
10089 63
10090 64
10091 63
10092 66
10093 56
10094 59
10095 66
10096 54
10097 60
10098 55
10099 50
10100 58
10101 60
10102 58
10103 53
10104 45
10105 61
10106 48
10107 61
10108 58
10109 68
10110 68
10111 77
10112 62
10113 55
10114 53
10115 63
10116 62
10117 65
10118 69
10119 70
10120 53
10121 68
10122 58
10123 69
10124 56
10125 49
10126 58
10127 68
10128 71
10129 64
10130 58
10131 51
10132 52
10133 70
10134 71
10135 57
10136 59
10137 62
10138 65
10139 57
10140 61
10141 64
10142 65
10143 58
10144 60
10145 47
10146 67
10147 57
10148 42
10149 46
10150 61
10151 55
10152 55
10153 65
10154 64
10155 60
10156 65
10157 76
10158 67
10159 62
10160 57
10161 53
10162 59
10163 55
10164 53
10165 55
10166 64
10167 63
10168 64
10169 56
10170 56
10171 74
10172 61
10173 58
10174 52
10175 58
10176 55
10177 53
10178 54
10179 68
10180 62
10181 61
10182 60
10183 60
10184 55
10185 53
10186 58
10187 64
10188 55
10189 60
10190 56
10191 53
10192 61
10193 63
10194 54
10195 52
10196 61
10197 64
10198 64
10199 61
10200 51
10201 64
10202 65
10203 55
10204 63
10205 58
10206 60
10207 61
10208 49
10209 43
10210 42
10211 33
10212 47
10213 57
10214 66
10215 70
10216 67
10217 59
10218 66
10219 63
10220 60
10221 55
10222 42
10223 55
10224 47
10225 53
10226 60
10227 56
10228 66
10229 51
10230 56
10231 57
10232 60
10233 60
10234 65
10235 68
10236 68
10237 67
10238 57
10239 54
10240 53
10241 55
10242 53
10243 55
10244 63
10245 59
10246 62
10247 65
10248 63
10249 61
10250 65
10251 57
10252 68
10253 66
10254 69
10255 72
10256 71
10257 59
10258 56
10259 70
10260 60
10261 62
10262 67
10263 65
10264 60
10265 68
10266 63
10267 60
10268 65
10269 68
10270 59
10271 62
10272 56
10273 49
10274 53
10275 52
10276 53
10277 67
10278 59
10279 58
10280 50
10281 37
10282 44
10283 50
10284 65
10285 60
10286 57
10287 70
10288 60
10289 69
10290 66
10291 59
10292 60
10293 62
10294 64
10295 62
10296 45
10297 48
10298 55
10299 62
10300 61
10301 60
10302 56
10303 64
10304 61
10305 64
10306 59
10307 52
10308 56
10309 61
10310 55
10311 60
10312 65
10313 67
10314 63
10315 68
10316 64
10317 68
10318 58
10319 65
10320 69
10321 61
10322 62
10323 60
10324 63
10325 62
10326 55
10327 51
10328 50
10329 59
10330 66
10331 67
10332 57
10333 41
10334 54
10335 56
10336 59
10337 60
10338 62
10339 67
10340 63
10341 66
10342 66
10343 62
10344 59
10345 60
10346 58
10347 66
10348 69
10349 81
10350 75
10351 65
10352 60
10353 59
10354 61
10355 53
10356 59
10357 53
10358 50
10359 55
10360 66
10361 75
10362 69
10363 54
10364 53
10365 67
10366 62
10367 63
10368 67
10369 57
10370 56
10371 52
10372 49
10373 66
10374 67
10375 56
10376 70
10377 65
10378 60
10379 62
10380 61
10381 67
10382 51
10383 53
10384 63
10385 63
10386 75
10387 55
10388 64
10389 63
10390 55
10391 61
10392 60
10393 58
10394 51
10395 66
10396 69
10397 50
10398 57
10399 56
10400 44
10401 44
10402 46
10403 53
10404 57
10405 63
10406 63
10407 53
10408 61
10409 66
10410 58
10411 50
10412 65
10413 57
10414 54
10415 49
10416 56
10417 55
10418 58
10419 61
10420 73
10421 68
10422 73
10423 67
10424 52
10425 61
10426 60
10427 55
10428 60
10429 53
10430 60
10431 61
10432 53
10433 57
10434 61
10435 55
10436 68
10437 64
10438 63
10439 65
10440 64
10441 77
10442 62
10443 62
10444 66
10445 63
10446 56
10447 55
10448 58
10449 53
10450 54
10451 53
10452 57
10453 64
10454 58
10455 63
10456 64
10457 60
10458 62
10459 54
10460 42
10461 47
10462 62
10463 61
10464 69
10465 59
10466 55
10467 52
10468 52
10469 51
10470 49
10471 57
10472 66
10473 53
10474 51
10475 60
10476 62
10477 61
10478 58
10479 61
10480 60
10481 58
10482 64
10483 50
10484 55
10485 74
10486 63
10487 64
10488 51
10489 40
10490 54
10491 49
10492 44
10493 49
10494 55
10495 66
10496 59
10497 58
10498 51
10499 40
10500 44
10501 56
10502 72
10503 71
10504 56
10505 50
10506 52
10507 65
10508 69
10509 65
10510 61
10511 69
10512 53
10513 51
10514 48
10515 54
10516 62
10517 59
10518 57
10519 58
10520 61
10521 66
10522 67
10523 59
10524 54
10525 52
10526 62
10527 65
10528 68
10529 60
10530 62
10531 58
10532 57
10533 50
10534 60
10535 71
10536 75
10537 68
10538 67
10539 68
10540 64
10541 63
10542 58
10543 47
10544 46
10545 30
10546 49
10547 62
10548 64
10549 46
10550 64
10551 63
10552 52
10553 58
10554 60
10555 54
10556 40
10557 59
10558 60
10559 52
10560 54
10561 65
10562 70
10563 59
10564 62
10565 56
10566 58
10567 63
10568 65
10569 71
10570 58
10571 55
10572 54
10573 65
10574 59
10575 67
10576 66
10577 68
10578 71
10579 59
10580 55
10581 60
10582 55
10583 52
10584 58
10585 46
10586 52
10587 60
10588 59
10589 66
10590 65
10591 64
10592 52
10593 70
10594 63
10595 44
10596 40
10597 60
10598 63
10599 66
10600 53
10601 67
10602 70
10603 67
10604 61
10605 62
10606 77
10607 63
10608 59
10609 49
10610 50
10611 54
10612 58
10613 63
10614 59
10615 51
10616 60
10617 63
10618 43
10619 63
10620 62
10621 53
10622 60
10623 65
10624 50
10625 63
10626 63
10627 61
10628 60
10629 65
10630 57
10631 63
10632 67
10633 61
10634 62
10635 62
10636 72
10637 60
10638 55
10639 57
10640 54
10641 51
10642 55
10643 61
10644 64
10645 63
10646 64
10647 61
10648 59
10649 64
10650 59
10651 62
10652 64
10653 69
10654 78
10655 62
10656 58
10657 67
10658 60
10659 55
10660 58
10661 45
10662 59
10663 55
10664 61
10665 61
10666 66
10667 77
10668 67
10669 70
10670 72
10671 70
10672 66
10673 68
10674 67
10675 58
10676 62
10677 54
10678 50
10679 50
10680 52
10681 54
10682 66
10683 61
10684 60
10685 70
10686 68
10687 66
10688 60
10689 54
10690 65
10691 67
10692 62
10693 68
10694 74
10695 61
10696 71
10697 62
10698 58
10699 68
10700 72
10701 59
10702 63
10703 65
10704 64
10705 59
10706 53
10707 42
10708 46
10709 59
10710 57
10711 65
10712 70
10713 62
10714 61
10715 61
10716 61
10717 60
10718 62
10719 62
10720 66
10721 46
10722 52
10723 48
10724 47
10725 43
10726 52
10727 65
10728 61
10729 63
10730 61
10731 54
10732 62
10733 60
10734 62
10735 66
10736 55
10737 49
10738 53
10739 65
10740 61
10741 67
10742 60
10743 70
10744 68
10745 66
10746 62
10747 56
10748 55
10749 63
10750 61
10751 60
10752 61
10753 66
10754 57
10755 55
10756 54
10757 56
10758 56
10759 57
10760 60
10761 77
10762 81
10763 78
10764 67
10765 71
10766 63
10767 76
10768 65
10769 60
10770 55
10771 53
10772 60
10773 63
10774 62
10775 73
10776 54
10777 53
10778 48
10779 65
10780 60
10781 57
10782 62
10783 64
10784 54
10785 67
10786 47
10787 64
10788 60
10789 67
10790 68
10791 69
10792 60
10793 58
10794 49
10795 66
10796 53
10797 52
10798 62
10799 67
10800 69
10801 64
10802 64
10803 65
10804 60
10805 60
10806 61
10807 59
10808 61
10809 66
10810 62
10811 60
10812 55
10813 55
10814 50
10815 55
10816 68
10817 77
10818 72
10819 65
10820 59
10821 59
10822 49
10823 49
10824 59
10825 72
10826 74
10827 63
10828 62
10829 66
10830 62
10831 63
10832 64
10833 63
10834 60
10835 64
10836 68
10837 69
10838 66
10839 55
10840 66
10841 56
10842 50
10843 44
10844 43
10845 42
10846 37
10847 46
10848 51
10849 50
10850 60
10851 69
10852 65
10853 66
10854 62
10855 53
10856 60
10857 61
10858 62
10859 67
10860 63
10861 50
10862 61
10863 57
10864 53
10865 60
10866 52
10867 64
10868 58
10869 42
10870 57
10871 55
10872 71
10873 68
10874 54
10875 57
10876 63
10877 76
10878 65
10879 63
10880 66
10881 66
10882 59
10883 51
10884 48
10885 55
10886 67
10887 71
10888 68
10889 62
10890 61
10891 54
10892 46
10893 60
10894 65
10895 67
10896 59
10897 52
10898 51
10899 48
10900 45
10901 60
10902 63
10903 58
10904 53
10905 54
10906 58
10907 64
10908 57
10909 53
10910 62
10911 42
10912 61
10913 56
10914 60
10915 56
10916 65
10917 63
10918 65
10919 61
10920 49
10921 55
10922 71
10923 56
10924 54
10925 55
10926 62
10927 54
10928 58
10929 65
10930 68
10931 68
10932 65
10933 49
10934 42
10935 36
10936 46
10937 57
10938 68
10939 69
10940 69
10941 61
10942 65
10943 60
10944 54
10945 60
10946 58
10947 64
10948 58
10949 49
10950 56
10951 51
10952 58
10953 64
10954 64
10955 66
10956 59
10957 70
10958 68
10959 66
10960 61
10961 48
10962 45
10963 48
10964 58
10965 58
10966 58
10967 55
10968 73
10969 66
10970 59
10971 53
10972 61
10973 61
10974 58
10975 54
10976 39
10977 44
10978 51
10979 51
10980 46
10981 54
10982 63
10983 58
10984 66
10985 70
10986 77
10987 62
10988 63
10989 67
10990 59
10991 72
10992 66
10993 60
10994 65
10995 58
10996 58
10997 72
10998 71
10999 73
11000 59
11001 62
11002 56
11003 62
11004 63
11005 69
11006 60
11007 60
11008 68
11009 61
11010 63
11011 53
11012 49
11013 43
11014 59
11015 60
11016 60
11017 57
11018 51
11019 56
11020 55
11021 40
11022 49
11023 59
11024 61
11025 59
11026 59
11027 63
11028 71
11029 70
11030 68
11031 77
11032 70
11033 73
11034 63
11035 64
11036 71
11037 64
11038 81
11039 73
11040 71
11041 60
11042 54
11043 67
11044 60
11045 55
11046 58
11047 59
11048 69
11049 66
11050 57
11051 50
11052 54
11053 56
11054 61
11055 52
11056 47
11057 42
11058 51
11059 63
11060 60
11061 52
11062 55
11063 55
11064 64
11065 65
11066 59
11067 72
11068 68
11069 59
11070 45
11071 61
11072 70
11073 59
11074 63
11075 57
11076 60
11077 49
11078 66
11079 58
11080 60
11081 55
11082 57
11083 60
11084 58
11085 55
11086 57
11087 72
11088 75
11089 63
11090 53
11091 54
11092 62
11093 68
11094 75
11095 76
11096 58
11097 56
11098 57
11099 58
11100 65
11101 58
11102 76
11103 60
11104 64
11105 50
11106 59
11107 62
11108 53
11109 52
11110 47
11111 49
11112 51
11113 40
11114 50
11115 57
11116 63
11117 61
11118 69
11119 63
11120 62
11121 60
11122 67
11123 64
11124 65
11125 51
11126 45
11127 60
11128 67
11129 62
11130 67
11131 56
11132 56
11133 62
11134 63
11135 66
11136 66
11137 61
11138 55
11139 64
11140 60
11141 59
11142 61
11143 64
11144 47
11145 54
11146 59
11147 72
11148 64
11149 61
11150 61
11151 66
11152 56
11153 54
11154 56
11155 50
11156 55
11157 60
11158 67
11159 61
11160 62
11161 64
11162 60
11163 53
11164 46
11165 61
11166 56
11167 63
11168 68
11169 53
11170 44
11171 54
11172 58
11173 57
11174 70
11175 67
11176 70
11177 53
11178 59
11179 41
11180 47
11181 54
11182 61
11183 57
11184 63
11185 69
11186 75
11187 85
11188 71
11189 63
11190 61
11191 59
11192 65
11193 58
11194 55
11195 61
11196 66
11197 56
11198 58
11199 52
11200 44
11201 40
11202 50
11203 44
11204 48
11205 62
11206 63
11207 64
11208 59
11209 68
11210 67
11211 62
11212 62
11213 63
11214 59
11215 64
11216 58
11217 54
11218 50
11219 52
11220 62
11221 61
11222 70
11223 60
11224 50
11225 53
11226 64
11227 60
11228 62
11229 55
11230 61
11231 69
11232 73
11233 69
11234 68
11235 65
11236 54
11237 49
11238 61
11239 48
11240 29
11241 21
11242 23
11243 29
11244 30
11245 36
11246 41
11247 53
11248 60
11249 65
11250 45
11251 39
11252 37
11253 53
11254 60
11255 66
11256 63
11257 60
11258 60
11259 47
11260 52
11261 60
11262 73
11263 67
11264 50
11265 58
11266 61
11267 55
11268 63
11269 68
11270 55
11271 59
11272 66
11273 70
11274 74
11275 73
11276 55
11277 56
11278 60
11279 61
11280 63
11281 54
11282 53
11283 63
11284 74
11285 59
11286 76
11287 68
11288 60
11289 66
11290 60
11291 58
11292 66
11293 67
11294 64
11295 64
11296 52
11297 53
11298 67
11299 63
11300 67
11301 67
11302 64
11303 52
11304 50
11305 38
11306 48
11307 52
11308 68
11309 65
11310 61
11311 52
11312 53
11313 42
11314 33
11315 42
11316 56
11317 53
11318 46
11319 62
11320 53
11321 52
11322 55
11323 55
11324 47
11325 56
11326 59
11327 49
11328 54
11329 53
11330 47
11331 55
11332 62
11333 63
11334 66
11335 67
11336 63
11337 64
11338 65
11339 58
11340 67
11341 63
11342 64
11343 62
11344 59
11345 66
11346 75
11347 57
11348 58
11349 69
11350 54
11351 64
11352 59
11353 65
11354 59
11355 62
11356 58
11357 52
11358 58
11359 47
11360 59
11361 54
11362 58
11363 60
11364 50
11365 59
11366 41
11367 56
11368 61
11369 59
11370 61
11371 50
11372 62
11373 66
11374 69
11375 71
11376 60
11377 52
11378 61
11379 67
11380 65
11381 56
11382 51
11383 48
11384 60
11385 47
11386 38
11387 26
11388 34
11389 53
11390 63
11391 56
11392 71
11393 66
11394 68
11395 73
11396 64
11397 55
11398 49
11399 54
11400 62
11401 54
11402 66
11403 59
11404 53
11405 53
11406 49
11407 61
11408 69
11409 54
11410 53
11411 49
11412 65
11413 65
11414 56
11415 42
11416 43
11417 53
11418 61
11419 58
11420 64
11421 51
11422 57
11423 58
11424 52
11425 70
11426 77
11427 75
11428 65
11429 58
11430 54
11431 48
11432 59
11433 53
11434 66
11435 64
11436 66
11437 56
11438 64
11439 54
11440 58
11441 56
11442 55
11443 51
11444 53
11445 64
11446 58
11447 58
11448 65
11449 69
11450 64
11451 69
11452 59
11453 64
11454 69
11455 64
11456 60
11457 49
11458 56
11459 60
11460 60
11461 48
11462 46
11463 59
11464 60
11465 66
11466 71
11467 57
11468 69
11469 62
11470 54
11471 59
11472 65
11473 49
11474 54
11475 56
11476 66
11477 63
11478 60
11479 69
11480 68
11481 60
11482 58
11483 56
11484 52
11485 50
11486 52
11487 67
11488 64
11489 57
11490 46
11491 48
11492 52
11493 65
11494 63
11495 63
11496 67
11497 68
11498 67
11499 49
11500 56
11501 46
11502 40
11503 47
11504 59
11505 52
11506 46
11507 55
11508 61
11509 58
11510 61
11511 55
11512 67
11513 66
11514 65
11515 62
11516 60
11517 52
11518 47
11519 43
11520 38
11521 58
11522 67
11523 65
11524 61
11525 49
11526 49
11527 46
11528 41
11529 47
11530 51
11531 55
11532 62
11533 61
11534 56
11535 51
11536 62
11537 71
11538 55
11539 58
11540 64
11541 72
11542 57
11543 66
11544 68
11545 65
11546 69
11547 57
11548 70
11549 64
11550 62
11551 57
11552 51
11553 48
11554 51
11555 53
11556 62
11557 66
11558 61
11559 46
11560 65
11561 59
11562 58
11563 61
11564 60
11565 63
11566 64
11567 65
11568 60
11569 53
11570 59
11571 61
11572 60
11573 55
11574 55
11575 57
11576 52
11577 56
11578 62
11579 62
11580 60
11581 72
11582 66
11583 50
11584 57
11585 56
11586 58
11587 59
11588 63
11589 73
11590 55
11591 49
11592 51
11593 54
11594 52
11595 49
11596 57
11597 46
11598 53
11599 60
11600 56
11601 51
11602 50
11603 52
11604 58
11605 58
11606 59
11607 60
11608 53
11609 50
11610 58
11611 62
11612 63
11613 67
11614 58
11615 72
11616 61
11617 59
11618 60
11619 60
11620 66
11621 67
11622 62
11623 46
11624 55
11625 73
11626 67
11627 60
11628 55
11629 57
11630 56
11631 58
11632 53
11633 61
11634 59
11635 55
11636 58
11637 63
11638 67
11639 53
11640 54
11641 49
11642 57
11643 59
11644 60
11645 68
11646 68
11647 64
11648 60
11649 60
11650 47
11651 53
11652 58
11653 45
11654 56
11655 59
11656 60
11657 54
11658 60
11659 63
11660 47
11661 56
11662 60
11663 72
11664 77
11665 63
11666 67
11667 53
11668 55
11669 60
11670 54
11671 63
11672 59
11673 57
11674 59
11675 72
11676 66
11677 55
11678 62
11679 57
11680 62
11681 50
11682 63
11683 65
11684 69
11685 51
11686 62
11687 70
11688 65
11689 62
11690 51
11691 36
11692 37
11693 42
11694 50
11695 67
11696 62
11697 52
11698 42
11699 57
11700 54
11701 35
11702 33
11703 38
11704 42
11705 58
11706 65
11707 66
11708 55
11709 56
11710 61
11711 54
11712 51
11713 48
11714 52
11715 65
11716 55
11717 64
11718 57
11719 55
11720 48
11721 53
11722 61
11723 72
11724 60
11725 66
11726 57
11727 64
11728 61
11729 60
11730 64
11731 71
11732 62
11733 60
11734 61
11735 63
11736 61
11737 72
11738 69
11739 68
11740 61
11741 67
11742 60
11743 65
11744 67
11745 70
11746 55
11747 57
11748 55
11749 54
11750 43
11751 49
11752 55
11753 63
11754 60
11755 58
11756 54
11757 58
11758 67
11759 58
11760 70
11761 66
11762 62
11763 56
11764 59
11765 64
11766 53
11767 55
11768 61
11769 53
11770 49
11771 55
11772 62
11773 64
11774 60
11775 62
11776 65
11777 58
11778 59
11779 64
11780 65
11781 58
11782 66
11783 67
11784 58
11785 60
11786 55
11787 57
11788 63
11789 61
11790 58
11791 63
11792 65
11793 63
11794 58
11795 62
11796 63
11797 69
11798 60
11799 60
11800 74
11801 63
11802 57
11803 55
11804 62
11805 58
11806 64
11807 74
11808 63
11809 46
11810 48
11811 45
11812 53
11813 61
11814 63
11815 65
11816 68
11817 70
11818 66
11819 64
11820 64
11821 68
11822 73
11823 67
11824 53
11825 65
11826 64
11827 49
11828 45
11829 51
11830 67
11831 54
11832 50
11833 49
11834 54
11835 64
11836 56
11837 52
11838 62
11839 73
11840 67
11841 64
11842 65
11843 65
11844 61
11845 69
11846 70
11847 66
11848 62
11849 71
11850 54
11851 61
11852 61
11853 61
11854 52
11855 63
11856 64
11857 64
11858 61
11859 54
11860 57
11861 46
11862 61
11863 69
11864 68
11865 53
11866 63
11867 54
11868 65
11869 52
11870 49
11871 46
11872 41
11873 39
11874 55
11875 58
11876 59
11877 60
11878 69
11879 61
11880 58
11881 67
11882 72
11883 62
11884 62
11885 60
11886 64
11887 59
11888 53
11889 54
11890 56
11891 58
11892 71
11893 63
11894 63
11895 58
11896 54
11897 36
11898 48
11899 49
11900 63
11901 61
11902 63
11903 54
11904 51
11905 53
11906 56
11907 61
11908 60
11909 55
11910 56
11911 58
11912 60
11913 62
11914 60
11915 75
11916 73
11917 77
11918 60
11919 61
11920 47
11921 38
11922 35
11923 28
11924 45
11925 53
11926 64
11927 64
11928 64
11929 60
11930 57
11931 61
11932 60
11933 68
11934 61
11935 54
11936 56
11937 58
11938 73
11939 63
11940 61
11941 72
11942 67
11943 64
11944 70
11945 69
11946 59
11947 66
11948 69
11949 72
11950 71
11951 66
11952 53
11953 60
11954 54
11955 50
11956 45
11957 47
11958 52
11959 55
11960 49
11961 49
11962 53
11963 53
11964 60
11965 66
11966 55
11967 56
11968 75
11969 66
11970 54
11971 61
11972 62
11973 51
11974 48
11975 53
11976 54
11977 63
11978 65
11979 63
11980 55
11981 62
11982 68
11983 70
11984 56
11985 58
11986 60
11987 62
11988 64
11989 64
11990 72
11991 63
11992 57
11993 59
11994 50
11995 46
11996 54
11997 64
11998 57
11999 61
12000 60
12001 52
12002 46
12003 56
12004 63
12005 61
12006 66
12007 69
12008 64
12009 60
12010 59
12011 52
12012 66
12013 57
12014 53
12015 55
12016 51
12017 50
12018 39
12019 52
12020 66
12021 60
12022 64
12023 67
12024 70
12025 67
12026 68
12027 62
12028 56
12029 60
12030 53
12031 55
12032 65
12033 66
12034 66
12035 59
12036 61
12037 60
12038 49
12039 47
12040 54
12041 54
12042 57
12043 63
12044 64
12045 58
12046 52
12047 63
12048 56
12049 61
12050 53
12051 64
12052 52
12053 55
12054 59
12055 53
12056 57
12057 61
12058 80
12059 73
12060 63
12061 61
12062 63
12063 69
12064 63
12065 62
12066 56
12067 66
12068 53
12069 50
12070 52
12071 60
12072 53
12073 57
12074 58
12075 55
12076 67
12077 68
12078 70
12079 70
12080 53
12081 64
12082 66
12083 60
12084 61
12085 59
12086 42
12087 34
12088 44
12089 53
12090 54
12091 58
12092 65
12093 63
12094 59
12095 55
12096 60
12097 61
12098 62
12099 58
12100 68
12101 59
12102 49
12103 63
12104 69
12105 57
12106 45
12107 57
12108 48
12109 49
12110 61
12111 64
12112 65
12113 52
12114 53
12115 66
12116 65
12117 62
12118 63
12119 70
12120 54
12121 61
12122 57
12123 68
12124 68
12125 71
12126 63
12127 53
12128 63
12129 65
12130 70
12131 59
12132 57
12133 55
12134 46
12135 56
12136 47
12137 58
12138 69
12139 73
12140 66
12141 55
12142 49
12143 43
12144 42
12145 62
12146 59
12147 50
12148 51
12149 51
12150 61
12151 57
12152 56
12153 55
12154 60
12155 67
12156 67
12157 57
12158 64
12159 63
12160 63
12161 56
12162 57
12163 60
12164 57
12165 56
12166 63
12167 60
12168 52
12169 50
12170 54
12171 69
12172 50
12173 48
12174 51
12175 55
12176 64
12177 55
12178 49
12179 60
12180 63
12181 63
12182 46
12183 49
12184 52
12185 58
12186 48
12187 53
12188 64
12189 65
12190 63
12191 64
12192 61
12193 63
12194 56
12195 65
12196 62
12197 58
12198 66
12199 67
12200 63
12201 60
12202 55
12203 47
12204 50
12205 66
12206 63
12207 57
12208 73
12209 54
12210 56
12211 60
12212 68
12213 63
12214 62
12215 60
12216 65
12217 75
12218 68
12219 58
12220 65
12221 61
12222 57
12223 68
12224 62
12225 69
12226 60
12227 59
12228 65
12229 69
12230 52
12231 54
12232 69
12233 61
12234 55
12235 53
12236 67
12237 60
12238 68
12239 64
12240 60
12241 61
12242 60
12243 51
12244 50
12245 58
12246 70
12247 63
12248 65
12249 51
12250 50
12251 49
12252 52
12253 65
12254 70
12255 70
12256 73
12257 56
12258 51
12259 64
12260 46
12261 47
12262 59
12263 60
12264 60
12265 50
12266 49
12267 56
12268 60
12269 50
12270 49
12271 53
12272 62
12273 62
12274 62
12275 60
12276 62
12277 52
12278 58
12279 68
12280 71
12281 63
12282 66
12283 69
12284 74
12285 67
12286 66
12287 63
12288 52
12289 54
12290 51
12291 70
12292 55
12293 56
12294 43
12295 39
12296 53
12297 56
12298 60
12299 62
12300 53
12301 57
12302 64
12303 65
12304 55
12305 42
12306 44
12307 57
12308 56
12309 65
12310 75
12311 64
12312 56
12313 58
12314 67
12315 72
12316 60
12317 59
12318 60
12319 70
12320 64
12321 57
12322 65
12323 69
12324 52
12325 46
12326 62
12327 60
12328 71
12329 58
12330 58
12331 39
12332 25
12333 35
12334 46
12335 63
12336 66
12337 57
12338 68
12339 63
12340 69
12341 57
12342 70
12343 56
12344 69
12345 55
12346 62
12347 66
12348 68
12349 66
12350 56
12351 52
12352 45
12353 52
12354 61
12355 66
12356 54
12357 59
12358 63
12359 65
12360 62
12361 59
12362 59
12363 73
12364 75
12365 56
12366 54
12367 57
12368 67
12369 67
12370 55
12371 63
12372 64
12373 66
12374 72
12375 61
12376 44
12377 54
12378 68
12379 57
12380 66
12381 65
12382 71
12383 69
12384 67
12385 59
12386 61
12387 60
12388 66
12389 70
12390 53
12391 65
12392 51
12393 65
12394 64
12395 69
12396 67
12397 69
12398 54
12399 59
12400 69
12401 65
12402 62
12403 51
12404 61
12405 60
12406 50
12407 66
12408 60
12409 62
12410 58
12411 48
12412 54
12413 65
12414 62
12415 63
12416 68
12417 66
12418 60
12419 70
12420 56
12421 54
12422 46
12423 54
12424 62
12425 54
12426 62
12427 56
12428 59
12429 56
12430 56
12431 60
12432 59
12433 61
12434 58
12435 59
12436 56
12437 57
12438 55
12439 51
12440 43
12441 45
12442 58
12443 55
12444 57
12445 59
12446 72
12447 62
12448 51
12449 35
12450 47
12451 59
12452 61
12453 66
12454 54
12455 59
12456 60
12457 69
12458 65
12459 59
12460 55
12461 52
12462 53
12463 54
12464 54
12465 72
12466 65
12467 59
12468 57
12469 57
12470 61
12471 68
12472 67
12473 62
12474 61
12475 74
12476 66
12477 60
12478 56
12479 59
12480 68
12481 50
12482 41
12483 44
12484 45
12485 57
12486 62
12487 56
12488 58
12489 56
12490 52
12491 62
12492 69
12493 70
12494 63
12495 66
12496 56
12497 55
12498 39
12499 53
12500 55
12501 61
12502 61
12503 79
12504 67
12505 60
12506 50
12507 64
12508 53
12509 51
12510 62
12511 61
12512 58
12513 54
12514 51
12515 49
12516 51
12517 59
12518 61
12519 60
12520 65
12521 62
12522 64
12523 66
12524 70
12525 61
12526 63
12527 62
12528 56
12529 61
12530 56
12531 60
12532 62
12533 64
12534 56
12535 52
12536 59
12537 64
12538 62
12539 65
12540 54
12541 55
12542 60
12543 50
12544 56
12545 67
12546 68
12547 68
12548 62
12549 54
12550 40
12551 43
12552 49
12553 52
12554 60
12555 65
12556 64
12557 66
12558 57
12559 55
12560 69
12561 55
12562 54
12563 56
12564 63
12565 62
12566 63
12567 71
12568 65
12569 55
12570 59
12571 55
12572 51
12573 58
12574 57
12575 50
12576 59
12577 55
12578 39
12579 45
12580 56
12581 49
12582 62
12583 69
12584 71
12585 64
12586 66
12587 69
12588 77
12589 61
12590 59
12591 56
12592 56
12593 65
12594 65
12595 57
12596 53
12597 50
12598 52
12599 59
12600 54
12601 63
12602 65
12603 63
12604 57
12605 48
12606 53
12607 57
12608 66
12609 61
12610 62
12611 67
12612 63
12613 50
12614 51
12615 51
12616 61
12617 62
12618 58
12619 54
12620 51
12621 47
12622 59
12623 57
12624 59
12625 59
12626 51
12627 60
12628 64
12629 72
12630 57
12631 63
12632 75
12633 64
12634 56
12635 56
12636 62
12637 60
12638 57
12639 73
12640 53
12641 58
12642 63
12643 69
12644 67
12645 61
12646 56
12647 56
12648 55
12649 47
12650 46
12651 55
12652 60
12653 58
12654 61
12655 71
12656 60
12657 54
12658 60
12659 65
12660 59
12661 57
12662 49
12663 57
12664 55
12665 39
12666 46
12667 49
12668 59
12669 61
12670 63
12671 56
12672 71
12673 65
12674 66
12675 60
12676 67
12677 62
12678 70
12679 61
12680 57
12681 64
12682 63
12683 63
12684 63
12685 68
12686 64
12687 68
12688 72
12689 63
12690 67
12691 58
12692 70
12693 61
12694 62
12695 51
12696 55
12697 70
12698 58
12699 57
12700 68
12701 60
12702 58
12703 59
12704 40
12705 43
12706 52
12707 64
12708 75
12709 67
12710 64
12711 61
12712 60
12713 64
12714 59
12715 54
12716 65
12717 72
12718 58
12719 64
12720 64
12721 57
12722 59
12723 68
12724 51
12725 49
12726 55
12727 57
12728 56
12729 62
12730 57
12731 51
12732 55
12733 66
12734 60
12735 62
12736 58
12737 56
12738 64
12739 48
12740 63
12741 64
12742 51
12743 58
12744 64
12745 58
12746 58
12747 64
12748 53
12749 56
12750 61
12751 61
12752 66
12753 63
12754 61
12755 55
12756 58
12757 62
12758 64
12759 61
12760 59
12761 51
12762 67
12763 67
12764 66
12765 66
12766 59
12767 58
12768 68
12769 55
12770 66
12771 59
12772 56
12773 55
12774 48
12775 62
12776 54
12777 56
12778 59
12779 61
12780 61
12781 63
12782 59
12783 56
12784 61
12785 64
12786 66
12787 71
12788 68
12789 49
12790 51
12791 65
12792 70
12793 73
12794 66
12795 72
12796 63
12797 61
12798 63
12799 64
12800 71
12801 66
12802 55
12803 68
12804 67
12805 67
12806 56
12807 56
12808 65
12809 60
12810 63
12811 72
12812 70
12813 58
12814 55
12815 70
12816 61
12817 58
12818 58
12819 61
12820 59
12821 62
12822 57
12823 57
12824 58
12825 66
12826 60
12827 64
12828 55
12829 52
12830 62
12831 62
12832 57
12833 63
12834 63
12835 63
12836 72
12837 74
12838 59
12839 54
12840 61
12841 60
12842 53
12843 53
12844 46
12845 65
12846 74
12847 63
12848 62
12849 58
12850 60
12851 49
12852 63
12853 48
12854 54
12855 59
12856 64
12857 66
12858 65
12859 76
12860 70
12861 61
12862 54
12863 48
12864 59
12865 64
12866 64
12867 46
12868 47
12869 54
12870 54
12871 49
12872 36
12873 27
12874 35
12875 55
12876 56
12877 64
12878 68
12879 65
12880 63
12881 56
12882 61
12883 53
12884 57
12885 63
12886 73
12887 64
12888 71
12889 59
12890 44
12891 62
12892 77
12893 67
12894 61
12895 51
12896 50
12897 40
12898 42
12899 48
12900 55
12901 52
12902 54
12903 57
12904 51
12905 44
12906 46
12907 59
12908 58
12909 55
12910 60
12911 52
12912 61
12913 67
12914 65
12915 60
12916 57
12917 61
12918 66
12919 64
12920 74
12921 77
12922 78
12923 86
12924 70
12925 59
12926 54
12927 56
12928 55
12929 53
12930 55
12931 58
12932 52
12933 54
12934 60
12935 63
12936 66
12937 75
12938 75
12939 71
12940 66
12941 73
12942 69
12943 57
12944 62
12945 66
12946 65
12947 63
12948 71
12949 72
12950 72
12951 55
12952 51
12953 54
12954 53
12955 42
12956 56
12957 62
12958 62
12959 67
12960 66
12961 68
12962 59
12963 48
12964 52
12965 49
12966 47
12967 51
12968 53
12969 58
12970 61
12971 64
12972 65
12973 66
12974 59
12975 68
12976 64
12977 70
12978 51
12979 55
12980 56
12981 54
12982 60
12983 60
12984 56
12985 60
12986 65
12987 72
12988 65
12989 64
12990 60
12991 61
12992 70
12993 64
12994 56
12995 53
12996 61
12997 58
12998 60
12999 69
13000 65
13001 58
13002 48
13003 58
13004 60
13005 69
13006 72
13007 61
13008 61
13009 75
13010 76
13011 60
13012 60
13013 53
13014 60
13015 66
13016 66
13017 59
13018 57
13019 57
13020 46
13021 64
13022 61
13023 71
13024 61
13025 54
13026 65
13027 67
13028 62
13029 65
13030 61
13031 59
13032 58
13033 63
13034 60
13035 63
13036 56
13037 72
13038 55
13039 55
13040 61
13041 58
13042 56
13043 50
13044 52
13045 54
13046 63
13047 64
13048 71
13049 80
13050 66
13051 60
13052 50
13053 57
13054 56
13055 57
13056 71
13057 62
13058 60
13059 64
13060 61
13061 72
13062 67
13063 66
13064 52
13065 63
13066 66
13067 61
13068 50
13069 54
13070 58
13071 50
13072 48
13073 59
13074 65
13075 62
13076 66
13077 68
13078 57
13079 67
13080 63
13081 68
13082 84
13083 77
13084 64
13085 67
13086 60
13087 60
13088 49
13089 57
13090 66
13091 62
13092 59
13093 68
13094 62
13095 63
13096 65
13097 64
13098 55
13099 58
13100 55
13101 55
13102 56
13103 57
13104 52
13105 49
13106 51
13107 47
13108 46
13109 44
13110 61
13111 55
13112 59
13113 60
13114 66
13115 62
13116 56
13117 61
13118 63
13119 61
13120 59
13121 60
13122 57
13123 53
13124 49
13125 47
13126 65
13127 57
13128 65
13129 58
13130 60
13131 61
13132 62
13133 72
13134 68
13135 55
13136 61
13137 65
13138 64
13139 67
13140 70
13141 59
13142 63
13143 66
13144 59
13145 66
13146 60
13147 66
13148 65
13149 55
13150 64
13151 66
13152 60
13153 62
13154 73
13155 77
13156 66
13157 72
13158 62
13159 59
13160 53
13161 56
13162 59
13163 58
13164 64
13165 45
13166 40
13167 41
13168 51
13169 62
13170 61
13171 68
13172 67
13173 62
13174 59
13175 73
13176 60
13177 54
13178 55
13179 61
13180 51
13181 57
13182 61
13183 71
13184 57
13185 65
13186 61
13187 61
13188 52
13189 51
13190 48
13191 48
13192 56
13193 62
13194 64
13195 60
13196 62
13197 60
13198 59
13199 63
13200 64
13201 64
13202 61
13203 78
13204 60
13205 65
13206 53
13207 49
13208 42
13209 32
13210 44
13211 48
13212 56
13213 59
13214 53
13215 55
13216 57
13217 68
13218 59
13219 58
13220 70
13221 74
13222 75
13223 56
13224 58
13225 52
13226 62
13227 62
13228 69
13229 74
13230 64
13231 58
13232 56
13233 54
13234 51
13235 54
13236 61
13237 58
13238 51
13239 52
13240 54
13241 59
13242 70
13243 61
13244 63
13245 59
13246 55
13247 62
13248 60
13249 59
13250 60
13251 54
13252 50
13253 57
13254 56
13255 51
13256 40
13257 36
13258 54
13259 56
13260 63
13261 71
13262 73
13263 73
13264 58
13265 51
13266 57
13267 55
13268 59
13269 49
13270 59
13271 59
13272 51
13273 49
13274 67
13275 51
13276 44
13277 57
13278 71
13279 77
13280 59
13281 68
13282 73
13283 74
13284 69
13285 61
13286 65
13287 58
13288 57
13289 53
13290 59
13291 66
13292 59
13293 69
13294 61
13295 56
13296 54
13297 56
13298 64
13299 55
13300 61
13301 69
13302 64
13303 59
13304 66
13305 67
13306 65
13307 57
13308 58
13309 59
13310 65
13311 64
13312 64
13313 60
13314 57
13315 62
13316 53
13317 45
13318 44
13319 63
13320 64
13321 71
13322 58
13323 66
13324 62
13325 64
13326 65
13327 63
13328 52
13329 46
13330 37
13331 36
13332 50
13333 61
13334 55
13335 53
13336 62
13337 61
13338 51
13339 56
13340 61
13341 58
13342 51
13343 66
13344 64
13345 65
13346 67
13347 64
13348 58
13349 43
13350 32
13351 40
13352 43
13353 45
13354 54
13355 67
13356 71
13357 69
13358 63
13359 65
13360 64
13361 65
13362 65
13363 61
13364 56
13365 66
13366 62
13367 57
13368 56
13369 51
13370 53
13371 48
13372 64
13373 50
13374 58
13375 48
13376 28
13377 15
13378 31
13379 46
13380 51
13381 53
13382 61
13383 49
13384 55
13385 67
13386 70
13387 73
13388 66
13389 61
13390 73
13391 60
13392 64
13393 53
13394 44
13395 55
13396 43
13397 61
13398 64
13399 59
13400 54
13401 58
13402 57
13403 67
13404 59
13405 58
13406 63
13407 63
13408 70
13409 60
13410 58
13411 62
13412 67
13413 62
13414 66
13415 59
13416 53
13417 55
13418 64
13419 74
13420 72
13421 61
13422 51
13423 57
13424 64
13425 77
13426 70
13427 58
13428 61
13429 60
13430 58
13431 44
13432 34
13433 54
13434 63
13435 67
13436 61
13437 46
13438 58
13439 65
13440 61
13441 57
13442 67
13443 54
13444 62
13445 63
13446 52
13447 37
13448 48
13449 53
13450 57
13451 54
13452 48
13453 60
13454 54
13455 57
13456 64
13457 60
13458 62
13459 64
13460 66
13461 59
13462 70
13463 57
13464 64
13465 63
13466 66
13467 74
13468 63
13469 63
13470 55
13471 63
13472 62
13473 61
13474 60
13475 57
13476 60
13477 53
13478 48
13479 51
13480 56
13481 66
13482 71
13483 61
13484 74
13485 59
13486 60
13487 61
13488 55
13489 58
13490 62
13491 76
13492 66
13493 65
13494 56
13495 65
13496 61
13497 65
13498 54
13499 44
13500 61
13501 58
13502 59
13503 53
13504 57
13505 59
13506 56
13507 51
13508 59
13509 51
13510 47
13511 46
13512 52
13513 54
13514 74
13515 59
13516 57
13517 60
13518 65
13519 59
13520 60
13521 56
13522 62
13523 63
13524 61
13525 60
13526 63
13527 64
13528 64
13529 52
13530 60
13531 60
13532 59
13533 69
13534 52
13535 70
13536 71
13537 67
13538 68
13539 55
13540 56
13541 67
13542 73
13543 63
13544 67
13545 61
13546 62
13547 53
13548 59
13549 68
13550 60
13551 58
13552 67
13553 64
13554 52
13555 51
13556 49
13557 53
13558 54
13559 48
13560 53
13561 66
13562 59
13563 64
13564 51
13565 57
13566 63
13567 66
13568 67
13569 75
13570 63
13571 77
13572 61
13573 55
13574 54
13575 65
13576 58
13577 45
13578 55
13579 57
13580 63
13581 64
13582 68
13583 59
13584 63
13585 55
13586 56
13587 56
13588 50
13589 37
13590 45
13591 52
13592 58
13593 61
13594 54
13595 49
13596 44
13597 35
13598 28
13599 35
13600 46
13601 56
13602 61
13603 70
13604 58
13605 64
13606 72
13607 61
13608 61
13609 63
13610 68
13611 73
13612 68
13613 54
13614 48
13615 62
13616 60
13617 57
13618 70
13619 62
13620 67
13621 59
13622 56
13623 55
13624 57
13625 65
13626 59
13627 62
13628 64
13629 63
13630 68
13631 62
13632 52
13633 56
13634 56
13635 55
13636 57
13637 60
13638 67
13639 62
13640 59
13641 60
13642 59
13643 54
13644 50
13645 52
13646 63
13647 60
13648 48
13649 43
13650 50
13651 60
13652 63
13653 66
13654 62
13655 76
13656 72
13657 67
13658 53
13659 51
13660 62
13661 66
13662 68
13663 54
13664 53
13665 63
13666 60
13667 52
13668 59
13669 68
13670 61
13671 54
13672 48
13673 49
13674 62
13675 66
13676 64
13677 60
13678 55
13679 64
13680 54
13681 53
13682 52
13683 60
13684 66
13685 57
13686 61
13687 65
13688 51
13689 55
13690 67
13691 68
13692 68
13693 54
13694 53
13695 55
13696 56
13697 61
13698 60
13699 63
13700 54
13701 54
13702 58
13703 57
13704 66
13705 55
13706 61
13707 60
13708 58
13709 63
13710 55
13711 67
13712 64
13713 64
13714 45
13715 50
13716 61
13717 54
13718 52
13719 56
13720 56
13721 58
13722 58
13723 68
13724 76
13725 57
13726 58
13727 60
13728 63
13729 61
13730 45
13731 45
13732 54
13733 55
13734 61
13735 63
13736 61
13737 64
13738 50
13739 45
13740 61
13741 56
13742 59
13743 53
13744 65
13745 62
13746 59
13747 65
13748 69
13749 59
13750 47
13751 63
13752 68
13753 67
13754 59
13755 60
13756 48
13757 53
13758 67
13759 65
13760 65
13761 64
13762 68
13763 72
13764 65
13765 62
13766 65
13767 61
13768 58
13769 61
13770 76
13771 72
13772 64
13773 60
13774 56
13775 54
13776 53
13777 64
13778 60
13779 77
13780 68
13781 64
13782 70
13783 66
13784 69
13785 62
13786 46
13787 35
13788 49
13789 40
13790 54
13791 50
13792 61
13793 59
13794 62
13795 66
13796 59
13797 61
13798 56
13799 57
13800 51
13801 50
13802 61
13803 67
13804 60
13805 46
13806 64
13807 57
13808 62
13809 65
13810 61
13811 58
13812 50
13813 66
13814 52
13815 55
13816 61
13817 66
13818 64
13819 75
13820 61
13821 62
13822 55
13823 66
13824 66
13825 46
13826 44
13827 43
13828 61
13829 68
13830 65
13831 61
13832 68
13833 65
13834 57
13835 58
13836 55
13837 57
13838 57
13839 55
13840 51
13841 57
13842 69
13843 73
13844 61
13845 60
13846 65
13847 70
13848 63
13849 60
13850 65
13851 56
13852 54
13853 50
13854 52
13855 53
13856 59
13857 62
13858 54
13859 59
13860 64
13861 69
13862 59
13863 56
13864 54
13865 73
13866 71
13867 57
13868 58
13869 61
13870 61
13871 74
13872 65
13873 63
13874 58
13875 60
13876 57
13877 50
13878 63
13879 55
13880 61
13881 58
13882 59
13883 71
13884 59
13885 53
13886 63
13887 63
13888 56
13889 46
13890 48
13891 53
13892 57
13893 61
13894 63
13895 58
13896 64
13897 68
13898 65
13899 57
13900 58
13901 66
13902 62
13903 60
13904 62
13905 55
13906 64
13907 53
13908 52
13909 51
13910 58
13911 45
13912 50
13913 53
13914 59
13915 62
13916 59
13917 58
13918 57
13919 62
13920 57
13921 56
13922 72
13923 56
13924 59
13925 65
13926 63
13927 58
13928 57
13929 56
13930 58
13931 57
13932 45
13933 63
13934 64
13935 63
13936 58
13937 63
13938 63
13939 60
13940 62
13941 61
13942 60
13943 57
13944 60
13945 58
13946 56
13947 56
13948 54
13949 61
13950 66
13951 66
13952 69
13953 63
13954 63
13955 51
13956 57
13957 54
13958 55
13959 58
13960 65
13961 66
13962 57
13963 58
13964 51
13965 50
13966 47
13967 45
13968 59
13969 60
13970 58
13971 63
13972 59
13973 46
13974 53
13975 61
13976 66
13977 63
13978 59
13979 59
13980 66
13981 50
13982 47
13983 53
13984 72
13985 64
13986 69
13987 80
13988 72
13989 78
13990 76
13991 63
13992 58
13993 75
13994 68
13995 56
13996 64
13997 60
13998 60
13999 65
14000 59
14001 54
14002 56
14003 55
14004 54
14005 49
14006 61
14007 61
14008 55
14009 57
14010 65
14011 63
14012 70
14013 70
14014 71
14015 70
14016 60
14017 70
14018 67
14019 67
14020 65
14021 55
14022 51
14023 33
14024 32
14025 39
14026 56
14027 66
14028 52
14029 47
14030 58
14031 64
14032 66
14033 56
14034 51
14035 58
14036 64
14037 75
14038 62
14039 50
14040 57
14041 61
14042 71
14043 60
14044 61
14045 70
14046 66
14047 63
14048 53
14049 55
14050 57
14051 65
14052 55
14053 54
14054 57
14055 60
14056 65
14057 62
14058 64
14059 60
14060 57
14061 61
14062 65
14063 63
14064 65
14065 59
14066 55
14067 57
14068 59
14069 51
14070 52
14071 54
14072 51
14073 59
14074 57
14075 46
14076 55
14077 61
14078 55
14079 63
14080 62
14081 59
14082 58
14083 56
14084 49
14085 58
14086 72
14087 68
14088 61
14089 64
14090 64
14091 46
14092 53
14093 45
14094 48
14095 58
14096 63
14097 70
14098 55
14099 62
14100 61
14101 64
14102 57
14103 63
14104 52
14105 60
14106 60
14107 59
14108 68
14109 66
14110 57
14111 56
14112 63
14113 65
14114 63
14115 45
14116 49
14117 56
14118 63
14119 62
14120 63
14121 68
14122 56
14123 51
14124 58
14125 56
14126 62
14127 62
14128 59
14129 60
14130 64
14131 68
14132 62
14133 55
14134 69
14135 74
14136 66
14137 62
14138 66
14139 57
14140 60
14141 58
14142 61
14143 62
14144 66
14145 65
14146 69
14147 62
14148 57
14149 68
14150 69
14151 60
14152 45
14153 50
14154 66
14155 63
14156 60
14157 66
14158 53
14159 56
14160 60
14161 64
14162 64
14163 47
14164 50
14165 56
14166 58
14167 55
14168 61
14169 53
14170 63
14171 55
14172 53
14173 58
14174 62
14175 75
14176 68
14177 59
14178 58
14179 54
14180 38
14181 53
14182 51
14183 49
14184 61
14185 66
14186 58
14187 56
14188 65
14189 62
14190 59
14191 67
14192 56
14193 57
14194 58
14195 61
14196 57
14197 61
14198 73
14199 62
14200 62
14201 65
14202 61
14203 65
14204 72
14205 63
14206 59
14207 60
14208 73
14209 70
14210 67
14211 57
14212 47
14213 54
14214 58
14215 59
14216 57
14217 62
14218 58
14219 52
14220 43
14221 57
14222 54
14223 53
14224 36
14225 39
14226 54
14227 48
14228 63
14229 65
14230 60
14231 65
14232 62
14233 60
14234 72
14235 69
14236 65
14237 57
14238 66
14239 61
14240 64
14241 58
14242 66
14243 60
14244 55
14245 54
14246 60
14247 62
14248 75
14249 63
14250 70
14251 57
14252 66
14253 60
14254 52
14255 66
14256 59
14257 51
14258 37
14259 35
14260 42
14261 47
14262 65
14263 67
14264 69
14265 50
14266 55
14267 60
14268 66
14269 60
14270 57
14271 45
14272 48
14273 54
14274 59
14275 62
14276 58
14277 70
14278 63
14279 73
14280 72
14281 54
14282 62
14283 61
14284 52
14285 51
14286 48
14287 44
14288 54
14289 59
14290 64
14291 52
14292 54
14293 52
14294 53
14295 62
14296 61
14297 58
14298 70
14299 76
14300 71
14301 62
14302 51
14303 57
14304 58
14305 70
14306 57
14307 50
14308 70
14309 61
14310 81
14311 69
14312 67
14313 63
14314 57
14315 60
14316 67
14317 58
14318 47
14319 39
14320 46
14321 55
14322 64
14323 67
14324 61
14325 62
14326 64
14327 63
14328 72
14329 69
14330 55
14331 68
14332 60
14333 46
14334 61
14335 58
14336 62
14337 65
14338 65
14339 63
14340 63
14341 68
14342 64
14343 57
14344 65
14345 74
14346 64
14347 48
14348 52
14349 54
14350 62
14351 72
14352 53
14353 59
14354 63
14355 60
14356 58
14357 62
14358 59
14359 56
14360 68
14361 63
14362 59
14363 58
14364 62
14365 56
14366 60
14367 61
14368 48
14369 43
14370 56
14371 64
14372 58
14373 54
14374 60
14375 62
14376 59
14377 65
14378 62
14379 69
14380 65
14381 52
14382 53
14383 61
14384 64
14385 69
14386 67
14387 60
14388 57
14389 69
14390 53
14391 50
14392 66
14393 55
14394 57
14395 59
14396 65
14397 66
14398 62
14399 69
14400 62
14401 59
14402 51
14403 63
14404 72
14405 65
14406 52
14407 57
14408 47
14409 46
14410 50
14411 61
14412 58
14413 54
14414 61
14415 59
14416 70
14417 61
14418 65
14419 56
14420 69
14421 70
14422 50
14423 62
14424 59
14425 67
14426 62
14427 70
14428 57
14429 64
14430 70
14431 64
14432 67
14433 56
14434 76
14435 72
14436 61
14437 60
14438 64
14439 67
14440 66
14441 58
14442 56
14443 63
14444 57
14445 53
14446 56
14447 51
14448 58
14449 56
14450 63
14451 71
14452 65
14453 66
14454 63
14455 54
14456 55
14457 65
14458 62
14459 57
14460 54
14461 67
14462 67
14463 72
14464 62
14465 58
14466 51
14467 57
14468 72
14469 60
14470 57
14471 58
14472 66
14473 69
14474 53
14475 58
14476 66
14477 73
14478 59
14479 60
14480 54
14481 60
14482 55
14483 62
14484 52
14485 65
14486 56
14487 62
14488 79
14489 61
14490 58
14491 49
14492 51
14493 56
14494 66
14495 65
14496 68
14497 63
14498 65
14499 69
14500 55
14501 57
14502 58
14503 60
14504 64
14505 54
14506 37
14507 36
14508 56
14509 58
14510 55
14511 60
14512 56
14513 52
14514 53
14515 62
14516 65
14517 61
14518 71
14519 65
14520 59
14521 64
14522 54
14523 52
14524 60
14525 73
14526 66
14527 66
14528 66
14529 53
14530 69
14531 71
14532 58
14533 62
14534 74
14535 67
14536 66
14537 66
14538 70
14539 58
14540 42
14541 54
14542 61
14543 67
14544 61
14545 65
14546 61
14547 62
14548 55
14549 53
14550 54
14551 61
14552 60
14553 55
14554 69
14555 59
14556 52
14557 60
14558 61
14559 65
14560 69
14561 63
14562 60
14563 56
14564 61
14565 54
14566 58
14567 61
14568 47
14569 46
14570 65
14571 63
14572 53
14573 56
14574 53
14575 54
14576 60
14577 61
14578 54
14579 52
14580 60
14581 57
14582 58
14583 54
14584 60
14585 64
14586 63
14587 64
14588 58
14589 63
14590 65
14591 65
14592 60
14593 49
14594 59
14595 51
14596 59
14597 57
14598 55
14599 63
14600 63
14601 57
14602 56
14603 59
14604 54
14605 63
14606 69
14607 56
14608 54
14609 53
14610 64
14611 59
14612 68
14613 64
14614 57
14615 57
14616 53
14617 57
14618 63
14619 52
14620 56
14621 68
14622 62
14623 59
14624 53
14625 62
14626 55
14627 67
14628 66
14629 65
14630 62
14631 57
14632 59
14633 50
14634 49
14635 61
14636 59
14637 41
14638 53
14639 41
14640 45
14641 54
14642 55
14643 42
14644 47
14645 55
14646 60
14647 66
14648 53
14649 55
14650 57
14651 58
14652 52
14653 67
14654 67
14655 64
14656 60
14657 56
14658 62
14659 70
14660 63
14661 80
14662 66
14663 60
14664 75
14665 72
14666 68
14667 60
14668 55
14669 62
14670 60
14671 59
14672 55
14673 52
14674 62
14675 62
14676 59
14677 57
14678 51
14679 59
14680 56
14681 50
14682 68
14683 65
14684 58
14685 67
14686 58
14687 61
14688 60
14689 64
14690 58
14691 62
14692 57
14693 61
14694 67
14695 57
14696 65
14697 60
14698 63
14699 63
14700 62
14701 68
14702 60
14703 77
14704 64
14705 69
14706 65
14707 71
14708 63
14709 62
14710 55
14711 52
14712 45
14713 58
14714 66
14715 63
14716 61
14717 57
14718 53
14719 57
14720 51
14721 62
14722 69
14723 68
14724 63
14725 56
14726 58
14727 56
14728 55
14729 68
14730 55
14731 68
14732 69
14733 57
14734 60
14735 54
14736 54
14737 58
14738 65
14739 79
14740 61
14741 67
14742 71
14743 80
14744 64
14745 56
14746 56
14747 53
14748 57
14749 45
14750 47
14751 58
14752 66
14753 65
14754 63
14755 66
14756 51
14757 58
14758 57
14759 53
14760 44
14761 39
14762 53
14763 58
14764 71
14765 69
14766 76
14767 72
14768 81
14769 65
14770 58
14771 57
14772 52
14773 59
14774 67
14775 58
14776 61
14777 73
14778 64
14779 54
14780 69
14781 68
14782 71
14783 56
14784 52
14785 53
14786 68
14787 66
14788 60
14789 61
14790 63
14791 61
14792 63
14793 67
14794 63
14795 63
14796 68
14797 65
14798 61
14799 60
14800 65
14801 78
14802 67
14803 65
14804 65
14805 67
14806 59
14807 63
14808 62
14809 58
14810 60
14811 61
14812 65
14813 53
14814 62
14815 64
14816 62
14817 67
14818 63
14819 61
14820 60
14821 71
14822 76
14823 76
14824 59
14825 56
14826 50
14827 60
14828 53
14829 53
14830 57
14831 55
14832 52
14833 60
14834 57
14835 58
14836 67
14837 59
14838 54
14839 50
14840 53
14841 59
14842 65
14843 69
14844 72
14845 62
14846 64
14847 62
14848 69
14849 57
14850 53
14851 64
14852 54
14853 62
14854 60
14855 54
14856 65
14857 61
14858 60
14859 56
14860 60
14861 60
14862 43
14863 40
14864 49
14865 44
14866 31
14867 42
14868 50
14869 58
14870 67
14871 63
14872 62
14873 66
14874 69
14875 64
14876 59
14877 56
14878 46
14879 45
14880 49
14881 61
14882 59
14883 69
14884 66
14885 61
14886 66
14887 70
14888 69
14889 64
14890 60
14891 61
14892 65
14893 62
14894 51
14895 63
14896 66
14897 47
14898 54
14899 56
14900 52
14901 55
14902 70
14903 59
14904 53
14905 53
14906 52
14907 64
14908 63
14909 58
14910 72
14911 74
14912 66
14913 56
14914 57
14915 75
14916 67
14917 70
14918 64
14919 55
14920 56
14921 53
14922 57
14923 55
14924 45
14925 44
14926 48
14927 50
14928 58
14929 56
14930 76
14931 71
14932 54
14933 59
14934 51
14935 57
14936 45
14937 49
14938 50
14939 58
14940 61
14941 50
14942 49
14943 45
14944 60
14945 71
14946 68
14947 59
14948 68
14949 69
14950 59
14951 61
14952 56
14953 57
14954 62
14955 60
14956 58
14957 61
14958 63
14959 61
14960 59
14961 64
14962 62
14963 70
14964 63
14965 62
14966 58
14967 63
14968 64
14969 60
14970 64
14971 67
14972 67
14973 65
14974 67
14975 65
14976 67
14977 75
14978 56
14979 55
14980 63
14981 54
14982 52
14983 57
14984 54
14985 59
14986 58
14987 54
14988 59
14989 59
14990 67
14991 74
14992 67
14993 64
14994 51
14995 49
14996 63
14997 59
14998 55
14999 54
15000 65
15001 66
15002 51
15003 44
15004 35
15005 37
15006 46
15007 59
15008 64
15009 70
15010 67
15011 65
15012 53
15013 66
15014 57
15015 59
15016 63
15017 61
15018 50
15019 54
15020 56
15021 59
15022 67
15023 57
15024 57
15025 61
15026 57
15027 54
15028 63
15029 66
15030 78
15031 70
15032 65
15033 72
15034 71
15035 63
15036 72
15037 67
15038 58
15039 51
15040 54
15041 34
15042 41
15043 58
15044 59
15045 68
15046 64
15047 63
15048 61
15049 57
15050 63
15051 61
15052 59
15053 56
15054 67
15055 65
15056 67
15057 63
15058 57
15059 63
15060 63
15061 58
15062 57
15063 56
15064 73
15065 61
15066 72
15067 61
15068 47
15069 57
15070 41
15071 37
15072 45
15073 60
15074 79
15075 84
15076 64
15077 64
15078 64
15079 67
15080 60
15081 76
15082 67
15083 64
15084 59
15085 53
15086 60
15087 59
15088 53
15089 61
15090 59
15091 56
15092 60
15093 46
15094 51
15095 62
15096 69
15097 56
15098 53
15099 59
15100 53
15101 45
15102 52
15103 63
15104 61
15105 56
15106 53
15107 68
15108 62
15109 53
15110 50
15111 64
15112 69
15113 73
15114 63
15115 70
15116 74
15117 57
15118 47
15119 49
15120 58
15121 59
15122 63
15123 54
15124 52
15125 55
15126 54
15127 64
15128 61
15129 57
15130 64
15131 67
15132 66
15133 69
15134 72
15135 63
15136 50
15137 62
15138 52
15139 63
15140 64
15141 61
15142 51
15143 47
15144 39
15145 51
15146 61
15147 66
15148 65
15149 58
15150 41
15151 49
15152 50
15153 54
15154 65
15155 67
15156 60
15157 57
15158 51
15159 52
15160 59
15161 71
15162 62
15163 60
15164 64
15165 62
15166 81
15167 66
15168 66
15169 57
15170 52
15171 51
15172 49
15173 62
15174 66
15175 62
15176 56
15177 60
15178 61
15179 47
15180 49
15181 68
15182 65
15183 72
15184 64
15185 70
15186 66
15187 66
15188 62
15189 60
15190 67
15191 68
15192 66
15193 66
15194 64
15195 73
15196 65
15197 69
15198 54
15199 61
15200 73
15201 61
15202 60
15203 62
15204 64
15205 65
15206 68
15207 62
15208 67
15209 71
15210 66
15211 64
15212 71
15213 63
15214 59
15215 59
15216 66
15217 64
15218 58
15219 50
15220 54
15221 58
15222 62
15223 72
15224 72
15225 61
15226 58
15227 58
15228 62
15229 67
15230 70
15231 63
15232 58
15233 55
15234 56
15235 60
15236 63
15237 58
15238 66
15239 67
15240 72
15241 57
15242 62
15243 63
15244 58
15245 44
15246 52
15247 51
15248 53
15249 72
15250 73
15251 68
15252 68
15253 75
15254 61
15255 67
15256 59
15257 66
15258 52
15259 59
15260 60
15261 63
15262 56
15263 55
15264 61
15265 62
15266 57
15267 66
15268 72
15269 65
15270 59
15271 59
15272 52
15273 50
15274 55
15275 58
15276 63
15277 73
15278 60
15279 62
15280 61
15281 64
15282 56
15283 69
15284 65
15285 64
15286 70
15287 63
15288 59
15289 65
15290 74
15291 57
15292 55
15293 57
15294 63
15295 64
15296 72
15297 56
15298 53
15299 55
15300 59
15301 59
15302 76
15303 65
15304 52
15305 54
15306 72
15307 63
15308 65
15309 70
15310 69
15311 67
15312 58
15313 49
15314 54
15315 49
15316 53
15317 63
15318 57
15319 45
15320 50
15321 63
15322 64
15323 53
15324 50
15325 48
15326 45
15327 43
15328 57
15329 60
15330 62
15331 68
15332 63
15333 63
15334 56
15335 60
15336 60
15337 59
15338 55
15339 52
15340 67
15341 63
15342 64
15343 63
15344 56
15345 55
15346 36
15347 49
15348 55
15349 62
15350 52
15351 58
15352 54
15353 56
15354 57
15355 63
15356 60
15357 48
15358 55
15359 51
15360 50
15361 51
15362 59
15363 63
15364 45
15365 42
15366 48
15367 54
15368 60
15369 59
15370 59
15371 53
15372 57
15373 52
15374 48
15375 39
15376 47
15377 63
15378 64
15379 60
15380 58
15381 60
15382 44
15383 58
15384 60
15385 68
15386 62
15387 57
15388 64
15389 61
15390 66
15391 62
15392 64
15393 64
15394 45
15395 58
15396 64
15397 55
15398 59
15399 58
15400 76
15401 82
15402 70
15403 61
15404 58
15405 61
15406 62
15407 51
15408 65
15409 64
15410 62
15411 66
15412 62
15413 55
15414 60
15415 69
15416 60
15417 72
15418 78
15419 59
15420 64
15421 47
15422 47
15423 54
15424 59
15425 69
15426 55
15427 62
15428 45
15429 61
15430 66
15431 52
15432 62
15433 72
15434 73
15435 65
15436 76
15437 69
15438 66
15439 66
15440 64
15441 60
15442 66
15443 63
15444 61
15445 59
15446 58
15447 65
15448 58
15449 60
15450 56
15451 57
15452 70
15453 78
15454 68
15455 62
15456 55
15457 41
15458 51
15459 56
15460 63
15461 52
15462 51
15463 55
15464 39
15465 50
15466 57
15467 59
15468 62
15469 59
15470 53
15471 50
15472 60
15473 67
15474 48
15475 34
15476 53
15477 59
15478 63
15479 76
15480 62
15481 61
15482 64
15483 59
15484 58
15485 61
15486 52
15487 56
15488 59
15489 63
15490 53
15491 59
15492 59
15493 56
15494 61
15495 60
15496 50
15497 43
15498 46
15499 57
15500 59
15501 68
15502 53
15503 47
15504 58
15505 57
15506 54
15507 52
15508 62
15509 60
15510 56
15511 66
15512 61
15513 58
15514 69
15515 57
15516 58
15517 61
15518 57
15519 53
15520 54
15521 48
15522 57
15523 60
15524 50
15525 55
15526 67
15527 70
15528 65
15529 56
15530 54
15531 49
15532 62
15533 69
15534 72
15535 55
15536 63
15537 57
15538 66
15539 62
15540 57
15541 66
15542 62
15543 68
15544 63
15545 55
15546 52
15547 53
15548 54
15549 48
15550 58
15551 60
15552 53
15553 65
15554 62
15555 54
15556 58
15557 55
15558 64
15559 63
15560 59
15561 62
15562 64
15563 58
15564 57
15565 47
15566 50
15567 58
15568 59
15569 63
15570 65
15571 63
15572 65
15573 61
15574 55
15575 62
15576 66
15577 78
15578 63
15579 46
15580 57
15581 65
15582 62
15583 64
15584 61
15585 63
15586 62
15587 65
15588 60
15589 59
15590 61
15591 67
15592 71
15593 63
15594 64
15595 72
15596 59
15597 51
15598 36
15599 51
15600 68
15601 70
15602 62
15603 43
15604 51
15605 35
15606 42
15607 50
15608 54
15609 55
15610 58
15611 64
15612 75
15613 60
15614 58
15615 77
15616 65
15617 70
15618 67
15619 62
15620 63
15621 61
15622 69
15623 83
15624 67
15625 58
15626 57
15627 64
15628 58
15629 45
15630 47
15631 53
15632 56
15633 51
15634 57
15635 60
15636 45
15637 54
15638 58
15639 63
15640 63
15641 61
15642 59
15643 62
15644 70
15645 61
15646 62
15647 56
15648 64
15649 59
15650 50
15651 65
15652 67
15653 58
15654 45
15655 63
15656 62
15657 62
15658 58
15659 53
15660 49
15661 60
15662 66
15663 66
15664 55
15665 56
15666 64
15667 57
15668 56
15669 59
15670 77
15671 61
15672 63
15673 59
15674 67
15675 63
15676 63
15677 66
15678 63
15679 61
15680 67
15681 61
15682 65
15683 69
15684 66
15685 58
15686 65
15687 66
15688 57
15689 55
15690 57
15691 54
15692 59
15693 65
15694 69
15695 63
15696 60
15697 64
15698 61
15699 59
15700 52
15701 62
15702 63
15703 64
15704 67
15705 62
15706 51
15707 54
15708 50
15709 52
15710 55
15711 58
15712 61
15713 59
15714 53
15715 46
15716 51
15717 67
15718 64
15719 62
15720 68
15721 58
15722 57
15723 52
15724 43
15725 57
15726 62
15727 67
15728 62
15729 59
15730 62
15731 60
15732 65
15733 62
15734 56
15735 59
15736 65
15737 52
15738 58
15739 57
15740 46
15741 66
15742 62
15743 57
15744 63
15745 63
15746 58
15747 51
15748 50
15749 55
15750 56
15751 55
15752 49
15753 64
15754 59
15755 61
15756 63
15757 63
15758 65
15759 68
15760 62
15761 61
15762 51
15763 62
15764 68
15765 65
15766 66
15767 57
15768 59
15769 56
15770 61
15771 65
15772 72
15773 58
15774 57
15775 49
15776 47
15777 45
15778 44
15779 51
15780 61
15781 59
15782 60
15783 63
15784 64
15785 73
15786 60
15787 46
15788 52
15789 54
15790 46
15791 62
15792 56
15793 61
15794 50
15795 59
15796 58
15797 50
15798 61
15799 59
15800 69
15801 54
15802 45
15803 59
15804 66
15805 58
15806 56
15807 53
15808 70
15809 65
15810 64
15811 53
15812 64
15813 61
15814 47
15815 32
15816 27
15817 45
15818 50
15819 52
15820 51
15821 37
15822 42
15823 53
15824 62
15825 49
15826 47
15827 53
15828 59
15829 69
15830 58
15831 60
15832 52
15833 37
15834 48
15835 56
15836 62
15837 61
15838 67
15839 59
15840 66
15841 69
15842 68
15843 61
15844 67
15845 60
15846 71
15847 67
15848 65
15849 59
15850 60
15851 64
15852 64
15853 63
15854 55
15855 57
15856 45
15857 48
15858 62
15859 58
15860 73
15861 63
15862 60
15863 70
15864 56
15865 54
15866 53
15867 63
15868 66
15869 57
15870 70
15871 71
15872 62
15873 57
15874 56
15875 70
15876 61
15877 65
15878 52
15879 40
15880 44
15881 54
15882 58
15883 62
15884 52
15885 51
15886 49
15887 53
15888 64
15889 75
15890 69
15891 65
15892 69
15893 75
15894 65
15895 61
15896 61
15897 52
15898 59
15899 61
15900 58
15901 56
15902 54
15903 60
15904 69
15905 74
15906 73
15907 61
15908 59
15909 50
15910 44
15911 53
15912 64
15913 69
15914 67
15915 69
15916 53
15917 61
15918 61
15919 54
15920 48
15921 42
15922 46
15923 58
15924 64
15925 63
15926 60
15927 47
15928 51
15929 47
15930 41
15931 42
15932 49
15933 50
15934 51
15935 58
15936 59
15937 55
15938 67
15939 57
15940 68
15941 62
15942 61
15943 60
15944 59
15945 50
15946 67
15947 67
15948 70
15949 63
15950 67
15951 62
15952 52
15953 48
15954 64
15955 67
15956 69
15957 61
15958 66
15959 60
15960 45
15961 44
15962 52
15963 58
15964 66
15965 66
15966 52
15967 56
15968 63
15969 55
15970 51
15971 45
15972 50
15973 44
15974 46
15975 54
15976 62
15977 69
15978 66
15979 59
15980 69
15981 59
15982 56
15983 67
15984 53
15985 49
15986 63
15987 63
15988 53
15989 54
15990 64
15991 62
15992 64
15993 47
15994 51
15995 65
15996 57
15997 62
15998 69
15999 64
16000 74
16001 66
16002 60
16003 67
16004 52
16005 67
16006 68
16007 52
16008 51
16009 60
16010 67
16011 58
16012 53
16013 51
16014 46
16015 41
16016 54
16017 51
16018 50
16019 52
16020 60
16021 65
16022 59
16023 61
16024 63
16025 65
16026 64
16027 59
16028 61
16029 64
16030 60
16031 57
16032 57
16033 70
16034 64
16035 65
16036 58
16037 50
16038 64
16039 55
16040 54
16041 56
16042 60
16043 54
16044 47
16045 48
16046 45
16047 52
16048 65
16049 69
16050 59
16051 62
16052 50
16053 57
16054 62
16055 68
16056 64
16057 62
16058 72
16059 65
16060 53
16061 60
16062 60
16063 60
16064 63
16065 52
16066 58
16067 47
16068 59
16069 57
16070 53
16071 48
16072 60
16073 65
16074 59
16075 53
16076 50
16077 52
16078 61
16079 49
16080 50
16081 41
16082 42
16083 57
16084 67
16085 64
16086 57
16087 64
16088 67
16089 68
16090 62
16091 51
16092 36
16093 45
16094 57
16095 58
16096 53
16097 55
16098 56
16099 60
16100 63
16101 70
16102 62
16103 60
16104 55
16105 46
16106 42
16107 49
16108 55
16109 55
16110 59
16111 51
16112 48
16113 33
16114 40
16115 44
16116 59
16117 65
16118 70
16119 74
16120 65
16121 52
16122 53
16123 50
16124 47
16125 46
16126 59
16127 62
16128 64
16129 49
16130 54
16131 53
16132 54
16133 56
16134 64
16135 75
16136 58
16137 63
16138 68
16139 65
16140 56
16141 59
16142 73
16143 70
16144 65
16145 60
16146 51
16147 49
16148 48
16149 46
16150 61
16151 49
16152 47
16153 48
16154 56
16155 71
16156 59
16157 54
16158 60
16159 58
16160 56
16161 64
16162 65
16163 68
16164 66
16165 51
16166 53
16167 50
16168 47
16169 50
16170 53
16171 58
16172 60
16173 67
16174 70
16175 64
16176 52
16177 60
16178 61
16179 64
16180 65
16181 71
16182 52
16183 47
16184 54
16185 65
16186 62
16187 77
16188 68
16189 66
16190 65
16191 61
16192 67
16193 80
16194 64
16195 62
16196 49
16197 54
16198 59
16199 58
16200 52
16201 55
16202 62
16203 65
16204 65
16205 64
16206 65
16207 54
16208 51
16209 59
16210 69
16211 62
16212 52
16213 47
16214 64
16215 63
16216 72
16217 58
16218 55
16219 58
16220 58
16221 56
16222 56
16223 51
16224 50
16225 48
16226 49
16227 52
16228 57
16229 58
16230 54
16231 56
16232 64
16233 76
16234 62
16235 60
16236 58
16237 56
16238 69
16239 64
16240 63
16241 51
16242 59
16243 63
16244 56
16245 43
16246 39
16247 55
16248 59
16249 59
16250 57
16251 45
16252 50
16253 69
16254 66
16255 62
16256 44
16257 54
16258 58
16259 75
16260 71
16261 65
16262 66
16263 62
16264 67
16265 55
16266 60
16267 52
16268 64
16269 54
16270 59
16271 63
16272 54
16273 69
16274 63
16275 62
16276 63
16277 64
16278 66
16279 51
16280 62
16281 55
16282 57
16283 61
16284 68
16285 67
16286 66
16287 58
16288 55
16289 61
16290 70
16291 65
16292 62
16293 54
16294 58
16295 62
16296 61
16297 69
16298 63
16299 66
16300 64
16301 61
16302 62
16303 59
16304 53
16305 56
16306 59
16307 43
16308 40
16309 52
16310 58
16311 51
16312 59
16313 54
16314 50
16315 49
16316 54
16317 66
16318 54
16319 53
16320 54
16321 67
16322 56
16323 50
16324 48
16325 53
16326 54
16327 67
16328 57
16329 54
16330 35
16331 51
16332 54
16333 63
16334 62
16335 44
16336 50
16337 64
16338 70
16339 57
16340 53
16341 45
16342 44
16343 43
16344 51
16345 49
16346 60
16347 55
16348 62
16349 56
16350 52
16351 64
16352 58
16353 49
16354 56
16355 49
16356 44
16357 58
16358 59
16359 49
16360 50
16361 59
16362 60
16363 59
16364 61
16365 51
16366 57
16367 50
16368 56
16369 64
16370 70
16371 70
16372 68
16373 48
16374 51
16375 53
16376 64
16377 60
16378 57
16379 69
16380 67
16381 52
16382 44
16383 56
16384 58
16385 57
16386 60
16387 59
16388 62
16389 57
16390 61
16391 55
16392 52
16393 51
16394 58
16395 41
16396 42
16397 57
16398 69
16399 70
16400 63
16401 65
16402 64
16403 61
16404 61
16405 49
16406 47
16407 56
16408 61
16409 71
16410 64
16411 60
16412 51
16413 59
16414 60
16415 63
16416 59
16417 51
16418 60
16419 58
16420 51
16421 37
16422 43
16423 54
16424 56
16425 68
16426 64
16427 69
16428 73
16429 64
16430 59
16431 66
16432 61
16433 59
16434 63
16435 57
16436 75
16437 75
16438 70
16439 66
16440 66
16441 53
16442 56
16443 62
16444 61
16445 51
16446 50
16447 56
16448 54
16449 54
16450 60
16451 53
16452 65
16453 63
16454 55
16455 65
16456 65
16457 68
16458 59
16459 60
16460 59
16461 55
16462 55
16463 58
16464 66
16465 60
16466 58
16467 55
16468 56
16469 59
16470 53
16471 51
16472 55
16473 66
16474 67
16475 61
16476 57
16477 62
16478 56
16479 64
16480 57
16481 59
16482 61
16483 54
16484 61
16485 46
16486 57
16487 63
16488 60
16489 61
16490 59
16491 62
16492 64
16493 54
16494 64
16495 68
16496 68
16497 56
16498 73
16499 70
16500 64
16501 61
16502 74
16503 67
16504 63
16505 67
16506 64
16507 59
16508 72
16509 65
16510 83
16511 70
16512 59
16513 61
16514 60
16515 56
16516 58
16517 58
16518 57
16519 53
16520 49
16521 53
16522 55
16523 57
16524 66
16525 57
16526 66
16527 69
16528 63
16529 72
16530 73
16531 64
16532 56
16533 65
16534 61
16535 54
16536 48
16537 61
16538 62
16539 53
16540 59
16541 58
16542 68
16543 60
16544 74
16545 67
16546 70
16547 71
16548 68
16549 66
16550 54
16551 52
16552 60
16553 64
16554 64
16555 53
16556 42
16557 38
16558 55
16559 49
16560 39
16561 43
16562 52
16563 59
16564 68
16565 67
16566 53
16567 56
16568 67
16569 73
16570 68
16571 55
16572 63
16573 54
16574 53
16575 59
16576 63
16577 57
16578 73
16579 71
16580 57
16581 49
16582 43
16583 59
16584 63
16585 56
16586 59
16587 63
16588 56
16589 44
16590 45
16591 58
16592 73
16593 64
16594 61
16595 59
16596 62
16597 66
16598 63
16599 59
16600 54
16601 66
16602 71
16603 70
16604 72
16605 64
16606 69
16607 61
16608 66
16609 66
16610 54
16611 52
16612 51
16613 56
16614 59
16615 66
16616 62
16617 63
16618 69
16619 62
16620 66
16621 63
16622 61
16623 57
16624 61
16625 55
16626 67
16627 71
16628 63
16629 51
16630 52
16631 45
16632 43
16633 63
16634 61
16635 55
16636 56
16637 69
16638 56
16639 58
16640 61
16641 61
16642 70
16643 61
16644 59
16645 60
16646 53
16647 51
16648 64
16649 69
16650 57
16651 57
16652 55
16653 63
16654 71
16655 65
16656 75
16657 60
16658 64
16659 60
16660 61
16661 53
16662 50
16663 58
16664 63
16665 68
16666 68
16667 59
16668 42
16669 48
16670 52
16671 41
16672 45
16673 61
16674 71
16675 68
16676 71
16677 52
16678 64
16679 66
16680 58
16681 64
16682 63
16683 60
16684 63
16685 67
16686 66
16687 56
16688 61
16689 59
16690 54
16691 63
16692 64
16693 69
16694 69
16695 56
16696 64
16697 60
16698 63
16699 67
16700 54
16701 52
16702 59
16703 59
16704 59
16705 68
16706 55
16707 63
16708 60
16709 54
16710 54
16711 57
16712 67
16713 64
16714 57
16715 47
16716 44
16717 43
16718 54
16719 57
16720 58
16721 53
16722 54
16723 66
16724 50
16725 49
16726 48
16727 52
16728 62
16729 58
16730 57
16731 56
16732 52
16733 60
16734 58
16735 75
16736 64
16737 62
16738 55
16739 58
16740 44
16741 43
16742 40
16743 39
16744 57
16745 71
16746 75
16747 62
16748 60
16749 56
16750 54
16751 53
16752 60
16753 51
16754 51
16755 54
16756 56
16757 54
16758 64
16759 57
16760 64
16761 67
16762 66
16763 68
16764 73
16765 67
16766 71
16767 64
16768 62
16769 70
16770 50
16771 60
16772 62
16773 64
16774 63
16775 68
16776 63
16777 67
16778 55
16779 50
16780 61
16781 72
16782 62
16783 61
16784 66
16785 70
16786 72
16787 65
16788 70
16789 64
16790 58
16791 54
16792 59
16793 64
16794 65
16795 66
16796 57
16797 56
16798 55
16799 56
16800 66
16801 82
16802 63
16803 50
16804 51
16805 60
16806 61
16807 68
16808 73
16809 63
16810 57
16811 62
16812 45
16813 46
16814 58
16815 41
16816 39
16817 38
16818 35
16819 50
16820 48
16821 59
16822 69
16823 61
16824 64
16825 64
16826 61
16827 75
16828 70
16829 61
16830 67
16831 65
16832 61
16833 55
16834 52
16835 71
16836 68
16837 57
16838 59
16839 57
16840 64
16841 63
16842 49
16843 56
16844 60
16845 56
16846 60
16847 75
16848 71
16849 67
16850 65
16851 60
16852 49
16853 52
16854 53
16855 57
16856 59
16857 47
16858 52
16859 55
16860 54
16861 52
16862 65
16863 64
16864 66
16865 60
16866 63
16867 65
16868 66
16869 73
16870 68
16871 67
16872 66
16873 64
16874 65
16875 53
16876 55
16877 66
16878 56
16879 67
16880 67
16881 57
16882 57
16883 65
16884 55
16885 59
16886 67
16887 61
16888 71
16889 64
16890 69
16891 65
16892 69
16893 55
16894 52
16895 60
16896 62
16897 66
16898 53
16899 53
16900 59
16901 55
16902 53
16903 59
16904 78
16905 59
16906 61
16907 62
16908 57
16909 68
16910 66
16911 56
16912 59
16913 63
16914 67
16915 62
16916 55
16917 50
16918 56
16919 55
16920 57
16921 56
16922 56
16923 54
16924 51
16925 54
16926 54
16927 44
16928 56
16929 60
16930 68
16931 60
16932 61
16933 55
16934 64
16935 62
16936 57
16937 47
16938 57
16939 71
16940 73
16941 73
16942 79
16943 66
16944 79
16945 64
16946 46
16947 61
16948 61
16949 60
16950 58
16951 50
16952 54
16953 69
16954 81
16955 61
16956 61
16957 60
16958 61
16959 57
16960 60
16961 67
16962 67
16963 74
16964 68
16965 69
16966 70
16967 69
16968 62
16969 57
16970 57
16971 55
16972 54
16973 56
16974 56
16975 68
16976 65
16977 64
16978 56
16979 64
16980 60
16981 58
16982 58
16983 48
16984 53
16985 56
16986 57
16987 61
16988 62
16989 55
16990 67
16991 62
16992 50
16993 48
16994 62
16995 72
16996 61
16997 63
16998 82
16999 67
17000 58
17001 60
17002 63
17003 58
17004 65
17005 54
17006 59
17007 60
17008 53
17009 61
17010 63
17011 55
17012 45
17013 36
17014 51
17015 63
17016 65
17017 55
17018 57
17019 59
17020 62
17021 60
17022 59
17023 65
17024 66
17025 66
17026 61
17027 69
17028 63
17029 54
17030 50
17031 57
17032 57
17033 66
17034 58
17035 66
17036 67
17037 55
17038 51
17039 58
17040 56
17041 58
17042 46
17043 62
17044 63
17045 44
17046 56
17047 68
17048 60
17049 48
17050 45
17051 26
17052 31
17053 35
17054 37
17055 53
17056 64
17057 59
17058 61
17059 60
17060 64
17061 67
17062 57
17063 52
17064 51
17065 61
17066 67
17067 66
17068 71
17069 65
17070 64
17071 60
17072 64
17073 62
17074 61
17075 64
17076 57
17077 55
17078 69
17079 68
17080 65
17081 64
17082 71
17083 76
17084 59
17085 54
17086 55
17087 47
17088 53
17089 47
17090 52
17091 67
17092 61
17093 71
17094 61
17095 60
17096 66
17097 63
17098 56
17099 54
17100 53
17101 64
17102 68
17103 66
17104 62
17105 55
17106 59
17107 61
17108 64
17109 59
17110 71
17111 68
17112 75
17113 68
17114 55
17115 48
17116 56
17117 60
17118 59
17119 62
17120 65
17121 74
17122 59
17123 57
17124 53
17125 59
17126 58
17127 45
17128 57
17129 56
17130 67
17131 58
17132 58
17133 47
17134 45
17135 57
17136 63
17137 64
17138 60
17139 61
17140 70
17141 66
17142 58
17143 52
17144 42
17145 33
17146 38
17147 39
17148 46
17149 60
17150 42
17151 55
17152 57
17153 55
17154 57
17155 74
17156 64
17157 64
17158 62
17159 60
17160 55
17161 59
17162 61
17163 61
17164 63
17165 67
17166 68
17167 70
17168 63
17169 71
17170 67
17171 64
17172 61
17173 62
17174 71
17175 71
17176 89
17177 73
17178 69
17179 70
17180 59
17181 64
17182 61
17183 62
17184 50
17185 52
17186 56
17187 65
17188 63
17189 55
17190 47
17191 43
17192 37
17193 26
17194 19
17195 25
17196 35
17197 55
17198 55
17199 69
17200 60
17201 53
17202 59
17203 60
17204 61
17205 64
17206 55
17207 58
17208 51
17209 56
17210 61
17211 60
17212 55
17213 56
17214 53
17215 62
17216 55
17217 65
17218 53
17219 61
17220 47
17221 55
17222 56
17223 63
17224 64
17225 60
17226 67
17227 65
17228 64
17229 56
17230 59
17231 61
17232 60
17233 40
17234 50
17235 56
17236 57
17237 50
17238 45
17239 40
17240 45
17241 55
17242 55
17243 49
17244 56
17245 57
17246 59
17247 68
17248 63
17249 63
17250 54
17251 62
17252 61
17253 67
17254 71
17255 63
17256 64
17257 68
17258 62
17259 64
17260 56
17261 50
17262 58
17263 59
17264 59
17265 64
17266 65
17267 73
17268 56
17269 66
17270 74
17271 58
17272 64
17273 59
17274 54
17275 61
17276 57
17277 58
17278 69
17279 68
17280 61
17281 71
17282 68
17283 61
17284 78
17285 76
17286 70
17287 62
17288 58
17289 62
17290 70
17291 61
17292 58
17293 48
17294 62
17295 62
17296 63
17297 65
17298 68
17299 56
17300 69
17301 64
17302 63
17303 60
17304 57
17305 64
17306 52
17307 49
17308 53
17309 55
17310 69
17311 64
17312 56
17313 50
17314 65
17315 63
17316 61
17317 57
17318 40
17319 38
17320 52
17321 53
17322 63
17323 58
17324 52
17325 61
17326 71
17327 67
17328 57
17329 61
17330 59
17331 64
17332 61
17333 51
17334 56
17335 66
17336 59
17337 61
17338 69
17339 59
17340 68
17341 60
17342 58
17343 59
17344 64
17345 59
17346 53
17347 59
17348 70
17349 65
17350 74
17351 61
17352 66
17353 63
17354 59
17355 58
17356 54
17357 38
17358 55
17359 59
17360 57
17361 53
17362 52
17363 55
17364 55
17365 51
17366 68
17367 58
17368 50
17369 49
17370 44
17371 50
17372 61
17373 59
17374 61
17375 54
17376 62
17377 44
17378 52
17379 60
17380 63
17381 54
17382 63
17383 53
17384 47
17385 43
17386 39
17387 52
17388 64
17389 59
17390 53
17391 61
17392 54
17393 64
17394 53
17395 60
17396 51
17397 58
17398 62
17399 53
17400 64
17401 63
17402 61
17403 55
17404 57
17405 57
17406 62
17407 63
17408 54
17409 61
17410 65
17411 70
17412 62
17413 60
17414 51
17415 50
17416 52
17417 55
17418 60
17419 70
17420 66
17421 62
17422 64
17423 52
17424 60
17425 68
17426 68
17427 58
17428 72
17429 64
17430 60
17431 60
17432 64
17433 67
17434 60
17435 64
17436 55
17437 70
17438 66
17439 62
17440 62
17441 61
17442 44
17443 60
17444 61
17445 62
17446 53
17447 48
17448 51
17449 50
17450 57
17451 57
17452 50
17453 62
17454 67
17455 58
17456 56
17457 52
17458 58
17459 64
17460 57
17461 56
17462 54
17463 69
17464 70
17465 56
17466 62
17467 56
17468 59
17469 52
17470 57
17471 64
17472 74
17473 68
17474 55
17475 54
17476 65
17477 64
17478 60
17479 76
17480 64
17481 46
17482 48
17483 52
17484 60
17485 56
17486 59
17487 58
17488 60
17489 65
17490 60
17491 62
17492 50
17493 56
17494 61
17495 77
17496 68
17497 58
17498 46
17499 49
17500 60
17501 56
17502 68
17503 51
17504 58
17505 69
17506 63
17507 65
17508 60
17509 57
17510 56
17511 65
17512 64
17513 71
17514 87
17515 71
17516 75
17517 67
17518 56
17519 61
17520 52
17521 50
17522 40
17523 35
17524 31
17525 41
17526 44
17527 43
17528 53
17529 55
17530 62
17531 64
17532 63
17533 66
17534 59
17535 54
17536 57
17537 62
17538 63
17539 72
17540 73
17541 64
17542 55
17543 48
17544 37
17545 43
17546 40
17547 50
17548 54
17549 72
17550 65
17551 69
17552 69
17553 62
17554 58
17555 56
17556 57
17557 59
17558 51
17559 57
17560 65
17561 64
17562 59
17563 70
17564 68
17565 71
17566 58
17567 55
17568 58
17569 70
17570 72
17571 61
17572 60
17573 58
17574 58
17575 54
17576 53
17577 65
17578 63
17579 63
17580 64
17581 67
17582 65
17583 62
17584 69
17585 66
17586 70
17587 65
17588 66
17589 58
17590 55
17591 54
17592 51
17593 47
17594 39
17595 25
17596 39
17597 42
17598 50
17599 63
17600 43
17601 44
17602 55
17603 69
17604 65
17605 51
17606 54
17607 60
17608 53
17609 57
17610 60
17611 52
17612 66
17613 55
17614 54
17615 51
17616 50
17617 70
17618 56
17619 58
17620 59
17621 53
17622 59
17623 62
17624 56
17625 52
17626 60
17627 66
17628 70
17629 68
17630 70
17631 66
17632 61
17633 53
17634 54
17635 55
17636 55
17637 65
17638 50
17639 64
17640 71
17641 62
17642 58
17643 49
17644 58
17645 68
17646 60
17647 53
17648 62
17649 63
17650 64
17651 62
17652 72
17653 59
17654 58
17655 55
17656 61
17657 56
17658 69
17659 77
17660 74
17661 66
17662 65
17663 64
17664 74
17665 67
17666 53
17667 44
17668 42
17669 47
17670 60
17671 57
17672 58
17673 69
17674 65
17675 59
17676 53
17677 49
17678 59
17679 52
17680 50
17681 59
17682 53
17683 64
17684 59
17685 59
17686 53
17687 63
17688 62
17689 57
17690 55
17691 51
17692 52
17693 64
17694 66
17695 63
17696 78
17697 73
17698 78
17699 74
17700 60
17701 65
17702 50
17703 56
17704 60
17705 60
17706 62
17707 59
17708 60
17709 61
17710 63
17711 59
17712 67
17713 68
17714 60
17715 56
17716 42
17717 51
17718 55
17719 58
17720 66
17721 67
17722 62
17723 42
17724 49
17725 52
17726 55
17727 47
17728 58
17729 61
17730 58
17731 66
17732 50
17733 60
17734 69
17735 65
17736 56
17737 64
17738 66
17739 64
17740 51
17741 62
17742 51
17743 61
17744 59
17745 51
17746 57
17747 58
17748 47
17749 36
17750 49
17751 53
17752 64
17753 72
17754 68
17755 61
17756 58
17757 58
17758 60
17759 58
17760 55
17761 60
17762 65
17763 78
17764 67
17765 63
17766 58
17767 71
17768 54
17769 56
17770 61
17771 63
17772 66
17773 55
17774 57
17775 56
17776 59
17777 67
17778 69
17779 78
17780 80
17781 71
17782 64
17783 70
17784 68
17785 50
17786 52
17787 60
17788 66
17789 56
17790 69
17791 55
17792 55
17793 73
17794 65
17795 62
17796 57
17797 60
17798 67
17799 57
17800 62
17801 58
17802 66
17803 65
17804 56
17805 66
17806 67
17807 51
17808 56
17809 56
17810 47
17811 53
17812 59
17813 60
17814 61
17815 62
17816 47
17817 49
17818 65
17819 63
17820 58
17821 46
17822 59
17823 51
17824 53
17825 42
17826 43
17827 57
17828 61
17829 62
17830 63
17831 61
17832 60
17833 64
17834 67
17835 65
17836 65
17837 77
17838 73
17839 62
17840 56
17841 52
17842 55
17843 60
17844 64
17845 59
17846 63
17847 59
17848 69
17849 61
17850 56
17851 60
17852 67
17853 63
17854 67
17855 56
17856 60
17857 65
17858 48
17859 46
17860 54
17861 58
17862 66
17863 68
17864 62
17865 64
17866 67
17867 61
17868 46
17869 51
17870 61
17871 66
17872 67
17873 59
17874 71
17875 60
17876 65
17877 69
17878 74
17879 57
17880 58
17881 63
17882 61
17883 63
17884 65
17885 61
17886 59
17887 57
17888 65
17889 59
17890 54
17891 53
17892 55
17893 54
17894 55
17895 65
17896 67
17897 73
17898 77
17899 66
17900 66
17901 58
17902 70
17903 68
17904 59
17905 62
17906 61
17907 56
17908 72
17909 61
17910 60
17911 58
17912 65
17913 64
17914 64
17915 69
17916 63
17917 58
17918 59
17919 61
17920 73
17921 66
17922 59
17923 58
17924 59
17925 44
17926 50
17927 52
17928 64
17929 59
17930 55
17931 58
17932 71
17933 66
17934 66
17935 61
17936 53
17937 57
17938 56
17939 56
17940 55
17941 60
17942 71
17943 72
17944 65
17945 67
17946 63
17947 62
17948 60
17949 43
17950 46
17951 55
17952 54
17953 51
17954 58
17955 58
17956 58
17957 55
17958 56
17959 60
17960 46
17961 55
17962 58
17963 63
17964 61
17965 74
17966 69
17967 70
17968 64
17969 62
17970 60
17971 59
17972 41
17973 56
17974 67
17975 54
17976 54
17977 61
17978 65
17979 55
17980 60
17981 60
17982 55
17983 53
17984 55
17985 58
17986 54
17987 61
17988 53
17989 60
17990 47
17991 54
17992 64
17993 58
17994 64
17995 55
17996 53
17997 50
17998 42
17999 55
18000 66
18001 64
18002 71
18003 73
18004 55
18005 62
18006 60
18007 58
18008 64
18009 63
18010 60
18011 59
18012 65
18013 58
18014 54
18015 60
18016 62
18017 69
18018 62
18019 64
18020 59
18021 57
18022 64
18023 69
18024 62
18025 60
18026 63
18027 58
18028 43
18029 26
18030 36
18031 55
18032 65
18033 57
18034 63
18035 66
18036 60
18037 57
18038 46
18039 50
18040 61
18041 65
18042 66
18043 58
18044 57
18045 61
18046 66
18047 65
18048 65
18049 51
18050 47
18051 43
18052 42
18053 51
18054 49
18055 51
18056 52
18057 55
18058 59
18059 61
18060 55
18061 57
18062 62
18063 69
18064 67
18065 66
18066 52
18067 60
18068 67
18069 59
18070 56
18071 53
18072 71
18073 63
18074 59
18075 58
18076 65
18077 72
18078 67
18079 61
18080 70
18081 74
18082 65
18083 63
18084 58
18085 47
18086 54
18087 57
18088 57
18089 49
18090 51
18091 63
18092 66
18093 59
18094 60
18095 51
18096 49
18097 64
18098 57
18099 67
18100 60
18101 58
18102 59
18103 69
18104 74
18105 67
18106 59
18107 58
18108 60
18109 59
18110 58
18111 50
18112 48
18113 47
18114 38
18115 53
18116 59
18117 60
18118 55
18119 66
18120 59
18121 60
18122 66
18123 53
18124 52
18125 59
18126 58
18127 64
18128 51
18129 46
18130 55
18131 68
18132 57
18133 56
18134 46
18135 48
18136 59
18137 70
18138 69
18139 52
18140 47
18141 63
18142 55
18143 60
18144 65
18145 58
18146 63
18147 63
18148 56
18149 48
18150 51
18151 59
18152 61
18153 61
18154 55
18155 57
18156 64
18157 60
18158 59
18159 58
18160 55
18161 65
18162 67
18163 56
18164 57
18165 60
18166 66
18167 65
18168 63
18169 65
18170 77
18171 65
18172 57
18173 63
18174 52
18175 49
18176 61
18177 69
18178 70
18179 66
18180 70
18181 60
18182 69
18183 61
18184 59
18185 60
18186 67
18187 64
18188 78
18189 59
18190 54
18191 57
18192 69
18193 53
18194 58
18195 61
18196 61
18197 59
18198 58
18199 53
18200 54
18201 57
18202 61
18203 41
18204 49
18205 62
18206 51
18207 57
18208 62
18209 54
18210 56
18211 73
18212 53
18213 49
18214 57
18215 55
18216 53
18217 50
18218 53
18219 58
18220 56
18221 61
18222 65
18223 49
18224 65
18225 64
18226 56
18227 73
18228 71
18229 61
18230 60
18231 45
18232 50
18233 62
18234 60
18235 70
18236 59
18237 60
18238 62
18239 63
18240 64
18241 67
18242 72
18243 60
18244 62
18245 67
18246 66
18247 51
18248 47
18249 51
18250 57
18251 56
18252 53
18253 63
18254 60
18255 61
18256 72
18257 69
18258 55
18259 59
18260 75
18261 85
18262 87
18263 67
18264 57
18265 59
18266 64
18267 58
18268 57
18269 66
18270 72
18271 72
18272 67
18273 52
18274 59
18275 51
18276 41
18277 40
18278 52
18279 58
18280 59
18281 65
18282 57
18283 45
18284 61
18285 62
18286 59
18287 55
18288 61
18289 50
18290 35
18291 50
18292 49
18293 58
18294 71
18295 60
18296 60
18297 50
18298 47
18299 46
18300 61
18301 60
18302 55
18303 47
18304 46
18305 59
18306 63
18307 61
18308 68
18309 62
18310 64
18311 66
18312 59
18313 58
18314 57
18315 62
18316 63
18317 49
18318 39
18319 54
18320 50
18321 35
18322 44
18323 57
18324 59
18325 58
18326 68
18327 65
18328 53
18329 52
18330 59
18331 65
18332 61
18333 60
18334 65
18335 67
18336 51
18337 63
18338 66
18339 67
18340 63
18341 62
18342 51
18343 54
18344 60
18345 66
18346 60
18347 72
18348 80
18349 61
18350 66
18351 64
18352 60
18353 62
18354 58
18355 63
18356 60
18357 53
18358 40
18359 32
18360 33
18361 37
18362 40
18363 43
18364 54
18365 52
18366 46
18367 57
18368 62
18369 54
18370 45
18371 52
18372 67
18373 61
18374 60
18375 52
18376 66
18377 85
18378 74
18379 64
18380 65
18381 69
18382 62
18383 58
18384 46
18385 57
18386 53
18387 38
18388 41
18389 53
18390 51
18391 57
18392 65
18393 66
18394 66
18395 62
18396 56
18397 54
18398 60
18399 67
18400 67
18401 64
18402 70
18403 53
18404 57
18405 71
18406 68
18407 55
18408 64
18409 65
18410 67
18411 70
18412 67
18413 65
18414 64
18415 58
18416 61
18417 63
18418 62
18419 56
18420 57
18421 52
18422 54
18423 59
18424 56
18425 59
18426 59
18427 64
18428 69
18429 68
18430 62
18431 62
18432 51
18433 55
18434 52
18435 45
18436 62
18437 61
18438 63
18439 53
18440 55
18441 66
18442 61
18443 57
18444 56
18445 57
18446 59
18447 60
18448 61
18449 55
18450 52
18451 59
18452 71
18453 69
18454 65
18455 51
18456 60
18457 62
18458 65
18459 76
18460 78
18461 73
18462 66
18463 71
18464 76
18465 72
18466 67
18467 63
18468 53
18469 57
18470 58
18471 44
18472 58
18473 61
18474 52
18475 54
18476 55
18477 66
18478 68
18479 59
18480 67
18481 68
18482 62
18483 46
18484 64
18485 60
18486 70
18487 62
18488 55
18489 59
18490 56
18491 56
18492 55
18493 54
18494 53
18495 58
18496 60
18497 62
18498 66
18499 59
18500 53
18501 57
18502 58
18503 69
18504 71
18505 60
18506 49
18507 47
18508 61
18509 67
18510 49
18511 55
18512 54
18513 63
18514 57
18515 49
18516 51
18517 55
18518 68
18519 70
18520 59
18521 54
18522 46
18523 47
18524 44
18525 44
18526 56
18527 55
18528 56
18529 60
18530 58
18531 56
18532 59
18533 60
18534 57
18535 57
18536 63
18537 51
18538 51
18539 55
18540 59
18541 63
18542 63
18543 51
18544 60
18545 57
18546 59
18547 63
18548 65
18549 65
18550 60
18551 70
18552 71
18553 66
18554 66
18555 61
18556 56
18557 70
18558 67
18559 54
18560 50
18561 56
18562 57
18563 66
18564 63
18565 64
18566 48
18567 53
18568 54
18569 64
18570 57
18571 58
18572 60
18573 69
18574 63
18575 56
18576 62
18577 61
18578 55
18579 61
18580 61
18581 67
18582 62
18583 64
18584 55
18585 70
18586 60
18587 54
18588 64
18589 57
18590 62
18591 61
18592 51
18593 55
18594 58
18595 55
18596 52
18597 65
18598 52
18599 70
18600 62
18601 70
18602 63
18603 60
18604 54
18605 66
18606 64
18607 70
18608 75
18609 67
18610 52
18611 55
18612 64
18613 62
18614 57
18615 62
18616 58
18617 70
18618 57
18619 68
18620 67
18621 61
18622 68
18623 69
18624 67
18625 58
18626 69
18627 61
18628 63
18629 57
18630 53
18631 54
18632 67
18633 68
18634 67
18635 58
18636 62
18637 59
18638 65
18639 72
18640 83
18641 72
18642 67
18643 64
18644 68
18645 64
18646 61
18647 62
18648 60
18649 70
18650 59
18651 55
18652 62
18653 66
18654 66
18655 65
18656 52
18657 54
18658 74
18659 74
18660 66
18661 69
18662 49
18663 53
18664 54
18665 67
18666 67
18667 55
18668 47
18669 54
18670 52
18671 59
18672 58
18673 64
18674 60
18675 49
18676 57
18677 56
18678 52
18679 65
18680 58
18681 62
18682 55
18683 46
18684 47
18685 49
18686 43
18687 34
18688 52
18689 57
18690 68
18691 64
18692 63
18693 62
18694 66
18695 66
18696 69
18697 65
18698 63
18699 61
18700 70
18701 65
18702 58
18703 45
18704 58
18705 67
18706 68
18707 77
18708 71
18709 63
18710 63
18711 61
18712 71
18713 65
18714 55
18715 69
18716 64
18717 67
18718 60
18719 69
18720 66
18721 61
18722 53
18723 56
18724 64
18725 70
18726 63
18727 63
18728 54
18729 58
18730 57
18731 59
18732 75
18733 67
18734 53
18735 51
18736 63
18737 55
18738 61
18739 57
18740 62
18741 57
18742 62
18743 65
18744 75
18745 58
18746 53
18747 49
18748 52
18749 51
18750 63
18751 65
18752 61
18753 61
18754 59
18755 58
18756 62
18757 75
18758 69
18759 72
18760 67
18761 64
18762 57
18763 57
18764 71
18765 82
18766 82
18767 66
18768 62
18769 60
18770 63
18771 65
18772 59
18773 62
18774 66
18775 53
18776 60
18777 62
18778 66
18779 60
18780 58
18781 60
18782 61
18783 66
18784 58
18785 64
18786 66
18787 72
18788 75
18789 57
18790 52
18791 56
18792 62
18793 51
18794 55
18795 56
18796 64
18797 62
18798 66
18799 52
18800 48
18801 60
18802 52
18803 66
18804 63
18805 62
18806 58
18807 53
18808 43
18809 36
18810 46
18811 60
18812 54
18813 54
18814 56
18815 56
18816 59
18817 61
18818 60
18819 54
18820 58
18821 71
18822 52
18823 50
18824 58
18825 60
18826 54
18827 53
18828 54
18829 68
18830 56
18831 67
18832 65
18833 61
18834 57
18835 52
18836 59
18837 59
18838 62
18839 62
18840 53
18841 70
18842 64
18843 65
18844 67
18845 51
18846 64
18847 59
18848 46
18849 42
18850 38
18851 58
18852 54
18853 60
18854 54
18855 60
18856 64
18857 67
18858 65
18859 60
18860 58
18861 58
18862 55
18863 51
18864 70
18865 64
18866 56
18867 57
18868 55
18869 52
18870 50
18871 45
18872 31
18873 51
18874 64
18875 62
18876 67
18877 58
18878 68
18879 66
18880 54
18881 61
18882 60
18883 69
18884 71
18885 64
18886 61
18887 69
18888 70
18889 67
18890 86
18891 71
18892 78
18893 70
18894 60
18895 58
18896 60
18897 51
18898 55
18899 54
18900 57
18901 62
18902 60
18903 57
18904 54
18905 57
18906 62
18907 65
18908 75
18909 55
18910 69
18911 67
18912 56
18913 56
18914 58
18915 58
18916 61
18917 60
18918 59
18919 55
18920 60
18921 57
18922 42
18923 46
18924 53
18925 55
18926 57
18927 62
18928 66
18929 56
18930 55
18931 54
18932 52
18933 62
18934 60
18935 63
18936 62
18937 60
18938 58
18939 57
18940 47
18941 49
18942 60
18943 76
18944 67
18945 67
18946 57
18947 48
18948 66
18949 71
18950 65
18951 62
18952 53
18953 58
18954 61
18955 72
18956 54
18957 58
18958 57
18959 62
18960 56
18961 66
18962 60
18963 62
18964 77
18965 68
18966 69
18967 52
18968 56
18969 55
18970 59
18971 54
18972 52
18973 46
18974 57
18975 52
18976 63
18977 54
18978 47
18979 46
18980 58
18981 64
18982 55
18983 49
18984 60
18985 68
18986 65
18987 61
18988 55
18989 69
18990 59
18991 58
18992 60
18993 64
18994 49
18995 68
18996 61
18997 59
18998 67
18999 68
19000 67
19001 51
19002 49
19003 59
19004 71
19005 62
19006 65
19007 61
19008 67
19009 54
19010 58
19011 54
19012 59
19013 63
19014 60
19015 66
19016 62
19017 59
19018 51
19019 71
19020 60
19021 62
19022 59
19023 60
19024 66
19025 56
19026 59
19027 59
19028 52
19029 63
19030 58
19031 54
19032 64
19033 63
19034 59
19035 69
19036 64
19037 63
19038 59
19039 53
19040 52
19041 50
19042 52
19043 59
19044 56
19045 60
19046 62
19047 61
19048 58
19049 64
19050 65
19051 61
19052 63
19053 47
19054 59
19055 61
19056 71
19057 55
19058 56
19059 52
19060 61
19061 61
19062 67
19063 77
19064 70
19065 64
19066 75
19067 59
19068 69
19069 69
19070 53
19071 60
19072 62
19073 61
19074 61
19075 51
19076 54
19077 58
19078 62
19079 62
19080 54
19081 55
19082 53
19083 52
19084 51
19085 62
19086 57
19087 65
19088 61
19089 61
19090 67
19091 65
19092 70
19093 65
19094 49
19095 53
19096 49
19097 67
19098 50
19099 42
19100 62
19101 59
19102 62
19103 73
19104 68
19105 71
19106 68
19107 69
19108 66
19109 56
19110 48
19111 52
19112 38
19113 50
19114 54
19115 60
19116 62
19117 52
19118 70
19119 70
19120 72
19121 59
19122 55
19123 48
19124 62
19125 58
19126 63
19127 60
19128 51
19129 57
19130 53
19131 48
19132 61
19133 57
19134 67
19135 79
19136 72
19137 54
19138 52
19139 48
19140 48
19141 51
19142 55
19143 69
19144 60
19145 65
19146 64
19147 57
19148 58
19149 74
19150 58
19151 56
19152 67
19153 60
19154 56
19155 62
19156 56
19157 61
19158 50
19159 45
19160 54
19161 63
19162 74
19163 67
19164 61
19165 64
19166 66
19167 66
19168 57
19169 60
19170 57
19171 63
19172 57
19173 70
19174 74
19175 63
19176 70
19177 76
19178 65
19179 74
19180 62
19181 65
19182 67
19183 65
19184 62
19185 68
19186 52
19187 62
19188 67
19189 63
19190 53
19191 52
19192 59
19193 51
19194 56
19195 68
19196 57
19197 59
19198 63
19199 58
19200 44
19201 54
19202 51
19203 56
19204 58
19205 67
19206 65
19207 55
19208 37
19209 47
19210 63
19211 60
19212 60
19213 60
19214 63
19215 62
19216 73
19217 57
19218 63
19219 62
19220 69
19221 73
19222 64
19223 58
19224 63
19225 54
19226 56
19227 59
19228 63
19229 69
19230 76
19231 62
19232 42
19233 59
19234 61
19235 63
19236 57
19237 62
19238 61
19239 65
19240 61
19241 62
19242 53
19243 44
19244 41
19245 40
19246 53
19247 58
19248 45
19249 54
19250 62
19251 52
19252 49
19253 58
19254 60
19255 66
19256 55
19257 59
19258 57
19259 59
19260 61
19261 59
19262 54
19263 62
19264 62
19265 61
19266 61
19267 50
19268 60
19269 67
19270 52
19271 61
19272 55
19273 57
19274 67
19275 60
19276 55
19277 56
19278 62
19279 55
19280 66
19281 64
19282 68
19283 60
19284 60
19285 53
19286 58
19287 51
19288 50
19289 47
19290 50
19291 59
19292 63
19293 63
19294 58
19295 55
19296 57
19297 59
19298 61
19299 63
19300 57
19301 50
19302 62
19303 57
19304 56
19305 40
19306 58
19307 62
19308 61
19309 59
19310 58
19311 60
19312 60
19313 49
19314 59
19315 60
19316 60
19317 68
19318 65
19319 56
19320 52
19321 57
19322 69
19323 66
19324 53
19325 55
19326 60
19327 50
19328 62
19329 61
19330 63
19331 61
19332 55
19333 59
19334 66
19335 64
19336 61
19337 59
19338 50
19339 58
19340 64
19341 63
19342 47
19343 62
19344 69
19345 65
19346 67
19347 57
19348 48
19349 42
19350 43
19351 30
19352 42
19353 51
19354 54
19355 55
19356 57
19357 57
19358 57
19359 64
19360 61
19361 51
19362 61
19363 58
19364 75
19365 61
19366 69
19367 56
19368 65
19369 54
19370 63
19371 63
19372 61
19373 65
19374 61
19375 65
19376 60
19377 60
19378 66
19379 61
19380 51
19381 53
19382 54
19383 58
19384 55
19385 53
19386 67
19387 53
19388 61
19389 79
19390 68
19391 56
19392 71
19393 59
19394 60
19395 55
19396 60
19397 66
19398 76
19399 65
19400 54
19401 60
19402 59
19403 62
19404 56
19405 62
19406 66
19407 75
19408 65
19409 59
19410 65
19411 77
19412 74
19413 60
19414 74
19415 70
19416 73
19417 61
19418 54
19419 60
19420 59
19421 50
19422 53
19423 54
19424 54
19425 69
19426 65
19427 57
19428 58
19429 59
19430 60
19431 70
19432 63
19433 71
19434 58
19435 57
19436 61
19437 42
19438 52
19439 55
19440 47
19441 48
19442 61
19443 64
19444 65
19445 59
19446 65
19447 59
19448 49
19449 52
19450 61
19451 59
19452 69
19453 72
19454 70
19455 65
19456 67
19457 59
19458 55
19459 44
19460 29
19461 43
19462 50
19463 54
19464 47
19465 56
19466 60
19467 60
19468 53
19469 58
19470 60
19471 52
19472 57
19473 56
19474 65
19475 80
19476 69
19477 66
19478 56
19479 53
19480 43
19481 56
19482 59
19483 43
19484 47
19485 52
19486 62
19487 46
19488 26
19489 22
19490 32
19491 49
19492 53
19493 57
19494 63
19495 65
19496 61
19497 64
19498 61
19499 65
19500 68
19501 61
19502 52
19503 53
19504 67
19505 68
19506 72
19507 63
19508 59
19509 59
19510 66
19511 59
19512 52
19513 49
19514 60
19515 61
19516 55
19517 55
19518 57
19519 57
19520 65
19521 68
19522 64
19523 81
19524 71
19525 60
19526 54
19527 50
19528 43
19529 52
19530 61
19531 51
19532 57
19533 59
19534 55
19535 63
19536 56
19537 71
19538 56
19539 63
19540 74
19541 70
19542 64
19543 51
19544 51
19545 62
19546 68
19547 65
19548 59
19549 66
19550 64
19551 56
19552 55
19553 53
19554 54
19555 52
19556 70
19557 67
19558 64
19559 70
19560 70
19561 72
19562 63
19563 66
19564 54
19565 50
19566 46
19567 42
19568 44
19569 48
19570 51
19571 50
19572 52
19573 61
19574 59
19575 53
19576 61
19577 53
19578 57
19579 60
19580 56
19581 64
19582 66
19583 62
19584 61
19585 62
19586 63
19587 61
19588 71
19589 76
19590 62
19591 55
19592 64
19593 60
19594 66
19595 58
19596 56
19597 58
19598 43
19599 31
19600 47
19601 65
19602 62
19603 58
19604 57
19605 52
19606 54
19607 51
19608 52
19609 62
19610 72
19611 90
19612 85
19613 71
19614 70
19615 58
19616 59
19617 55
19618 62
19619 61
19620 69
19621 65
19622 68
19623 62
19624 68
19625 67
19626 60
19627 62
19628 66
19629 58
19630 49
19631 48
19632 60
19633 56
19634 58
19635 72
19636 65
19637 61
19638 64
19639 66
19640 55
19641 72
19642 72
19643 56
19644 73
19645 67
19646 69
19647 67
19648 64
19649 61
19650 66
19651 63
19652 64
19653 58
19654 52
19655 54
19656 63
19657 57
19658 72
19659 76
19660 65
19661 58
19662 45
19663 45
19664 40
19665 25
19666 35
19667 40
19668 46
19669 49
19670 51
19671 53
19672 46
19673 47
19674 53
19675 71
19676 65
19677 57
19678 46
19679 43
19680 44
19681 48
19682 49
19683 48
19684 59
19685 70
19686 72
19687 58
19688 62
19689 61
19690 65
19691 52
19692 57
19693 50
19694 60
19695 68
19696 68
19697 58
19698 64
19699 56
19700 58
19701 59
19702 62
19703 48
19704 47
19705 43
19706 52
19707 61
19708 69
19709 60
19710 57
19711 64
19712 59
19713 50
19714 55
19715 57
19716 65
19717 75
19718 62
19719 57
19720 72
19721 73
19722 59
19723 67
19724 63
19725 73
19726 73
19727 69
19728 55
19729 46
19730 61
19731 64
19732 67
19733 68
19734 64
19735 63
19736 60
19737 51
19738 63
19739 62
19740 60
19741 76
19742 59
19743 66
19744 63
19745 64
19746 68
19747 67
19748 73
19749 71
19750 60
19751 53
19752 61
19753 68
19754 80
19755 65
19756 57
19757 69
19758 71
19759 69
19760 58
19761 53
19762 51
19763 55
19764 64
19765 56
19766 71
19767 67
19768 65
19769 55
19770 53
19771 67
19772 54
19773 60
19774 62
19775 53
19776 55
19777 43
19778 61
19779 47
19780 58
19781 60
19782 73
19783 72
19784 68
19785 56
19786 59
19787 60
19788 56
19789 54
19790 63
19791 64
19792 49
19793 53
19794 55
19795 53
19796 60
19797 62
19798 64
19799 61
19800 61
19801 57
19802 44
19803 38
19804 43
19805 53
19806 52
19807 58
19808 66
19809 62
19810 60
19811 65
19812 75
19813 63
19814 59
19815 62
19816 65
19817 63
19818 65
19819 60
19820 53
19821 54
19822 55
19823 56
19824 74
19825 66
19826 62
19827 49
19828 51
19829 54
19830 60
19831 71
19832 51
19833 40
19834 51
19835 60
19836 59
19837 66
19838 56
19839 59
19840 78
19841 67
19842 70
19843 65
19844 69
19845 66
19846 56
19847 60
19848 62
19849 58
19850 59
19851 54
19852 54
19853 66
19854 61
19855 44
19856 39
19857 50
19858 51
19859 56
19860 65
19861 58
19862 43
19863 42
19864 45
19865 46
19866 57
19867 65
19868 59
19869 60
19870 73
19871 76
19872 73
19873 63
19874 65
19875 67
19876 64
19877 61
19878 57
19879 43
19880 28
19881 21
19882 29
19883 38
19884 55
19885 49
19886 56
19887 62
19888 57
19889 54
19890 58
19891 68
19892 60
19893 54
19894 53
19895 38
19896 37
19897 55
19898 61
19899 63
19900 51
19901 60
19902 54
19903 52
19904 67
19905 58
19906 60
19907 56
19908 60
19909 53
19910 65
19911 59
19912 60
19913 59
19914 60
19915 65
19916 64
19917 57
19918 68
19919 69
19920 54
19921 60
19922 68
19923 62
19924 53
19925 49
19926 63
19927 46
19928 55
19929 58
19930 53
19931 61
19932 57
19933 57
19934 53
19935 44
19936 54
19937 55
19938 63
19939 46
19940 40
19941 41
19942 45
19943 44
19944 56
19945 50
19946 40
19947 51
19948 58
19949 65
19950 64
19951 58
19952 62
19953 52
19954 48
19955 45
19956 42
19957 48
19958 51
19959 64
19960 56
19961 52
19962 54
19963 53
19964 60
19965 65
19966 50
19967 55
19968 56
19969 62
19970 54
19971 53
19972 43
19973 58
19974 49
19975 53
19976 61
19977 70
19978 57
19979 48
19980 51
19981 59
19982 61
19983 59
19984 64
19985 56
19986 62
19987 60
19988 66
19989 50
19990 56
19991 56
19992 65
19993 65
19994 79
19995 63
19996 61
19997 74
19998 76
19999 65
20000 54
20001 50
20002 66
20003 62
20004 68
20005 62
20006 65
20007 64
20008 64
20009 46
20010 54
20011 58
20012 59
20013 58
20014 67
20015 65
20016 68
20017 60
20018 64
20019 57
20020 59
20021 62
20022 63
20023 64
20024 62
20025 74
20026 58
20027 52
20028 50
20029 58
20030 65
20031 68
20032 72
20033 69
20034 60
20035 56
20036 53
20037 61
20038 60
20039 56
20040 61
20041 61
20042 65
20043 68
20044 74
20045 56
20046 63
20047 63
20048 60
20049 64
20050 66
20051 76
20052 65
20053 67
20054 55
20055 68
20056 64
20057 50
20058 63
20059 64
20060 52
20061 56
20062 62
20063 52
20064 59
20065 55
20066 52
20067 50
20068 48
20069 49
20070 48
20071 46
20072 65
20073 61
20074 65
20075 72
20076 63
20077 58
20078 69
20079 70
20080 76
20081 64
20082 61
20083 47
20084 43
20085 47
20086 59
20087 62
20088 55
20089 62
20090 62
20091 62
20092 47
20093 53
20094 61
20095 62
20096 64
20097 60
20098 62
20099 60
20100 59
20101 75
20102 59
20103 55
20104 67
20105 63
20106 64
20107 61
20108 55
20109 54
20110 62
20111 55
20112 51
20113 52
20114 57
20115 55
20116 62
20117 66
20118 64
20119 64
20120 60
20121 70
20122 61
20123 62
20124 64
20125 63
20126 63
20127 57
20128 52
20129 55
20130 53
20131 73
20132 62
20133 56
20134 58
20135 63
20136 69
20137 51
20138 59
20139 55
20140 56
20141 64
20142 64
20143 53
20144 50
20145 65
20146 63
20147 64
20148 69
20149 62
20150 62
20151 56
20152 61
20153 59
20154 59
20155 70
20156 68
20157 64
20158 73
20159 65
20160 59
20161 58
20162 59
20163 51
20164 66
20165 57
20166 68
20167 78
20168 74
20169 77
20170 65
20171 62
20172 60
20173 77
20174 69
20175 61
20176 57
20177 63
20178 62
20179 76
20180 80
20181 64
20182 70
20183 67
20184 60
20185 58
20186 60
20187 63
20188 61
20189 61
20190 65
20191 65
20192 53
20193 62
20194 73
20195 64
20196 61
20197 54
20198 64
20199 64
20200 57
20201 52
20202 58
20203 61
20204 63
20205 58
20206 49
20207 68
20208 69
20209 59
20210 57
20211 57
20212 56
20213 53
20214 59
20215 58
20216 59
20217 49
20218 51
20219 56
20220 73
20221 64
20222 61
20223 57
20224 49
20225 53
20226 64
20227 72
20228 68
20229 54
20230 65
20231 50
20232 39
20233 34
20234 43
20235 55
20236 61
20237 55
20238 49
20239 62
20240 67
20241 70
20242 66
20243 60
20244 61
20245 62
20246 66
20247 61
20248 54
20249 49
20250 65
20251 56
20252 53
20253 57
20254 52
20255 54
20256 62
20257 60
20258 52
20259 60
20260 55
20261 43
20262 41
20263 45
20264 57
20265 64
20266 60
20267 59
20268 59
20269 67
20270 55
20271 61
20272 70
20273 63
20274 62
20275 63
20276 61
20277 53
20278 49
20279 54
20280 68
20281 69
20282 68
20283 64
20284 69
20285 60
20286 62
20287 59
20288 61
20289 57
20290 70
20291 54
20292 54
20293 61
20294 56
20295 54
20296 60
20297 61
20298 59
20299 69
20300 75
20301 62
20302 64
20303 69
20304 65
20305 61
20306 62
20307 73
20308 63
20309 62
20310 62
20311 58
20312 62
20313 56
20314 46
20315 51
20316 64
20317 65
20318 67
20319 69
20320 63
20321 65
20322 61
20323 65
20324 55
20325 49
20326 46
20327 33
20328 43
20329 54
20330 56
20331 59
20332 56
20333 54
20334 60
20335 64
20336 50
20337 54
20338 50
20339 62
20340 69
20341 57
20342 59
20343 63
20344 57
20345 56
20346 59
20347 58
20348 55
20349 56
20350 55
20351 54
20352 59
20353 64
20354 58
20355 57
20356 62
20357 58
20358 59
20359 60
20360 60
20361 62
20362 59
20363 62
20364 57
20365 67
20366 61
20367 64
20368 65
20369 63
20370 61
20371 54
20372 61
20373 63
20374 71
20375 65
20376 60
20377 61
20378 60
20379 49
20380 60
20381 60
20382 60
20383 54
20384 56
20385 65
20386 70
20387 61
20388 63
20389 64
20390 72
20391 56
20392 60
20393 58
20394 59
20395 68
20396 59
20397 52
20398 48
20399 54
20400 58
20401 56
20402 55
20403 60
20404 58
20405 60
20406 62
20407 49
20408 54
20409 55
20410 57
20411 59
20412 61
20413 60
20414 53
20415 46
20416 54
20417 57
20418 61
20419 55
20420 62
20421 62
20422 47
20423 64
20424 63
20425 59
20426 61
20427 44
20428 61
20429 60
20430 63
20431 65
20432 65
20433 62
20434 61
20435 64
20436 51
20437 55
20438 58
20439 56
20440 58
20441 69
20442 61
20443 52
20444 63
20445 59
20446 51
20447 45
20448 60
20449 59
20450 67
20451 63
20452 60
20453 50
20454 54
20455 52
20456 53
20457 44
20458 43
20459 53
20460 56
20461 55
20462 61
20463 69
20464 61
20465 61
20466 64
20467 60
20468 71
20469 69
20470 64
20471 53
20472 72
20473 66
20474 68
20475 73
20476 61
20477 66
20478 60
20479 43
20480 56
20481 68
20482 64
20483 54
20484 52
20485 58
20486 71
20487 80
20488 70
20489 73
20490 62
20491 69
20492 61
20493 75
20494 61
20495 47
20496 62
20497 58
20498 53
20499 57
20500 57
20501 68
20502 59
20503 59
20504 54
20505 66
20506 68
20507 71
20508 62
20509 58
20510 56
20511 50
20512 60
20513 64
20514 65
20515 60
20516 53
20517 59
20518 58
20519 51
20520 52
20521 57
20522 56
20523 66
20524 60
20525 69
20526 63
20527 63
20528 55
20529 53
20530 68
20531 66
20532 68
20533 58
20534 69
20535 56
20536 57
20537 56
20538 66
20539 59
20540 61
20541 55
20542 63
20543 47
20544 53
20545 65
20546 51
20547 50
20548 63
20549 54
20550 56
20551 53
20552 49
20553 52
20554 68
20555 71
20556 77
20557 60
20558 57
20559 52
20560 68
20561 63
20562 63
20563 59
20564 51
20565 47
20566 46
20567 44
20568 49
20569 56
20570 63
20571 62
20572 58
20573 52
20574 60
20575 56
20576 58
20577 59
20578 57
20579 68
20580 62
20581 63
20582 64
20583 50
20584 57
20585 60
20586 55
20587 71
20588 70
20589 78
20590 65
20591 48
20592 65
20593 55
20594 53
20595 56
20596 60
20597 57
20598 71
20599 70
20600 76
20601 65
20602 52
20603 50
20604 49
20605 47
20606 58
20607 70
20608 67
20609 66
20610 53
20611 47
20612 63
20613 70
20614 73
20615 64
20616 63
20617 62
20618 64
20619 75
20620 68
20621 62
20622 69
20623 64
20624 62
20625 58
20626 66
20627 51
20628 48
20629 31
20630 33
20631 36
20632 50
20633 55
20634 62
20635 55
20636 50
20637 46
20638 51
20639 50
20640 60
20641 59
20642 64
20643 76
20644 63
20645 63
20646 54
20647 55
20648 69
20649 55
20650 53
20651 56
20652 71
20653 53
20654 56
20655 54
20656 58
20657 59
20658 68
20659 69
20660 70
20661 60
20662 59
20663 69
20664 70
20665 71
20666 68
20667 59
20668 62
20669 58
20670 59
20671 55
20672 53
20673 70
20674 71
20675 71
20676 60
20677 59
20678 64
20679 60
20680 69
20681 62
20682 59
20683 52
20684 45
20685 47
20686 48
20687 49
20688 61
20689 63
20690 59
20691 56
20692 69
20693 64
20694 65
20695 52
20696 65
20697 62
20698 58
20699 63
20700 58
20701 56
20702 56
20703 53
20704 55
20705 47
20706 43
20707 50
20708 59
20709 65
20710 71
20711 63
20712 52
20713 58
20714 64
20715 66
20716 72
20717 74
20718 82
20719 64
20720 67
20721 60
20722 65
20723 73
20724 66
20725 55
20726 57
20727 62
20728 54
20729 58
20730 50
20731 47
20732 50
20733 63
20734 72
20735 56
20736 59
20737 53
20738 59
20739 62
20740 65
20741 66
20742 60
20743 61
20744 65
20745 69
20746 66
20747 58
20748 59
20749 64
20750 54
20751 49
20752 43
20753 61
20754 44
20755 58
20756 63
20757 61
20758 47
20759 50
20760 58
20761 40
20762 36
20763 55
20764 71
20765 57
20766 62
20767 57
20768 65
20769 57
20770 46
20771 60
20772 64
20773 69
20774 60
20775 65
20776 67
20777 76
20778 67
20779 54
20780 40
20781 44
20782 56
20783 61
20784 75
20785 67
20786 62
20787 62
20788 66
20789 52
20790 61
20791 65
20792 71
20793 76
20794 61
20795 62
20796 72
20797 63
20798 43
20799 49
20800 55
20801 59
20802 58
20803 53
20804 68
20805 64
20806 53
20807 67
20808 64
20809 64
20810 60
20811 70
20812 76
20813 59
20814 56
20815 50
20816 47
20817 43
20818 47
20819 59
20820 59
20821 56
20822 49
20823 55
20824 55
20825 56
20826 66
20827 85
20828 80
20829 67
20830 57
20831 54
20832 55
20833 62
20834 56
20835 73
20836 71
20837 63
20838 58
20839 64
20840 56
20841 59
20842 52
20843 62
20844 42
20845 35
20846 39
20847 57
20848 53
20849 65
20850 62
20851 61
20852 55
20853 53
20854 55
20855 57
20856 57
20857 66
20858 62
20859 63
20860 67
20861 66
20862 62
20863 72
20864 55
20865 50
20866 61
20867 66
20868 57
20869 72
20870 62
20871 58
20872 41
20873 43
20874 51
20875 50
20876 63
20877 61
20878 73
20879 65
20880 58
20881 52
20882 58
20883 60
20884 64
20885 53
20886 58
20887 69
20888 56
20889 50
20890 59
20891 64
20892 62
20893 67
20894 63
20895 69
20896 57
20897 70
20898 69
20899 66
20900 67
20901 59
20902 59
20903 56
20904 60
20905 65
20906 55
20907 75
20908 63
20909 62
20910 66
20911 60
20912 62
20913 72
20914 71
20915 68
20916 60
20917 49
20918 64
20919 71
20920 59
20921 68
20922 71
20923 69
20924 56
20925 61
20926 51
20927 51
20928 54
20929 67
20930 62
20931 79
20932 69
20933 67
20934 64
20935 52
20936 58
20937 60
20938 57
20939 63
20940 63
20941 53
20942 56
20943 65
20944 74
20945 65
20946 62
20947 70
20948 64
20949 57
20950 61
20951 58
20952 59
20953 66
20954 75
20955 60
20956 57
20957 57
20958 58
20959 62
20960 64
20961 72
20962 66
20963 64
20964 67
20965 61
20966 56
20967 52
20968 51
20969 65
20970 56
20971 56
20972 57
20973 75
20974 77
20975 68
20976 69
20977 65
20978 64
20979 54
20980 61
20981 55
20982 71
20983 69
20984 57
20985 52
20986 41
20987 52
20988 54
20989 57
20990 56
20991 59
20992 65
20993 53
20994 68
20995 62
20996 72
20997 68
20998 53
20999 61
21000 50
21001 65
21002 73
21003 66
21004 67
21005 58
21006 65
21007 73
21008 68
21009 64
21010 55
21011 39
21012 47
21013 53
21014 55
21015 57
21016 57
21017 49
21018 47
21019 59
21020 48
21021 44
21022 52
21023 52
21024 54
21025 55
21026 65
21027 62
21028 62
21029 52
21030 68
21031 80
21032 63
21033 64
21034 63
21035 54
21036 62
21037 56
21038 62
21039 72
21040 59
21041 67
21042 68
21043 61
21044 72
21045 71
21046 69
21047 61
21048 70
21049 67
21050 53
21051 62
21052 60
21053 55
21054 61
21055 71
21056 69
21057 65
21058 75
21059 62
21060 61
21061 51
21062 44
21063 48
21064 62
21065 65
21066 59
21067 61
21068 70
21069 68
21070 53
21071 48
21072 37
21073 36
21074 37
21075 38
21076 50
21077 46
21078 66
21079 51
21080 50
21081 48
21082 56
21083 58
21084 53
21085 50
21086 63
21087 59
21088 73
21089 70
21090 60
21091 56
21092 60
21093 55
21094 57
21095 58
21096 64
21097 58
21098 56
21099 54
21100 67
21101 57
21102 59
21103 55
21104 63
21105 73
21106 56
21107 53
21108 57
21109 51
21110 53
21111 61
21112 62
21113 69
21114 75
21115 71
21116 69
21117 64
21118 66
21119 58
21120 57
21121 60
21122 60
21123 52
21124 56
21125 50
21126 52
21127 64
21128 64
21129 53
21130 46
21131 36
21132 33
21133 37
21134 41
21135 54
21136 57
21137 67
21138 70
21139 66
21140 59
21141 47
21142 54
21143 52
21144 47
21145 52
21146 71
21147 52
21148 48
21149 61
21150 63
21151 58
21152 57
21153 68
21154 64
21155 64
21156 61
21157 59
21158 58
21159 63
21160 59
21161 52
21162 54
21163 59
21164 45
21165 62
21166 75
21167 63
21168 62
21169 67
21170 63
21171 57
21172 63
21173 52
21174 62
21175 66
21176 58
21177 48
21178 46
21179 66
21180 63
21181 70
21182 73
21183 58
21184 56
21185 48
21186 58
21187 61
21188 55
21189 75
21190 60
21191 66
21192 49
21193 61
21194 62
21195 63
21196 78
21197 61
21198 60
21199 66
21200 74
21201 56
21202 49
21203 58
21204 62
21205 71
21206 57
21207 54
21208 47
21209 60
21210 63
21211 64
21212 59
21213 72
21214 67
21215 67
21216 61
21217 62
21218 52
21219 68
21220 56
21221 52
21222 43
21223 34
21224 21
21225 39
21226 53
21227 55
21228 66
21229 64
21230 59
21231 62
21232 66
21233 56
21234 45
21235 35
21236 53
21237 66
21238 66
21239 66
21240 61
21241 64
21242 60
21243 73
21244 55
21245 54
21246 51
21247 71
21248 60
21249 64
21250 58
21251 64
21252 59
21253 42
21254 52
21255 48
21256 49
21257 33
21258 49
21259 59
21260 58
21261 52
21262 58
21263 49
21264 59
21265 68
21266 56
21267 47
21268 57
21269 65
21270 59
21271 52
21272 64
21273 60
21274 79
21275 63
21276 62
21277 63
21278 64
21279 63
21280 60
21281 66
21282 60
21283 61
21284 69
21285 68
21286 55
21287 60
21288 68
21289 63
21290 72
21291 64
21292 48
21293 54
21294 59
21295 57
21296 49
21297 53
21298 49
21299 57
21300 65
21301 69
21302 70
21303 57
21304 58
21305 49
21306 50
21307 53
21308 64
21309 71
21310 68
21311 62
21312 63
21313 50
21314 60
21315 54
21316 50
21317 65
21318 66
21319 50
21320 51
21321 57
21322 59
21323 52
21324 50
21325 60
21326 55
21327 53
21328 46
21329 50
21330 52
21331 64
21332 68
21333 58
21334 61
21335 65
21336 59
21337 63
21338 72
21339 70
21340 71
21341 67
21342 70
21343 63
21344 59
21345 60
21346 65
21347 62
21348 61
21349 65
21350 55
21351 39
21352 54
21353 58
21354 54
21355 52
21356 61
21357 64
21358 49
21359 47
21360 51
21361 52
21362 46
21363 52
21364 60
21365 50
21366 54
21367 64
21368 54
21369 56
21370 66
21371 67
21372 57
21373 71
21374 58
21375 64
21376 61
21377 58
21378 65
21379 49
21380 61
21381 61
21382 60
21383 58
21384 53
21385 56
21386 74
21387 77
21388 76
21389 58
21390 74
21391 66
21392 63
21393 69
21394 61
21395 62
21396 52
21397 61
21398 68
21399 82
21400 66
21401 53
21402 66
21403 61
21404 54
21405 51
21406 47
21407 44
21408 49
21409 51
21410 49
21411 31
21412 39
21413 45
21414 50
21415 53
21416 54
21417 59
21418 77
21419 68
21420 72
21421 70
21422 63
21423 62
21424 62
21425 60
21426 56
21427 57
21428 64
21429 68
21430 66
21431 63
21432 65
21433 60
21434 61
21435 70
21436 54
21437 54
21438 57
21439 49
21440 43
21441 46
21442 62
21443 50
21444 69
21445 68
21446 65
21447 64
21448 62
21449 59
21450 51
21451 56
21452 62
21453 57
21454 59
21455 70
21456 55
21457 51
21458 63
21459 52
21460 54
21461 62
21462 71
21463 55
21464 64
21465 61
21466 69
21467 64
21468 62
21469 63
21470 64
21471 55
21472 53
21473 62
21474 54
21475 60
21476 59
21477 60
21478 58
21479 55
21480 59
21481 58
21482 67
21483 63
21484 57
21485 52
21486 59
21487 68
21488 69
21489 72
21490 65
21491 66
21492 73
21493 53
21494 44
21495 42
21496 47
21497 56
21498 54
21499 58
21500 65
21501 64
21502 68
21503 67
21504 59
21505 55
21506 64
21507 54
21508 59
21509 50
21510 39
21511 38
21512 54
21513 65
21514 73
21515 65
21516 60
21517 62
21518 54
21519 65
21520 61
21521 62
21522 61
21523 74
21524 62
21525 59
21526 53
21527 43
21528 54
21529 45
21530 54
21531 58
21532 61
21533 59
21534 61
21535 54
21536 53
21537 54
21538 64
21539 65
21540 77
21541 67
21542 57
21543 65
21544 56
21545 38
21546 55
21547 61
21548 63
21549 60
21550 63
21551 62
21552 64
21553 53
21554 49
21555 53
21556 63
21557 66
21558 65
21559 70
21560 64
21561 56
21562 55
21563 47
21564 48
21565 47
21566 50
21567 54
21568 53
21569 65
21570 52
21571 65
21572 53
21573 59
21574 74
21575 77
21576 74
21577 69
21578 67
21579 61
21580 58
21581 57
21582 54
21583 61
21584 59
21585 62
21586 55
21587 63
21588 64
21589 62
21590 63
21591 60
21592 50
21593 51
21594 56
21595 63
21596 72
21597 70
21598 59
21599 57
21600 74
21601 64
21602 60
21603 65
21604 59
21605 61
21606 58
21607 66
21608 66
21609 69
21610 61
21611 51
21612 60
21613 68
21614 60
21615 57
21616 67
21617 68
21618 58
21619 49
21620 50
21621 67
21622 63
21623 59
21624 67
21625 60
21626 56
21627 45
21628 50
21629 49
21630 41
21631 56
21632 52
21633 58
21634 68
21635 70
21636 67
21637 47
21638 56
21639 37
21640 39
21641 49
21642 52
21643 61
21644 50
21645 68
21646 59
21647 57
21648 63
21649 59
21650 61
21651 64
21652 65
21653 69
21654 53
21655 50
21656 49
21657 48
21658 57
21659 55
21660 48
21661 56
21662 67
21663 57
21664 49
21665 61
21666 66
21667 71
21668 66
21669 61
21670 63
21671 59
21672 51
21673 54
21674 47
21675 54
21676 67
21677 49
21678 53
21679 64
21680 58
21681 60
21682 55
21683 51
21684 61
21685 61
21686 62
21687 67
21688 54
21689 57
21690 55
21691 52
21692 63
21693 63
21694 62
21695 76
21696 63
21697 62
21698 65
21699 63
21700 52
21701 54
21702 62
21703 59
21704 58
21705 57
21706 57
21707 66
21708 62
21709 64
21710 55
21711 67
21712 68
21713 63
21714 62
21715 61
21716 50
21717 62
21718 57
21719 54
21720 57
21721 59
21722 55
21723 46
21724 61
21725 50
21726 58
21727 64
21728 66
21729 59
21730 58
21731 59
21732 53
21733 61
21734 67
21735 58
21736 49
21737 58
21738 48
21739 61
21740 62
21741 66
21742 65
21743 58
21744 62
21745 67
21746 66
21747 65
21748 60
21749 59
21750 61
21751 68
21752 64
21753 61
21754 61
21755 60
21756 62
21757 59
21758 55
21759 64
21760 71
21761 59
21762 52
21763 59
21764 58
21765 65
21766 71
21767 65
21768 50
21769 57
21770 60
21771 62
21772 63
21773 59
21774 55
21775 66
21776 74
21777 70
21778 62
21779 67
21780 72
21781 66
21782 69
21783 74
21784 71
21785 59
21786 48
21787 62
21788 61
21789 61
21790 59
21791 55
21792 53
21793 54
21794 61
21795 66
21796 56
21797 49
21798 51
21799 58
21800 42
21801 43
21802 57
21803 71
21804 63
21805 67
21806 53
21807 61
21808 67
21809 62
21810 67
21811 64
21812 58
21813 57
21814 72
21815 70
21816 58
21817 65
21818 64
21819 75
21820 68
21821 60
21822 63
21823 75
21824 76
21825 74
21826 63
21827 83
21828 70
21829 62
21830 60
21831 50
21832 57
21833 49
21834 56
21835 59
21836 67
21837 67
21838 67
21839 63
21840 53
21841 68
21842 57
21843 67
21844 64
21845 59
21846 49
21847 58
21848 45
21849 40
21850 30
21851 33
21852 42
21853 51
21854 53
21855 47
21856 55
21857 59
21858 60
21859 60
21860 53
21861 54
21862 56
21863 63
21864 57
21865 43
21866 44
21867 36
21868 25
21869 24
21870 13
21871 32
21872 38
21873 47
21874 56
21875 62
21876 71
21877 75
21878 61
21879 54
21880 52
21881 58
21882 67
21883 54
21884 67
21885 62
21886 59
21887 75
21888 68
21889 62
21890 68
21891 52
21892 54
21893 56
21894 61
21895 60
21896 57
21897 56
21898 67
21899 60
21900 57
21901 38
21902 49
21903 51
21904 64
21905 65
21906 58
21907 62
21908 66
21909 64
21910 60
21911 59
21912 60
21913 59
21914 61
21915 60
21916 48
21917 52
21918 52
21919 51
21920 64
21921 76
21922 61
21923 66
21924 60
21925 52
21926 61
21927 68
21928 68
21929 69
21930 59
21931 67
21932 63
21933 53
21934 67
21935 63
21936 58
21937 63
21938 58
21939 69
21940 54
21941 50
21942 51
21943 63
21944 57
21945 52
21946 60
21947 54
21948 53
21949 58
21950 67
21951 62
21952 61
21953 60
21954 55
21955 57
21956 59
21957 45
21958 25
21959 29
21960 42
21961 60
21962 54
21963 59
21964 61
21965 46
21966 47
21967 54
21968 60
21969 51
21970 56
21971 58
21972 61
21973 64
21974 49
21975 62
21976 61
21977 68
21978 49
21979 55
21980 60
21981 74
21982 72
21983 54
21984 63
21985 62
21986 65
21987 57
21988 58
21989 59
21990 56
21991 57
21992 66
21993 70
21994 65
21995 46
21996 56
21997 64
21998 52
21999 57
22000 62
22001 62
22002 59
22003 66
22004 65
22005 68
22006 62
22007 67
22008 57
22009 66
22010 67
22011 65
22012 64
22013 67
22014 58
22015 51
22016 48
22017 57
22018 42
22019 55
22020 51
22021 56
22022 70
22023 58
22024 54
22025 58
22026 57
22027 59
22028 59
22029 47
22030 62
22031 66
22032 62
22033 60
22034 62
22035 68
22036 69
22037 55
22038 60
22039 61
22040 61
22041 64
22042 61
22043 56
22044 61
22045 56
22046 64
22047 69
22048 61
22049 65
22050 67
22051 57
22052 60
22053 71
22054 54
22055 61
22056 59
22057 57
22058 56
22059 56
22060 65
22061 56
22062 59
22063 54
22064 56
22065 48
22066 61
22067 60
22068 50
22069 46
22070 47
22071 51
22072 59
22073 58
22074 56
22075 57
22076 62
22077 65
22078 71
22079 61
22080 58
22081 60
22082 64
22083 66
22084 70
22085 70
22086 64
22087 52
22088 52
22089 43
22090 48
22091 59
22092 65
22093 58
22094 60
22095 61
22096 64
22097 67
22098 59
22099 53
22100 67
22101 55
22102 63
22103 46
22104 49
22105 63
22106 61
22107 62
22108 75
22109 67
22110 60
22111 66
22112 63
22113 66
22114 62
22115 67
22116 67
22117 68
22118 64
22119 57
22120 60
22121 58
22122 67
22123 64
22124 70
22125 56
22126 63
22127 71
22128 63
22129 57
22130 55
22131 58
22132 61
22133 61
22134 64
22135 66
22136 64
22137 62
22138 56
22139 47
22140 39
22141 49
22142 69
22143 71
22144 67
22145 62
22146 64
22147 69
22148 69
22149 67
22150 52
22151 49
22152 60
22153 64
22154 60
22155 57
22156 61
22157 71
22158 78
22159 89
22160 71
22161 63
22162 56
22163 65
22164 70
22165 60
22166 57
22167 54
22168 70
22169 59
22170 70
22171 80
22172 71
22173 69
22174 63
22175 54
22176 56
22177 59
22178 54
22179 38
22180 32
22181 39
22182 56
22183 51
22184 52
22185 58
22186 51
22187 60
22188 51
22189 62
22190 60
22191 62
22192 57
22193 62
22194 61
22195 54
22196 44
22197 53
22198 51
22199 58
22200 57
22201 56
22202 51
22203 53
22204 61
22205 60
22206 59
22207 59
22208 68
22209 66
22210 68
22211 62
22212 46
22213 48
22214 55
22215 58
22216 70
22217 62
22218 50
22219 61
22220 68
22221 55
22222 61
22223 60
22224 53
22225 57
22226 71
22227 60
22228 53
22229 55
22230 64
22231 51
22232 49
22233 55
22234 59
22235 59
22236 66
22237 64
22238 81
22239 72
22240 66
22241 72
22242 69
22243 58
22244 66
22245 61
22246 57
22247 40
22248 50
22249 57
22250 57
22251 55
22252 55
22253 49
22254 55
22255 50
22256 49
22257 46
22258 49
22259 66
22260 61
22261 61
22262 70
22263 66
22264 61
22265 63
22266 66
22267 50
22268 58
22269 57
22270 59
22271 60
22272 63
22273 68
22274 75
22275 71
22276 62
22277 60
22278 50
22279 63
22280 62
22281 55
22282 62
22283 55
22284 68
22285 69
22286 52
22287 60
22288 46
22289 55
22290 49
22291 64
22292 55
22293 53
22294 56
22295 68
22296 65
22297 69
22298 63
22299 62
22300 60
22301 58
22302 56
22303 60
22304 68
22305 68
22306 51
22307 56
22308 54
22309 52
22310 53
22311 62
22312 69
22313 56
22314 40
22315 39
22316 42
22317 56
22318 57
22319 61
22320 65
22321 59
22322 62
22323 62
22324 61
22325 55
22326 50
22327 54
22328 58
22329 64
22330 65
22331 61
22332 57
22333 43
22334 60
22335 65
22336 66
22337 68
22338 57
22339 61
22340 66
22341 55
22342 59
22343 57
22344 54
22345 56
22346 61
22347 58
22348 51
22349 38
22350 56
22351 57
22352 61
22353 58
22354 59
22355 59
22356 60
22357 58
22358 50
22359 46
22360 53
22361 61
22362 63
22363 57
22364 67
22365 63
22366 59
22367 60
22368 75
22369 72
22370 67
22371 54
22372 58
22373 55
22374 64
22375 70
22376 59
22377 57
22378 64
22379 66
22380 57
22381 51
22382 61
22383 67
22384 68
22385 70
22386 73
22387 60
22388 66
22389 61
22390 69
22391 65
22392 58
22393 57
22394 65
22395 60
22396 65
22397 54
22398 57
22399 66
22400 64
22401 58
22402 56
22403 59
22404 66
22405 61
22406 59
22407 68
22408 63
22409 55
22410 69
22411 68
22412 60
22413 60
22414 59
22415 52
22416 48
22417 55
22418 63
22419 47
22420 65
22421 63
22422 56
22423 43
22424 41
22425 56
22426 67
22427 53
22428 63
22429 62
22430 60
22431 66
22432 70
22433 54
22434 64
22435 45
22436 43
22437 54
22438 61
22439 64
22440 67
22441 62
22442 64
22443 76
22444 61
22445 65
22446 63
22447 56
22448 54
22449 47
22450 41
22451 42
22452 46
22453 57
22454 66
22455 72
22456 68
22457 55
22458 62
22459 65
22460 67
22461 57
22462 59
22463 48
22464 53
22465 63
22466 80
22467 73
22468 62
22469 62
22470 55
22471 47
22472 54
22473 58
22474 68
22475 68
22476 71
22477 69
22478 58
22479 59
22480 79
22481 79
22482 70
22483 75
22484 63
22485 63
22486 71
22487 58
22488 50
22489 48
22490 50
22491 53
22492 60
22493 56
22494 62
22495 60
22496 60
22497 60
22498 57
22499 67
22500 57
22501 53
22502 44
22503 54
22504 60
22505 59
22506 64
22507 48
22508 52
22509 53
22510 59
22511 53
22512 70
22513 60
22514 67
22515 55
22516 48
22517 50
22518 54
22519 71
22520 64
22521 59
22522 52
22523 49
22524 56
22525 54
22526 62
22527 74
22528 60
22529 62
22530 71
22531 64
22532 68
22533 56
22534 46
22535 41
22536 48
22537 52
22538 60
22539 51
22540 63
22541 63
22542 59
22543 50
22544 61
22545 60
22546 71
22547 51
22548 50
22549 58
22550 64
22551 57
22552 56
22553 61
22554 57
22555 60
22556 70
22557 60
22558 62
22559 58
22560 61
22561 59
22562 54
22563 58
22564 49
22565 51
22566 58
22567 56
22568 61
22569 57
22570 43
22571 56
22572 62
22573 55
22574 56
22575 57
22576 68
22577 62
22578 73
22579 77
22580 69
22581 62
22582 49
22583 69
22584 66
22585 62
22586 64
22587 58
22588 56
22589 60
22590 60
22591 70
22592 54
22593 64
22594 71
22595 62
22596 54
22597 53
22598 60
22599 59
22600 56
22601 60
22602 62
22603 72
22604 61
22605 73
22606 56
22607 63
22608 61
22609 56
22610 59
22611 55
22612 74
22613 74
22614 60
22615 56
22616 59
22617 63
22618 48
22619 47
22620 37
22621 50
22622 56
22623 62
22624 67
22625 68
22626 61
22627 63
22628 70
22629 65
22630 61
22631 59
22632 65
22633 69
22634 66
22635 67
22636 58
22637 56
22638 53
22639 62
22640 56
22641 54
22642 42
22643 55
22644 65
22645 66
22646 58
22647 55
22648 66
22649 56
22650 55
22651 63
22652 55
22653 53
22654 54
22655 43
22656 62
22657 53
22658 62
22659 67
22660 64
22661 63
22662 59
22663 59
22664 57
22665 62
22666 68
22667 65
22668 64
22669 72
22670 53
22671 59
22672 50
22673 58
22674 64
22675 57
22676 55
22677 53
22678 52
22679 63
22680 57
22681 58
22682 62
22683 60
22684 44
22685 45
22686 53
22687 53
22688 50
22689 56
22690 57
22691 58
22692 60
22693 66
22694 60
22695 57
22696 62
22697 61
22698 64
22699 66
22700 62
22701 50
22702 68
22703 60
22704 60
22705 70
22706 61
22707 58
22708 66
22709 62
22710 59
22711 55
22712 57
22713 61
22714 53
22715 48
22716 47
22717 54
22718 59
22719 59
22720 69
22721 78
22722 62
22723 62
22724 67
22725 68
22726 65
22727 62
22728 54
22729 62
22730 51
22731 45
22732 47
22733 57
22734 59
22735 57
22736 53
22737 42
22738 60
22739 55
22740 58
22741 54
22742 59
22743 58
22744 54
22745 65
22746 70
22747 79
22748 60
22749 65
22750 63
22751 62
22752 69
22753 67
22754 55
22755 60
22756 61
22757 49
22758 58
22759 63
22760 52
22761 51
22762 62
22763 57
22764 70
22765 68
22766 66
22767 60
22768 54
22769 47
22770 49
22771 53
22772 53
22773 71
22774 69
22775 58
22776 51
22777 43
22778 56
22779 62
22780 54
22781 55
22782 54
22783 48
22784 58
22785 48
22786 57
22787 64
22788 61
22789 80
22790 76
22791 73
22792 71
22793 66
22794 64
22795 66
22796 57
22797 55
22798 53
22799 67
22800 58
22801 54
22802 62
22803 46
22804 57
22805 62
22806 68
22807 60
22808 68
22809 57
22810 59
22811 59
22812 57
22813 58
22814 65
22815 71
22816 63
22817 60
22818 42
22819 41
22820 45
22821 58
22822 56
22823 58
22824 57
22825 51
22826 53
22827 45
22828 49
22829 56
22830 50
22831 57
22832 60
22833 50
22834 65
22835 70
22836 72
22837 64
22838 58
22839 61
22840 56
22841 58
22842 56
22843 50
22844 68
22845 61
22846 68
22847 65
22848 46
22849 52
22850 66
22851 67
22852 55
22853 47
22854 53
22855 64
22856 58
22857 65
22858 64
22859 64
22860 63
22861 67
22862 80
22863 62
22864 53
22865 53
22866 48
22867 43
22868 46
22869 58
22870 65
22871 67
22872 53
22873 52
22874 48
22875 63
22876 51
22877 59
22878 57
22879 67
22880 65
22881 60
22882 67
22883 54
22884 57
22885 52
22886 59
22887 53
22888 43
22889 55
22890 66
22891 60
22892 63
22893 71
22894 62
22895 49
22896 61
22897 54
22898 57
22899 63
22900 60
22901 59
22902 56
22903 64
22904 69
22905 59
22906 73
22907 63
22908 68
22909 61
22910 58
22911 70
22912 62
22913 59
22914 62
22915 63
22916 67
22917 57
22918 63
22919 64
22920 61
22921 56
22922 53
22923 57
22924 59
22925 54
22926 53
22927 56
22928 38
22929 37
22930 47
22931 51
22932 59
22933 73
22934 78
22935 66
22936 58
22937 46
22938 45
22939 56
22940 69
22941 66
22942 57
22943 67
22944 60
22945 54
22946 70
22947 64
22948 76
22949 71
22950 60
22951 56
22952 68
22953 68
22954 57
22955 66
22956 56
22957 46
22958 41
22959 39
22960 44
22961 62
22962 65
22963 61
22964 60
22965 60
22966 74
22967 59
22968 40
22969 57
22970 72
22971 74
22972 58
22973 58
22974 54
22975 59
22976 61
22977 55
22978 54
22979 64
22980 55
22981 44
22982 58
22983 58
22984 67
22985 72
22986 57
22987 58
22988 58
22989 55
22990 47
22991 41
22992 55
22993 57
22994 55
22995 55
22996 45
22997 59
22998 63
22999 65
23000 61
23001 58
23002 57
23003 67
23004 57
23005 73
23006 63
23007 60
23008 60
23009 58
23010 65
23011 60
23012 52
23013 57
23014 65
23015 70
23016 64
23017 76
23018 68
23019 57
23020 48
23021 67
23022 63
23023 60
23024 52
23025 58
23026 64
23027 49
23028 46
23029 50
23030 55
23031 59
23032 63
23033 61
23034 69
23035 61
23036 54
23037 52
23038 58
23039 51
23040 61
23041 50
23042 56
23043 62
23044 61
23045 66
23046 51
23047 62
23048 55
23049 64
23050 55
23051 64
23052 59
23053 62
23054 61
23055 68
23056 60
23057 49
23058 59
23059 58
23060 71
23061 56
23062 63
23063 58
23064 50
23065 57
23066 52
23067 62
23068 55
23069 67
23070 57
23071 61
23072 57
23073 63
23074 78
23075 71
23076 67
23077 67
23078 60
23079 64
23080 59
23081 58
23082 66
23083 53
23084 63
23085 67
23086 69
23087 66
23088 58
23089 65
23090 62
23091 58
23092 50
23093 48
23094 43
23095 39
23096 45
23097 55
23098 59
23099 65
23100 68
23101 72
23102 62
23103 61
23104 54
23105 62
23106 60
23107 61
23108 61
23109 64
23110 58
23111 64
23112 64
23113 72
23114 67
23115 76
23116 73
23117 54
23118 72
23119 69
23120 73
23121 64
23122 66
23123 75
23124 63
23125 55
23126 48
23127 43
23128 28
23129 29
23130 42
23131 58
23132 50
23133 45
23134 49
23135 52
23136 53
23137 54
23138 59
23139 57
23140 59
23141 59
23142 69
23143 68
23144 63
23145 62
23146 68
23147 60
23148 63
23149 63
23150 54
23151 48
23152 60
23153 46
23154 40
23155 58
23156 78
23157 68
23158 65
23159 62
23160 53
23161 48
23162 57
23163 62
23164 59
23165 52
23166 53
23167 68
23168 62
23169 63
23170 53
23171 54
23172 65
23173 49
23174 48
23175 58
23176 62
23177 55
23178 56
23179 51
23180 57
23181 49
23182 51
23183 55
23184 43
23185 61
23186 65
23187 50
23188 48
23189 61
23190 64
23191 58
23192 59
23193 57
23194 74
23195 60
23196 58
23197 50
23198 59
23199 49
23200 55
23201 54
23202 56
23203 66
23204 64
23205 63
23206 56
23207 66
23208 49
23209 63
23210 62
23211 61
23212 62
23213 64
23214 59
23215 59
23216 60
23217 61
23218 63
23219 63
23220 48
23221 56
23222 69
23223 64
23224 68
23225 75
23226 62
23227 59
23228 62
23229 56
23230 57
23231 59
23232 67
23233 62
23234 55
23235 46
23236 53
23237 60
23238 67
23239 56
23240 63
23241 46
23242 59
23243 62
23244 64
23245 77
23246 63
23247 62
23248 66
23249 51
23250 52
23251 54
23252 48
23253 50
23254 55
23255 63
23256 61
23257 48
23258 44
23259 55
23260 58
23261 55
23262 53
23263 60
23264 63
23265 64
23266 66
23267 64
23268 63
23269 62
23270 61
23271 62
23272 68
23273 60
23274 43
23275 45
23276 55
23277 55
23278 54
23279 61
23280 59
23281 60
23282 62
23283 61
23284 67
23285 55
23286 58
23287 45
23288 47
23289 59
23290 61
23291 53
23292 52
23293 66
23294 50
23295 55
23296 56
23297 63
23298 70
23299 67
23300 72
23301 68
23302 64
23303 64
23304 64
23305 58
23306 57
23307 65
23308 65
23309 65
23310 69
23311 55
23312 56
23313 60
23314 59
23315 64
23316 62
23317 51
23318 49
23319 69
23320 71
23321 61
23322 63
23323 62
23324 72
23325 54
23326 52
23327 53
23328 57
23329 64
23330 71
23331 69
23332 59
23333 65
23334 70
23335 62
23336 72
23337 69
23338 71
23339 64
23340 68
23341 52
23342 71
23343 64
23344 73
23345 55
23346 66
23347 70
23348 63
23349 69
23350 69
23351 65
23352 68
23353 65
23354 61
23355 54
23356 65
23357 61
23358 62
23359 72
23360 74
23361 55
23362 51
23363 40
23364 51
23365 51
23366 70
23367 64
23368 72
23369 73
23370 65
23371 48
23372 51
23373 38
23374 52
23375 60
23376 57
23377 65
23378 67
23379 56
23380 49
23381 48
23382 61
23383 62
23384 68
23385 60
23386 50
23387 57
23388 64
23389 61
23390 67
23391 61
23392 48
23393 33
23394 47
23395 56
23396 61
23397 62
23398 55
23399 50
23400 38
23401 53
23402 48
23403 56
23404 56
23405 70
23406 66
23407 51
23408 64
23409 70
23410 55
23411 54
23412 50
23413 52
23414 48
23415 45
23416 44
23417 36
23418 56
23419 66
23420 63
23421 58
23422 58
23423 50
23424 61
23425 59
23426 55
23427 57
23428 62
23429 56
23430 52
23431 47
23432 48
23433 65
23434 59
23435 57
23436 60
23437 60
23438 66
23439 62
23440 61
23441 51
23442 59
23443 61
23444 57
23445 68
23446 65
23447 51
23448 44
23449 56
23450 59
23451 57
23452 60
23453 58
23454 59
23455 55
23456 73
23457 70
23458 77
23459 77
23460 64
23461 65
23462 68
23463 52
23464 43
23465 56
23466 52
23467 60
23468 56
23469 61
23470 66
23471 63
23472 46
23473 65
23474 54
23475 49
23476 51
23477 60
23478 68
23479 63
23480 66
23481 58
23482 63
23483 64
23484 69
23485 52
23486 65
23487 65
23488 53
23489 61
23490 52
23491 48
23492 43
23493 49
23494 46
23495 52
23496 56
23497 55
23498 54
23499 62
23500 50
23501 52
23502 54
23503 66
23504 59
23505 54
23506 62
23507 60
23508 63
23509 69
23510 65
23511 64
23512 52
23513 56
23514 59
23515 48
23516 61
23517 59
23518 46
23519 54
23520 66
23521 66
23522 59
23523 60
23524 56
23525 52
23526 50
23527 45
23528 49
23529 54
23530 53
23531 51
23532 49
23533 55
23534 57
23535 53
23536 47
23537 48
23538 59
23539 57
23540 54
23541 70
23542 61
23543 51
23544 46
23545 62
23546 55
23547 59
23548 60
23549 64
23550 75
23551 71
23552 63
23553 50
23554 62
23555 49
23556 56
23557 65
23558 61
23559 59
23560 51
23561 60
23562 58
23563 63
23564 60
23565 57
23566 48
23567 52
23568 56
23569 50
23570 43
23571 35
23572 48
23573 63
23574 55
23575 50
23576 64
23577 66
23578 56
23579 68
23580 61
23581 47
23582 48
23583 62
23584 58
23585 68
23586 54
23587 58
23588 60
23589 68
23590 66
23591 72
23592 61
23593 68
23594 67
23595 61
23596 57
23597 56
23598 65
23599 61
23600 66
23601 59
23602 49
23603 55
23604 53
23605 50
23606 48
23607 62
23608 78
23609 65
23610 55
23611 63
23612 66
23613 65
23614 59
23615 65
23616 60
23617 52
23618 59
23619 55
23620 54
23621 61
23622 67
23623 67
23624 55
23625 62
23626 58
23627 54
23628 66
23629 60
23630 63
23631 64
23632 53
23633 48
23634 49
23635 58
23636 57
23637 53
23638 60
23639 58
23640 58
23641 60
23642 67
23643 57
23644 58
23645 56
23646 58
23647 51
23648 44
23649 45
23650 54
23651 57
23652 70
23653 53
23654 52
23655 58
23656 47
23657 57
23658 62
23659 66
23660 57
23661 56
23662 62
23663 58
23664 49
23665 57
23666 67
23667 66
23668 69
23669 57
23670 70
23671 66
23672 56
23673 53
23674 62
23675 69
23676 58
23677 49
23678 41
23679 40
23680 43
23681 60
23682 59
23683 69
23684 63
23685 59
23686 62
23687 65
23688 68
23689 55
23690 60
23691 65
23692 63
23693 67
23694 68
23695 57
23696 53
23697 61
23698 57
23699 59
23700 47
23701 57
23702 68
23703 64
23704 60
23705 55
23706 42
23707 41
23708 47
23709 50
23710 53
23711 58
23712 62
23713 62
23714 68
23715 63
23716 59
23717 54
23718 56
23719 60
23720 59
23721 60
23722 62
23723 59
23724 59
23725 68
23726 57
23727 58
23728 53
23729 45
23730 44
23731 48
23732 60
23733 63
23734 60
23735 59
23736 56
23737 58
23738 65
23739 66
23740 64
23741 53
23742 59
23743 61
23744 62
23745 61
23746 57
23747 59
23748 60
23749 58
23750 56
23751 57
23752 51
23753 45
23754 40
23755 55
23756 60
23757 72
23758 67
23759 54
23760 57
23761 44
23762 43
23763 45
23764 56
23765 62
23766 66
23767 63
23768 65
23769 59
23770 63
23771 50
23772 46
23773 56
23774 63
23775 56
23776 68
23777 62
23778 57
23779 51
23780 42
23781 44
23782 64
23783 56
23784 53
23785 57
23786 65
23787 75
23788 70
23789 57
23790 51
23791 53
23792 62
23793 63
23794 60
23795 42
23796 50
23797 52
23798 68
23799 64
23800 70
23801 62
23802 66
23803 56
23804 57
23805 61
23806 49
23807 60
23808 51
23809 56
23810 62
23811 62
23812 54
23813 72
23814 56
23815 39
23816 58
23817 59
23818 63
23819 56
23820 56
23821 46
23822 48
23823 56
23824 63
23825 64
23826 66
23827 66
23828 57
23829 62
23830 60
23831 69
23832 64
23833 56
23834 55
23835 55
23836 59
23837 61
23838 62
23839 68
23840 64
23841 54
23842 52
23843 54
23844 64
23845 69
23846 62
23847 61
23848 55
23849 61
23850 59
23851 55
23852 65
23853 64
23854 69
23855 62
23856 57
23857 59
23858 56
23859 57
23860 64
23861 60
23862 56
23863 67
23864 72
23865 71
23866 60
23867 54
23868 63
23869 68
23870 70
23871 64
23872 63
23873 62
23874 55
23875 57
23876 60
23877 66
23878 52
23879 51
23880 61
23881 67
23882 61
23883 66
23884 56
23885 53
23886 47
23887 44
23888 54
23889 45
23890 34
23891 47
23892 53
23893 66
23894 70
23895 63
23896 66
23897 65
23898 74
23899 66
23900 69
23901 65
23902 65
23903 47
23904 59
23905 60
23906 54
23907 66
23908 62
23909 54
23910 70
23911 67
23912 78
23913 60
23914 54
23915 51
23916 60
23917 57
23918 55
23919 52
23920 53
23921 55
23922 51
23923 64
23924 52
23925 39
23926 52
23927 60
23928 61
23929 56
23930 53
23931 64
23932 64
23933 55
23934 55
23935 45
23936 59
23937 45
23938 41
23939 49
23940 60
23941 62
23942 65
23943 64
23944 58
23945 54
23946 59
23947 58
23948 43
23949 52
23950 64
23951 57
23952 46
23953 43
23954 37
23955 42
23956 57
23957 65
23958 60
23959 64
23960 67
23961 68
23962 66
23963 47
23964 44
23965 61
23966 51
23967 61
23968 63
23969 65
23970 54
23971 54
23972 65
23973 71
23974 51
23975 50
23976 58
23977 59
23978 62
23979 63
23980 73
23981 67
23982 67
23983 55
23984 59
23985 54
23986 50
23987 50
23988 57
23989 53
23990 70
23991 61
23992 49
23993 40
23994 43
23995 55
23996 58
23997 53
23998 53
23999 68
24000 59
24001 58
24002 54
24003 48
24004 45
24005 50
24006 61
24007 66
24008 61
24009 60
24010 57
24011 64
24012 65
24013 69
24014 59
24015 65
24016 68
24017 64
24018 48
24019 58
24020 58
24021 52
24022 45
24023 48
24024 57
24025 54
24026 51
24027 62
24028 63
24029 65
24030 63
24031 56
24032 63
24033 56
24034 73
24035 61
24036 58
24037 59
24038 64
24039 67
24040 63
24041 61
24042 52
24043 70
24044 71
24045 70
24046 59
24047 61
24048 67
24049 60
24050 66
24051 60
24052 53
24053 51
24054 53
24055 58
24056 64
24057 63
24058 61
24059 76
24060 70
24061 58
24062 53
24063 45
24064 50
24065 53
24066 57
24067 56
24068 55
24069 61
24070 56
24071 61
24072 60
24073 59
24074 61
24075 68
24076 59
24077 70
24078 63
24079 64
24080 66
24081 62
24082 79
24083 76
24084 63
24085 60
24086 56
24087 52
24088 55
24089 60
24090 62
24091 59
24092 67
24093 50
24094 49
24095 50
24096 58
24097 65
24098 63
24099 62
24100 56
24101 62
24102 66
24103 68
24104 62
24105 51
24106 61
24107 64
24108 60
24109 62
24110 66
24111 59
24112 67
24113 73
24114 79
24115 65
24116 64
24117 61
24118 64
24119 68
24120 51
24121 62
24122 63
24123 44
24124 49
24125 57
24126 57
24127 54
24128 59
24129 56
24130 53
24131 61
24132 56
24133 70
24134 67
24135 75
24136 59
24137 62
24138 63
24139 65
24140 68
24141 57
24142 50
24143 63
24144 59
24145 71
24146 51
24147 66
24148 61
24149 66
24150 61
24151 63
24152 59
24153 53
24154 52
24155 46
24156 49
24157 66
24158 67
24159 63
24160 55
24161 57
24162 63
24163 56
24164 60
24165 64
24166 64
24167 68
24168 73
24169 60
24170 53
24171 59
24172 77
24173 80
24174 69
24175 69
24176 66
24177 55
24178 58
24179 67
24180 73
24181 70
24182 59
24183 59
24184 61
24185 45
24186 46
24187 61
24188 62
24189 64
24190 52
24191 56
24192 58
24193 59
24194 61
24195 62
24196 63
24197 66
24198 75
24199 73
24200 65
24201 67
24202 70
24203 61
24204 56
24205 73
24206 61
24207 57
24208 60
24209 60
24210 60
24211 60
24212 56
24213 69
24214 63
24215 59
24216 55
24217 54
24218 52
24219 50
24220 58
24221 66
24222 83
24223 73
24224 63
24225 44
24226 48
24227 66
24228 60
24229 66
24230 76
24231 71
24232 60
24233 59
24234 64
24235 60
24236 67
24237 64
24238 73
24239 69
24240 65
24241 64
24242 64
24243 59
24244 53
24245 51
24246 52
24247 61
24248 66
24249 64
24250 68
24251 65
24252 59
24253 57
24254 49
24255 51
24256 64
24257 71
24258 51
24259 63
24260 46
24261 63
24262 74
24263 61
24264 62
24265 65
24266 68
24267 59
24268 62
24269 61
24270 78
24271 73
24272 60
24273 53
24274 53
24275 63
24276 62
24277 61
24278 60
24279 61
24280 57
24281 61
24282 60
24283 55
24284 47
24285 46
24286 53
24287 56
24288 63
24289 66
24290 49
24291 51
24292 65
24293 64
24294 53
24295 66
24296 62
24297 52
24298 62
24299 73
24300 68
24301 61
24302 63
24303 56
24304 52
24305 49
24306 53
24307 62
24308 60
24309 66
24310 59
24311 50
24312 48
24313 55
24314 65
24315 67
24316 63
24317 62
24318 59
24319 63
24320 64
24321 62
24322 58
24323 63
24324 61
24325 60
24326 58
24327 56
24328 60
24329 51
24330 62
24331 62
24332 62
24333 64
24334 60
24335 58
24336 65
24337 57
24338 59
24339 65
24340 57
24341 62
24342 62
24343 53
24344 51
24345 57
24346 61
24347 56
24348 64
24349 60
24350 69
24351 67
24352 70
24353 67
24354 58
24355 60
24356 59
24357 68
24358 63
24359 67
24360 55
24361 65
24362 58
24363 64
24364 55
24365 49
24366 50
24367 66
24368 58
24369 54
24370 68
24371 50
24372 64
24373 58
24374 64
24375 65
24376 67
24377 62
24378 46
24379 46
24380 55
24381 60
24382 63
24383 73
24384 68
24385 51
24386 57
24387 48
24388 61
24389 68
24390 73
24391 65
24392 57
24393 52
24394 60
24395 63
24396 62
24397 54
24398 56
24399 54
24400 54
24401 55
24402 65
24403 58
24404 49
24405 56
24406 60
24407 53
24408 62
24409 59
24410 54
24411 57
24412 66
24413 56
24414 58
24415 60
24416 55
24417 41
24418 41
24419 58
24420 62
24421 61
24422 51
24423 55
24424 62
24425 60
24426 64
24427 63
24428 58
24429 58
24430 56
24431 57
24432 57
24433 53
24434 66
24435 77
24436 66
24437 72
24438 75
24439 63
24440 51
24441 60
24442 60
24443 62
24444 59
24445 65
24446 69
24447 65
24448 62
24449 64
24450 66
24451 60
24452 66
24453 74
24454 75
24455 60
24456 64
24457 67
24458 73
24459 76
24460 71
24461 75
24462 69
24463 66
24464 67
24465 64
24466 50
24467 60
24468 55
24469 71
24470 56
24471 62
24472 57
24473 64
24474 52
24475 63
24476 69
24477 62
24478 55
24479 49
24480 56
24481 50
24482 49
24483 53
24484 54
24485 65
24486 63
24487 61
24488 62
24489 64
24490 56
24491 52
24492 51
24493 51
24494 62
24495 60
24496 63
24497 58
24498 58
24499 63
24500 65
24501 69
24502 74
24503 69
24504 58
24505 55
24506 63
24507 59
24508 41
24509 39
24510 48
24511 51
24512 52
24513 44
24514 57
24515 60
24516 61
24517 58
24518 62
24519 75
24520 66
24521 61
24522 59
24523 53
24524 51
24525 45
24526 63
24527 74
24528 65
24529 65
24530 60
24531 57
24532 77
24533 67
24534 66
24535 61
24536 48
24537 64
24538 64
24539 63
24540 57
24541 72
24542 78
24543 64
24544 65
24545 66
24546 56
24547 59
24548 57
24549 53
24550 55
24551 68
24552 66
24553 69
24554 59
24555 74
24556 62
24557 67
24558 60
24559 71
24560 65
24561 71
24562 68
24563 69
24564 64
24565 73
24566 59
24567 73
24568 71
24569 75
24570 57
24571 55
24572 63
24573 69
24574 87
24575 75
24576 65
24577 62
24578 70
24579 71
24580 76
24581 61
24582 60
24583 64
24584 66
24585 58
24586 53
24587 69
24588 61
24589 58
24590 49
24591 60
24592 56
24593 60
24594 59
24595 70
24596 67
24597 57
24598 56
24599 66
24600 62
24601 50
24602 64
24603 64
24604 66
24605 72
24606 71
24607 70
24608 74
24609 57
24610 56
24611 55
24612 57
24613 59
24614 62
24615 54
24616 67
24617 64
24618 60
24619 55
24620 66
24621 61
24622 43
24623 51
24624 52
24625 57
24626 63
24627 72
24628 75
24629 58
24630 59
24631 67
24632 62
24633 54
24634 54
24635 61
24636 51
24637 58
24638 63
24639 68
24640 56
24641 59
24642 66
24643 62
24644 60
24645 54
24646 66
24647 70
24648 60
24649 62
24650 65
24651 69
24652 53
24653 64
24654 63
24655 65
24656 61
24657 54
24658 59
24659 61
24660 47
24661 49
24662 53
24663 63
24664 68
24665 64
24666 58
24667 58
24668 50
24669 53
24670 61
24671 53
24672 59
24673 51
24674 47
24675 61
24676 75
24677 61
24678 62
24679 57
24680 53
24681 63
24682 65
24683 55
24684 66
24685 58
24686 65
24687 63
24688 66
24689 63
24690 64
24691 68
24692 59
24693 66
24694 64
24695 63
24696 64
24697 67
24698 63
24699 68
24700 73
24701 85
24702 70
24703 60
24704 61
24705 64
24706 68
24707 74
24708 65
24709 59
24710 61
24711 62
24712 51
24713 62
24714 63
24715 64
24716 64
24717 54
24718 48
24719 47
24720 50
24721 59
24722 53
24723 64
24724 54
24725 51
24726 50
24727 52
24728 55
24729 73
24730 71
24731 61
24732 51
24733 43
24734 60
24735 75
24736 62
24737 52
24738 56
24739 63
24740 65
24741 63
24742 62
24743 46
24744 65
24745 62
24746 59
24747 64
24748 62
24749 80
24750 73
24751 70
24752 68
24753 57
24754 59
24755 51
24756 62
24757 46
24758 53
24759 54
24760 48
24761 53
24762 57
24763 76
24764 67
24765 65
24766 62
24767 49
24768 46
24769 43
24770 60
24771 52
24772 45
24773 49
24774 51
24775 40
24776 45
24777 54
24778 55
24779 53
24780 51
24781 65
24782 51
24783 57
24784 50
24785 53
24786 37
24787 56
24788 58
24789 63
24790 58
24791 52
24792 55
24793 50
24794 54
24795 58
24796 60
24797 62
24798 71
24799 65
24800 61
24801 70
24802 67
24803 67
24804 68
24805 61
24806 57
24807 70
24808 72
24809 72
24810 67
24811 53
24812 57
24813 57
24814 60
24815 52
24816 56
24817 59
24818 70
24819 62
24820 73
24821 70
24822 63
24823 65
24824 49
24825 43
24826 48
24827 47
24828 42
24829 46
24830 55
24831 52
24832 54
24833 46
24834 61
24835 73
24836 70
24837 85
24838 65
24839 54
24840 66
24841 74
24842 59
24843 60
24844 55
24845 60
24846 51
24847 67
24848 57
24849 56
24850 58
24851 55
24852 60
24853 56
24854 66
24855 60
24856 59
24857 57
24858 49
24859 65
24860 58
24861 57
24862 46
24863 40
24864 33
24865 19
24866 26
24867 28
24868 29
24869 36
24870 44
24871 55
24872 55
24873 59
24874 70
24875 75
24876 64
24877 60
24878 64
24879 57
24880 66
24881 63
24882 52
24883 62
24884 72
24885 66
24886 62
24887 64
24888 66
24889 56
24890 55
24891 44
24892 46
24893 44
24894 48
24895 58
24896 60
24897 63
24898 53
24899 52
24900 55
24901 61
24902 56
24903 63
24904 71
24905 64
24906 56
24907 40
24908 42
24909 43
24910 33
24911 48
24912 53
24913 59
24914 59
24915 61
24916 51
24917 52
24918 63
24919 64
24920 51
24921 63
24922 70
24923 76
24924 57
24925 59
24926 58
24927 56
24928 69
24929 57
24930 54
24931 55
24932 51
24933 61
24934 63
24935 61
24936 63
24937 56
24938 59
24939 61
24940 59
24941 68
24942 65
24943 68
24944 71
24945 65
24946 61
24947 62
24948 58
24949 54
24950 58
24951 54
24952 62
24953 63
24954 51
24955 50
24956 63
24957 65
24958 62
24959 61
24960 50
24961 55
24962 57
24963 46
24964 62
24965 54
24966 53
24967 59
24968 51
24969 47
24970 44
24971 32
24972 39
24973 57
24974 65
24975 56
24976 63
24977 45
24978 55
24979 60
24980 59
24981 57
24982 58
24983 64
24984 64
24985 67
24986 56
24987 68
24988 63
24989 70
24990 77
24991 57
24992 60
24993 64
24994 66
24995 63
24996 58
24997 60
24998 57
24999 62
25000 61
25001 70
25002 51
25003 45
25004 43
25005 56
25006 55
25007 65
25008 56
25009 71
25010 69
25011 56
25012 57
25013 58
25014 61
25015 58
25016 58
25017 59
25018 51
25019 67
25020 57
25021 56
25022 61
25023 58
25024 54
25025 48
25026 61
25027 76
25028 58
25029 62
25030 57
25031 57
25032 43
25033 58
25034 60
25035 58
25036 57
25037 55
25038 55
25039 53
25040 56
25041 62
25042 69
25043 62
25044 58
25045 68
25046 62
25047 59
25048 52
25049 57
25050 57
25051 53
25052 51
25053 42
25054 41
25055 50
25056 53
25057 41
25058 38
25059 57
25060 52
25061 62
25062 53
25063 54
25064 66
25065 67
25066 61
25067 64
25068 65
25069 66
25070 73
25071 68
25072 64
25073 63
25074 53
25075 57
25076 60
25077 51
25078 59
25079 60
25080 62
25081 55
25082 42
25083 46
25084 38
25085 51
25086 55
25087 63
25088 62
25089 56
25090 40
25091 49
25092 54
25093 57
25094 56
25095 52
25096 65
25097 61
25098 63
25099 73
25100 64
25101 52
25102 68
25103 69
25104 67
25105 83
25106 68
25107 63
25108 52
25109 54
25110 57
25111 58
25112 54
25113 47
25114 55
25115 60
25116 60
25117 54
25118 46
25119 61
25120 51
25121 61
25122 64
25123 63
25124 64
25125 59
25126 60
25127 65
25128 64
25129 55
25130 56
25131 67
25132 62
25133 65
25134 64
25135 61
25136 59
25137 63
25138 68
25139 62
25140 56
25141 64
25142 60
25143 57
25144 65
25145 52
25146 52
25147 55
25148 59
25149 56
25150 57
25151 61
25152 55
25153 51
25154 64
25155 57
25156 69
25157 62
25158 61
25159 62
25160 66
25161 60
25162 63
25163 64
25164 49
25165 50
25166 62
25167 70
25168 62
25169 47
25170 61
25171 47
25172 45
25173 58
25174 61
25175 59
25176 57
25177 53
25178 58
25179 56
25180 54
25181 53
25182 63
25183 52
25184 59
25185 67
25186 65
25187 66
25188 64
25189 49
25190 60
25191 57
25192 58
25193 59
25194 71
25195 58
25196 64
25197 64
25198 62
25199 55
25200 66
25201 67
25202 65
25203 56
25204 52
25205 52
25206 51
25207 43
25208 42
25209 46
25210 63
25211 69
25212 69
25213 50
25214 64
25215 59
25216 58
25217 65
25218 67
25219 64
25220 62
25221 61
25222 65
25223 67
25224 57
25225 50
25226 58
25227 77
25228 70
25229 64
25230 61
25231 57
25232 64
25233 69
25234 65
25235 62
25236 60
25237 68
25238 65
25239 66
25240 67
25241 66
25242 65
25243 66
25244 71
25245 59
25246 54
25247 61
25248 64
25249 54
25250 60
25251 72
25252 59
25253 57
25254 62
25255 76
25256 69
25257 59
25258 60
25259 59
25260 47
25261 59
25262 50
25263 55
25264 59
25265 46
25266 29
25267 40
25268 56
25269 66
25270 66
25271 56
25272 65
25273 68
25274 69
25275 69
25276 61
25277 60
25278 59
25279 56
25280 69
25281 53
25282 59
25283 66
25284 57
25285 65
25286 45
25287 52
25288 57
25289 64
25290 60
25291 67
25292 64
25293 62
25294 53
25295 37
25296 19
25297 32
25298 41
25299 51
25300 57
25301 69
25302 69
25303 57
25304 63
25305 64
25306 65
25307 60
25308 55
25309 58
25310 65
25311 68
25312 63
25313 60
25314 64
25315 73
25316 61
25317 63
25318 56
25319 58
25320 60
25321 65
25322 69
25323 63
25324 61
25325 57
25326 64
25327 57
25328 63
25329 67
25330 70
25331 72
25332 72
25333 62
25334 58
25335 59
25336 65
25337 67
25338 71
25339 67
25340 65
25341 61
25342 66
25343 69
25344 63
25345 56
25346 41
25347 42
25348 55
25349 68
25350 58
25351 68
25352 53
25353 52
25354 56
25355 60
25356 68
25357 66
25358 65
25359 65
25360 55
25361 60
25362 71
25363 67
25364 61
25365 69
25366 65
25367 60
25368 49
25369 60
25370 51
25371 48
25372 63
25373 60
25374 51
25375 48
25376 54
25377 57
25378 57
25379 54
25380 41
25381 24
25382 27
25383 35
25384 53
25385 67
25386 58
25387 51
25388 53
25389 68
25390 60
25391 65
25392 67
25393 71
25394 70
25395 61
25396 58
25397 43
25398 54
25399 69
25400 70
25401 66
25402 60
25403 65
25404 67
25405 59
25406 62
25407 70
25408 71
25409 64
25410 59
25411 59
25412 52
25413 59
25414 43
25415 62
25416 73
25417 61
25418 50
25419 49
25420 60
25421 59
25422 67
25423 76
25424 69
25425 56
25426 63
25427 70
25428 64
25429 56
25430 62
25431 64
25432 65
25433 65
25434 63
25435 53
25436 47
25437 51
25438 56
25439 57
25440 59
25441 55
25442 54
25443 58
25444 66
25445 55
25446 54
25447 59
25448 56
25449 59
25450 65
25451 61
25452 51
25453 53
25454 58
25455 54
25456 53
25457 47
25458 54
25459 58
25460 42
25461 43
25462 44
25463 47
25464 54
25465 62
25466 59
25467 66
25468 61
25469 56
25470 58
25471 59
25472 55
25473 49
25474 60
25475 59
25476 49
25477 37
25478 38
25479 42
25480 49
25481 51
25482 53
25483 60
25484 57
25485 64
25486 64
25487 48
25488 55
25489 58
25490 51
25491 52
25492 63
25493 59
25494 67
25495 60
25496 57
25497 57
25498 54
25499 58
25500 57
25501 48
25502 62
25503 54
25504 53
25505 55
25506 64
25507 67
25508 69
25509 66
25510 65
25511 60
25512 62
25513 60
25514 58
25515 68
25516 62
25517 62
25518 46
25519 50
25520 52
25521 61
25522 59
25523 42
25524 57
25525 65
25526 60
25527 67
25528 72
25529 69
25530 68
25531 55
25532 43
25533 51
25534 45
25535 49
25536 47
25537 37
25538 22
25539 21
25540 30
25541 49
25542 64
25543 55
25544 52
25545 42
25546 52
25547 63
25548 63
25549 51
25550 60
25551 78
25552 68
25553 59
25554 48
25555 49
25556 58
25557 66
25558 59
25559 54
25560 61
25561 58
25562 61
25563 57
25564 55
25565 62
25566 62
25567 61
25568 59
25569 51
25570 65
25571 66
25572 63
25573 63
25574 65
25575 71
25576 62
25577 64
25578 59
25579 54
25580 51
25581 48
25582 51
25583 60
25584 62
25585 63
25586 63
25587 58
25588 50
25589 40
25590 58
25591 59
25592 63
25593 58
25594 59
25595 50
25596 55
25597 64
25598 55
25599 61
25600 75
25601 70
25602 52
25603 54
25604 45
25605 43
25606 36
25607 30
25608 36
25609 37
25610 45
25611 61
25612 60
25613 66
25614 67
25615 61
25616 52
25617 56
25618 56
25619 61
25620 63
25621 57
25622 62
25623 75
25624 76
25625 66
25626 60
25627 62
25628 51
25629 49
25630 55
25631 56
25632 63
25633 63
25634 61
25635 65
25636 67
25637 70
25638 66
25639 56
25640 57
25641 69
25642 72
25643 71
25644 51
25645 60
25646 58
25647 63
25648 50
25649 53
25650 62
25651 61
25652 52
25653 55
25654 46
25655 50
25656 51
25657 64
25658 58
25659 49
25660 65
25661 71
25662 71
25663 68
25664 60
25665 57
25666 69
25667 67
25668 54
25669 56
25670 67
25671 65
25672 62
25673 76
25674 84
25675 84
25676 65
25677 52
25678 60
25679 66
25680 65
25681 62
25682 63
25683 57
25684 62
25685 62
25686 70
25687 68
25688 69
25689 67
25690 74
25691 77
25692 57
25693 70
25694 69
25695 65
25696 68
25697 56
25698 56
25699 58
25700 56
25701 58
25702 46
25703 48
25704 52
25705 63
25706 65
25707 48
25708 60
25709 63
25710 60
25711 67
25712 60
25713 58
25714 61
25715 65
25716 68
25717 72
25718 64
25719 60
25720 60
25721 66
25722 73
25723 65
25724 66
25725 62
25726 66
25727 63
25728 63
25729 55
25730 67
25731 68
25732 70
25733 60
25734 60
25735 53
25736 49
25737 59
25738 62
25739 70
25740 66
25741 60
25742 60
25743 58
25744 69
25745 65
25746 56
25747 68
25748 61
25749 62
25750 59
25751 54
25752 61
25753 63
25754 56
25755 65
25756 69
25757 66
25758 60
25759 54
25760 46
25761 53
25762 63
25763 61
25764 59
25765 69
25766 68
25767 75
25768 66
25769 65
25770 66
25771 67
25772 60
25773 66
25774 66
25775 69
25776 66
25777 59
25778 56
25779 66
25780 55
25781 56
25782 62
25783 59
25784 64
25785 53
25786 61
25787 56
25788 58
25789 76
25790 60
25791 57
25792 58
25793 59
25794 73
25795 56
25796 70
25797 70
25798 59
25799 63
25800 62
25801 61
25802 58
25803 61
25804 43
25805 47
25806 51
25807 56
25808 59
25809 75
25810 55
25811 58
25812 57
25813 56
25814 61
25815 60
25816 62
25817 58
25818 61
25819 70
25820 66
25821 69
25822 67
25823 63
25824 56
25825 59
25826 55
25827 62
25828 53
25829 64
25830 71
25831 67
25832 69
25833 72
25834 62
25835 72
25836 56
25837 43
25838 46
25839 56
25840 55
25841 56
25842 54
25843 58
25844 55
25845 61
25846 46
25847 52
25848 58
25849 61
25850 57
25851 59
25852 67
25853 60
25854 63
25855 67
25856 68
25857 56
25858 65
25859 52
25860 53
25861 54
25862 56
25863 70
25864 64
25865 59
25866 50
25867 62
25868 58
25869 60
25870 59
25871 56
25872 71
25873 81
25874 68
25875 48
25876 61
25877 67
25878 81
25879 84
25880 71
25881 58
25882 48
25883 49
25884 59
25885 65
25886 67
25887 63
25888 71
25889 65
25890 60
25891 61
25892 69
25893 66
25894 50
25895 64
25896 60
25897 57
25898 58
25899 53
25900 56
25901 62
25902 50
25903 51
25904 59
25905 59
25906 71
25907 57
25908 51
25909 68
25910 68
25911 76
25912 69
25913 79
25914 73
25915 64
25916 56
25917 57
25918 53
25919 52
25920 61
25921 77
25922 65
25923 52
25924 45
25925 49
25926 52
25927 56
25928 57
25929 62
25930 62
25931 63
25932 67
25933 70
25934 62
25935 75
25936 72
25937 66
25938 59
25939 52
25940 54
25941 60
25942 56
25943 60
25944 72
25945 67
25946 54
25947 49
25948 57
25949 65
25950 61
25951 48
25952 50
25953 50
25954 55
25955 58
25956 61
25957 63
25958 61
25959 53
25960 56
25961 52
25962 34
25963 51
25964 67
25965 64
25966 75
25967 67
25968 66
25969 64
25970 55
25971 60
25972 61
25973 54
25974 72
25975 59
25976 59
25977 58
25978 53
25979 59
25980 66
25981 61
25982 65
25983 64
25984 65
25985 61
25986 57
25987 50
25988 54
25989 52
25990 50
25991 53
25992 41
25993 50
25994 59
25995 62
25996 57
25997 54
25998 58
25999 66
26000 56
26001 61
26002 63
26003 63
26004 64
26005 55
26006 52
26007 45
26008 61
26009 62
26010 80
26011 85
26012 70
26013 67
26014 63
26015 49
26016 54
26017 55
26018 47
26019 56
26020 54
26021 62
26022 62
26023 73
26024 68
26025 58
26026 62
26027 58
26028 69
26029 58
26030 67
26031 82
26032 62
26033 61
26034 54
26035 66
26036 61
26037 56
26038 71
26039 60
26040 60
26041 60
26042 61
26043 70
26044 50
26045 58
26046 63
26047 53
26048 51
26049 57
26050 62
26051 60
26052 60
26053 55
26054 72
26055 70
26056 52
26057 51
26058 53
26059 58
26060 57
26061 53
26062 51
26063 62
26064 64
26065 81
26066 69
26067 72
26068 75
26069 63
26070 59
26071 60
26072 50
26073 57
26074 61
26075 52
26076 58
26077 58
26078 54
26079 51
26080 50
26081 59
26082 58
26083 57
26084 64
26085 66
26086 49
26087 50
26088 58
26089 60
26090 62
26091 65
26092 63
26093 63
26094 61
26095 51
26096 65
26097 50
26098 60
26099 64
26100 62
26101 64
26102 50
26103 38
26104 55
26105 62
26106 61
26107 78
26108 67
26109 57
26110 53
26111 59
26112 61
26113 61
26114 75
26115 67
26116 57
26117 51
26118 53
26119 54
26120 51
26121 62
26122 64
26123 67
26124 59
26125 64
26126 63
26127 57
26128 60
26129 62
26130 59
26131 51
26132 51
26133 58
26134 65
26135 50
26136 52
26137 58
26138 61
26139 68
26140 70
26141 60
26142 60
26143 54
26144 62
26145 57
26146 50
26147 64
26148 67
26149 71
26150 77
26151 59
26152 61
26153 55
26154 58
26155 52
26156 54
26157 68
26158 67
26159 61
26160 60
26161 50
26162 52
26163 69
26164 68
26165 54
26166 60
26167 66
26168 69
26169 68
26170 66
26171 76
26172 68
26173 68
26174 65
26175 53
26176 54
26177 45
26178 55
26179 58
26180 72
26181 75
26182 67
26183 62
26184 61
26185 56
26186 64
26187 50
26188 57
26189 54
26190 58
26191 56
26192 69
26193 78
26194 62
26195 68
26196 59
26197 45
26198 45
26199 50
26200 55
26201 61
26202 66
26203 76
26204 81
26205 61
26206 63
26207 69
26208 64
26209 65
26210 59
26211 51
26212 46
26213 39
26214 29
26215 47
26216 53
26217 61
26218 53
26219 65
26220 57
26221 59
26222 56
26223 52
26224 49
26225 60
26226 53
26227 49
26228 43
26229 58
26230 55
26231 59
26232 64
26233 64
26234 69
26235 78
26236 60
26237 59
26238 57
26239 61
26240 68
26241 72
26242 66
26243 65
26244 63
26245 64
26246 59
26247 61
26248 71
26249 79
26250 63
26251 53
26252 54
26253 65
26254 69
26255 62
26256 64
26257 63
26258 62
26259 61
26260 57
26261 63
26262 56
26263 61
26264 59
26265 60
26266 52
26267 38
26268 52
26269 67
26270 63
26271 47
26272 40
26273 59
26274 58
26275 56
26276 50
26277 45
26278 58
26279 49
26280 56
26281 60
26282 57
26283 56
26284 47
26285 58
26286 55
26287 45
26288 37
26289 46
26290 51
26291 62
26292 64
26293 61
26294 64
26295 61
26296 60
26297 56
26298 55
26299 43
26300 49
26301 67
26302 70
26303 55
26304 39
26305 53
26306 62
26307 55
26308 61
26309 65
26310 69
26311 63
26312 60
26313 48
26314 49
26315 64
26316 70
26317 60
26318 67
26319 64
26320 56
26321 60
26322 57
26323 57
26324 66
26325 52
26326 62
26327 64
26328 71
26329 56
26330 68
26331 76
26332 71
26333 53
26334 57
26335 53
26336 51
26337 56
26338 53
26339 55
26340 59
26341 65
26342 58
26343 44
26344 48
26345 53
26346 52
26347 49
26348 54
26349 45
26350 54
26351 56
26352 65
26353 74
26354 63
26355 62
26356 62
26357 57
26358 50
26359 43
26360 53
26361 59
26362 55
26363 63
26364 49
26365 48
26366 59
26367 52
26368 43
26369 50
26370 59
26371 58
26372 75
26373 77
26374 75
26375 64
26376 56
26377 54
26378 43
26379 46
26380 57
26381 56
26382 54
26383 68
26384 77
26385 65
26386 59
26387 55
26388 58
26389 62
26390 65
26391 60
26392 63
26393 63
26394 57
26395 71
26396 66
26397 70
26398 60
26399 68
26400 58
26401 63
26402 57
26403 61
26404 65
26405 71
26406 56
26407 60
26408 61
26409 67
26410 64
26411 63
26412 65
26413 66
26414 58
26415 60
26416 52
26417 70
26418 57
26419 58
26420 62
26421 65
26422 58
26423 63
26424 66
26425 70
26426 80
26427 63
26428 62
26429 70
26430 64
26431 49
26432 54
26433 61
26434 49
26435 46
26436 47
26437 55
26438 61
26439 63
26440 61
26441 59
26442 65
26443 57
26444 55
26445 54
26446 60
26447 66
26448 65
26449 63
26450 60
26451 59
26452 69
26453 58
26454 59
26455 61
26456 63
26457 64
26458 54
26459 55
26460 56
26461 59
26462 65
26463 52
26464 55
26465 43
26466 60
26467 64
26468 46
26469 54
26470 73
26471 67
26472 67
26473 65
26474 57
26475 62
26476 49
26477 50
26478 56
26479 60
26480 58
26481 57
26482 51
26483 49
26484 36
26485 48
26486 57
26487 70
26488 60
26489 51
26490 43
26491 54
26492 65
26493 71
26494 58
26495 61
26496 71
26497 62
26498 55
26499 58
26500 71
26501 73
26502 68
26503 69
26504 57
26505 59
26506 63
26507 55
26508 55
26509 60
26510 58
26511 55
26512 65
26513 73
26514 60
26515 60
26516 55
26517 36
26518 39
26519 40
26520 38
26521 56
26522 72
26523 69
26524 60
26525 58
26526 52
26527 64
26528 65
26529 61
26530 57
26531 48
26532 50
26533 58
26534 50
26535 56
26536 59
26537 69
26538 68
26539 68
26540 58
26541 63
26542 67
26543 70
26544 53
26545 52
26546 64
26547 56
26548 66
26549 68
26550 69
26551 55
26552 61
26553 60
26554 64
26555 57
26556 56
26557 54
26558 60
26559 57
26560 59
26561 59
26562 62
26563 58
26564 59
26565 76
26566 61
26567 60
26568 49
26569 47
26570 65
26571 65
26572 63
26573 62
26574 62
26575 75
26576 68
26577 64
26578 58
26579 69
26580 60
26581 63
26582 60
26583 67
26584 67
26585 63
26586 62
26587 65
26588 63
26589 63
26590 58
26591 51
26592 61
26593 51
26594 47
26595 59
26596 61
26597 63
26598 65
26599 57
26600 55
26601 49
26602 52
26603 63
26604 51
26605 59
26606 63
26607 46
26608 59
26609 61
26610 54
26611 55
26612 67
26613 68
26614 63
26615 52
26616 65
26617 59
26618 49
26619 63
26620 56
26621 64
26622 63
26623 70
26624 72
26625 63
26626 60
26627 52
26628 50
26629 46
26630 58
26631 60
26632 56
26633 66
26634 65
26635 62
26636 60
26637 63
26638 55
26639 60
26640 64
26641 53
26642 57
26643 65
26644 62
26645 68
26646 73
26647 68
26648 66
26649 65
26650 64
26651 71
26652 65
26653 66
26654 56
26655 63
26656 48
26657 61
26658 58
26659 69
26660 68
26661 59
26662 62
26663 44
26664 35
26665 37
26666 46
26667 62
26668 54
26669 66
26670 67
26671 62
26672 68
26673 60
26674 57
26675 52
26676 39
26677 48
26678 61
26679 61
26680 52
26681 51
26682 58
26683 63
26684 62
26685 48
26686 47
26687 46
26688 64
26689 62
26690 67
26691 57
26692 57
26693 51
26694 55
26695 65
26696 65
26697 61
26698 50
26699 58
26700 68
26701 74
26702 65
26703 75
26704 66
26705 69
26706 54
26707 53
26708 56
26709 65
26710 66
26711 64
26712 60
26713 51
26714 50
26715 57
26716 56
26717 58
26718 59
26719 57
26720 67
26721 57
26722 63
26723 55
26724 56
26725 61
26726 53
26727 64
26728 56
26729 52
26730 62
26731 63
26732 62
26733 61
26734 64
26735 66
26736 65
26737 63
26738 61
26739 78
26740 74
26741 65
26742 62
26743 59
26744 67
26745 58
26746 63
26747 62
26748 64
26749 63
26750 55
26751 57
26752 54
26753 63
26754 56
26755 55
26756 59
26757 67
26758 57
26759 52
26760 57
26761 66
26762 66
26763 76
26764 66
26765 62
26766 52
26767 61
26768 48
26769 53
26770 60
26771 62
26772 58
26773 62
26774 68
26775 65
26776 72
26777 52
26778 72
26779 61
26780 57
26781 64
26782 79
26783 66
26784 54
26785 51
26786 64
26787 65
26788 62
26789 61
26790 62
26791 51
26792 69
26793 61
26794 56
26795 60
26796 59
26797 66
26798 63
26799 55
26800 48
26801 63
26802 61
26803 54
26804 46
26805 60
26806 55
26807 59
26808 63
26809 61
26810 62
26811 67
26812 63
26813 67
26814 61
26815 65
26816 61
26817 52
26818 65
26819 63
26820 61
26821 58
26822 71
26823 54
26824 60
26825 68
26826 64
26827 61
26828 71
26829 63
26830 59
26831 58
26832 54
26833 59
26834 56
26835 61
26836 54
26837 49
26838 61
26839 48
26840 43
26841 53
26842 50
26843 58
26844 55
26845 50
26846 68
26847 65
26848 62
26849 57
26850 60
26851 75
26852 75
26853 65
26854 59
26855 60
26856 57
26857 59
26858 79
26859 60
26860 58
26861 51
26862 48
26863 52
26864 67
26865 67
26866 52
26867 58
26868 58
26869 66
26870 76
26871 58
26872 52
26873 49
26874 62
26875 54
26876 52
26877 47
26878 46
26879 54
26880 63
26881 61
26882 63
26883 60
26884 72
26885 79
26886 85
26887 70
26888 78
26889 63
26890 60
26891 67
26892 71
26893 56
26894 53
26895 59
26896 60
26897 57
26898 55
26899 66
26900 68
26901 66
26902 59
26903 47
26904 46
26905 61
26906 63
26907 59
26908 61
26909 57
26910 64
26911 69
26912 62
26913 51
26914 56
26915 58
26916 63
26917 67
26918 61
26919 57
26920 60
26921 55
26922 71
26923 60
26924 68
26925 58
26926 59
26927 57
26928 50
26929 57
26930 60
26931 59
26932 67
26933 61
26934 56
26935 58
26936 65
26937 70
26938 62
26939 67
26940 62
26941 58
26942 59
26943 60
26944 64
26945 67
26946 57
26947 60
26948 76
26949 71
26950 67
26951 58
26952 62
26953 46
26954 65
26955 59
26956 55
26957 62
26958 57
26959 64
26960 45
26961 59
26962 56
26963 63
26964 66
26965 58
26966 63
26967 54
26968 56
26969 64
26970 63
26971 70
26972 64
26973 60
26974 59
26975 62
26976 47
26977 63
26978 70
26979 68
26980 60
26981 52
26982 60
26983 71
26984 69
26985 69
26986 61
26987 65
26988 48
26989 51
26990 62
26991 61
26992 67
26993 71
26994 66
26995 62
26996 75
26997 73
26998 62
26999 58
27000 55
27001 61
27002 52
27003 62
27004 61
27005 61
27006 57
27007 58
27008 62
27009 61
27010 63
27011 61
27012 48
27013 47
27014 61
27015 67
27016 57
27017 55
27018 47
27019 52
27020 56
27021 51
27022 67
27023 68
27024 66
27025 73
27026 56
27027 48
27028 44
27029 55
27030 67
27031 60
27032 73
27033 62
27034 60
27035 57
27036 61
27037 55
27038 63
27039 65
27040 55
27041 58
27042 59
27043 70
27044 71
27045 68
27046 60
27047 47
27048 38
27049 36
27050 40
27051 56
27052 56
27053 69
27054 68
27055 54
27056 61
27057 55
27058 51
27059 59
27060 61
27061 65
27062 75
27063 75
27064 72
27065 57
27066 55
27067 69
27068 57
27069 55
27070 46
27071 55
27072 50
27073 61
27074 62
27075 64
27076 72
27077 67
27078 76
27079 74
27080 54
27081 49
27082 59
27083 62
27084 64
27085 59
27086 61
27087 59
27088 58
27089 61
27090 67
27091 61
27092 66
27093 61
27094 54
27095 47
27096 50
27097 54
27098 62
27099 62
27100 70
27101 65
27102 73
27103 59
27104 62
27105 53
27106 63
27107 63
27108 66
27109 67
27110 69
27111 63
27112 60
27113 57
27114 59
27115 51
27116 49
27117 48
27118 54
27119 54
27120 58
27121 70
27122 54
27123 51
27124 54
27125 64
27126 60
27127 52
27128 46
27129 38
27130 47
27131 57
27132 58
27133 54
27134 53
27135 53
27136 52
27137 49
27138 56
27139 52
27140 49
27141 48
27142 52
27143 60
27144 64
27145 59
27146 60
27147 66
27148 64
27149 63
27150 68
27151 67
27152 66
27153 66
27154 60
27155 56
27156 72
27157 70
27158 63
27159 49
27160 51
27161 54
27162 58
27163 63
27164 62
27165 65
27166 62
27167 49
27168 53
27169 72
27170 65
27171 59
27172 57
27173 56
27174 51
27175 53
27176 59
27177 59
27178 64
27179 65
27180 64
27181 55
27182 64
27183 69
27184 54
27185 61
27186 62
27187 65
27188 62
27189 59
27190 55
27191 65
27192 57
27193 53
27194 57
27195 63
27196 63
27197 69
27198 62
27199 64
27200 49
27201 53
27202 56
27203 55
27204 61
27205 46
27206 58
27207 58
27208 56
27209 66
27210 73
27211 72
27212 69
27213 60
27214 59
27215 50
27216 62
27217 58
27218 66
27219 75
27220 77
27221 64
27222 66
27223 62
27224 53
27225 54
27226 58
27227 54
27228 43
27229 51
27230 70
27231 72
27232 67
27233 66
27234 62
27235 64
27236 72
27237 58
27238 55
27239 71
27240 67
27241 77
27242 58
27243 57
27244 65
27245 61
27246 58
27247 51
27248 56
27249 64
27250 63
27251 61
27252 59
27253 63
27254 62
27255 61
27256 57
27257 57
27258 59
27259 56
27260 66
27261 60
27262 62
27263 61
27264 61
27265 71
27266 61
27267 49
27268 54
27269 53
27270 61
27271 64
27272 68
27273 63
27274 59
27275 51
27276 48
27277 59
27278 71
27279 61
27280 55
27281 52
27282 68
27283 68
27284 67
27285 68
27286 64
27287 57
27288 64
27289 68
27290 58
27291 72
27292 57
27293 59
27294 57
27295 64
27296 52
27297 64
27298 68
27299 72
27300 65
27301 48
27302 54
27303 60
27304 50
27305 46
27306 45
27307 41
27308 34
27309 45
27310 53
27311 56
27312 61
27313 62
27314 47
27315 45
27316 48
27317 44
27318 51
27319 55
27320 57
27321 45
27322 54
27323 57
27324 65
27325 61
27326 55
27327 54
27328 53
27329 61
27330 45
27331 47
27332 50
27333 56
27334 53
27335 60
27336 57
27337 67
27338 59
27339 62
27340 66
27341 65
27342 63
27343 55
27344 53
27345 56
27346 67
27347 62
27348 58
27349 55
27350 62
27351 61
27352 54
27353 58
27354 70
27355 64
27356 69
27357 55
27358 59
27359 63
27360 59
27361 71
27362 69
27363 60
27364 67
27365 72
27366 80
27367 61
27368 58
27369 62
27370 57
27371 57
27372 62
27373 56
27374 61
27375 75
27376 59
27377 63
27378 67
27379 74
27380 70
27381 67
27382 58
27383 60
27384 64
27385 66
27386 74
27387 75
27388 67
27389 62
27390 58
27391 64
27392 54
27393 47
27394 46
27395 62
27396 53
27397 60
27398 63
27399 63
27400 65
27401 60
27402 58
27403 52
27404 56
27405 64
27406 77
27407 63
27408 60
27409 60
27410 65
27411 62
27412 77
27413 62
27414 62
27415 54
27416 57
27417 66
27418 59
27419 69
27420 56
27421 61
27422 58
27423 51
27424 62
27425 54
27426 53
27427 60
27428 57
27429 54
27430 57
27431 61
27432 69
27433 65
27434 63
27435 60
27436 58
27437 49
27438 54
27439 45
27440 60
27441 57
27442 61
27443 58
27444 52
27445 59
27446 61
27447 56
27448 64
27449 55
27450 66
27451 70
27452 54
27453 60
27454 61
27455 62
27456 65
27457 66
27458 61
27459 66
27460 48
27461 45
27462 42
27463 49
27464 54
27465 62
27466 60
27467 59
27468 61
27469 57
27470 49
27471 45
27472 59
27473 59
27474 51
27475 57
27476 56
27477 68
27478 62
27479 67
27480 54
27481 70
27482 62
27483 72
27484 63
27485 63
27486 55
27487 57
27488 64
27489 56
27490 67
27491 68
27492 65
27493 47
27494 57
27495 58
27496 71
27497 62
27498 61
27499 68
27500 63
27501 72
27502 53
27503 48
27504 49
27505 51
27506 56
27507 57
27508 62
27509 61
27510 63
27511 54
27512 71
27513 59
27514 64
27515 64
27516 70
27517 64
27518 58
27519 70
27520 66
27521 65
27522 50
27523 50
27524 55
27525 56
27526 53
27527 48
27528 66
27529 66
27530 65
27531 60
27532 59
27533 61
27534 58
27535 55
27536 56
27537 55
27538 58
27539 58
27540 56
27541 69
27542 56
27543 64
27544 67
27545 64
27546 61
27547 71
27548 69
27549 67
27550 62
27551 46
27552 52
27553 57
27554 49
27555 46
27556 61
27557 53
27558 65
27559 62
27560 69
27561 69
27562 64
27563 57
27564 52
27565 51
27566 59
27567 58
27568 54
27569 57
27570 67
27571 74
27572 70
27573 63
27574 61
27575 69
27576 65
27577 69
27578 62
27579 74
27580 72
27581 69
27582 70
27583 63
27584 58
27585 66
27586 56
27587 60
27588 58
27589 74
27590 70
27591 61
27592 62
27593 68
27594 54
27595 63
27596 56
27597 63
27598 63
27599 57
27600 62
27601 58
27602 56
27603 68
27604 74
27605 56
27606 66
27607 62
27608 66
27609 60
27610 61
27611 61
27612 66
27613 62
27614 64
27615 63
27616 54
27617 54
27618 58
27619 56
27620 58
27621 58
27622 56
27623 60
27624 53
27625 53
27626 48
27627 57
27628 71
27629 57
27630 55
27631 61
27632 63
27633 58
27634 63
27635 55
27636 52
27637 59
27638 60
27639 69
27640 61
27641 70
27642 54
27643 56
27644 58
27645 65
27646 61
27647 68
27648 62
27649 51
27650 65
27651 61
27652 68
27653 63
27654 68
27655 63
27656 57
27657 56
27658 59
27659 57
27660 65
27661 52
27662 53
27663 49
27664 64
27665 53
27666 49
27667 50
27668 66
27669 57
27670 57
27671 64
27672 70
27673 57
27674 58
27675 54
27676 41
27677 57
27678 53
27679 57
27680 50
27681 54
27682 56
27683 62
27684 65
27685 71
27686 61
27687 63
27688 68
27689 63
27690 61
27691 63
27692 56
27693 57
27694 56
27695 53
27696 67
27697 62
27698 56
27699 45
27700 46
27701 60
27702 62
27703 66
27704 67
27705 57
27706 50
27707 48
27708 56
27709 61
27710 50
27711 62
27712 63
27713 47
27714 58
27715 59
27716 74
27717 73
27718 54
27719 57
27720 57
27721 61
27722 57
27723 74
27724 68
27725 67
27726 67
27727 63
27728 75
27729 59
27730 60
27731 56
27732 54
27733 53
27734 60
27735 50
27736 49
27737 51
27738 56
27739 59
27740 64
27741 69
27742 67
27743 66
27744 67
27745 63
27746 71
27747 57
27748 65
27749 60
27750 48
27751 35
27752 50
27753 51
27754 61
27755 54
27756 51
27757 53
27758 55
27759 59
27760 56
27761 63
27762 57
27763 61
27764 72
27765 63
27766 74
27767 70
27768 59
27769 63
27770 60
27771 53
27772 54
27773 52
27774 59
27775 61
27776 46
27777 58
27778 65
27779 66
27780 63
27781 55
27782 59
27783 69
27784 66
27785 63
27786 55
27787 53
27788 55
27789 61
27790 54
27791 65
27792 58
27793 52
27794 53
27795 63
27796 58
27797 62
27798 53
27799 50
27800 56
27801 53
27802 55
27803 65
27804 60
27805 56
27806 67
27807 56
27808 61
27809 52
27810 60
27811 70
27812 67
27813 54
27814 63
27815 49
27816 56
27817 61
27818 65
27819 61
27820 56
27821 48
27822 48
27823 42
27824 46
27825 48
27826 54
27827 54
27828 60
27829 60
27830 61
27831 56
27832 52
27833 66
27834 64
27835 67
27836 65
27837 71
27838 68
27839 51
27840 59
27841 67
27842 73
27843 66
27844 69
27845 61
27846 63
27847 65
27848 61
27849 62
27850 57
27851 59
27852 63
27853 59
27854 72
27855 73
27856 57
27857 49
27858 53
27859 56
27860 58
27861 57
27862 43
27863 57
27864 62
27865 63
27866 63
27867 62
27868 64
27869 62
27870 55
27871 59
27872 48
27873 58
27874 58
27875 56
27876 69
27877 55
27878 56
27879 59
27880 52
27881 54
27882 65
27883 67
27884 65
27885 65
27886 62
27887 51
27888 51
27889 53
27890 68
27891 71
27892 66
27893 72
27894 70
27895 60
27896 70
27897 73
27898 66
27899 50
27900 44
27901 49
27902 57
27903 61
27904 51
27905 57
27906 55
27907 63
27908 62
27909 55
27910 74
27911 61
27912 52
27913 51
27914 68
27915 64
27916 68
27917 61
27918 68
27919 61
27920 65
27921 58
27922 52
27923 56
27924 64
27925 55
27926 61
27927 58
27928 68
27929 70
27930 66
27931 62
27932 60
27933 57
27934 69
27935 62
27936 61
27937 66
27938 65
27939 61
27940 53
27941 41
27942 42
27943 56
27944 57
27945 54
27946 60
27947 61
27948 60
27949 57
27950 69
27951 61
27952 61
27953 64
27954 66
27955 68
27956 57
27957 64
27958 68
27959 71
27960 67
27961 75
27962 65
27963 69
27964 56
27965 63
27966 66
27967 56
27968 60
27969 60
27970 54
27971 58
27972 66
27973 51
27974 53
27975 54
27976 57
27977 66
27978 63
27979 57
27980 64
27981 65
27982 55
27983 62
27984 60
27985 53
27986 69
27987 66
27988 60
27989 58
27990 64
27991 60
27992 69
27993 70
27994 66
27995 62
27996 65
27997 63
27998 54
27999 57
28000 65
28001 56
28002 55
28003 55
28004 57
28005 60
28006 58
28007 60
28008 69
28009 58
28010 76
28011 72
28012 61
28013 74
28014 66
28015 66
28016 61
28017 60
28018 50
28019 52
28020 49
28021 59
28022 61
28023 59
28024 62
28025 72
28026 59
28027 56
28028 63
28029 63
28030 51
28031 53
28032 52
28033 59
28034 70
28035 58
28036 60
28037 59
28038 54
28039 59
28040 58
28041 59
28042 60
28043 58
28044 49
28045 45
28046 58
28047 57
28048 39
28049 54
28050 37
28051 42
28052 59
28053 63
28054 67
28055 62
28056 56
28057 61
28058 64
28059 62
28060 70
28061 61
28062 68
28063 53
28064 58
28065 52
28066 58
28067 55
28068 61
28069 66
28070 59
28071 66
28072 57
28073 57
28074 44
28075 42
28076 53
28077 61
28078 55
28079 53
28080 58
28081 59
28082 71
28083 76
28084 61
28085 71
28086 54
28087 62
28088 59
28089 67
28090 63
28091 55
28092 57
28093 60
28094 54
28095 68
28096 59
28097 58
28098 66
28099 64
28100 65
28101 58
28102 53
28103 43
28104 50
28105 45
28106 49
28107 39
28108 31
28109 19
28110 10
28111 22
28112 38
28113 48
28114 56
28115 55
28116 55
28117 42
28118 43
28119 53
28120 51
28121 69
28122 67
28123 53
28124 52
28125 51
28126 67
28127 64
28128 59
28129 64
28130 61
28131 59
28132 60
28133 57
28134 68
28135 68
28136 61
28137 61
28138 67
28139 63
28140 72
28141 56
28142 53
28143 55
28144 48
28145 56
28146 62
28147 72
28148 63
28149 74
28150 70
28151 62
28152 66
28153 53
28154 54
28155 64
28156 64
28157 59
28158 63
28159 57
28160 62
28161 62
28162 62
28163 60
28164 61
28165 58
28166 58
28167 54
28168 68
28169 59
28170 67
28171 63
28172 63
28173 51
28174 61
28175 63
28176 59
28177 49
28178 51
28179 59
28180 57
28181 52
28182 44
28183 63
28184 59
28185 64
28186 48
28187 55
28188 67
28189 75
28190 65
28191 73
28192 73
28193 70
28194 61
28195 62
28196 63
28197 66
28198 59
28199 55
28200 55
28201 57
28202 57
28203 71
28204 64
28205 62
28206 60
28207 60
28208 62
28209 54
28210 51
28211 49
28212 55
28213 53
28214 61
28215 50
28216 60
28217 67
28218 60
28219 64
28220 59
28221 61
28222 67
28223 47
28224 60
28225 62
28226 55
28227 62
28228 60
28229 56
28230 57
28231 65
28232 76
28233 61
28234 51
28235 51
28236 60
28237 59
28238 43
28239 44
28240 51
28241 58
28242 61
28243 66
28244 55
28245 60
28246 59
28247 58
28248 56
28249 48
28250 53
28251 59
28252 71
28253 63
28254 61
28255 57
28256 66
28257 64
28258 58
28259 62
28260 57
28261 41
28262 56
28263 52
28264 58
28265 52
28266 46
28267 42
28268 35
28269 48
28270 59
28271 65
28272 68
28273 59
28274 73
28275 69
28276 59
28277 57
28278 56
28279 58
28280 58
28281 77
28282 73
28283 61
28284 66
28285 69
28286 60
28287 59
28288 57
28289 66
28290 62
28291 64
28292 66
28293 54
28294 66
28295 60
28296 56
28297 50
28298 39
28299 51
28300 50
28301 54
28302 64
28303 64
28304 59
28305 52
28306 63
28307 58
28308 53
28309 52
28310 49
28311 52
28312 57
28313 58
28314 61
28315 57
28316 56
28317 63
28318 55
28319 57
28320 51
28321 51
28322 62
28323 53
28324 63
28325 70
28326 70
28327 67
28328 47
28329 66
28330 65
28331 59
28332 56
28333 50
28334 60
28335 65
28336 61
28337 64
28338 60
28339 71
28340 81
28341 68
28342 56
28343 59
28344 78
28345 71
28346 66
28347 58
28348 44
28349 59
28350 66
28351 60
28352 55
28353 54
28354 58
28355 51
28356 54
28357 60
28358 66
28359 63
28360 63
28361 61
28362 64
28363 51
28364 54
28365 69
28366 75
28367 62
28368 59
28369 66
28370 73
28371 65
28372 62
28373 49
28374 52
28375 63
28376 72
28377 72
28378 53
28379 71
28380 64
28381 62
28382 50
28383 54
28384 62
28385 60
28386 63
28387 66
28388 67
28389 55
28390 60
28391 69
28392 62
28393 53
28394 56
28395 60
28396 51
28397 53
28398 49
28399 58
28400 68
28401 60
28402 70
28403 57
28404 43
28405 63
28406 62
28407 64
28408 67
28409 67
28410 61
28411 54
28412 58
28413 65
28414 76
28415 61
28416 67
28417 64
28418 63
28419 60
28420 42
28421 43
28422 53
28423 65
28424 56
28425 50
28426 40
28427 50
28428 44
28429 49
28430 53
28431 65
28432 64
28433 57
28434 51
28435 48
28436 54
28437 59
28438 52
28439 60
28440 58
28441 62
28442 58
28443 57
28444 54
28445 63
28446 67
28447 60
28448 60
28449 59
28450 55
28451 62
28452 67
28453 57
28454 55
28455 59
28456 57
28457 54
28458 65
28459 65
28460 57
28461 60
28462 61
28463 63
28464 61
28465 59
28466 71
28467 68
28468 56
28469 57
28470 54
28471 45
28472 64
28473 57
28474 55
28475 50
28476 54
28477 55
28478 64
28479 53
28480 63
28481 67
28482 75
28483 70
28484 68
28485 71
28486 70
28487 63
28488 58
28489 65
28490 66
28491 63
28492 51
28493 58
28494 54
28495 52
28496 42
28497 30
28498 48
28499 56
28500 52
28501 57
28502 58
28503 60
28504 65
28505 67
28506 62
28507 65
28508 63
28509 61
28510 59
28511 67
28512 58
28513 50
28514 56
28515 62
28516 55
28517 63
28518 74
28519 68
28520 65
28521 67
28522 65
28523 62
28524 53
28525 70
28526 62
28527 60
28528 54
28529 73
28530 66
28531 67
28532 58
28533 66
28534 54
28535 57
28536 59
28537 67
28538 65
28539 56
28540 55
28541 46
28542 40
28543 58
28544 69
28545 54
28546 56
28547 59
28548 46
28549 51
28550 55
28551 62
28552 56
28553 53
28554 48
28555 39
28556 49
28557 64
28558 65
28559 71
28560 51
28561 50
28562 51
28563 53
28564 55
28565 58
28566 57
28567 64
28568 62
28569 61
28570 62
28571 63
28572 65
28573 58
28574 52
28575 56
28576 59
28577 63
28578 65
28579 63
28580 60
28581 55
28582 60
28583 57
28584 49
28585 47
28586 45
28587 37
28588 55
28589 58
28590 56
28591 50
28592 63
28593 67
28594 66
28595 67
28596 58
28597 52
28598 47
28599 50
28600 56
28601 64
28602 70
28603 58
28604 45
28605 50
28606 60
28607 54
28608 63
28609 61
28610 57
28611 62
28612 47
28613 42
28614 50
28615 56
28616 57
28617 68
28618 59
28619 69
28620 70
28621 66
28622 65
28623 56
28624 53
28625 58
28626 58
28627 51
28628 51
28629 47
28630 56
28631 68
28632 68
28633 60
28634 64
28635 61
28636 56
28637 59
28638 60
28639 61
28640 53
28641 64
28642 61
28643 72
28644 63
28645 69
28646 76
28647 65
28648 62
28649 69
28650 56
28651 47
28652 61
28653 67
28654 66
28655 57
28656 65
28657 61
28658 50
28659 62
28660 63
28661 59
28662 58
28663 59
28664 60
28665 62
28666 58
28667 55
28668 54
28669 42
28670 52
28671 54
28672 69
28673 70
28674 65
28675 70
28676 61
28677 65
28678 59
28679 73
28680 72
28681 64
28682 65
28683 52
28684 53
28685 52
28686 56
28687 50
28688 61
28689 60
28690 53
28691 62
28692 46
28693 61
28694 62
28695 59
28696 55
28697 54
28698 65
28699 63
28700 65
28701 54
28702 55
28703 58
28704 52
28705 60
28706 61
28707 57
28708 68
28709 54
28710 64
28711 67
28712 69
28713 73
28714 61
28715 59
28716 54
28717 51
28718 57
28719 58
28720 61
28721 59
28722 62
28723 59
28724 60
28725 56
28726 60
28727 56
28728 68
28729 65
28730 54
28731 52
28732 42
28733 60
28734 58
28735 59
28736 62
28737 64
28738 55
28739 44
28740 52
28741 62
28742 61
28743 61
28744 69
28745 56
28746 55
28747 67
28748 64
28749 64
28750 58
28751 61
28752 58
28753 68
28754 63
28755 57
28756 60
28757 63
28758 59
28759 55
28760 57
28761 59
28762 59
28763 56
28764 62
28765 53
28766 51
28767 56
28768 47
28769 51
28770 52
28771 42
28772 49
28773 50
28774 61
28775 59
28776 44
28777 54
28778 50
28779 63
28780 60
28781 52
28782 59
28783 60
28784 68
28785 66
28786 64
28787 56
28788 60
28789 56
28790 65
28791 70
28792 60
28793 61
28794 60
28795 68
28796 67
28797 69
28798 63
28799 69
28800 70
28801 65
28802 60
28803 48
28804 50
28805 68
28806 77
28807 64
28808 48
28809 59
28810 65
28811 57
28812 62
28813 65
28814 72
28815 70
28816 61
28817 59
28818 60
28819 62
28820 60
28821 70
28822 80
28823 70
28824 75
28825 65
28826 63
28827 60
28828 57
28829 63
28830 61
28831 64
28832 62
28833 55
28834 47
28835 36
28836 56
28837 60
28838 69
28839 55
28840 63
28841 62
28842 58
28843 53
28844 63
28845 60
28846 64
28847 53
28848 56
28849 53
28850 61
28851 52
28852 54
28853 69
28854 70
28855 58
28856 61
28857 66
28858 54
28859 60
28860 62
28861 57
28862 54
28863 61
28864 60
28865 57
28866 65
28867 62
28868 59
28869 54
28870 55
28871 50
28872 60
28873 67
28874 54
28875 61
28876 61
28877 63
28878 59
28879 64
28880 55
28881 48
28882 53
28883 63
28884 62
28885 63
28886 60
28887 56
28888 56
28889 55
28890 62
28891 58
28892 60
28893 62
28894 47
28895 55
28896 70
28897 80
28898 62
28899 55
28900 57
28901 58
28902 67
28903 53
28904 61
28905 55
28906 62
28907 66
28908 65
28909 59
28910 58
28911 57
28912 69
28913 57
28914 63
28915 59
28916 60
28917 57
28918 59
28919 61
28920 62
28921 61
28922 61
28923 60
28924 53
28925 51
28926 49
28927 58
28928 60
28929 61
28930 64
28931 64
28932 70
28933 62
28934 76
28935 60
28936 63
28937 62
28938 62
28939 61
28940 54
28941 65
28942 59
28943 73
28944 55
28945 66
28946 55
28947 52
28948 54
28949 58
28950 70
28951 62
28952 60
28953 67
28954 58
28955 58
28956 58
28957 65
28958 57
28959 44
28960 57
28961 59
28962 60
28963 63
28964 65
28965 66
28966 61
28967 58
28968 61
28969 56
28970 48
28971 56
28972 53
28973 64
28974 64
28975 68
28976 63
28977 64
28978 68
28979 65
28980 60
28981 65
28982 54
28983 65
28984 59
28985 56
28986 54
28987 69
28988 62
28989 57
28990 58
28991 50
28992 68
28993 54
28994 55
28995 68
28996 63
28997 59
28998 61
28999 66
29000 72
29001 71
29002 69
29003 58
29004 60
29005 57
29006 59
29007 45
29008 51
29009 56
29010 72
29011 60
29012 58
29013 56
29014 55
29015 42
29016 44
29017 54
29018 53
29019 62
29020 64
29021 54
29022 43
29023 55
29024 56
29025 60
29026 58
29027 60
29028 57
29029 55
29030 58
29031 54
29032 45
29033 33
29034 43
29035 46
29036 56
29037 61
29038 58
29039 59
29040 52
29041 42
29042 57
29043 59
29044 48
29045 58
29046 55
29047 60
29048 62
29049 63
29050 59
29051 67
29052 71
29053 70
29054 70
29055 58
29056 56
29057 53
29058 55
29059 63
29060 77
29061 57
29062 58
29063 58
29064 56
29065 50
29066 55
29067 62
29068 59
29069 50
29070 57
29071 63
29072 69
29073 67
29074 74
29075 59
29076 59
29077 61
29078 65
29079 57
29080 59
29081 56
29082 47
29083 48
29084 50
29085 56
29086 58
29087 66
29088 66
29089 57
29090 55
29091 50
29092 55
29093 51
29094 44
29095 62
29096 42
29097 54
29098 68
29099 62
29100 79
29101 67
29102 65
29103 63
29104 59
29105 66
29106 67
29107 61
29108 60
29109 60
29110 64
29111 54
29112 60
29113 55
29114 61
29115 69
29116 69
29117 74
29118 69
29119 66
29120 67
29121 68
29122 57
29123 60
29124 53
29125 70
29126 56
29127 51
29128 53
29129 60
29130 66
29131 63
29132 65
29133 62
29134 63
29135 68
29136 63
29137 59
29138 65
29139 58
29140 53
29141 54
29142 59
29143 57
29144 62
29145 64
29146 50
29147 67
29148 62
29149 46
29150 57
29151 73
29152 65
29153 64
29154 54
29155 60
29156 53
29157 56
29158 53
29159 69
29160 59
29161 54
29162 35
29163 42
29164 47
29165 50
29166 58
29167 61
29168 61
29169 58
29170 54
29171 56
29172 51
29173 56
29174 71
29175 67
29176 63
29177 66
29178 61
29179 60
29180 67
29181 64
29182 57
29183 55
29184 58
29185 65
29186 67
29187 59
29188 64
29189 68
29190 56
29191 56
29192 55
29193 58
29194 62
29195 51
29196 61
29197 66
29198 55
29199 52
29200 55
29201 63
29202 58
29203 57
29204 63
29205 66
29206 68
29207 62
29208 56
29209 65
29210 60
29211 63
29212 51
29213 55
29214 62
29215 53
29216 61
29217 63
29218 66
29219 62
29220 68
29221 56
29222 45
29223 52
29224 63
29225 69
29226 61
29227 57
29228 48
29229 65
29230 60
29231 63
29232 57
29233 52
29234 51
29235 63
29236 68
29237 67
29238 60
29239 54
29240 59
29241 60
29242 55
29243 62
29244 59
29245 65
29246 62
29247 48
29248 49
29249 52
29250 50
29251 49
29252 54
29253 51
29254 41
29255 46
29256 50
29257 62
29258 68
29259 83
29260 65
29261 55
29262 60
29263 60
29264 57
29265 65
29266 60
29267 53
29268 57
29269 55
29270 48
29271 51
29272 56
29273 57
29274 64
29275 61
29276 58
29277 61
29278 54
29279 54
29280 57
29281 67
29282 60
29283 57
29284 52
29285 59
29286 63
29287 71
29288 67
29289 68
29290 63
29291 61
29292 69
29293 63
29294 48
29295 53
29296 63
29297 53
29298 59
29299 60
29300 77
29301 65
29302 73
29303 70
29304 61
29305 65
29306 54
29307 61
29308 58
29309 58
29310 59
29311 63
29312 57
29313 50
29314 44
29315 42
29316 55
29317 59
29318 75
29319 55
29320 57
29321 63
29322 68
29323 64
29324 64
29325 62
29326 67
29327 50
29328 59
29329 55
29330 70
29331 64
29332 73
29333 61
29334 63
29335 57
29336 65
29337 57
29338 62
29339 61
29340 57
29341 71
29342 67
29343 63
29344 68
29345 61
29346 66
29347 68
29348 65
29349 52
29350 57
29351 64
29352 60
29353 56
29354 55
29355 53
29356 61
29357 59
29358 59
29359 73
29360 67
29361 64
29362 65
29363 71
29364 57
29365 46
29366 56
29367 57
29368 62
29369 62
29370 73
29371 69
29372 68
29373 64
29374 67
29375 70
29376 68
29377 54
29378 57
29379 63
29380 56
29381 76
29382 63
29383 71
29384 60
29385 55
29386 57
29387 66
29388 55
29389 62
29390 63
29391 59
29392 44
29393 50
29394 53
29395 64
29396 61
29397 63
29398 67
29399 63
29400 64
29401 63
29402 68
29403 58
29404 63
29405 72
29406 71
29407 68
29408 64
29409 47
29410 44
29411 61
29412 67
29413 56
29414 52
29415 52
29416 53
29417 59
29418 52
29419 60
29420 69
29421 68
29422 60
29423 49
29424 63
29425 63
29426 70
29427 65
29428 51
29429 61
29430 67
29431 61
29432 56
29433 53
29434 54
29435 45
29436 56
29437 49
29438 52
29439 62
29440 51
29441 55
29442 70
29443 63
29444 63
29445 62
29446 64
29447 65
29448 59
29449 57
29450 59
29451 74
29452 66
29453 63
29454 57
29455 69
29456 76
29457 57
29458 62
29459 63
29460 60
29461 59
29462 60
29463 61
29464 60
29465 59
29466 53
29467 71
29468 68
29469 65
29470 56
29471 57
29472 51
29473 60
29474 57
29475 56
29476 65
29477 66
29478 62
29479 63
29480 62
29481 66
29482 60
29483 69
29484 55
29485 57
29486 54
29487 53
29488 64
29489 59
29490 64
29491 65
29492 66
29493 62
29494 60
29495 64
29496 74
29497 74
29498 58
29499 64
29500 66
29501 73
29502 65
29503 66
29504 57
29505 53
29506 50
29507 48
29508 30
29509 49
29510 51
29511 65
29512 60
29513 47
29514 39
29515 51
29516 56
29517 68
29518 53
29519 66
29520 75
29521 62
29522 65
29523 62
29524 54
29525 73
29526 60
29527 63
29528 61
29529 51
29530 53
29531 47
29532 48
29533 58
29534 59
29535 65
29536 60
29537 62
29538 65
29539 63
29540 57
29541 56
29542 55
29543 60
29544 57
29545 59
29546 62
29547 65
29548 56
29549 65
29550 77
29551 67
29552 67
29553 63
29554 65
29555 64
29556 57
29557 49
29558 65
29559 57
29560 60
29561 74
29562 55
29563 49
29564 46
29565 54
29566 48
29567 60
29568 55
29569 66
29570 67
29571 49
29572 54
29573 58
29574 56
29575 44
29576 35
29577 46
29578 56
29579 67
29580 63
29581 68
29582 72
29583 64
29584 59
29585 54
29586 54
29587 57
29588 52
29589 55
29590 59
29591 60
29592 69
29593 64
29594 60
29595 55
29596 55
29597 62
29598 65
29599 74
29600 71
29601 61
29602 59
29603 58
29604 63
29605 59
29606 55
29607 62
29608 61
29609 58
29610 67
29611 56
29612 66
29613 64
29614 58
29615 55
29616 61
29617 64
29618 65
29619 64
29620 54
29621 47
29622 57
29623 64
29624 61
29625 52
29626 55
29627 50
29628 65
29629 64
29630 61
29631 58
29632 47
29633 61
29634 48
29635 67
29636 64
29637 72
29638 66
29639 61
29640 63
29641 52
29642 63
29643 66
29644 66
29645 64
29646 56
29647 55
29648 55
29649 60
29650 61
29651 59
29652 52
29653 53
29654 67
29655 59
29656 63
29657 61
29658 68
29659 68
29660 70
29661 59
29662 62
29663 60
29664 54
29665 67
29666 81
29667 82
29668 63
29669 59
29670 54
29671 51
29672 60
29673 67
29674 64
29675 64
29676 50
29677 59
29678 64
29679 56
29680 71
29681 67
29682 57
29683 45
29684 53
29685 56
29686 65
29687 65
29688 61
29689 58
29690 65
29691 59
29692 58
29693 46
29694 45
29695 44
29696 50
29697 56
29698 62
29699 55
29700 47
29701 43
29702 51
29703 57
29704 56
29705 53
29706 48
29707 46
29708 53
29709 56
29710 73
29711 65
29712 54
29713 61
29714 67
29715 51
29716 48
29717 52
29718 51
29719 43
29720 42
29721 62
29722 55
29723 60
29724 68
29725 64
29726 56
29727 60
29728 57
29729 45
29730 61
29731 57
29732 51
29733 60
29734 68
29735 71
29736 62
29737 59
29738 58
29739 56
29740 55
29741 52
29742 49
29743 39
29744 49
29745 64
29746 63
29747 62
29748 54
29749 62
29750 68
29751 67
29752 62
29753 64
29754 62
29755 56
29756 67
29757 60
29758 58
29759 52
29760 64
29761 66
29762 49
29763 43
29764 49
29765 58
29766 64
29767 58
29768 63
29769 78
29770 68
29771 58
29772 54
29773 53
29774 38
29775 51
29776 59
29777 63
29778 66
29779 68
29780 71
29781 62
29782 64
29783 60
29784 55
29785 53
29786 65
29787 65
29788 51
29789 63
29790 57
29791 60
29792 65
29793 65
29794 58
29795 49
29796 63
29797 71
29798 61
29799 59
29800 48
29801 44
29802 48
29803 59
29804 51
29805 57
29806 62
29807 66
29808 61
29809 58
29810 59
29811 49
29812 50
29813 55
29814 49
29815 51
29816 63
29817 71
29818 51
29819 58
29820 61
29821 68
29822 54
29823 55
29824 62
29825 70
29826 62
29827 71
29828 54
29829 63
29830 74
29831 61
29832 64
29833 65
29834 70
29835 58
29836 60
29837 59
29838 53
29839 46
29840 63
29841 58
29842 72
29843 70
29844 71
29845 64
29846 51
29847 56
29848 70
29849 65
29850 58
29851 73
29852 68
29853 59
29854 64
29855 58
29856 56
29857 54
29858 58
29859 57
29860 55
29861 46
29862 43
29863 40
29864 48
29865 59
29866 60
29867 52
29868 53
29869 64
29870 56
29871 58
29872 56
29873 69
29874 63
29875 61
29876 49
29877 48
29878 64
29879 45
29880 49
29881 38
29882 35
29883 50
29884 62
29885 57
29886 54
29887 58
29888 64
29889 65
29890 66
29891 73
29892 65
29893 62
29894 56
29895 57
29896 58
29897 63
29898 59
29899 51
29900 49
29901 63
29902 62
29903 66
29904 57
29905 58
29906 53
29907 50
29908 42
29909 54
29910 55
29911 59
29912 61
29913 60
29914 58
29915 42
29916 48
29917 62
29918 63
29919 50
29920 62
29921 56
29922 61
29923 59
29924 60
29925 60
29926 76
29927 80
29928 67
29929 60
29930 70
29931 52
29932 60
29933 58
29934 56
29935 40
29936 47
29937 49
29938 61
29939 63
29940 66
29941 66
29942 57
29943 61
29944 58
29945 62
29946 63
29947 66
29948 58
29949 54
29950 51
29951 59
29952 60
29953 61
29954 68
29955 51
29956 61
29957 64
29958 66
29959 67
29960 60
29961 68
29962 62
29963 62
29964 68
29965 70
29966 68
29967 73
29968 73
29969 62
29970 58
29971 48
29972 65
29973 69
29974 58
29975 63
29976 67
29977 72
29978 69
29979 66
29980 59
29981 59
29982 65
29983 54
29984 53
29985 66
29986 65
29987 67
29988 60
29989 67
29990 64
29991 52
29992 66
29993 61
29994 60
29995 58
29996 70
29997 59
29998 48
29999 50
30000 57
30001 66
30002 66
30003 58
30004 61
30005 50
30006 59
30007 55
30008 49
30009 45
30010 58
30011 57
30012 58
30013 61
30014 48
30015 53
30016 51
30017 58
30018 66
30019 77
30020 61
30021 66
30022 51
30023 58
30024 59
30025 41
30026 46
30027 59
30028 60
30029 58
30030 65
30031 56
30032 55
30033 53
30034 61
30035 71
30036 62
30037 59
30038 72
30039 60
30040 48
30041 49
30042 47
30043 45
30044 61
30045 58
30046 59
30047 53
30048 63
30049 64
30050 54
30051 59
30052 58
30053 59
30054 76
30055 69
30056 59
30057 46
30058 47
30059 50
30060 62
30061 80
30062 63
30063 70
30064 66
30065 61
30066 59
30067 59
30068 53
30069 57
30070 62
30071 54
30072 59
30073 71
30074 72
30075 68
30076 58
30077 60
30078 59
30079 51
30080 59
30081 62
30082 65
30083 61
30084 60
30085 53
30086 58
30087 59
30088 60
30089 59
30090 57
30091 58
30092 49
30093 61
30094 61
30095 62
30096 50
30097 61
30098 55
30099 54
30100 40
30101 36
30102 54
30103 54
30104 66
30105 66
30106 76
30107 95
30108 77
30109 61
30110 47
30111 49
30112 69
30113 73
30114 56
30115 58
30116 60
30117 67
30118 66
30119 78
30120 69
30121 60
30122 57
30123 60
30124 63
30125 64
30126 58
30127 57
30128 48
30129 59
30130 72
30131 64
30132 69
30133 66
30134 63
30135 62
30136 54
30137 55
30138 65
30139 59
30140 52
30141 57
30142 67
30143 70
30144 61
30145 65
30146 64
30147 63
30148 72
30149 66
30150 55
30151 59
30152 62
30153 68
30154 65
30155 68
30156 62
30157 56
30158 55
30159 39
30160 45
30161 60
30162 63
30163 46
30164 45
30165 42
30166 47
30167 60
30168 59
30169 65
30170 65
30171 75
30172 73
30173 59
30174 51
30175 66
30176 65
30177 61
30178 77
30179 64
30180 63
30181 57
30182 63
30183 59
30184 63
30185 59
30186 55
30187 67
30188 65
30189 64
30190 62
30191 49
30192 55
30193 57
30194 56
30195 55
30196 55
30197 56
30198 72
30199 64
30200 50
30201 42
30202 50
30203 56
30204 48
30205 58
30206 56
30207 64
30208 64
30209 72
30210 69
30211 61
30212 57
30213 56
30214 68
30215 74
30216 69
30217 64
30218 75
30219 78
30220 61
30221 54
30222 56
30223 60
30224 57
30225 53
30226 62
30227 63
30228 62
30229 61
30230 64
30231 68
30232 79
30233 66
30234 55
30235 48
30236 46
30237 65
30238 60
30239 59
30240 53
30241 64
30242 60
30243 57
30244 71
30245 58
30246 55
30247 54
30248 66
30249 65
30250 66
30251 59
30252 58
30253 57
30254 59
30255 67
30256 69
30257 58
30258 68
30259 71
30260 56
30261 57
30262 59
30263 60
30264 64
30265 62
30266 60
30267 67
30268 69
30269 64
30270 64
30271 53
30272 51
30273 60
30274 65
30275 54
30276 65
30277 62
30278 69
30279 59
30280 65
30281 58
30282 55
30283 60
30284 50
30285 40
30286 56
30287 64
30288 60
30289 59
30290 63
30291 61
30292 63
30293 55
30294 52
30295 63
30296 58
30297 62
30298 69
30299 71
30300 61
30301 46
30302 33
30303 39
30304 43
30305 48
30306 54
30307 56
30308 65
30309 63
30310 62
30311 60
30312 68
30313 61
30314 70
30315 61
30316 50
30317 59
30318 60
30319 67
30320 58
30321 59
30322 64
30323 54
30324 49
30325 39
30326 42
30327 48
30328 50
30329 67
30330 66
30331 63
30332 48
30333 50
30334 59
30335 56
30336 55
30337 54
30338 60
30339 50
30340 46
30341 37
30342 48
30343 54
30344 60
30345 64
30346 59
30347 62
30348 60
30349 62
30350 63
30351 73
30352 67
30353 65
30354 53
30355 68
30356 62
30357 64
30358 65
30359 60
30360 62
30361 52
30362 53
30363 70
30364 65
30365 62
30366 48
30367 46
30368 53
30369 53
30370 58
30371 54
30372 53
30373 68
30374 69
30375 57
30376 42
30377 41
30378 57
30379 76
30380 68
30381 69
30382 68
30383 66
30384 57
30385 64
30386 72
30387 71
30388 70
30389 60
30390 57
30391 65
30392 66
30393 65
30394 46
30395 49
30396 52
30397 64
30398 60
30399 60
30400 56
30401 54
30402 44
30403 57
30404 60
30405 47
30406 51
30407 51
30408 45
30409 62
30410 64
30411 65
30412 54
30413 55
30414 56
30415 67
30416 69
30417 56
30418 57
30419 58
30420 64
30421 63
30422 70
30423 69
30424 77
30425 76
30426 68
30427 63
30428 62
30429 54
30430 42
30431 44
30432 47
30433 53
30434 46
30435 52
30436 61
30437 64
30438 63
30439 60
30440 68
30441 73
30442 67
30443 63
30444 79
30445 64
30446 54
30447 59
30448 55
30449 56
30450 57
30451 65
30452 50
30453 68
30454 58
30455 66
30456 68
30457 63
30458 53
30459 62
30460 51
30461 54
30462 50
30463 58
30464 48
30465 47
30466 49
30467 51
30468 67
30469 61
30470 51
30471 47
30472 65
30473 62
30474 61
30475 57
30476 58
30477 61
30478 56
30479 49
30480 61
30481 54
30482 61
30483 74
30484 75
30485 55
30486 49
30487 66
30488 71
30489 65
30490 60
30491 43
30492 26
30493 31
30494 32
30495 34
30496 37
30497 46
30498 48
30499 61
30500 56
30501 55
30502 55
30503 68
30504 64
30505 63
30506 62
30507 73
30508 66
30509 49
30510 40
30511 31
30512 34
30513 36
30514 50
30515 49
30516 62
30517 55
30518 67
30519 57
30520 55
30521 62
30522 56
30523 69
30524 73
30525 57
30526 61
30527 63
30528 64
30529 62
30530 56
30531 65
30532 64
30533 62
30534 68
30535 64
30536 67
30537 61
30538 67
30539 60
30540 70
30541 75
30542 64
30543 55
30544 65
30545 63
30546 56
30547 49
30548 59
30549 67
30550 72
30551 61
30552 60
30553 60
30554 56
30555 73
30556 68
30557 50
30558 60
30559 62
30560 69
30561 59
30562 64
30563 54
30564 60
30565 65
30566 66
30567 73
30568 60
30569 56
30570 59
30571 61
30572 48
30573 63
30574 57
30575 55
30576 62
30577 57
30578 54
30579 56
30580 64
30581 56
30582 60
30583 63
30584 63
30585 56
30586 61
30587 60
30588 64
30589 69
30590 60
30591 55
30592 51
30593 62
30594 53
30595 42
30596 50
30597 56
30598 64
30599 62
30600 53
30601 56
30602 48
30603 62
30604 63
30605 60
30606 59
30607 56
30608 51
30609 52
30610 56
30611 66
30612 59
30613 70
30614 73
30615 70
30616 68
30617 69
30618 68
30619 60
30620 59
30621 53
30622 60
30623 61
30624 55
30625 59
30626 60
30627 62
30628 62
30629 70
30630 67
30631 50
30632 48
30633 54
30634 64
30635 65
30636 65
30637 58
30638 56
30639 57
30640 55
30641 64
30642 60
30643 72
30644 75
30645 58
30646 55
30647 54
30648 61
30649 69
30650 59
30651 57
30652 52
30653 62
30654 66
30655 63
30656 61
30657 68
30658 59
30659 61
30660 66
30661 58
30662 51
30663 52
30664 55
30665 59
30666 54
30667 56
30668 54
30669 48
30670 47
30671 49
30672 48
30673 64
30674 61
30675 54
30676 57
30677 59
30678 65
30679 63
30680 59
30681 63
30682 63
30683 58
30684 53
30685 61
30686 55
30687 56
30688 68
30689 56
30690 68
30691 64
30692 59
30693 47
30694 56
30695 50
30696 49
30697 57
30698 56
30699 54
30700 67
30701 64
30702 63
30703 56
30704 58
30705 56
30706 56
30707 56
30708 45
30709 47
30710 58
30711 60
30712 69
30713 62
30714 49
30715 36
30716 52
30717 59
30718 57
30719 61
30720 57
30721 61
30722 57
30723 68
30724 65
30725 57
30726 51
30727 64
30728 65
30729 70
30730 79
30731 64
30732 59
30733 59
30734 53
30735 50
30736 49
30737 55
30738 63
30739 72
30740 55
30741 59
30742 61
30743 71
30744 61
30745 59
30746 53
30747 62
30748 58
30749 50
30750 49
30751 47
30752 48
30753 50
30754 61
30755 54
30756 66
30757 56
30758 52
30759 51
30760 58
30761 59
30762 55
30763 43
30764 40
30765 37
30766 46
30767 59
30768 48
30769 66
30770 65
30771 64
30772 58
30773 62
30774 61
30775 62
30776 58
30777 60
30778 56
30779 62
30780 68
30781 56
30782 58
30783 75
30784 58
30785 69
30786 64
30787 74
30788 66
30789 54
30790 55
30791 50
30792 49
30793 64
30794 70
30795 55
30796 55
30797 60
30798 66
30799 64
30800 72
30801 55
30802 47
30803 45
30804 42
30805 40
30806 45
30807 48
30808 55
30809 53
30810 58
30811 64
30812 63
30813 66
30814 72
30815 71
30816 74
30817 67
30818 63
30819 68
30820 60
30821 74
30822 68
30823 65
30824 55
30825 61
30826 54
30827 68
30828 60
30829 63
30830 59
30831 61
30832 66
30833 69
30834 66
30835 67
30836 61
30837 64
30838 53
30839 61
30840 60
30841 61
30842 57
30843 60
30844 62
30845 66
30846 83
30847 70
30848 71
30849 58
30850 55
30851 68
30852 67
30853 78
30854 69
30855 70
30856 66
30857 60
30858 64
30859 49
30860 66
30861 58
30862 56
30863 60
30864 67
30865 73
30866 63
30867 63
30868 56
30869 56
30870 51
30871 67
30872 61
30873 63
30874 65
30875 71
30876 59
30877 62
30878 63
30879 54
30880 56
30881 51
30882 59
30883 65
30884 67
30885 66
30886 67
30887 72
30888 66
30889 70
30890 50
30891 33
30892 51
30893 57
30894 61
30895 51
30896 55
30897 51
30898 36
30899 53
30900 64
30901 56
30902 39
30903 50
30904 51
30905 59
30906 60
30907 55
30908 50
30909 69
30910 68
30911 61
30912 62
30913 72
30914 57
30915 67
30916 66
30917 58
30918 57
30919 62
30920 61
30921 67
30922 68
30923 64
30924 79
30925 63
30926 62
30927 70
30928 61
30929 53
30930 61
30931 57
30932 55
30933 59
30934 57
30935 59
30936 60
30937 66
30938 75
30939 74
30940 62
30941 63
30942 60
30943 58
30944 71
30945 51
30946 58
30947 60
30948 67
30949 73
30950 69
30951 69
30952 63
30953 63
30954 52
30955 59
30956 66
30957 65
30958 63
30959 65
30960 66
30961 58
30962 59
30963 64
30964 54
30965 53
30966 56
30967 59
30968 62
30969 60
30970 59
30971 63
30972 52
30973 62
30974 60
30975 58
30976 61
30977 62
30978 57
30979 53
30980 50
30981 60
30982 53
30983 58
30984 59
30985 63
30986 66
30987 63
30988 64
30989 54
30990 50
30991 61
30992 65
30993 54
30994 58
30995 56
30996 56
30997 62
30998 61
30999 62
31000 53
31001 55
31002 48
31003 55
31004 56
31005 62
31006 62
31007 69
31008 61
31009 53
31010 44
31011 55
31012 52
31013 50
31014 51
31015 63
31016 53
31017 41
31018 59
31019 66
31020 65
31021 61
31022 53
31023 48
31024 53
31025 55
31026 63
31027 57
31028 59
31029 57
31030 59
31031 59
31032 51
31033 52
31034 56
31035 60
31036 65
31037 68
31038 66
31039 67
31040 61
31041 61
31042 59
31043 56
31044 54
31045 51
31046 49
31047 47
31048 37
31049 34
31050 46
31051 51
31052 65
31053 49
31054 54
31055 64
31056 62
31057 60
31058 63
31059 61
31060 64
31061 55
31062 65
31063 68
31064 48
31065 50
31066 55
31067 54
31068 44
31069 55
31070 60
31071 59
31072 67
31073 63
31074 58
31075 55
31076 47
31077 38
31078 35
31079 45
31080 51
31081 57
31082 59
31083 65
31084 64
31085 71
31086 69
31087 74
31088 61
31089 56
31090 52
31091 51
31092 57
31093 64
31094 55
31095 52
31096 48
31097 56
31098 60
31099 59
31100 58
31101 55
31102 57
31103 60
31104 62
31105 62
31106 71
31107 59
31108 64
31109 62
31110 70
31111 61
31112 57
31113 59
31114 71
31115 56
31116 55
31117 59
31118 60
31119 61
31120 57
31121 55
31122 53
31123 61
31124 42
31125 51
31126 56
31127 54
31128 46
31129 59
31130 58
31131 60
31132 54
31133 59
31134 48
31135 51
31136 46
31137 39
31138 40
31139 47
31140 64
31141 54
31142 39
31143 52
31144 66
31145 47
31146 54
31147 63
31148 69
31149 57
31150 68
31151 67
31152 63
31153 54
31154 59
31155 56
31156 60
31157 65
31158 60
31159 57
31160 55
31161 56
31162 64
31163 63
31164 49
31165 52
31166 58
31167 65
31168 80
31169 61
31170 43
31171 49
31172 46
31173 56
31174 65
31175 57
31176 68
31177 72
31178 79
31179 75
31180 67
31181 62
31182 56
31183 59
31184 57
31185 53
31186 55
31187 61
31188 63
31189 59
31190 54
31191 63
31192 60
31193 50
31194 51
31195 60
31196 69
31197 65
31198 52
31199 54
31200 63
31201 55
31202 60
31203 69
31204 56
31205 43
31206 46
31207 55
31208 60
31209 59
31210 62
31211 56
31212 53
31213 62
31214 76
31215 63
31216 56
31217 59
31218 60
31219 68
31220 49
31221 55
31222 44
31223 24
31224 18
31225 25
31226 37
31227 52
31228 53
31229 60
31230 58
31231 55
31232 47
31233 61
31234 59
31235 53
31236 58
31237 55
31238 45
31239 48
31240 52
31241 57
31242 54
31243 54
31244 66
31245 80
31246 67
31247 59
31248 66
31249 65
31250 65
31251 72
31252 70
31253 81
31254 81
31255 85
31256 70
31257 68
31258 62
31259 59
31260 55
31261 57
31262 60
31263 68
31264 71
31265 70
31266 59
31267 57
31268 59
31269 68
31270 65
31271 56
31272 72
31273 63
31274 66
31275 63
31276 50
31277 51
31278 54
31279 62
31280 66
31281 59
31282 69
31283 68
31284 59
31285 56
31286 57
31287 61
31288 59
31289 57
31290 60
31291 59
31292 59
31293 65
31294 70
31295 51
31296 61
31297 51
31298 63
31299 64
31300 60
31301 67
31302 61
31303 64
31304 64
31305 75
31306 59
31307 57
31308 58
31309 57
31310 57
31311 65
31312 70
31313 58
31314 62
31315 65
31316 65
31317 52
31318 64
31319 61
31320 62
31321 62
31322 66
31323 63
31324 67
31325 66
31326 72
31327 75
31328 61
31329 59
31330 55
31331 49
31332 40
31333 46
31334 53
31335 51
31336 57
31337 51
31338 44
31339 54
31340 61
31341 66
31342 48
31343 43
31344 58
31345 60
31346 63
31347 58
31348 55
31349 59
31350 52
31351 60
31352 54
31353 65
31354 70
31355 80
31356 68
31357 60
31358 57
31359 56
31360 64
31361 59
31362 58
31363 61
31364 67
31365 60
31366 52
31367 62
31368 68
31369 65
31370 61
31371 60
31372 57
31373 63
31374 65
31375 63
31376 67
31377 66
31378 62
31379 61
31380 50
31381 54
31382 55
31383 57
31384 62
31385 68
31386 74
31387 63
31388 61
31389 62
31390 63
31391 54
31392 55
31393 67
31394 50
31395 51
31396 58
31397 70
31398 63
31399 60
31400 63
31401 70
31402 74
31403 60
31404 58
31405 53
31406 57
31407 67
31408 62
31409 60
31410 55
31411 61
31412 64
31413 63
31414 48
31415 51
31416 52
31417 46
31418 55
31419 49
31420 55
31421 66
31422 47
31423 59
31424 44
31425 55
31426 68
31427 64
31428 53
31429 57
31430 66
31431 49
31432 64
31433 63
31434 57
31435 55
31436 50
31437 48
31438 56
31439 65
31440 72
31441 68
31442 66
31443 62
31444 66
31445 69
31446 65
31447 70
31448 71
31449 72
31450 58
31451 59
31452 48
31453 53
31454 57
31455 59
31456 56
31457 50
31458 63
31459 60
31460 62
31461 65
31462 57
31463 58
31464 43
31465 45
31466 55
31467 65
31468 82
31469 65
31470 70
31471 57
31472 41
31473 49
31474 54
31475 56
31476 53
31477 69
31478 56
31479 56
31480 72
31481 73
31482 69
31483 67
31484 61
31485 64
31486 62
31487 50
31488 46
31489 65
31490 63
31491 63
31492 62
31493 66
31494 63
31495 60
31496 57
31497 47
31498 39
31499 31
31500 43
31501 45
31502 55
31503 55
31504 62
31505 72
31506 59
31507 67
31508 49
31509 55
31510 56
31511 53
31512 57
31513 53
31514 55
31515 59
31516 52
31517 59
31518 62
31519 60
31520 53
31521 58
31522 58
31523 51
31524 61
31525 60
31526 58
31527 52
31528 55
31529 48
31530 58
31531 53
31532 56
31533 50
31534 47
31535 41
31536 46
31537 56
31538 51
31539 59
31540 67
31541 62
31542 61
31543 75
31544 67
31545 59
31546 62
31547 63
31548 53
31549 65
31550 70
31551 63
31552 49
31553 68
31554 61
31555 56
31556 59
31557 61
31558 72
31559 65
31560 71
31561 76
31562 59
31563 61
31564 56
31565 76
31566 66
31567 57
31568 52
31569 49
31570 53
31571 67
31572 53
31573 56
31574 63
31575 68
31576 70
31577 69
31578 54
31579 51
31580 68
31581 71
31582 67
31583 74
31584 67
31585 60
31586 72
31587 54
31588 55
31589 56
31590 55
31591 67
31592 63
31593 72
31594 76
31595 72
31596 52
31597 50
31598 65
31599 55
31600 47
31601 57
31602 52
31603 57
31604 53
31605 45
31606 57
31607 60
31608 57
31609 73
31610 67
31611 52
31612 59
31613 73
31614 65
31615 56
31616 63
31617 71
31618 58
31619 60
31620 61
31621 57
31622 62
31623 58
31624 62
31625 58
31626 56
31627 61
31628 63
31629 58
31630 59
31631 67
31632 65
31633 49
31634 59
31635 60
31636 53
31637 66
31638 60
31639 66
31640 64
31641 73
31642 63
31643 57
31644 57
31645 53
31646 49
31647 57
31648 59
31649 59
31650 57
31651 51
31652 64
31653 67
31654 61
31655 75
31656 66
31657 57
31658 56
31659 53
31660 61
31661 61
31662 68
31663 60
31664 54
31665 62
31666 72
31667 66
31668 60
31669 59
31670 55
31671 52
31672 56
31673 54
31674 56
31675 57
31676 55
31677 49
31678 45
31679 47
31680 43
31681 42
31682 53
31683 52
31684 51
31685 49
31686 62
31687 59
31688 53
31689 59
31690 60
31691 67
31692 57
31693 53
31694 59
31695 56
31696 55
31697 56
31698 60
31699 56
31700 49
31701 48
31702 49
31703 48
31704 54
31705 52
31706 56
31707 57
31708 64
31709 61
31710 55
31711 62
31712 60
31713 56
31714 50
31715 68
31716 69
31717 68
31718 60
31719 78
31720 71
31721 57
31722 49
31723 57
31724 45
31725 46
31726 54
31727 56
31728 58
31729 59
31730 70
31731 62
31732 54
31733 43
31734 50
31735 64
31736 71
31737 63
31738 55
31739 64
31740 57
31741 60
31742 51
31743 56
31744 57
31745 65
31746 70
31747 58
31748 55
31749 57
31750 57
31751 74
31752 67
31753 68
31754 58
31755 57
31756 69
31757 71
31758 64
31759 65
31760 68
31761 72
31762 67
31763 53
31764 57
31765 67
31766 48
31767 44
31768 46
31769 48
31770 52
31771 62
31772 65
31773 60
31774 58
31775 56
31776 54
31777 58
31778 57
31779 67
31780 56
31781 59
31782 49
31783 63
31784 54
31785 51
31786 54
31787 48
31788 49
31789 63
31790 64
31791 55
31792 58
31793 57
31794 55
31795 58
31796 58
31797 69
31798 62
31799 59
31800 54
31801 53
31802 63
31803 71
31804 72
31805 68
31806 55
31807 46
31808 61
31809 58
31810 62
31811 63
31812 61
31813 66
31814 55
31815 53
31816 52
31817 58
31818 73
31819 65
31820 63
31821 61
31822 60
31823 55
31824 57
31825 48
31826 59
31827 58
31828 59
31829 56
31830 62
31831 72
31832 64
31833 66
31834 70
31835 64
31836 69
31837 68
31838 59
31839 62
31840 63
31841 72
31842 61
31843 52
31844 49
31845 55
31846 67
31847 59
31848 70
31849 63
31850 71
31851 73
31852 69
31853 53
31854 71
31855 64
31856 52
31857 50
31858 46
31859 58
31860 56
31861 36
31862 46
31863 51
31864 57
31865 52
31866 61
31867 62
31868 70
31869 58
31870 65
31871 66
31872 63
31873 68
31874 67
31875 70
31876 50
31877 64
31878 64
31879 63
31880 78
31881 63
31882 61
31883 59
31884 56
31885 47
31886 59
31887 40
31888 53
31889 62
31890 58
31891 67
31892 66
31893 71
31894 70
31895 63
31896 66
31897 66
31898 66
31899 65
31900 55
31901 61
31902 55
31903 54
31904 59
31905 67
31906 59
31907 63
31908 62
31909 57
31910 64
31911 66
31912 61
31913 59
31914 62
31915 58
31916 57
31917 67
31918 73
31919 80
31920 71
31921 62
31922 54
31923 64
31924 46
31925 56
31926 50
31927 48
31928 52
31929 56
31930 66
31931 63
31932 57
31933 65
31934 53
31935 60
31936 43
31937 47
31938 37
31939 48
31940 59
31941 62
31942 67
31943 63
31944 66
31945 55
31946 45
31947 49
31948 65
31949 64
31950 62
31951 57
31952 55
31953 61
31954 57
31955 64
31956 61
31957 66
31958 72
31959 69
31960 59
31961 59
31962 59
31963 58
31964 50
31965 67
31966 64
31967 58
31968 60
31969 50
31970 57
31971 62
31972 67
31973 62
31974 68
31975 54
31976 48
31977 41
31978 55
31979 68
31980 60
31981 73
31982 61
31983 73
31984 71
31985 65
31986 60
31987 57
31988 61
31989 58
31990 61
31991 62
31992 53
31993 45
31994 54
31995 62
31996 59
31997 68
31998 68
31999 64
32000 52
32001 50
32002 54
32003 68
32004 55
32005 56
32006 55
32007 52
32008 56
32009 58
32010 64
32011 60
32012 55
32013 53
32014 46
32015 65
32016 65
32017 65
32018 65
32019 63
32020 57
32021 62
32022 54
32023 56
32024 73
32025 65
32026 68
32027 62
32028 64
32029 65
32030 72
32031 60
32032 45
32033 56
32034 58
32035 67
32036 57
32037 69
32038 61
32039 62
32040 59
32041 54
32042 61
32043 66
32044 55
32045 48
32046 57
32047 62
32048 61
32049 57
32050 58
32051 40
32052 47
32053 53
32054 57
32055 64
32056 70
32057 59
32058 58
32059 55
32060 60
32061 73
32062 59
32063 59
32064 73
32065 63
32066 56
32067 46
32068 60
32069 67
32070 65
32071 71
32072 61
32073 61
32074 64
32075 64
32076 69
32077 62
32078 53
32079 63
32080 68
32081 58
32082 52
32083 56
32084 40
32085 49
32086 55
32087 57
32088 76
32089 61
32090 68
32091 68
32092 63
32093 70
32094 66
32095 67
32096 64
32097 58
32098 44
32099 53
32100 59
32101 62
32102 53
32103 52
32104 54
32105 52
32106 62
32107 71
32108 67
32109 58
32110 51
32111 58
32112 57
32113 58
32114 68
32115 66
32116 63
32117 62
32118 61
32119 51
32120 47
32121 40
32122 54
32123 58
32124 51
32125 58
32126 56
32127 54
32128 52
32129 56
32130 60
32131 63
32132 61
32133 57
32134 50
32135 51
32136 58
32137 52
32138 66
32139 58
32140 42
32141 49
32142 40
32143 36
32144 50
32145 55
32146 64
32147 59
32148 55
32149 61
32150 60
32151 69
32152 57
32153 69
32154 63
32155 51
32156 63
32157 65
32158 55
32159 57
32160 56
32161 67
32162 65
32163 61
32164 61
32165 62
32166 60
32167 69
32168 66
32169 58
32170 54
32171 58
32172 54
32173 49
32174 57
32175 56
32176 49
32177 60
32178 53
32179 46
32180 47
32181 56
32182 49
32183 64
32184 60
32185 68
32186 66
32187 60
32188 66
32189 62
32190 51
32191 34
32192 46
32193 60
32194 77
32195 66
32196 65
32197 62
32198 56
32199 58
32200 69
32201 59
32202 57
32203 55
32204 57
32205 49
32206 54
32207 51
32208 58
32209 59
32210 67
32211 72
32212 71
32213 57
32214 57
32215 60
32216 65
32217 70
32218 68
32219 66
32220 63
32221 58
32222 60
32223 56
32224 66
32225 56
32226 49
32227 47
32228 58
32229 60
32230 72
32231 62
32232 64
32233 66
32234 53
32235 63
32236 57
32237 44
32238 58
32239 64
32240 72
32241 68
32242 62
32243 61
32244 52
32245 47
32246 52
32247 56
32248 53
32249 49
32250 50
32251 61
32252 62
32253 70
32254 64
32255 58
32256 71
32257 75
32258 72
32259 70
32260 68
32261 61
32262 54
32263 59
32264 64
32265 67
32266 51
32267 52
32268 68
32269 73
32270 64
32271 60
32272 51
32273 57
32274 58
32275 57
32276 58
32277 53
32278 58
32279 61
32280 64
32281 67
32282 69
32283 69
32284 71
32285 66
32286 66
32287 60
32288 55
32289 63
32290 46
32291 55
32292 62
32293 79
32294 77
32295 71
32296 58
32297 48
32298 51
32299 58
32300 69
32301 76
32302 63
32303 59
32304 62
32305 55
32306 53
32307 45
32308 56
32309 67
32310 71
32311 62
32312 63
32313 62
32314 69
32315 64
32316 67
32317 72
32318 61
32319 60
32320 61
32321 57
32322 54
32323 56
32324 62
32325 55
32326 59
32327 64
32328 47
32329 59
32330 51
32331 55
32332 67
32333 50
32334 62
32335 72
32336 55
32337 60
32338 58
32339 60
32340 61
32341 64
32342 66
32343 54
32344 58
32345 61
32346 62
32347 59
32348 52
32349 61
32350 49
32351 42
32352 44
32353 58
32354 70
32355 72
32356 71
32357 65
32358 66
32359 62
32360 59
32361 64
32362 72
32363 69
32364 64
32365 47
32366 58
32367 55
32368 53
32369 38
32370 53
32371 68
32372 57
32373 67
32374 61
32375 58
32376 55
32377 62
32378 70
32379 67
32380 72
32381 67
32382 60
32383 45
32384 60
32385 57
32386 62
32387 58
32388 53
32389 61
32390 62
32391 52
32392 56
32393 56
32394 57
32395 63
32396 68
32397 58
32398 41
32399 57
32400 53
32401 54
32402 56
32403 59
32404 66
32405 66
32406 70
32407 55
32408 59
32409 63
32410 67
32411 68
32412 66
32413 60
32414 55
32415 50
32416 62
32417 59
32418 68
32419 56
32420 62
32421 62
32422 63
32423 63
32424 60
32425 59
32426 65
32427 69
32428 69
32429 67
32430 59
32431 61
32432 63
32433 59
32434 63
32435 64
32436 53
32437 52
32438 55
32439 60
32440 56
32441 55
32442 51
32443 42
32444 50
32445 54
32446 53
32447 59
32448 57
32449 60
32450 66
32451 74
32452 69
32453 67
32454 62
32455 72
32456 57
32457 58
32458 60
32459 57
32460 62
32461 56
32462 66
32463 63
32464 65
32465 62
32466 57
32467 59
32468 57
32469 59
32470 59
32471 53
32472 67
32473 66
32474 59
32475 74
32476 71
32477 60
32478 58
32479 66
32480 63
32481 55
32482 60
32483 63
32484 54
32485 53
32486 52
32487 51
32488 55
32489 47
32490 52
32491 62
32492 60
32493 63
32494 52
32495 53
32496 49
32497 63
32498 68
32499 55
32500 67
32501 64
32502 62
32503 62
32504 64
32505 50
32506 51
32507 55
32508 58
32509 67
32510 61
32511 62
32512 66
32513 48
32514 60
32515 62
32516 60
32517 62
32518 59
32519 61
32520 59
32521 66
32522 59
32523 59
32524 54
32525 58
32526 46
32527 55
32528 56
32529 69
32530 65
32531 51
32532 61
32533 62
32534 63
32535 56
32536 48
32537 56
32538 52
32539 62
32540 52
32541 49
32542 62
32543 63
32544 71
32545 63
32546 77
32547 73
32548 57
32549 57
32550 59
32551 66
32552 74
32553 70
32554 59
32555 55
32556 48
32557 52
32558 51
32559 45
32560 49
32561 59
32562 55
32563 57
32564 60
32565 65
32566 57
32567 58
32568 54
32569 50
32570 62
32571 71
32572 62
32573 62
32574 72
32575 62
32576 66
32577 71
32578 63
32579 53
32580 56
32581 60
32582 56
32583 73
32584 62
32585 63
32586 52
32587 58
32588 64
32589 63
32590 66
32591 61
32592 57
32593 60
32594 62
32595 67
32596 64
32597 63
32598 65
32599 63
32600 62
32601 61
32602 57
32603 64
32604 73
32605 73
32606 73
32607 77
32608 64
32609 58
32610 57
32611 60
32612 64
32613 67
32614 58
32615 60
32616 66
32617 64
32618 62
32619 56
32620 64
32621 78
32622 75
32623 65
32624 60
32625 59
32626 55
32627 64
32628 58
32629 56
32630 61
32631 63
32632 60
32633 56
32634 66
32635 63
32636 58
32637 56
32638 55
32639 68
32640 81
32641 83
32642 76
32643 79
32644 73
32645 65
32646 48
32647 55
32648 66
32649 62
32650 62
32651 70
32652 62
32653 59
32654 60
32655 67
32656 62
32657 46
32658 41
32659 35
32660 31
32661 43
32662 48
32663 47
32664 49
32665 52
32666 50
32667 65
32668 58
32669 74
32670 71
32671 61
32672 62
32673 71
32674 57
32675 59
32676 64
32677 68
32678 64
32679 65
32680 66
32681 79
32682 81
32683 64
32684 60
32685 61
32686 60
32687 55
32688 66
32689 53
32690 61
32691 65
32692 55
32693 57
32694 55
32695 62
32696 68
32697 74
32698 78
32699 70
32700 62
32701 49
32702 39
32703 36
32704 19
32705 22
32706 30
32707 49
32708 62
32709 58
32710 54
32711 55
32712 62
32713 70
32714 68
32715 66
32716 59
32717 55
32718 61
32719 65
32720 69
32721 68
32722 61
32723 69
32724 63
32725 62
32726 56
32727 60
32728 59
32729 59
32730 53
32731 61
32732 72
32733 55
32734 63
32735 66
32736 53
32737 59
32738 66
32739 61
32740 60
32741 65
32742 64
32743 63
32744 59
32745 57
32746 65
32747 62
32748 66
32749 70
32750 65
32751 55
32752 61
32753 62
32754 65
32755 74
32756 61
32757 62
32758 68
32759 60
32760 67
32761 62
32762 66
32763 73
32764 64
32765 62
32766 56
32767 65
32768 64
32769 59
32770 50
32771 57
32772 59
32773 61
32774 51
32775 52
32776 60
32777 64
32778 61
32779 54
32780 49
32781 47
32782 59
32783 57
32784 57
32785 55
32786 54
32787 50
32788 46
32789 59
32790 70
32791 61
32792 52
32793 51
32794 62
32795 62
32796 68
32797 65
32798 75
32799 65
32800 56
32801 58
32802 63
32803 59
32804 67
32805 56
32806 43
32807 62
32808 59
32809 56
32810 66
32811 77
32812 75
32813 65
32814 61
32815 62
32816 63
32817 59
32818 64
32819 72
32820 65
32821 58
32822 56
32823 50
32824 59
32825 58
32826 57
32827 58
32828 72
32829 58
32830 49
32831 44
32832 54
32833 66
32834 72
32835 69
32836 63
32837 52
32838 57
32839 66
32840 60
32841 56
32842 37
32843 34
32844 53
32845 62
32846 69
32847 67
32848 62
32849 58
32850 67
32851 67
32852 72
32853 63
32854 66
32855 69
32856 66
32857 62
32858 60
32859 57
32860 62
32861 57
32862 53
32863 44
32864 45
32865 52
32866 55
32867 65
32868 52
32869 53
32870 65
32871 64
32872 63
32873 66
32874 74
32875 56
32876 59
32877 67
32878 79
32879 80
32880 68
32881 59
32882 58
32883 58
32884 55
32885 66
32886 58
32887 57
32888 63
32889 68
32890 64
32891 62
32892 61
32893 65
32894 59
32895 54
32896 64
32897 65
32898 60
32899 52
32900 47
32901 48
32902 56
32903 52
32904 50
32905 40
32906 37
32907 47
32908 62
32909 68
32910 60
32911 54
32912 51
32913 53
32914 64
32915 58
32916 57
32917 62
32918 58
32919 56
32920 58
32921 69
32922 71
32923 62
32924 66
32925 64
32926 48
32927 44
32928 62
32929 63
32930 54
32931 68
32932 58
32933 56
32934 67
32935 56
32936 49
32937 49
32938 47
32939 61
32940 58
32941 57
32942 61
32943 56
32944 57
32945 58
32946 57
32947 58
32948 51
32949 63
32950 64
32951 49
32952 44
32953 53
32954 53
32955 44
32956 50
32957 62
32958 68
32959 61
32960 53
32961 51
32962 56
32963 66
32964 59
32965 58
32966 63
32967 70
32968 59
32969 56
32970 57
32971 59
32972 56
32973 55
32974 61
32975 65
32976 66
32977 51
32978 62
32979 62
32980 54
32981 57
32982 55
32983 54
32984 59
32985 49
32986 56
32987 66
32988 72
32989 66
32990 71
32991 63
32992 67
32993 61
32994 67
32995 65
32996 65
32997 61
32998 61
32999 56
33000 53
33001 45
33002 42
33003 54
33004 56
33005 64
33006 66
33007 66
33008 55
33009 58
33010 69
33011 51
33012 50
33013 64
33014 63
33015 62
33016 66
33017 66
33018 68
33019 58
33020 56
33021 70
33022 64
33023 53
33024 52
33025 55
33026 72
33027 71
33028 65
33029 60
33030 57
33031 63
33032 63
33033 52
33034 46
33035 52
33036 61
33037 57
33038 55
33039 53
33040 68
33041 65
33042 62
33043 59
33044 53
33045 69
33046 68
33047 67
33048 67
33049 61
33050 54
33051 54
33052 61
33053 61
33054 63
33055 57
33056 58
33057 49
33058 53
33059 58
33060 56
33061 57
33062 60
33063 50
33064 52
33065 58
33066 59
33067 73
33068 59
33069 49
33070 65
33071 64
33072 69
33073 52
33074 50
33075 57
33076 66
33077 66
33078 59
33079 56
33080 55
33081 41
33082 38
33083 44
33084 50
33085 63
33086 67
33087 64
33088 66
33089 65
33090 68
33091 68
33092 52
33093 59
33094 66
33095 59
33096 56
33097 57
33098 65
33099 57
33100 61
33101 61
33102 55
33103 71
33104 64
33105 67
33106 63
33107 62
33108 55
33109 60
33110 53
33111 58
33112 65
33113 66
33114 56
33115 60
33116 73
33117 67
33118 57
33119 65
33120 62
33121 58
33122 54
33123 61
33124 61
33125 55
33126 54
33127 47
33128 55
33129 56
33130 48
33131 56
33132 56
33133 53
33134 51
33135 52
33136 55
33137 56
33138 65
33139 50
33140 63
33141 56
33142 65
33143 59
33144 70
33145 69
33146 71
33147 76
33148 76
33149 65
33150 62
33151 59
33152 60
33153 72
33154 59
33155 65
33156 64
33157 70
33158 81
33159 67
33160 62
33161 57
33162 64
33163 81
33164 77
33165 65
33166 55
33167 53
33168 62
33169 74
33170 64
33171 57
33172 64
33173 59
33174 52
33175 54
33176 69
33177 68
33178 56
33179 58
33180 71
33181 64
33182 49
33183 37
33184 35
33185 54
33186 61
33187 72
33188 79
33189 61
33190 67
33191 67
33192 73
33193 66
33194 61
33195 61
33196 48
33197 36
33198 54
33199 57
33200 63
33201 67
33202 73
33203 59
33204 59
33205 56
33206 60
33207 57
33208 61
33209 73
33210 64
33211 62
33212 59
33213 54
33214 53
33215 55
33216 60
33217 62
33218 63
33219 58
33220 66
33221 60
33222 54
33223 58
33224 58
33225 53
33226 64
33227 76
33228 66
33229 63
33230 68
33231 70
33232 69
33233 57
33234 60
33235 60
33236 58
33237 74
33238 73
33239 72
33240 56
33241 61
33242 57
33243 56
33244 38
33245 28
33246 24
33247 22
33248 39
33249 52
33250 50
33251 46
33252 45
33253 56
33254 57
33255 57
33256 58
33257 63
33258 61
33259 62
33260 61
33261 64
33262 67
33263 64
33264 57
33265 66
33266 65
33267 58
33268 55
33269 38
33270 58
33271 59
33272 60
33273 61
33274 63
33275 69
33276 68
33277 56
33278 63
33279 65
33280 58
33281 68
33282 61
33283 62
33284 54
33285 52
33286 56
33287 63
33288 56
33289 58
33290 48
33291 57
33292 67
33293 66
33294 55
33295 57
33296 53
33297 66
33298 66
33299 82
33300 78
33301 72
33302 56
33303 69
33304 56
33305 61
33306 71
33307 64
33308 54
33309 56
33310 60
33311 67
33312 85
33313 66
33314 50
33315 47
33316 56
33317 62
33318 60
33319 58
33320 53
33321 51
33322 54
33323 67
33324 64
33325 57
33326 61
33327 52
33328 56
33329 62
33330 61
33331 55
33332 57
33333 65
33334 60
33335 63
33336 60
33337 61
33338 51
33339 52
33340 64
33341 69
33342 64
33343 63
33344 52
33345 44
33346 52
33347 58
33348 60
33349 61
33350 51
33351 56
33352 58
33353 73
33354 58
33355 58
33356 62
33357 64
33358 59
33359 67
33360 61
33361 59
33362 54
33363 58
33364 63
33365 59
33366 56
33367 47
33368 63
33369 59
33370 55
33371 52
33372 63
33373 60
33374 72
33375 66
33376 66
33377 63
33378 58
33379 57
33380 52
33381 53
33382 62
33383 56
33384 69
33385 62
33386 64
33387 48
33388 59
33389 67
33390 55
33391 63
33392 60
33393 61
33394 61
33395 59
33396 58
33397 56
33398 67
33399 56
33400 62
33401 64
33402 63
33403 69
33404 61
33405 54
33406 53
33407 56
33408 57
33409 55
33410 50
33411 63
33412 58
33413 61
33414 56
33415 53
33416 63
33417 64
33418 48
33419 64
33420 61
33421 58
33422 66
33423 67
33424 70
33425 71
33426 67
33427 68
33428 63
33429 58
33430 63
33431 68
33432 71
33433 62
33434 54
33435 63
33436 63
33437 51
33438 46
33439 55
33440 56
33441 62
33442 59
33443 61
33444 66
33445 46
33446 59
33447 57
33448 66
33449 72
33450 58
33451 53
33452 50
33453 60
33454 66
33455 62
33456 54
33457 58
33458 58
33459 66
33460 63
33461 62
33462 65
33463 68
33464 62
33465 49
33466 64
33467 66
33468 62
33469 64
33470 68
33471 62
33472 43
33473 39
33474 51
33475 61
33476 64
33477 51
33478 39
33479 54
33480 57
33481 56
33482 61
33483 58
33484 67
33485 58
33486 60
33487 56
33488 57
33489 49
33490 65
33491 63
33492 56
33493 38
33494 46
33495 58
33496 50
33497 55
33498 57
33499 53
33500 63
33501 72
33502 58
33503 58
33504 60
33505 59
33506 71
33507 53
33508 52
33509 53
33510 61
33511 68
33512 64
33513 64
33514 57
33515 56
33516 51
33517 54
33518 65
33519 52
33520 50
33521 37
33522 47
33523 51
33524 66
33525 68
33526 57
33527 69
33528 68
33529 67
33530 54
33531 52
33532 63
33533 54
33534 58
33535 54
33536 59
33537 68
33538 62
33539 61
33540 55
33541 43
33542 58
33543 66
33544 67
33545 81
33546 79
33547 65
33548 70
33549 58
33550 69
33551 65
33552 53
33553 72
33554 53
33555 59
33556 56
33557 69
33558 69
33559 66
33560 60
33561 62
33562 63
33563 58
33564 55
33565 48
33566 67
33567 63
33568 62
33569 60
33570 56
33571 67
33572 69
33573 73
33574 61
33575 54
33576 55
33577 52
33578 58
33579 59
33580 53
33581 52
33582 59
33583 54
33584 56
33585 52
33586 47
33587 38
33588 43
33589 47
33590 52
33591 65
33592 62
33593 57
33594 46
33595 49
33596 50
33597 66
33598 62
33599 59
33600 60
33601 59
33602 52
33603 48
33604 49
33605 52
33606 59
33607 54
33608 66
33609 69
33610 64
33611 61
33612 63
33613 64
33614 75
33615 70
33616 55
33617 50
33618 59
33619 69
33620 61
33621 69
33622 62
33623 69
33624 61
33625 67
33626 63
33627 58
33628 69
33629 66
33630 63
33631 55
33632 56
33633 64
33634 67
33635 59
33636 59
33637 58
33638 63
33639 64
33640 58
33641 55
33642 62
33643 69
33644 73
33645 83
33646 77
33647 63
33648 61
33649 60
33650 59
33651 67
33652 61
33653 66
33654 61
33655 64
33656 65
33657 61
33658 55
33659 58
33660 53
33661 48
33662 53
33663 55
33664 49
33665 48
33666 60
33667 71
33668 58
33669 60
33670 61
33671 70
33672 73
33673 61
33674 55
33675 44
33676 36
33677 48
33678 66
33679 73
33680 73
33681 68
33682 73
33683 66
33684 47
33685 65
33686 66
33687 46
33688 64
33689 56
33690 57
33691 54
33692 57
33693 65
33694 49
33695 56
33696 65
33697 73
33698 66
33699 60
33700 55
33701 66
33702 69
33703 63
33704 59
33705 70
33706 67
33707 73
33708 58
33709 55
33710 70
33711 67
33712 60
33713 60
33714 58
33715 62
33716 56
33717 70
33718 60
33719 57
33720 60
33721 63
33722 72
33723 60
33724 62
33725 54
33726 51
33727 58
33728 63
33729 66
33730 48
33731 42
33732 37
33733 29
33734 36
33735 53
33736 62
33737 78
33738 75
33739 64
33740 56
33741 59
33742 67
33743 65
33744 62
33745 61
33746 63
33747 61
33748 46
33749 44
33750 52
33751 63
33752 57
33753 68
33754 71
33755 68
33756 66
33757 56
33758 55
33759 52
33760 47
33761 38
33762 52
33763 56
33764 64
33765 56
33766 54
33767 66
33768 63
33769 65
33770 51
33771 63
33772 66
33773 72
33774 54
33775 50
33776 66
33777 65
33778 67
33779 60
33780 53
33781 58
33782 55
33783 68
33784 71
33785 57
33786 62
33787 53
33788 63
33789 67
33790 67
33791 71
33792 61
33793 72
33794 64
33795 57
33796 61
33797 50
33798 51
33799 58
33800 58
33801 66
33802 72
33803 67
33804 66
33805 61
33806 60
33807 66
33808 56
33809 47
33810 59
33811 59
33812 61
33813 75
33814 60
33815 63
33816 68
33817 67
33818 67
33819 61
33820 55
33821 67
33822 79
33823 62
33824 74
33825 65
33826 55
33827 55
33828 56
33829 61
33830 71
33831 59
33832 66
33833 59
33834 52
33835 42
33836 48
33837 56
33838 64
33839 68
33840 57
33841 61
33842 46
33843 41
33844 55
33845 56
33846 60
33847 64
33848 64
33849 71
33850 63
33851 56
33852 52
33853 67
33854 64
33855 60
33856 58
33857 57
33858 55
33859 53
33860 60
33861 72
33862 70
33863 63
33864 63
33865 64
33866 71
33867 56
33868 64
33869 65
33870 64
33871 62
33872 59
33873 52
33874 61
33875 73
33876 75
33877 57
33878 65
33879 71
33880 61
33881 62
33882 77
33883 66
33884 55
33885 58
33886 65
33887 70
33888 61
33889 50
33890 47
33891 44
33892 48
33893 51
33894 63
33895 55
33896 59
33897 57
33898 59
33899 60
33900 61
33901 65
33902 66
33903 58
33904 57
33905 58
33906 56
33907 67
33908 58
33909 48
33910 62
33911 72
33912 61
33913 65
33914 72
33915 63
33916 58
33917 47
33918 55
33919 56
33920 49
33921 58
33922 62
33923 56
33924 36
33925 34
33926 24
33927 44
33928 48
33929 56
33930 60
33931 65
33932 57
33933 49
33934 58
33935 54
33936 51
33937 67
33938 75
33939 61
33940 67
33941 54
33942 66
33943 59
33944 71
33945 74
33946 64
33947 60
33948 69
33949 77
33950 67
33951 62
33952 59
33953 58
33954 63
33955 58
33956 51
33957 63
33958 69
33959 66
33960 61
33961 49
33962 47
33963 63
33964 68
33965 67
33966 59
33967 68
33968 53
33969 61
33970 56
33971 69
33972 74
33973 55
33974 64
33975 61
33976 67
33977 70
33978 61
33979 54
33980 50
33981 48
33982 62
33983 58
33984 58
33985 61
33986 54
33987 59
33988 58
33989 51
33990 59
33991 68
33992 63
33993 58
33994 63
33995 52
33996 41
33997 44
33998 62
33999 55
34000 52
34001 54
34002 62
34003 63
34004 60
34005 64
34006 56
34007 60
34008 62
34009 65
34010 65
34011 62
34012 53
34013 50
34014 52
34015 59
34016 60
34017 61
34018 58
34019 58
34020 59
34021 56
34022 58
34023 39
34024 51
34025 70
34026 60
34027 56
34028 56
34029 62
34030 49
34031 43
34032 54
34033 59
34034 60
34035 45
34036 54
34037 53
34038 50
34039 60
34040 61
34041 60
34042 59
34043 65
34044 54
34045 51
34046 54
34047 64
34048 65
34049 66
34050 51
34051 53
34052 66
34053 63
34054 61
34055 58
34056 59
34057 58
34058 54
34059 67
34060 53
34061 52
34062 43
34063 52
34064 53
34065 64
34066 53
34067 58
34068 63
34069 56
34070 72
34071 60
34072 64
34073 67
34074 55
34075 51
34076 63
34077 68
34078 49
34079 53
34080 56
34081 65
34082 70
34083 58
34084 59
34085 62
34086 61
34087 52
34088 39
34089 40
34090 48
34091 55
34092 68
34093 64
34094 61
34095 66
34096 60
34097 66
34098 57
34099 56
34100 59
34101 61
34102 61
34103 56
34104 65
34105 55
34106 56
34107 61
34108 61
34109 76
34110 72
34111 67
34112 65
34113 62
34114 52
34115 61
34116 64
34117 56
34118 41
34119 51
34120 60
34121 55
34122 57
34123 59
34124 61
34125 69
34126 68
34127 63
34128 62
34129 60
34130 62
34131 65
34132 67
34133 71
34134 51
34135 64
34136 63
34137 63
34138 67
34139 60
34140 58
34141 53
34142 57
34143 61
34144 58
34145 56
34146 52
34147 43
34148 48
34149 57
34150 63
34151 49
34152 56
34153 58
34154 62
34155 66
34156 63
34157 57
34158 53
34159 46
34160 48
34161 64
34162 76
34163 66
34164 63
34165 55
34166 56
34167 64
34168 73
34169 68
34170 68
34171 61
34172 66
34173 68
34174 59
34175 71
34176 74
34177 57
34178 61
34179 59
34180 56
34181 60
34182 53
34183 69
34184 67
34185 61
34186 63
34187 64
34188 55
34189 67
34190 59
34191 65
34192 63
34193 62
34194 64
34195 61
34196 63
34197 65
34198 55
34199 65
34200 55
34201 57
34202 51
34203 40
34204 43
34205 56
34206 57
34207 55
34208 53
34209 56
34210 59
34211 67
34212 64
34213 59
34214 62
34215 70
34216 71
34217 68
34218 69
34219 67
34220 63
34221 75
34222 58
34223 65
34224 66
34225 71
34226 62
34227 59
34228 57
34229 65
34230 72
34231 70
34232 60
34233 49
34234 59
34235 63
34236 72
34237 67
34238 70
34239 63
34240 53
34241 62
34242 55
34243 54
34244 51
34245 58
34246 49
34247 55
34248 60
34249 61
34250 65
34251 64
34252 68
34253 60
34254 54
34255 61
34256 50
34257 58
34258 62
34259 59
34260 65
34261 51
34262 56
34263 72
34264 59
34265 61
34266 55
34267 62
34268 67
34269 57
34270 61
34271 63
34272 54
34273 46
34274 59
34275 67
34276 63
34277 57
34278 73
34279 64
34280 66
34281 65
34282 53
34283 64
34284 66
34285 69
34286 62
34287 48
34288 52
34289 54
34290 58
34291 64
34292 58
34293 56
34294 60
34295 57
34296 66
34297 68
34298 61
34299 63
34300 44
34301 54
34302 59
34303 56
34304 51
34305 58
34306 65
34307 60
34308 58
34309 56
34310 55
34311 57
34312 63
34313 70
34314 65
34315 57
34316 54
34317 68
34318 56
34319 56
34320 51
34321 62
34322 65
34323 64
34324 61
34325 67
34326 52
34327 53
34328 51
34329 69
34330 67
34331 48
34332 28
34333 46
34334 57
34335 64
34336 66
34337 71
34338 67
34339 65
34340 59
34341 60
34342 64
34343 60
34344 52
34345 39
34346 43
34347 54
34348 55
34349 51
34350 62
34351 59
34352 66
34353 68
34354 64
34355 51
34356 50
34357 52
34358 58
34359 69
34360 69
34361 80
34362 72
34363 70
34364 55
34365 53
34366 62
34367 75
34368 60
34369 69
34370 66
34371 64
34372 80
34373 70
34374 54
34375 52
34376 48
34377 43
34378 59
34379 65
34380 71
34381 63
34382 63
34383 60
34384 60
34385 52
34386 57
34387 49
34388 48
34389 64
34390 57
34391 63
34392 68
34393 74
34394 69
34395 66
34396 67
34397 61
34398 48
34399 49
34400 59
34401 49
34402 57
34403 73
34404 65
34405 64
34406 72
34407 62
34408 58
34409 63
34410 52
34411 53
34412 72
34413 68
34414 64
34415 63
34416 80
34417 83
34418 69
34419 64
34420 61
34421 64
34422 53
34423 54
34424 52
34425 61
34426 60
34427 64
34428 65
34429 61
34430 64
34431 70
34432 61
34433 59
34434 63
34435 72
34436 74
34437 54
34438 59
34439 71
34440 59
34441 69
34442 61
34443 58
34444 57
34445 64
34446 61
34447 72
34448 58
34449 38
34450 47
34451 53
34452 65
34453 53
34454 44
34455 59
34456 58
34457 62
34458 63
34459 64
34460 58
34461 46
34462 47
34463 55
34464 55
34465 50
34466 54
34467 62
34468 55
34469 69
34470 61
34471 56
34472 49
34473 51
34474 53
34475 61
34476 52
34477 57
34478 56
34479 53
34480 38
34481 54
34482 57
34483 62
34484 53
34485 56
34486 67
34487 65
34488 71
34489 67
34490 66
34491 70
34492 60
34493 48
34494 61
34495 60
34496 55
34497 62
34498 67
34499 60
34500 60
34501 66
34502 68
34503 68
34504 59
34505 43
34506 55
34507 59
34508 64
34509 54
34510 57
34511 62
34512 59
34513 49
34514 46
34515 51
34516 58
34517 65
34518 65
34519 61
34520 63
34521 64
34522 60
34523 60
34524 52
34525 48
34526 52
34527 45
34528 53
34529 60
34530 60
34531 54
34532 58
34533 68
34534 64
34535 66
34536 65
34537 61
34538 60
34539 69
34540 61
34541 69
34542 59
34543 52
34544 62
34545 66
34546 63
34547 60
34548 67
34549 58
34550 43
34551 55
34552 56
34553 57
34554 58
34555 61
34556 68
34557 66
34558 64
34559 65
34560 66
34561 57
34562 63
34563 52
34564 62
34565 67
34566 63
34567 70
34568 54
34569 64
34570 60
34571 60
34572 64
34573 65
34574 49
34575 50
34576 64
34577 75
34578 64
34579 58
34580 51
34581 47
34582 56
34583 51
34584 50
34585 54
34586 64
34587 65
34588 62
34589 63
34590 69
34591 61
34592 51
34593 60
34594 59
34595 71
34596 65
34597 66
34598 59
34599 56
34600 57
34601 58
34602 48
34603 64
34604 64
34605 61
34606 66
34607 73
34608 65
34609 68
34610 60
34611 59
34612 60
34613 63
34614 61
34615 59
34616 67
34617 61
34618 63
34619 58
34620 46
34621 51
34622 56
34623 63
34624 63
34625 62
34626 70
34627 58
34628 60
34629 59
34630 49
34631 64
34632 59
34633 53
34634 49
34635 44
34636 30
34637 34
34638 51
34639 62
34640 60
34641 68
34642 81
34643 62
34644 48
34645 61
34646 65
34647 53
34648 45
34649 60
34650 56
34651 58
34652 61
34653 58
34654 61
34655 62
34656 57
34657 50
34658 45
34659 62
34660 63
34661 55
34662 50
34663 59
34664 53
34665 54
34666 47
34667 59
34668 61
34669 65
34670 63
34671 61
34672 63
34673 61
34674 58
34675 59
34676 61
34677 60
34678 60
34679 57
34680 54
34681 63
34682 60
34683 69
34684 71
34685 67
34686 78
34687 66
34688 60
34689 54
34690 52
34691 61
34692 69
34693 60
34694 63
34695 67
34696 57
34697 50
34698 69
34699 55
34700 52
34701 47
34702 54
34703 58
34704 71
34705 60
34706 62
34707 60
34708 60
34709 63
34710 64
34711 58
34712 63
34713 60
34714 60
34715 67
34716 62
34717 74
34718 64
34719 69
34720 55
34721 57
34722 65
34723 61
34724 67
34725 66
34726 68
34727 62
34728 56
34729 53
34730 56
34731 65
34732 68
34733 60
34734 71
34735 58
34736 56
34737 62
34738 45
34739 43
34740 62
34741 69
34742 63
34743 60
34744 56
34745 59
34746 60
34747 58
34748 61
34749 52
34750 61
34751 66
34752 69
34753 63
34754 65
34755 59
34756 68
34757 66
34758 52
34759 50
34760 36
34761 47
34762 50
34763 52
34764 59
34765 61
34766 67
34767 67
34768 73
34769 72
34770 71
34771 61
34772 52
34773 63
34774 61
34775 56
34776 66
34777 70
34778 68
34779 67
34780 66
34781 63
34782 60
34783 45
34784 51
34785 53
34786 51
34787 52
34788 49
34789 45
34790 48
34791 52
34792 62
34793 63
34794 73
34795 59
34796 52
34797 65
34798 59
34799 62
34800 60
34801 60
34802 48
34803 44
34804 48
34805 53
34806 59
34807 68
34808 65
34809 70
34810 73
34811 65
34812 70
34813 72
34814 66
34815 67
34816 79
34817 85
34818 65
34819 64
34820 62
34821 62
34822 59
34823 55
34824 53
34825 52
34826 67
34827 74
34828 68
34829 58
34830 63
34831 65
34832 60
34833 55
34834 62
34835 61
34836 68
34837 63
34838 71
34839 73
34840 64
34841 57
34842 56
34843 59
34844 57
34845 68
34846 71
34847 70
34848 67
34849 71
34850 63
34851 62
34852 66
34853 70
34854 78
34855 67
34856 64
34857 62
34858 61
34859 66
34860 60
34861 61
34862 56
34863 55
34864 58
34865 60
34866 61
34867 45
34868 40
34869 38
34870 39
34871 48
34872 51
34873 60
34874 45
34875 43
34876 53
34877 52
34878 57
34879 42
34880 28
34881 38
34882 58
34883 54
34884 58
34885 57
34886 70
34887 66
34888 68
34889 68
34890 53
34891 69
34892 64
34893 58
34894 66
34895 65
34896 54
34897 55
34898 57
34899 49
34900 65
34901 55
34902 53
34903 64
34904 58
34905 57
34906 58
34907 60
34908 61
34909 52
34910 50
34911 63
34912 62
34913 59
34914 74
34915 78
34916 63
34917 73
34918 67
34919 60
34920 61
34921 68
34922 64
34923 59
34924 65
34925 59
34926 59
34927 58
34928 64
34929 73
34930 63
34931 59
34932 65
34933 66
34934 60
34935 63
34936 74
34937 67
34938 66
34939 67
34940 64
34941 69
34942 63
34943 70
34944 55
34945 70
34946 62
34947 59
34948 52
34949 50
34950 48
34951 62
34952 62
34953 67
34954 68
34955 62
34956 55
34957 48
34958 52
34959 39
34960 55
34961 57
34962 54
34963 53
34964 41
34965 51
34966 58
34967 56
34968 45
34969 46
34970 63
34971 70
34972 66
34973 59
34974 69
34975 57
34976 54
34977 47
34978 53
34979 51
34980 45
34981 61
34982 53
34983 71
34984 73
34985 61
34986 53
34987 64
34988 57
34989 62
34990 59
34991 55
34992 55
34993 67
34994 68
34995 56
34996 51
34997 48
34998 57
34999 50
35000 60
35001 59
35002 52
35003 64
35004 59
35005 47
35006 48
35007 67
35008 58
35009 65
35010 70
35011 62
35012 62
35013 51
35014 57
35015 59
35016 66
35017 68
35018 62
35019 54
35020 60
35021 63
35022 70
35023 53
35024 55
35025 54
35026 46
35027 61
35028 60
35029 65
35030 66
35031 65
35032 61
35033 59
35034 60
35035 63
35036 66
35037 65
35038 67
35039 61
35040 63
35041 69
35042 70
35043 61
35044 72
35045 55
35046 49
35047 54
35048 59
35049 58
35050 66
35051 54
35052 66
35053 57
35054 46
35055 49
35056 56
35057 60
35058 59
35059 57
35060 62
35061 68
35062 63
35063 72
35064 63
35065 67
35066 63
35067 57
35068 54
35069 55
35070 54
35071 62
35072 55
35073 57
35074 70
35075 51
35076 53
35077 59
35078 60
35079 63
35080 59
35081 67
35082 75
35083 64
35084 66
35085 63
35086 55
35087 56
35088 54
35089 63
35090 60
35091 63
35092 63
35093 45
35094 64
35095 63
35096 57
35097 64
35098 49
35099 62
35100 55
35101 55
35102 61
35103 64
35104 65
35105 54
35106 55
35107 50
35108 54
35109 57
35110 60
35111 68
35112 71
35113 61
35114 56
35115 62
35116 62
35117 58
35118 72
35119 64
35120 62
35121 64
35122 57
35123 60
35124 64
35125 62
35126 65
35127 65
35128 52
35129 70
35130 68
35131 57
35132 50
35133 54
35134 57
35135 70
35136 66
35137 56
35138 66
35139 49
35140 59
35141 67
35142 61
35143 63
35144 65
35145 71
35146 57
35147 58
35148 62
35149 64
35150 62
35151 65
35152 61
35153 74
35154 59
35155 56
35156 53
35157 66
35158 65
35159 62
35160 62
35161 68
35162 68
35163 58
35164 60
35165 61
35166 66
35167 55
35168 60
35169 69
35170 67
35171 61
35172 59
35173 63
35174 67
35175 64
35176 55
35177 64
35178 49
35179 66
35180 64
35181 57
35182 59
35183 60
35184 69
35185 55
35186 62
35187 56
35188 58
35189 58
35190 55
35191 57
35192 60
35193 58
35194 60
35195 57
35196 60
35197 62
35198 58
35199 67
35200 47
35201 37
35202 47
35203 48
35204 56
35205 73
35206 61
35207 53
35208 62
35209 58
35210 58
35211 68
35212 58
35213 47
35214 57
35215 69
35216 65
35217 53
35218 58
35219 68
35220 58
35221 56
35222 58
35223 62
35224 59
35225 70
35226 56
35227 61
35228 49
35229 66
35230 61
35231 51
35232 60
35233 45
35234 64
35235 59
35236 68
35237 52
35238 50
35239 61
35240 63
35241 79
35242 63
35243 60
35244 53
35245 58
35246 59
35247 63
35248 63
35249 54
35250 57
35251 59
35252 61
35253 64
35254 61
35255 59
35256 60
35257 58
35258 68
35259 60
35260 52
35261 53
35262 62
35263 74
35264 60
35265 58
35266 57
35267 57
35268 58
35269 65
35270 60
35271 60
35272 62
35273 67
35274 67
35275 69
35276 67
35277 66
35278 55
35279 54
35280 70
35281 63
35282 67
35283 66
35284 64
35285 60
35286 59
35287 54
35288 58
35289 56
35290 49
35291 52
35292 48
35293 59
35294 60
35295 57
35296 52
35297 50
35298 62
35299 58
35300 52
35301 50
35302 66
35303 65
35304 64
35305 58
35306 62
35307 59
35308 60
35309 68
35310 60
35311 52
35312 61
35313 60
35314 54
35315 63
35316 58
35317 63
35318 65
35319 62
35320 71
35321 63
35322 58
35323 67
35324 54
35325 64
35326 65
35327 63
35328 61
35329 54
35330 61
35331 74
35332 61
35333 56
35334 54
35335 59
35336 60
35337 56
35338 61
35339 62
35340 69
35341 62
35342 50
35343 47
35344 46
35345 43
35346 61
35347 64
35348 69
35349 59
35350 65
35351 55
35352 52
35353 56
35354 72
35355 68
35356 57
35357 52
35358 63
35359 57
35360 59
35361 58
35362 50
35363 64
35364 62
35365 70
35366 69
35367 62
35368 62
35369 61
35370 53
35371 57
35372 57
35373 63
35374 61
35375 57
35376 67
35377 76
35378 69
35379 72
35380 66
35381 65
35382 59
35383 77
35384 64
35385 49
35386 57
35387 62
35388 68
35389 65
35390 58
35391 59
35392 59
35393 65
35394 46
35395 53
35396 65
35397 66
35398 65
35399 55
35400 51
35401 56
35402 61
35403 67
35404 55
35405 72
35406 61
35407 62
35408 72
35409 57
35410 64
35411 56
35412 61
35413 61
35414 57
35415 59
35416 64
35417 59
35418 58
35419 63
35420 68
35421 55
35422 56
35423 57
35424 60
35425 62
35426 53
35427 63
35428 61
35429 59
35430 52
35431 42
35432 45
35433 49
35434 54
35435 70
35436 62
35437 61
35438 73
35439 61
35440 58
35441 51
35442 70
35443 56
35444 50
35445 64
35446 56
35447 44
35448 56
35449 63
35450 61
35451 69
35452 53
35453 51
35454 57
35455 59
35456 64
35457 52
35458 65
35459 63
35460 58
35461 70
35462 62
35463 59
35464 49
35465 58
35466 65
35467 62
35468 53
35469 64
35470 66
35471 61
35472 67
35473 55
35474 63
35475 69
35476 65
35477 58
35478 51
35479 45
35480 51
35481 54
35482 51
35483 56
35484 65
35485 66
35486 62
35487 69
35488 64
35489 57
35490 56
35491 55
35492 65
35493 59
35494 63
35495 66
35496 67
35497 60
35498 48
35499 61
35500 60
35501 68
35502 49
35503 45
35504 65
35505 58
35506 66
35507 61
35508 51
35509 53
35510 56
35511 60
35512 58
35513 60
35514 72
35515 71
35516 67
35517 68
35518 66
35519 66
35520 56
35521 62
35522 57
35523 60
35524 68
35525 64
35526 58
35527 54
35528 43
35529 60
35530 64
35531 63
35532 69
35533 79
35534 67
35535 78
35536 70
35537 83
35538 65
35539 56
35540 61
35541 66
35542 65
35543 71
35544 64
35545 51
35546 68
35547 82
35548 69
35549 55
35550 61
35551 41
35552 39
35553 37
35554 54
35555 50
35556 59
35557 63
35558 57
35559 73
35560 58
35561 60
35562 69
35563 58
35564 59
35565 49
35566 51
35567 49
35568 58
35569 68
35570 61
35571 58
35572 70
35573 52
35574 58
35575 62
35576 57
35577 53
35578 51
35579 57
35580 62
35581 63
35582 59
35583 52
35584 57
35585 60
35586 56
35587 71
35588 59
35589 61
35590 61
35591 60
35592 66
35593 59
35594 62
35595 54
35596 49
35597 58
35598 57
35599 62
35600 60
35601 61
35602 63
35603 71
35604 63
35605 57
35606 60
35607 61
35608 64
35609 61
35610 63
35611 62
35612 62
35613 67
35614 55
35615 71
35616 61
35617 63
35618 66
35619 63
35620 60
35621 72
35622 59
35623 51
35624 56
35625 71
35626 68
35627 61
35628 61
35629 66
35630 66
35631 59
35632 59
35633 52
35634 61
35635 66
35636 65
35637 58
35638 62
35639 61
35640 67
35641 63
35642 56
35643 60
35644 63
35645 66
35646 63
35647 55
35648 53
35649 64
35650 61
35651 60
35652 59
35653 65
35654 58
35655 52
35656 54
35657 60
35658 71
35659 68
35660 57
35661 55
35662 57
35663 55
35664 53
35665 49
35666 61
35667 64
35668 59
35669 58
35670 64
35671 62
35672 68
35673 70
35674 64
35675 67
35676 57
35677 60
35678 67
35679 70
35680 62
35681 48
35682 42
35683 51
35684 65
35685 64
35686 57
35687 60
35688 58
35689 59
35690 60
35691 65
35692 62
35693 50
35694 58
35695 62
35696 77
35697 62
35698 64
35699 61
35700 64
35701 64
35702 61
35703 58
35704 56
35705 56
35706 66
35707 70
35708 61
35709 45
35710 53
35711 61
35712 62
35713 63
35714 63
35715 58
35716 58
35717 60
35718 61
35719 63
35720 67
35721 54
35722 64
35723 54
35724 61
35725 65
35726 62
35727 73
35728 56
35729 53
35730 66
35731 52
35732 52
35733 59
35734 61
35735 64
35736 56
35737 61
35738 53
35739 55
35740 45
35741 62
35742 68
35743 58
35744 58
35745 59
35746 66
35747 70
35748 54
35749 56
35750 57
35751 53
35752 64
35753 62
35754 60
35755 57
35756 62
35757 53
35758 56
35759 63
35760 70
35761 65
35762 64
35763 61
35764 59
35765 39
35766 45
35767 46
35768 52
35769 54
35770 64
35771 63
35772 59
35773 59
35774 63
35775 61
35776 58
35777 55
35778 54
35779 53
35780 64
35781 72
35782 66
35783 55
35784 67
35785 63
35786 54
35787 72
35788 74
35789 70
35790 72
35791 64
35792 50
35793 57
35794 64
35795 64
35796 61
35797 59
35798 43
35799 55
35800 58
35801 55
35802 58
35803 66
35804 64
35805 67
35806 58
35807 57
35808 62
35809 57
35810 63
35811 58
35812 63
35813 60
35814 53
35815 66
35816 57
35817 62
35818 68
35819 65
35820 65
35821 62
35822 55
35823 66
35824 65
35825 54
35826 47
35827 43
35828 38
35829 41
35830 47
35831 53
35832 60
35833 59
35834 55
35835 62
35836 60
35837 62
35838 57
35839 56
35840 49
35841 46
35842 50
35843 56
35844 68
35845 68
35846 65
35847 72
35848 62
35849 63
35850 66
35851 75
35852 72
35853 64
35854 62
35855 66
35856 58
35857 56
35858 60
35859 67
35860 58
35861 64
35862 67
35863 57
35864 47
35865 49
35866 64
35867 73
35868 68
35869 59
35870 63
35871 65
35872 62
35873 67
35874 71
35875 65
35876 64
35877 62
35878 55
35879 35
35880 42
35881 49
35882 49
35883 45
35884 42
35885 52
35886 52
35887 60
35888 61
35889 58
35890 76
35891 65
35892 58
35893 43
35894 40
35895 45
35896 51
35897 52
35898 59
35899 67
35900 65
35901 58
35902 62
35903 48
35904 52
35905 54
35906 53
35907 57
35908 63
35909 57
35910 58
35911 54
35912 65
35913 77
35914 84
35915 69
35916 56
35917 55
35918 54
35919 55
35920 61
35921 46
35922 49
35923 50
35924 58
35925 63
35926 65
35927 58
35928 43
35929 41
35930 28
35931 31
35932 36
35933 51
35934 52
35935 61
35936 54
35937 58
35938 53
35939 65
35940 55
35941 52
35942 53
35943 52
35944 60
35945 55
35946 58
35947 64
35948 65
35949 74
35950 64
35951 53
35952 57
35953 62
35954 59
35955 49
35956 58
35957 49
35958 58
35959 64
35960 57
35961 65
35962 55
35963 67
35964 65
35965 64
35966 71
35967 67
35968 72
35969 64
35970 61
35971 51
35972 58
35973 54
35974 65
35975 65
35976 57
35977 66
35978 64
35979 60
35980 59
35981 72
35982 61
35983 57
35984 65
35985 60
35986 54
35987 49
35988 38
35989 37
35990 38
35991 42
35992 48
35993 64
35994 61
35995 56
35996 45
35997 46
35998 54
35999 53
36000 50
36001 49
36002 51
36003 57
36004 59
36005 60
36006 58
36007 59
36008 55
36009 58
36010 61
36011 66
36012 55
36013 49
36014 51
36015 47
36016 62
36017 61
36018 54
36019 45
36020 62
36021 57
36022 72
36023 78
36024 58
36025 63
36026 67
36027 72
36028 76
36029 79
36030 85
36031 75
36032 55
36033 55
36034 56
36035 59
36036 66
36037 70
36038 63
36039 47
36040 49
36041 60
36042 69
36043 60
36044 64
36045 57
36046 42
36047 44
36048 49
36049 60
36050 59
36051 60
36052 70
36053 53
36054 38
36055 52
36056 65
36057 64
36058 61
36059 62
36060 58
36061 51
36062 48
36063 50
36064 51
36065 65
36066 72
36067 75
36068 62
36069 57
36070 64
36071 56
36072 65
36073 60
36074 75
36075 71
36076 60
36077 65
36078 61
36079 71
36080 66
36081 52
36082 50
36083 62
36084 76
36085 70
36086 54
36087 48
36088 52
36089 50
36090 65
36091 61
36092 55
36093 64
36094 66
36095 58
36096 63
36097 66
36098 60
36099 63
36100 71
36101 65
36102 64
36103 59
36104 60
36105 46
36106 59
36107 60
36108 63
36109 61
36110 64
36111 65
36112 78
36113 66
36114 56
36115 65
36116 63
36117 59
36118 61
36119 73
36120 78
36121 78
36122 79
36123 68
36124 59
36125 56
36126 55
36127 44
36128 37
36129 45
36130 57
36131 49
36132 63
36133 60
36134 52
36135 55
36136 59
36137 60
36138 64
36139 62
36140 73
36141 60
36142 70
36143 67
36144 68
36145 70
36146 76
36147 64
36148 52
36149 57
36150 53
36151 51
36152 39
36153 30
36154 37
36155 38
36156 49
36157 50
36158 61
36159 63
36160 55
36161 45
36162 52
36163 69
36164 61
36165 56
36166 64
36167 70
36168 59
36169 70
36170 58
36171 48
36172 46
36173 59
36174 63
36175 64
36176 61
36177 61
36178 58
36179 64
36180 55
36181 53
36182 59
36183 59
36184 59
36185 68
36186 64
36187 65
36188 57
36189 58
36190 57
36191 56
36192 62
36193 55
36194 66
36195 57
36196 62
36197 56
36198 60
36199 65
36200 72
36201 64
36202 65
36203 66
36204 51
36205 57
36206 64
36207 74
36208 59
36209 69
36210 66
36211 59
36212 51
36213 42
36214 61
36215 58
36216 60
36217 59
36218 63
36219 71
36220 65
36221 60
36222 65
36223 73
36224 65
36225 84
36226 76
36227 64
36228 64
36229 65
36230 61
36231 62
36232 60
36233 57
36234 62
36235 68
36236 52
36237 63
36238 66
36239 72
36240 73
36241 61
36242 61
36243 64
36244 56
36245 75
36246 69
36247 65
36248 64
36249 68
36250 63
36251 67
36252 54
36253 66
36254 61
36255 75
36256 62
36257 64
36258 57
36259 43
36260 56
36261 49
36262 57
36263 55
36264 50
36265 55
36266 54
36267 66
36268 61
36269 55
36270 56
36271 61
36272 46
36273 42
36274 43
36275 50
36276 66
36277 74
36278 59
36279 64
36280 77
36281 58
36282 63
36283 70
36284 63
36285 76
36286 71
36287 61
36288 60
36289 57
36290 62
36291 55
36292 66
36293 70
36294 61
36295 64
36296 62
36297 52
36298 53
36299 57
36300 65
36301 66
36302 62
36303 72
36304 54
36305 56
36306 63
36307 82
36308 64
36309 47
36310 55
36311 62
36312 56
36313 52
36314 58
36315 59
36316 61
36317 57
36318 57
36319 60
36320 54
36321 60
36322 50
36323 52
36324 57
36325 55
36326 52
36327 56
36328 60
36329 67
36330 55
36331 62
36332 67
36333 56
36334 42
36335 46
36336 59
36337 64
36338 54
36339 51
36340 59
36341 60
36342 72
36343 66
36344 64
36345 53
36346 58
36347 58
36348 64
36349 69
36350 63
36351 59
36352 58
36353 61
36354 61
36355 67
36356 71
36357 66
36358 72
36359 69
36360 66
36361 59
36362 53
36363 51
36364 52
36365 72
36366 62
36367 57
36368 53
36369 63
36370 49
36371 67
36372 63
36373 66
36374 63
36375 62
36376 65
36377 51
36378 61
36379 59
36380 69
36381 67
36382 60
36383 65
36384 70
36385 57
36386 56
36387 63
36388 51
36389 59
36390 57
36391 57
36392 58
36393 61
36394 61
36395 61
36396 58
36397 56
36398 57
36399 65
36400 53
36401 51
36402 54
36403 55
36404 59
36405 54
36406 52
36407 40
36408 50
36409 50
36410 51
36411 52
36412 53
36413 59
36414 55
36415 63
36416 63
36417 61
36418 61
36419 64
36420 54
36421 62
36422 64
36423 61
36424 55
36425 62
36426 59
36427 62
36428 70
36429 65
36430 61
36431 49
36432 41
36433 38
36434 43
36435 49
36436 54
36437 61
36438 55
36439 57
36440 61
36441 49
36442 43
36443 37
36444 36
36445 54
36446 55
36447 61
36448 57
36449 56
36450 54
36451 59
36452 61
36453 68
36454 61
36455 68
36456 57
36457 63
36458 65
36459 63
36460 68
36461 72
36462 73
36463 79
36464 62
36465 72
36466 65
36467 69
36468 57
36469 51
36470 53
36471 55
36472 61
36473 53
36474 49
36475 60
36476 63
36477 65
36478 63
36479 65
36480 55
36481 59
36482 49
36483 40
36484 60
36485 63
36486 69
36487 69
36488 58
36489 60
36490 67
36491 70
36492 61
36493 63
36494 55
36495 51
36496 35
36497 39
36498 46
36499 58
36500 76
36501 71
36502 55
36503 47
36504 52
36505 70
36506 74
36507 56
36508 67
36509 79
36510 61
36511 54
36512 50
36513 56
36514 58
36515 65
36516 55
36517 54
36518 67
36519 57
36520 69
36521 58
36522 62
36523 61
36524 51
36525 65
36526 58
36527 59
36528 58
36529 56
36530 70
36531 59
36532 58
36533 57
36534 63
36535 62
36536 60
36537 56
36538 53
36539 57
36540 49
36541 56
36542 60
36543 63
36544 64
36545 58
36546 67
36547 53
36548 60
36549 49
36550 46
36551 61
36552 58
36553 57
36554 56
36555 64
36556 63
36557 62
36558 61
36559 65
36560 66
36561 57
36562 59
36563 56
36564 50
36565 58
36566 61
36567 71
36568 63
36569 63
36570 53
36571 55
36572 65
36573 66
36574 54
36575 56
36576 64
36577 57
36578 52
36579 52
36580 51
36581 57
36582 67
36583 57
36584 54
36585 63
36586 49
36587 54
36588 56
36589 67
36590 65
36591 60
36592 70
36593 64
36594 67
36595 59
36596 58
36597 51
36598 60
36599 56
36600 61
36601 58
36602 60
36603 63
36604 50
36605 54
36606 52
36607 56
36608 36
36609 49
36610 61
36611 65
36612 65
36613 58
36614 69
36615 84
36616 69
36617 57
36618 56
36619 59
36620 64
36621 58
36622 55
36623 65
36624 74
36625 57
36626 69
36627 54
36628 49
36629 60
36630 46
36631 52
36632 55
36633 61
36634 60
36635 59
36636 57
36637 60
36638 63
36639 54
36640 57
36641 58
36642 51
36643 63
36644 65
36645 60
36646 58
36647 53
36648 60
36649 52
36650 48
36651 53
36652 67
36653 71
36654 82
36655 66
36656 63
36657 66
36658 57
36659 64
36660 59
36661 60
36662 68
36663 50
36664 61
36665 68
36666 60
36667 66
36668 62
36669 65
36670 65
36671 51
36672 61
36673 56
36674 64
36675 57
36676 70
36677 59
36678 70
36679 72
36680 58
36681 47
36682 48
36683 54
36684 60
36685 69
36686 63
36687 61
36688 60
36689 56
36690 62
36691 57
36692 48
36693 40
36694 47
36695 49
36696 47
36697 44
36698 57
36699 67
36700 62
36701 67
36702 57
36703 65
36704 58
36705 51
36706 59
36707 64
36708 65
36709 51
36710 52
36711 46
36712 38
36713 57
36714 56
36715 45
36716 46
36717 44
36718 38
36719 54
36720 66
36721 66
36722 60
36723 60
36724 59
36725 58
36726 51
36727 59
36728 74
36729 65
36730 66
36731 59
36732 66
36733 61
36734 66
36735 63
36736 58
36737 57
36738 65
36739 57
36740 56
36741 51
36742 50
36743 53
36744 47
36745 51
36746 42
36747 57
36748 56
36749 52
36750 56
36751 69
36752 74
36753 62
36754 64
36755 68
36756 56
36757 65
36758 77
36759 63
36760 55
36761 49
36762 50
36763 53
36764 63
36765 66
36766 55
36767 41
36768 40
36769 53
36770 68
36771 58
36772 59
36773 60
36774 59
36775 62
36776 70
36777 62
36778 53
36779 71
36780 62
36781 60
36782 64
36783 65
36784 65
36785 57
36786 62
36787 65
36788 47
36789 51
36790 43
36791 51
36792 58
36793 59
36794 62
36795 53
36796 52
36797 49
36798 62
36799 65
36800 57
36801 60
36802 64
36803 67
36804 79
36805 70
36806 73
36807 74
36808 80
36809 64
36810 69
36811 68
36812 69
36813 58
36814 62
36815 54
36816 62
36817 66
36818 64
36819 68
36820 65
36821 55
36822 51
36823 53
36824 55
36825 41
36826 50
36827 64
36828 57
36829 58
36830 59
36831 48
36832 57
36833 53
36834 59
36835 65
36836 66
36837 58
36838 51
36839 52
36840 53
36841 44
36842 50
36843 55
36844 50
36845 55
36846 48
36847 59
36848 66
36849 57
36850 63
36851 62
36852 52
36853 58
36854 52
36855 58
36856 65
36857 66
36858 62
36859 73
36860 78
36861 58
36862 62
36863 64
36864 57
36865 71
36866 64
36867 62
36868 66
36869 61
36870 64
36871 74
36872 75
36873 61
36874 66
36875 69
36876 61
36877 60
36878 64
36879 78
36880 70
36881 61
36882 62
36883 60
36884 71
36885 58
36886 63
36887 64
36888 69
36889 62
36890 49
36891 64
36892 60
36893 56
36894 58
36895 66
36896 60
36897 55
36898 64
36899 51
36900 50
36901 65
36902 64
36903 53
36904 50
36905 69
36906 68
36907 66
36908 64
36909 62
36910 61
36911 59
36912 64
36913 58
36914 62
36915 67
36916 68
36917 73
36918 67
36919 64
36920 67
36921 64
36922 45
36923 43
36924 55
36925 56
36926 61
36927 77
36928 73
36929 61
36930 62
36931 57
36932 61
36933 51
36934 65
36935 62
36936 72
36937 64
36938 60
36939 58
36940 65
36941 61
36942 62
36943 63
36944 64
36945 76
36946 68
36947 65
36948 68
36949 67
36950 52
36951 50
36952 47
36953 45
36954 57
36955 58
36956 65
36957 64
36958 59
36959 57
36960 65
36961 51
36962 67
36963 63
36964 61
36965 69
36966 67
36967 59
36968 50
36969 46
36970 53
36971 48
36972 50
36973 52
36974 61
36975 54
36976 60
36977 59
36978 52
36979 56
36980 61
36981 68
36982 68
36983 63
36984 57
36985 63
36986 58
36987 64
36988 62
36989 64
36990 52
36991 61
36992 67
36993 58
36994 60
36995 76
36996 82
36997 63
36998 58
36999 59
37000 53
37001 59
37002 55
37003 63
37004 65
37005 59
37006 67
37007 72
37008 61
37009 57
37010 62
37011 65
37012 63
37013 61
37014 58
37015 53
37016 55
37017 44
37018 56
37019 61
37020 60
37021 69
37022 63
37023 47
37024 46
37025 48
37026 29
37027 34
37028 38
37029 39
37030 58
37031 63
37032 69
37033 58
37034 59
37035 75
37036 66
37037 64
37038 69
37039 56
37040 61
37041 57
37042 60
37043 60
37044 61
37045 56
37046 53
37047 57
37048 68
37049 63
37050 56
37051 63
37052 61
37053 63
37054 57
37055 49
37056 53
37057 58
37058 66
37059 51
37060 58
37061 43
37062 47
37063 49
37064 57
37065 59
37066 64
37067 59
37068 53
37069 55
37070 59
37071 67
37072 66
37073 65
37074 58
37075 67
37076 52
37077 63
37078 61
37079 69
37080 70
37081 71
37082 60
37083 56
37084 54
37085 58
37086 60
37087 66
37088 70
37089 58
37090 55
37091 65
37092 60
37093 51
37094 44
37095 40
37096 48
37097 68
37098 68
37099 78
37100 70
37101 58
37102 60
37103 56
37104 61
37105 63
37106 52
37107 51
37108 45
37109 57
37110 62
37111 50
37112 55
37113 49
37114 60
37115 65
37116 54
37117 61
37118 73
37119 75
37120 60
37121 65
37122 64
37123 65
37124 71
37125 60
37126 51
37127 60
37128 54
37129 63
37130 53
37131 63
37132 60
37133 51
37134 56
37135 62
37136 66
37137 59
37138 49
37139 57
37140 60
37141 62
37142 57
37143 55
37144 65
37145 61
37146 56
37147 55
37148 56
37149 58
37150 56
37151 59
37152 56
37153 50
37154 41
37155 34
37156 52
37157 54
37158 61
37159 62
37160 74
37161 78
37162 70
37163 57
37164 62
37165 65
37166 67
37167 52
37168 50
37169 51
37170 48
37171 63
37172 60
37173 63
37174 55
37175 61
37176 64
37177 54
37178 62
37179 59
37180 55
37181 50
37182 55
37183 57
37184 68
37185 63
37186 67
37187 59
37188 60
37189 59
37190 64
37191 51
37192 52
37193 59
37194 68
37195 61
37196 56
37197 62
37198 62
37199 65
37200 51
37201 53
37202 59
37203 59
37204 78
37205 77
37206 63
37207 59
37208 64
37209 61
37210 63
37211 62
37212 61
37213 56
37214 58
37215 68
37216 71
37217 70
37218 64
37219 72
37220 64
37221 64
37222 60
37223 71
37224 77
37225 61
37226 54
37227 63
37228 63
37229 64
37230 56
37231 52
37232 70
37233 58
37234 48
37235 57
37236 63
37237 70
37238 68
37239 64
37240 56
37241 60
37242 62
37243 61
37244 63
37245 56
37246 58
37247 60
37248 44
37249 42
37250 44
37251 54
37252 63
37253 64
37254 70
37255 61
37256 61
37257 65
37258 80
37259 79
37260 66
37261 61
37262 53
37263 56
37264 64
37265 69
37266 67
37267 51
37268 50
37269 67
37270 58
37271 50
37272 63
37273 64
37274 55
37275 60
37276 55
37277 59
37278 50
37279 65
37280 59
37281 46
37282 58
37283 61
37284 60
37285 72
37286 54
37287 51
37288 62
37289 57
37290 62
37291 65
37292 60
37293 65
37294 63
37295 62
37296 60
37297 53
37298 50
37299 61
37300 58
37301 62
37302 65
37303 72
37304 59
37305 45
37306 57
37307 49
37308 65
37309 67
37310 66
37311 68
37312 49
37313 40
37314 45
37315 60
37316 64
37317 56
37318 53
37319 48
37320 64
37321 67
37322 51
37323 54
37324 61
37325 65
37326 68
37327 68
37328 60
37329 53
37330 47
37331 66
37332 57
37333 64
37334 63
37335 67
37336 64
37337 63
37338 56
37339 56
37340 61
37341 66
37342 61
37343 63
37344 61
37345 60
37346 59
37347 60
37348 47
37349 48
37350 59
37351 61
37352 63
37353 54
37354 62
37355 57
37356 66
37357 58
37358 61
37359 61
37360 62
37361 55
37362 58
37363 56
37364 58
37365 50
37366 66
37367 58
37368 56
37369 59
37370 62
37371 54
37372 62
37373 58
37374 60
37375 63
37376 67
37377 55
37378 61
37379 64
37380 63
37381 61
37382 70
37383 62
37384 67
37385 65
37386 67
37387 72
37388 69
37389 54
37390 59
37391 62
37392 49
37393 66
37394 66
37395 67
37396 73
37397 57
37398 59
37399 61
37400 65
37401 62
37402 58
37403 55
37404 54
37405 63
37406 66
37407 52
37408 60
37409 55
37410 56
37411 59
37412 48
37413 42
37414 45
37415 65
37416 75
37417 64
37418 58
37419 58
37420 53
37421 62
37422 67
37423 64
37424 61
37425 61
37426 61
37427 62
37428 58
37429 66
37430 61
37431 58
37432 60
37433 55
37434 54
37435 71
37436 62
37437 64
37438 56
37439 46
37440 61
37441 67
37442 75
37443 62
37444 61
37445 66
37446 60
37447 67
37448 57
37449 56
37450 59
37451 57
37452 55
37453 52
37454 62
37455 69
37456 62
37457 49
37458 50
37459 61
37460 59
37461 60
37462 59
37463 63
37464 54
37465 49
37466 55
37467 66
37468 62
37469 59
37470 61
37471 67
37472 71
37473 61
37474 63
37475 61
37476 60
37477 77
37478 73
37479 58
37480 56
37481 69
37482 66
37483 56
37484 53
37485 58
37486 60
37487 73
37488 76
37489 66
37490 57
37491 50
37492 48
37493 44
37494 63
37495 61
37496 63
37497 57
37498 49
37499 50
37500 61
37501 52
37502 58
37503 51
37504 41
37505 37
37506 50
37507 63
37508 49
37509 44
37510 49
37511 55
37512 71
37513 55
37514 49
37515 55
37516 54
37517 51
37518 58
37519 51
37520 54
37521 56
37522 65
37523 58
37524 66
37525 64
37526 65
37527 55
37528 67
37529 55
37530 64
37531 63
37532 50
37533 59
37534 49
37535 52
37536 58
37537 52
37538 60
37539 56
37540 59
37541 61
37542 58
37543 45
37544 43
37545 55
37546 62
37547 63
37548 55
37549 58
37550 46
37551 60
37552 52
37553 51
37554 62
37555 57
37556 44
37557 48
37558 50
37559 56
37560 59
37561 45
37562 60
37563 58
37564 60
37565 63
37566 68
37567 69
37568 60
37569 61
37570 44
37571 46
37572 50
37573 55
37574 66
37575 65
37576 67
37577 64
37578 65
37579 66
37580 66
37581 57
37582 41
37583 53
37584 55
37585 36
37586 56
37587 57
37588 52
37589 57
37590 55
37591 50
37592 59
37593 59
37594 46
37595 48
37596 49
37597 44
37598 59
37599 66
37600 54
37601 56
37602 53
37603 62
37604 61
37605 63
37606 51
37607 65
37608 65
37609 64
37610 68
37611 49
37612 53
37613 57
37614 64
37615 60
37616 58
37617 57
37618 60
37619 61
37620 60
37621 55
37622 59
37623 60
37624 57
37625 68
37626 52
37627 59
37628 64
37629 53
37630 72
37631 72
37632 67
37633 70
37634 61
37635 51
37636 52
37637 58
37638 58
37639 69
37640 57
37641 54
37642 62
37643 69
37644 65
37645 55
37646 63
37647 61
37648 65
37649 60
37650 67
37651 63
37652 56
37653 59
37654 55
37655 44
37656 48
37657 56
37658 61
37659 64
37660 65
37661 55
37662 59
37663 52
37664 55
37665 56
37666 68
37667 61
37668 63
37669 69
37670 71
37671 57
37672 50
37673 52
37674 53
37675 61
37676 71
37677 54
37678 38
37679 48
37680 39
37681 58
37682 56
37683 45
37684 60
37685 68
37686 69
37687 64
37688 51
37689 45
37690 51
37691 51
37692 64
37693 59
37694 55
37695 57
37696 53
37697 63
37698 73
37699 69
37700 51
37701 46
37702 57
37703 54
37704 66
37705 64
37706 64
37707 56
37708 60
37709 57
37710 66
37711 72
37712 71
37713 58
37714 45
37715 62
37716 66
37717 56
37718 60
37719 60
37720 58
37721 62
37722 47
37723 41
37724 58
37725 59
37726 62
37727 61
37728 59
37729 66
37730 62
37731 59
37732 66
37733 62
37734 61
37735 56
37736 62
37737 61
37738 58
37739 53
37740 56
37741 56
37742 61
37743 72
37744 67
37745 59
37746 59
37747 75
37748 75
37749 56
37750 55
37751 62
37752 62
37753 60
37754 57
37755 55
37756 53
37757 62
37758 63
37759 61
37760 58
37761 60
37762 54
37763 55
37764 56
37765 64
37766 52
37767 63
37768 66
37769 64
37770 67
37771 65
37772 56
37773 53
37774 61
37775 59
37776 63
37777 73
37778 60
37779 65
37780 80
37781 67
37782 63
37783 59
37784 64
37785 61
37786 60
37787 66
37788 65
37789 62
37790 49
37791 52
37792 56
37793 67
37794 67
37795 54
37796 50
37797 60
37798 57
37799 41
37800 49
37801 50
37802 61
37803 58
37804 64
37805 65
37806 65
37807 68
37808 68
37809 66
37810 64
37811 65
37812 66
37813 72
37814 66
37815 51
37816 50
37817 44
37818 55
37819 52
37820 53
37821 56
37822 58
37823 59
37824 74
37825 56
37826 61
37827 66
37828 64
37829 65
37830 63
37831 62
37832 61
37833 65
37834 61
37835 46
37836 52
37837 57
37838 70
37839 76
37840 65
37841 67
37842 56
37843 50
37844 55
37845 65
37846 66
37847 63
37848 57
37849 39
37850 49
37851 56
37852 60
37853 67
37854 58
37855 62
37856 55
37857 68
37858 58
37859 73
37860 69
37861 67
37862 47
37863 48
37864 49
37865 61
37866 53
37867 56
37868 68
37869 66
37870 71
37871 56
37872 65
37873 67
37874 63
37875 58
37876 57
37877 55
37878 50
37879 55
37880 70
37881 69
37882 67
37883 58
37884 77
37885 63
37886 52
37887 61
37888 53
37889 53
37890 62
37891 61
37892 60
37893 61
37894 63
37895 54
37896 63
37897 64
37898 64
37899 76
37900 68
37901 62
37902 73
37903 57
37904 59
37905 59
37906 53
37907 69
37908 72
37909 64
37910 63
37911 57
37912 62
37913 65
37914 61
37915 57
37916 53
37917 54
37918 62
37919 54
37920 59
37921 76
37922 65
37923 60
37924 56
37925 49
37926 52
37927 61
37928 63
37929 66
37930 61
37931 59
37932 56
37933 63
37934 63
37935 55
37936 64
37937 65
37938 72
37939 69
37940 68
37941 74
37942 56
37943 64
37944 52
37945 59
37946 59
37947 60
37948 59
37949 60
37950 55
37951 64
37952 65
37953 49
37954 50
37955 58
37956 66
37957 63
37958 59
37959 59
37960 72
37961 60
37962 61
37963 63
37964 59
37965 68
37966 56
37967 56
37968 46
37969 49
37970 68
37971 60
37972 52
37973 50
37974 46
37975 48
37976 56
37977 64
37978 72
37979 67
37980 70
37981 52
37982 54
37983 65
37984 59
37985 57
37986 58
37987 57
37988 62
37989 60
37990 55
37991 56
37992 61
37993 76
37994 62
37995 70
37996 66
37997 70
37998 82
37999 62
38000 61
38001 62
38002 61
38003 51
38004 64
38005 64
38006 53
38007 58
38008 71
38009 80
38010 61
38011 42
38012 40
38013 51
38014 55
38015 54
38016 52
38017 58
38018 64
38019 68
38020 69
38021 64
38022 62
38023 61
38024 63
38025 65
38026 60
38027 61
38028 53
38029 63
38030 62
38031 64
38032 61
38033 46
38034 40
38035 47
38036 56
38037 53
38038 62
38039 58
38040 64
38041 69
38042 62
38043 59
38044 51
38045 52
38046 61
38047 73
38048 63
38049 60
38050 45
38051 54
38052 55
38053 58
38054 45
38055 62
38056 56
38057 51
38058 46
38059 56
38060 57
38061 60
38062 53
38063 65
38064 62
38065 62
38066 58
38067 53
38068 58
38069 49
38070 61
38071 58
38072 66
38073 59
38074 52
38075 55
38076 68
38077 65
38078 58
38079 60
38080 67
38081 64
38082 62
38083 54
38084 56
38085 64
38086 54
38087 64
38088 63
38089 64
38090 60
38091 72
38092 66
38093 69
38094 67
38095 70
38096 66
38097 62
38098 61
38099 57
38100 53
38101 62
38102 60
38103 70
38104 73
38105 67
38106 56
38107 54
38108 51
38109 48
38110 50
38111 70
38112 60
38113 67
38114 57
38115 53
38116 61
38117 65
38118 57
38119 60
38120 51
38121 52
38122 48
38123 47
38124 59
38125 75
38126 64
38127 46
38128 56
38129 59
38130 54
38131 44
38132 43
38133 55
38134 59
38135 53
38136 46
38137 47
38138 52
38139 62
38140 54
38141 58
38142 65
38143 61
38144 45
38145 49
38146 57
38147 62
38148 69
38149 56
38150 59
38151 55
38152 62
38153 57
38154 54
38155 35
38156 55
38157 65
38158 48
38159 58
38160 63
38161 43
38162 50
38163 55
38164 49
38165 53
38166 55
38167 64
38168 77
38169 67
38170 56
38171 43
38172 58
38173 63
38174 67
38175 74
38176 58
38177 56
38178 56
38179 57
38180 51
38181 64
38182 78
38183 67
38184 65
38185 60
38186 68
38187 64
38188 72
38189 61
38190 63
38191 64
38192 61
38193 51
38194 51
38195 33
38196 34
38197 40
38198 45
38199 62
38200 57
38201 59
38202 61
38203 54
38204 57
38205 63
38206 67
38207 58
38208 59
38209 57
38210 49
38211 60
38212 52
38213 55
38214 63
38215 55
38216 63
38217 55
38218 52
38219 61
38220 70
38221 61
38222 63
38223 57
38224 51
38225 60
38226 69
38227 73
38228 60
38229 55
38230 58
38231 63
38232 61
38233 63
38234 69
38235 60
38236 49
38237 51
38238 62
38239 77
38240 61
38241 58
38242 72
38243 65
38244 66
38245 63
38246 64
38247 61
38248 59
38249 65
38250 63
38251 60
38252 57
38253 64
38254 64
38255 55
38256 47
38257 59
38258 64
38259 58
38260 65
38261 52
38262 61
38263 53
38264 55
38265 54
38266 70
38267 76
38268 64
38269 62
38270 63
38271 69
38272 74
38273 70
38274 57
38275 57
38276 62
38277 61
38278 63
38279 64
38280 59
38281 69
38282 57
38283 71
38284 70
38285 62
38286 66
38287 53
38288 53
38289 54
38290 59
38291 54
38292 51
38293 60
38294 67
38295 69
38296 67
38297 64
38298 66
38299 63
38300 72
38301 61
38302 66
38303 63
38304 66
38305 58
38306 63
38307 60
38308 64
38309 59
38310 72
38311 67
38312 57
38313 76
38314 73
38315 64
38316 69
38317 57
38318 77
38319 62
38320 60
38321 63
38322 56
38323 58
38324 67
38325 61
38326 44
38327 60
38328 65
38329 53
38330 46
38331 40
38332 33
38333 28
38334 41
38335 58
38336 59
38337 58
38338 47
38339 64
38340 60
38341 49
38342 43
38343 45
38344 65
38345 67
38346 55
38347 59
38348 56
38349 60
38350 59
38351 70
38352 56
38353 60
38354 57
38355 75
38356 63
38357 55
38358 60
38359 56
38360 53
38361 61
38362 60
38363 62
38364 56
38365 57
38366 53
38367 54
38368 71
38369 53
38370 63
38371 69
38372 58
38373 65
38374 59
38375 61
38376 64
38377 56
38378 64
38379 62
38380 60
38381 63
38382 66
38383 68
38384 67
38385 69
38386 58
38387 67
38388 58
38389 65
38390 66
38391 54
38392 62
38393 61
38394 78
38395 72
38396 67
38397 52
38398 57
38399 59
38400 67
38401 67
38402 68
38403 71
38404 58
38405 63
38406 66
38407 67
38408 58
38409 73
38410 70
38411 71
38412 56
38413 57
38414 70
38415 63
38416 69
38417 60
38418 62
38419 60
38420 53
38421 57
38422 55
38423 54
38424 50
38425 49
38426 53
38427 67
38428 63
38429 70
38430 66
38431 71
38432 75
38433 69
38434 61
38435 65
38436 63
38437 66
38438 70
38439 61
38440 59
38441 56
38442 63
38443 66
38444 49
38445 61
38446 75
38447 59
38448 62
38449 53
38450 49
38451 67
38452 47
38453 67
38454 66
38455 52
38456 51
38457 44
38458 55
38459 61
38460 60
38461 63
38462 67
38463 66
38464 52
38465 64
38466 72
38467 54
38468 58
38469 62
38470 59
38471 63
38472 67
38473 60
38474 62
38475 74
38476 78
38477 73
38478 74
38479 62
38480 62
38481 64
38482 65
38483 61
38484 55
38485 62
38486 64
38487 59
38488 58
38489 54
38490 67
38491 68
38492 54
38493 67
38494 51
38495 69
38496 66
38497 66
38498 59
38499 53
38500 50
38501 46
38502 48
38503 56
38504 63
38505 62
38506 72
38507 65
38508 57
38509 46
38510 55
38511 53
38512 49
38513 51
38514 67
38515 60
38516 64
38517 65
38518 66
38519 55
38520 48
38521 59
38522 66
38523 72
38524 63
38525 64
38526 56
38527 60
38528 61
38529 69
38530 60
38531 65
38532 52
38533 64
38534 55
38535 54
38536 58
38537 64
38538 66
38539 71
38540 70
38541 66
38542 71
38543 73
38544 72
38545 57
38546 61
38547 57
38548 58
38549 65
38550 64
38551 57
38552 60
38553 65
38554 73
38555 65
38556 66
38557 63
38558 59
38559 55
38560 57
38561 61
38562 64
38563 75
38564 58
38565 60
38566 72
38567 54
38568 60
38569 61
38570 64
38571 67
38572 68
38573 60
38574 61
38575 55
38576 44
38577 55
38578 55
38579 50
38580 57
38581 59
38582 58
38583 54
38584 67
38585 58
38586 65
38587 59
38588 66
38589 58
38590 60
38591 61
38592 51
38593 59
38594 58
38595 63
38596 69
38597 61
38598 62
38599 67
38600 60
38601 56
38602 57
38603 56
38604 60
38605 66
38606 71
38607 61
38608 75
38609 55
38610 58
38611 65
38612 57
38613 58
38614 58
38615 68
38616 66
38617 64
38618 61
38619 59
38620 77
38621 66
38622 65
38623 62
38624 59
38625 64
38626 59
38627 66
38628 60
38629 56
38630 58
38631 58
38632 60
38633 76
38634 64
38635 65
38636 73
38637 75
38638 66
38639 66
38640 62
38641 64
38642 71
38643 66
38644 67
38645 52
38646 45
38647 37
38648 46
38649 52
38650 60
38651 57
38652 65
38653 64
38654 57
38655 71
38656 72
38657 59
38658 52
38659 70
38660 54
38661 63
38662 61
38663 56
38664 72
38665 59
38666 64
38667 68
38668 57
38669 46
38670 61
38671 65
38672 68
38673 64
38674 72
38675 58
38676 52
38677 46
38678 53
38679 61
38680 61
38681 57
38682 56
38683 58
38684 60
38685 59
38686 64
38687 65
38688 55
38689 61
38690 65
38691 65
38692 70
38693 72
38694 65
38695 77
38696 63
38697 72
38698 63
38699 70
38700 76
38701 68
38702 60
38703 57
38704 51
38705 44
38706 49
38707 59
38708 68
38709 66
38710 57
38711 58
38712 53
38713 56
38714 73
38715 65
38716 69
38717 67
38718 63
38719 64
38720 53
38721 49
38722 46
38723 53
38724 61
38725 66
38726 70
38727 59
38728 54
38729 50
38730 56
38731 41
38732 42
38733 59
38734 60
38735 50
38736 52
38737 54
38738 69
38739 67
38740 66
38741 67
38742 62
38743 60
38744 64
38745 64
38746 58
38747 60
38748 57
38749 50
38750 53
38751 55
38752 63
38753 61
38754 62
38755 55
38756 68
38757 57
38758 59
38759 57
38760 61
38761 44
38762 54
38763 58
38764 63
38765 74
38766 79
38767 67
38768 68
38769 75
38770 71
38771 75
38772 68
38773 65
38774 75
38775 58
38776 64
38777 63
38778 68
38779 71
38780 60
38781 63
38782 57
38783 52
38784 62
38785 60
38786 50
38787 53
38788 56
38789 51
38790 50
38791 51
38792 54
38793 50
38794 50
38795 62
38796 57
38797 66
38798 63
38799 70
38800 66
38801 61
38802 57
38803 47
38804 48
38805 58
38806 63
38807 58
38808 59
38809 59
38810 65
38811 60
38812 80
38813 68
38814 63
38815 61
38816 55
38817 67
38818 70
38819 63
38820 53
38821 54
38822 50
38823 53
38824 57
38825 59
38826 53
38827 71
38828 71
38829 69
38830 68
38831 58
38832 53
38833 71
38834 70
38835 66
38836 64
38837 66
38838 60
38839 61
38840 58
38841 47
38842 41
38843 42
38844 48
38845 59
38846 57
38847 60
38848 57
38849 57
38850 61
38851 66
38852 72
38853 66
38854 64
38855 67
38856 68
38857 58
38858 67
38859 66
38860 53
38861 60
38862 58
38863 69
38864 68
38865 62
38866 58
38867 64
38868 60
38869 62
38870 56
38871 58
38872 59
38873 66
38874 73
38875 70
38876 67
38877 62
38878 55
38879 47
38880 46
38881 55
38882 62
38883 62
38884 54
38885 73
38886 64
38887 60
38888 57
38889 52
38890 57
38891 68
38892 72
38893 68
38894 49
38895 54
38896 55
38897 71
38898 71
38899 73
38900 70
38901 57
38902 68
38903 53
38904 41
38905 55
38906 46
38907 49
38908 67
38909 62
38910 59
38911 65
38912 64
38913 53
38914 47
38915 42
38916 51
38917 57
38918 53
38919 57
38920 53
38921 45
38922 60
38923 64
38924 53
38925 57
38926 50
38927 56
38928 69
38929 60
38930 61
38931 60
38932 61
38933 62
38934 42
38935 51
38936 54
38937 64
38938 66
38939 66
38940 72
38941 71
38942 64
38943 66
38944 65
38945 58
38946 67
38947 71
38948 63
38949 65
38950 60
38951 58
38952 70
38953 60
38954 68
38955 69
38956 71
38957 69
38958 63
38959 60
38960 59
38961 63
38962 67
38963 55
38964 56
38965 58
38966 58
38967 61
38968 58
38969 56
38970 45
38971 35
38972 30
38973 31
38974 46
38975 53
38976 63
38977 70
38978 58
38979 56
38980 72
38981 73
38982 63
38983 57
38984 55
38985 66
38986 50
38987 54
38988 57
38989 59
38990 62
38991 64
38992 57
38993 66
38994 68
38995 56
38996 62
38997 71
38998 51
38999 68
39000 64
39001 65
39002 62
39003 69
39004 65
39005 71
39006 62
39007 58
39008 62
39009 60
39010 77
39011 65
39012 68
39013 56
39014 72
39015 67
39016 60
39017 57
39018 57
39019 51
39020 60
39021 62
39022 57
39023 73
39024 62
39025 55
39026 45
39027 48
39028 55
39029 61
39030 58
39031 59
39032 52
39033 53
39034 50
39035 67
39036 59
39037 59
39038 60
39039 60
39040 56
39041 54
39042 63
39043 50
39044 41
39045 48
39046 57
39047 66
39048 55
39049 43
39050 56
39051 60
39052 62
39053 61
39054 63
39055 72
39056 75
39057 71
39058 59
39059 55
39060 48
39061 53
39062 63
39063 67
39064 64
39065 58
39066 60
39067 78
39068 71
39069 65
39070 70
39071 50
39072 57
39073 61
39074 56
39075 53
39076 64
39077 62
39078 62
39079 65
39080 60
39081 57
39082 47
39083 55
39084 75
39085 73
39086 69
39087 63
39088 62
39089 60
39090 55
39091 58
39092 69
39093 69
39094 60
39095 78
39096 61
39097 58
39098 58
39099 49
39100 62
39101 62
39102 62
39103 64
39104 59
39105 63
39106 61
39107 76
39108 68
39109 65
39110 74
39111 61
39112 55
39113 59
39114 64
39115 65
39116 57
39117 55
39118 60
39119 60
39120 72
39121 62
39122 63
39123 65
39124 57
39125 64
39126 60
39127 63
39128 59
39129 63
39130 62
39131 64
39132 65
39133 59
39134 57
39135 59
39136 52
39137 61
39138 54
39139 47
39140 64
39141 57
39142 52
39143 55
39144 61
39145 74
39146 69
39147 61
39148 53
39149 57
39150 53
39151 54
39152 60
39153 64
39154 59
39155 77
39156 80
39157 69
39158 66
39159 64
39160 56
39161 60
39162 67
39163 52
39164 56
39165 58
39166 63
39167 60
39168 65
39169 68
39170 67
39171 54
39172 71
39173 66
39174 54
39175 60
39176 59
39177 48
39178 58
39179 56
39180 69
39181 58
39182 52
39183 65
39184 58
39185 64
39186 63
39187 69
39188 80
39189 65
39190 67
39191 64
39192 69
39193 55
39194 60
39195 69
39196 52
39197 51
39198 60
39199 56
39200 59
39201 60
39202 56
39203 63
39204 51
39205 42
39206 57
39207 69
39208 64
39209 72
39210 71
39211 70
39212 55
39213 52
39214 51
39215 57
39216 61
39217 53
39218 55
39219 62
39220 51
39221 64
39222 64
39223 68
39224 66
39225 65
39226 56
39227 60
39228 57
39229 55
39230 40
39231 38
39232 43
39233 46
39234 51
39235 71
39236 60
39237 50
39238 64
39239 66
39240 74
39241 67
39242 63
39243 67
39244 65
39245 57
39246 63
39247 66
39248 75
39249 70
39250 68
39251 68
39252 65
39253 59
39254 57
39255 55
39256 60
39257 64
39258 61
39259 53
39260 57
39261 63
39262 69
39263 64
39264 52
39265 42
39266 60
39267 62
39268 71
39269 66
39270 56
39271 64
39272 44
39273 46
39274 44
39275 49
39276 46
39277 61
39278 58
39279 59
39280 62
39281 61
39282 66
39283 63
39284 59
39285 62
39286 63
39287 56
39288 64
39289 66
39290 53
39291 61
39292 64
39293 64
39294 67
39295 64
39296 65
39297 63
39298 60
39299 62
39300 63
39301 60
39302 69
39303 65
39304 59
39305 46
39306 57
39307 65
39308 64
39309 65
39310 64
39311 63
39312 72
39313 75
39314 63
39315 64
39316 58
39317 51
39318 56
39319 63
39320 57
39321 66
39322 68
39323 70
39324 52
39325 56
39326 50
39327 64
39328 61
39329 69
39330 60
39331 66
39332 68
39333 63
39334 62
39335 67
39336 64
39337 68
39338 65
39339 61
39340 59
39341 53
39342 65
39343 61
39344 50
39345 57
39346 55
39347 60
39348 56
39349 69
39350 57
39351 44
39352 52
39353 63
39354 66
39355 77
39356 72
39357 71
39358 60
39359 64
39360 62
39361 60
39362 73
39363 71
39364 68
39365 53
39366 62
39367 57
39368 45
39369 57
39370 51
39371 68
39372 59
39373 60
39374 63
39375 70
39376 67
39377 59
39378 49
39379 63
39380 53
39381 49
39382 53
39383 57
39384 59
39385 56
39386 56
39387 54
39388 69
39389 55
39390 68
39391 54
39392 61
39393 60
39394 65
39395 64
39396 65
39397 57
39398 55
39399 59
39400 63
39401 66
39402 61
39403 60
39404 62
39405 68
39406 70
39407 62
39408 57
39409 55
39410 61
39411 57
39412 56
39413 59
39414 72
39415 61
39416 59
39417 62
39418 58
39419 57
39420 55
39421 54
39422 64
39423 67
39424 61
39425 64
39426 49
39427 47
39428 55
39429 54
39430 66
39431 67
39432 62
39433 68
39434 55
39435 61
39436 63
39437 57
39438 58
39439 52
39440 55
39441 51
39442 69
39443 52
39444 51
39445 50
39446 47
39447 62
39448 58
39449 51
39450 47
39451 54
39452 62
39453 66
39454 56
39455 63
39456 69
39457 65
39458 60
39459 56
39460 46
39461 61
39462 57
39463 61
39464 53
39465 56
39466 61
39467 71
39468 73
39469 61
39470 63
39471 57
39472 56
39473 55
39474 58
39475 58
39476 62
39477 58
39478 57
39479 58
39480 53
39481 50
39482 46
39483 52
39484 67
39485 60
39486 54
39487 49
39488 55
39489 59
39490 68
39491 66
39492 68
39493 65
39494 56
39495 41
39496 52
39497 53
39498 37
39499 46
39500 47
39501 50
39502 52
39503 56
39504 58
39505 59
39506 51
39507 59
39508 64
39509 55
39510 56
39511 57
39512 57
39513 60
39514 59
39515 58
39516 56
39517 43
39518 38
39519 50
39520 53
39521 58
39522 60
39523 64
39524 57
39525 56
39526 48
39527 62
39528 65
39529 58
39530 51
39531 52
39532 58
39533 60
39534 63
39535 68
39536 71
39537 68
39538 55
39539 67
39540 59
39541 68
39542 61
39543 54
39544 58
39545 64
39546 66
39547 56
39548 57
39549 61
39550 67
39551 73
39552 70
39553 71
39554 66
39555 61
39556 68
39557 70
39558 59
39559 52
39560 67
39561 64
39562 56
39563 61
39564 52
39565 68
39566 65
39567 56
39568 56
39569 36
39570 42
39571 55
39572 69
39573 58
39574 42
39575 46
39576 56
39577 58
39578 64
39579 61
39580 47
39581 55
39582 59
39583 67
39584 60
39585 48
39586 65
39587 48
39588 47
39589 55
39590 47
39591 50
39592 54
39593 70
39594 58
39595 70
39596 69
39597 66
39598 70
39599 67
39600 69
39601 69
39602 56
39603 50
39604 43
39605 48
39606 47
39607 55
39608 61
39609 63
39610 53
39611 42
39612 59
39613 59
39614 55
39615 53
39616 61
39617 53
39618 60
39619 53
39620 51
39621 48
39622 55
39623 47
39624 58
39625 63
39626 49
39627 48
39628 47
39629 53
39630 63
39631 56
39632 64
39633 65
39634 78
39635 64
39636 60
39637 53
39638 56
39639 51
39640 64
39641 63
39642 56
39643 64
39644 71
39645 67
39646 51
39647 70
39648 60
39649 63
39650 56
39651 53
39652 56
39653 53
39654 67
39655 65
39656 70
39657 62
39658 62
39659 57
39660 60
39661 62
39662 59
39663 46
39664 57
39665 59
39666 56
39667 52
39668 49
39669 46
39670 47
39671 59
39672 58
39673 51
39674 65
39675 59
39676 55
39677 60
39678 57
39679 54
39680 52
39681 55
39682 57
39683 54
39684 54
39685 60
39686 53
39687 62
39688 63
39689 64
39690 59
39691 64
39692 66
39693 53
39694 52
39695 62
39696 59
39697 67
39698 60
39699 68
39700 72
39701 69
39702 52
39703 50
39704 48
39705 50
39706 51
39707 60
39708 65
39709 62
39710 66
39711 62
39712 53
39713 60
39714 63
39715 53
39716 59
39717 62
39718 53
39719 64
39720 59
39721 61
39722 65
39723 69
39724 63
39725 64
39726 52
39727 60
39728 61
39729 57
39730 63
39731 60
39732 51
39733 47
39734 44
39735 48
39736 55
39737 60
39738 61
39739 59
39740 66
39741 66
39742 58
39743 57
39744 45
39745 41
39746 45
39747 54
39748 58
39749 63
39750 62
39751 59
39752 63
39753 73
39754 54
39755 52
39756 49
39757 45
39758 46
39759 53
39760 52
39761 66
39762 68
39763 62
39764 51
39765 48
39766 53
39767 61
39768 55
39769 61
39770 58
39771 60
39772 69
39773 57
39774 46
39775 45
39776 48
39777 56
39778 61
39779 66
39780 66
39781 49
39782 65
39783 76
39784 66
39785 64
39786 58
39787 58
39788 50
39789 58
39790 60
39791 57
39792 53
39793 54
39794 49
39795 48
39796 44
39797 50
39798 48
39799 46
39800 47
39801 53
39802 58
39803 51
39804 49
39805 60
39806 57
39807 49
39808 61
39809 77
39810 66
39811 63
39812 62
39813 65
39814 58
39815 66
39816 69
39817 56
39818 52
39819 44
39820 35
39821 48
39822 55
39823 56
39824 57
39825 62
39826 63
39827 63
39828 62
39829 63
39830 61
39831 67
39832 84
39833 71
39834 77
39835 60
39836 57
39837 62
39838 66
39839 55
39840 61
39841 61
39842 56
39843 47
39844 56
39845 52
39846 49
39847 52
39848 59
39849 51
39850 61
39851 53
39852 54
39853 60
39854 69
39855 59
39856 70
39857 77
39858 64
39859 54
39860 51
39861 37
39862 31
39863 25
39864 36
39865 40
39866 41
39867 51
39868 47
39869 54
39870 59
39871 49
39872 34
39873 35
39874 50
39875 54
39876 55
39877 67
39878 65
39879 61
39880 54
39881 59
39882 56
39883 61
39884 53
39885 66
39886 68
39887 71
39888 65
39889 75
39890 74
39891 75
39892 69
39893 64
39894 67
39895 67
39896 60
39897 57
39898 53
39899 42
39900 50
39901 61
39902 70
39903 68
39904 62
39905 54
39906 53
39907 56
39908 63
39909 59
39910 64
39911 68
39912 68
39913 56
39914 66
39915 64
39916 56
39917 49
39918 57
39919 61
39920 70
39921 73
39922 65
39923 56
39924 56
39925 55
39926 65
39927 55
39928 60
39929 67
39930 59
39931 68
39932 62
39933 65
39934 69
39935 65
39936 60
39937 61
39938 57
39939 57
39940 60
39941 54
39942 53
39943 59
39944 41
39945 54
39946 58
39947 60
39948 65
39949 48
39950 59
39951 67
39952 77
39953 65
39954 85
39955 72
39956 67
39957 63
39958 61
39959 64
39960 66
39961 62
39962 56
39963 58
39964 56
39965 57
39966 62
39967 59
39968 65
39969 65
39970 67
39971 68
39972 73
39973 74
39974 73
39975 66
39976 64
39977 59
39978 68
39979 66
39980 64
39981 59
39982 62
39983 53
39984 59
39985 58
39986 51
39987 51
39988 44
39989 51
39990 68
39991 68
39992 66
39993 58
39994 58
39995 61
39996 65
39997 66
39998 71
39999 63
40000 68
40001 54
40002 50
40003 54
40004 68
40005 55
40006 46
40007 56
40008 61
40009 61
40010 50
40011 43
40012 53
40013 66
40014 73
40015 70
40016 64
40017 67
40018 73
40019 54
40020 60
40021 68
40022 65
40023 64
40024 56
40025 58
40026 58
40027 52
40028 64
40029 54
40030 57
40031 66
40032 66
40033 56
40034 57
40035 55
40036 67
40037 77
40038 69
40039 54
40040 60
40041 64
40042 59
40043 62
40044 68
40045 69
40046 64
40047 65
40048 62
40049 64
40050 64
40051 60
40052 66
40053 62
40054 53
40055 58
40056 42
40057 46
40058 58
40059 67
40060 67
40061 64
40062 70
40063 64
40064 63
40065 62
40066 63
40067 60
40068 54
40069 68
40070 62
40071 68
40072 81
40073 78
40074 67
40075 74
40076 61
40077 54
40078 69
40079 56
40080 52
40081 53
40082 52
40083 49
40084 61
40085 56
40086 48
40087 56
40088 68
40089 57
40090 55
40091 53
40092 41
40093 57
40094 57
40095 66
40096 53
40097 62
40098 69
40099 61
40100 60
40101 59
40102 61
40103 58
40104 50
40105 48
40106 56
40107 66
40108 68
40109 65
40110 52
40111 54
40112 45
40113 52
40114 60
40115 67
40116 70
40117 79
40118 68
40119 58
40120 59
40121 63
40122 67
40123 63
40124 72
40125 58
40126 55
40127 59
40128 47
40129 49
40130 45
40131 46
40132 54
40133 68
40134 59
40135 63
40136 64
40137 52
40138 53
40139 53
40140 58
40141 65
40142 61
40143 55
40144 60
40145 75
40146 71
40147 66
40148 55
40149 69
40150 70
40151 65
40152 52
40153 58
40154 63
40155 56
40156 49
40157 42
40158 46
40159 47
40160 49
40161 63
40162 81
40163 80
40164 71
40165 59
40166 54
40167 57
40168 65
40169 63
40170 57
40171 55
40172 73
40173 66
40174 61
40175 54
40176 53
40177 49
40178 49
40179 48
40180 62
40181 62
40182 58
40183 49
40184 48
40185 48
40186 44
40187 43
40188 54
40189 63
40190 65
40191 64
40192 70
40193 65
40194 60
40195 75
40196 57
40197 59
40198 72
40199 66
40200 60
40201 62
40202 52
40203 49
40204 53
40205 58
40206 55
40207 61
40208 67
40209 61
40210 60
40211 64
40212 60
40213 75
40214 71
40215 61
40216 64
40217 57
40218 47
40219 47
40220 66
40221 61
40222 62
40223 63
40224 65
40225 60
40226 67
40227 54
40228 52
40229 59
40230 57
40231 60
40232 49
40233 42
40234 48
40235 55
40236 60
40237 56
40238 55
40239 55
40240 57
40241 58
40242 55
40243 59
40244 52
40245 64
40246 57
40247 63
40248 49
40249 44
40250 55
40251 54
40252 73
40253 68
40254 66
40255 71
40256 62
40257 63
40258 54
40259 36
40260 43
40261 54
40262 53
40263 67
40264 68
40265 68
40266 69
40267 74
40268 71
40269 65
40270 56
40271 67
40272 60
40273 62
40274 66
40275 61
40276 57
40277 62
40278 63
40279 56
40280 66
40281 56
40282 61
40283 56
40284 55
40285 46
40286 62
40287 66
40288 54
40289 61
40290 59
40291 68
40292 67
40293 64
40294 60
40295 61
40296 72
40297 67
40298 68
40299 67
40300 63
40301 74
40302 68
40303 60
40304 51
40305 60
40306 58
40307 52
40308 69
40309 75
40310 68
40311 64
40312 56
40313 55
40314 68
40315 56
40316 58
40317 61
40318 55
40319 48
40320 53
40321 51
40322 53
40323 59
40324 63
40325 60
40326 67
40327 55
40328 44
40329 62
40330 63
40331 61
40332 46
40333 44
40334 53
40335 64
40336 59
40337 65
40338 61
40339 65
40340 65
40341 67
40342 50
40343 61
40344 64
40345 61
40346 62
40347 67
40348 52
40349 67
40350 69
40351 50
40352 55
40353 49
40354 56
40355 62
40356 60
40357 65
40358 73
40359 54
40360 65
40361 60
40362 69
40363 65
40364 60
40365 59
40366 61
40367 61
40368 67
40369 75
40370 66
40371 61
40372 65
40373 51
40374 50
40375 47
40376 62
40377 66
40378 59
40379 58
40380 60
40381 67
40382 57
40383 58
40384 57
40385 62
40386 51
40387 56
40388 51
40389 49
40390 61
40391 62
40392 57
40393 74
40394 64
40395 59
40396 42
40397 39
40398 52
40399 67
40400 68
40401 60
40402 52
40403 55
40404 66
40405 62
40406 60
40407 72
40408 53
40409 62
40410 69
40411 50
40412 56
40413 64
40414 60
40415 59
40416 55
40417 63
40418 70
40419 76
40420 62
40421 67
40422 59
40423 56
40424 67
40425 57
40426 64
40427 59
40428 61
40429 65
40430 58
40431 61
40432 53
40433 57
40434 60
40435 55
40436 65
40437 64
40438 60
40439 69
40440 66
40441 56
40442 67
40443 56
40444 49
40445 62
40446 71
40447 67
40448 64
40449 57
40450 65
40451 61
40452 67
40453 61
40454 58
40455 64
40456 67
40457 70
40458 56
40459 59
40460 60
40461 44
40462 45
40463 49
40464 62
40465 65
40466 60
40467 62
40468 64
40469 56
40470 71
40471 61
40472 59
40473 53
40474 57
40475 51
40476 66
40477 67
40478 62
40479 63
40480 71
40481 73
40482 72
40483 68
40484 61
40485 48
40486 34
40487 45
40488 53
40489 46
40490 54
40491 63
40492 52
40493 46
40494 52
40495 49
40496 62
40497 69
40498 63
40499 68
40500 62
40501 64
40502 68
40503 57
40504 54
40505 60
40506 47
40507 55
40508 51
40509 49
40510 61
40511 78
40512 66
40513 66
40514 63
40515 58
40516 55
40517 63
40518 59
40519 73
40520 54
40521 56
40522 57
40523 47
40524 53
40525 60
40526 58
40527 57
40528 53
40529 54
40530 63
40531 65
40532 66
40533 63
40534 62
40535 64
40536 66
40537 60
40538 52
40539 46
40540 51
40541 63
40542 60
40543 61
40544 63
40545 43
40546 58
40547 67
40548 66
40549 71
40550 63
40551 75
40552 66
40553 64
40554 61
40555 61
40556 64
40557 68
40558 55
40559 60
40560 49
40561 52
40562 45
40563 43
40564 56
40565 53
40566 56
40567 63
40568 59
40569 74
40570 64
40571 60
40572 61
40573 60
40574 59
40575 53
40576 52
40577 65
40578 64
40579 61
40580 60
40581 63
40582 67
40583 60
40584 62
40585 55
40586 66
40587 68
40588 64
40589 62
40590 61
40591 69
40592 55
40593 69
40594 60
40595 62
40596 64
40597 58
40598 62
40599 54
40600 61
40601 62
40602 63
40603 56
40604 64
40605 66
40606 60
40607 57
40608 55
40609 55
40610 60
40611 58
40612 62
40613 53
40614 59
40615 59
40616 58
40617 55
40618 51
40619 54
40620 61
40621 66
40622 62
40623 59
40624 67
40625 60
40626 58
40627 63
40628 58
40629 63
40630 55
40631 71
40632 67
40633 57
40634 57
40635 48
40636 61
40637 56
40638 61
40639 65
40640 60
40641 51
40642 50
40643 48
40644 67
40645 58
40646 57
40647 64
40648 61
40649 53
40650 63
40651 64
40652 67
40653 73
40654 63
40655 68
40656 65
40657 64
40658 65
40659 58
40660 56
40661 60
40662 58
40663 66
40664 61
40665 58
40666 57
40667 66
40668 63
40669 53
40670 59
40671 56
40672 61
40673 75
40674 70
40675 72
40676 60
40677 69
40678 56
40679 70
40680 71
40681 64
40682 78
40683 61
40684 54
40685 60
40686 68
40687 59
40688 50
40689 51
40690 57
40691 65
40692 61
40693 66
40694 57
40695 65
40696 70
40697 60
40698 55
40699 63
40700 51
40701 59
40702 55
40703 54
40704 65
40705 58
40706 59
40707 51
40708 45
40709 42
40710 46
40711 43
40712 48
40713 58
40714 68
40715 54
40716 53
40717 69
40718 65
40719 57
40720 55
40721 64
40722 65
40723 70
40724 61
40725 63
40726 61
40727 58
40728 62
40729 61
40730 56
40731 57
40732 53
40733 45
40734 56
40735 51
40736 41
40737 53
40738 59
40739 62
40740 47
40741 51
40742 50
40743 52
40744 56
40745 68
40746 57
40747 59
40748 68
40749 58
40750 59
40751 68
40752 69
40753 61
40754 59
40755 67
40756 70
40757 64
40758 65
40759 65
40760 76
40761 59
40762 57
40763 50
40764 43
40765 58
40766 53
40767 55
40768 65
40769 59
40770 54
40771 62
40772 66
40773 56
40774 48
40775 65
40776 53
40777 64
40778 61
40779 54
40780 51
40781 68
40782 74
40783 65
40784 79
40785 75
40786 59
40787 62
40788 57
40789 48
40790 47
40791 35
40792 44
40793 48
40794 49
40795 60
40796 62
40797 61
40798 57
40799 49
40800 53
40801 58
40802 61
40803 50
40804 58
40805 56
40806 62
40807 65
40808 68
40809 66
40810 79
40811 70
40812 57
40813 48
40814 58
40815 63
40816 65
40817 49
40818 46
40819 50
40820 54
40821 56
40822 57
40823 52
40824 58
40825 55
40826 49
40827 35
40828 47
40829 50
40830 64
40831 63
40832 58
40833 64
40834 59
40835 59
40836 56
40837 55
40838 60
40839 60
40840 67
40841 56
40842 52
40843 57
40844 72
40845 62
40846 64
40847 67
40848 61
40849 62
40850 60
40851 58
40852 62
40853 78
40854 62
40855 65
40856 83
40857 73
40858 59
40859 49
40860 69
40861 79
40862 63
40863 64
40864 69
40865 63
40866 54
40867 67
40868 68
40869 51
40870 63
40871 66
40872 65
40873 68
40874 68
40875 54
40876 61
40877 69
40878 67
40879 53
40880 57
40881 56
40882 63
40883 58
40884 56
40885 61
40886 62
40887 64
40888 59
40889 54
40890 59
40891 55
40892 54
40893 63
40894 63
40895 71
40896 68
40897 65
40898 55
40899 54
40900 47
40901 56
40902 61
40903 63
40904 61
40905 60
40906 72
40907 64
40908 65
40909 62
40910 61
40911 62
40912 61
40913 59
40914 58
40915 60
40916 59
40917 58
40918 68
40919 66
40920 47
40921 51
40922 60
40923 58
40924 67
40925 66
40926 51
40927 62
40928 67
40929 63
40930 61
40931 65
40932 55
40933 63
40934 64
40935 50
40936 60
40937 59
40938 63
40939 65
40940 56
40941 59
40942 53
40943 55
40944 57
40945 55
40946 58
40947 60
40948 61
40949 64
40950 74
40951 70
40952 52
40953 51
40954 69
40955 67
40956 65
40957 74
40958 64
40959 60
40960 66
40961 56
40962 60
40963 60
40964 57
40965 66
40966 57
40967 60
40968 67
40969 64
40970 60
40971 40
40972 51
40973 66
40974 69
40975 68
40976 62
40977 59
40978 66
40979 61
40980 73
40981 72
40982 66
40983 59
40984 69
40985 66
40986 55
40987 69
40988 75
40989 61
40990 70
40991 57
40992 43
40993 57
40994 57
40995 58
40996 59
40997 58
40998 57
40999 52
41000 51
41001 47
41002 50
41003 48
41004 53
41005 63
41006 64
41007 72
41008 71
41009 53
41010 61
41011 55
41012 58
41013 60
41014 71
41015 64
41016 62
41017 48
41018 53
41019 64
41020 67
41021 53
41022 54
41023 68
41024 69
41025 60
41026 58
41027 52
41028 50
41029 55
41030 59
41031 53
41032 48
41033 57
41034 61
41035 61
41036 53
41037 46
41038 61
41039 66
41040 62
41041 61
41042 48
41043 58
41044 59
41045 52
41046 61
41047 59
41048 61
41049 59
41050 67
41051 57
41052 55
41053 65
41054 66
41055 62
41056 72
41057 66
41058 66
41059 65
41060 68
41061 58
41062 60
41063 56
41064 58
41065 62
41066 62
41067 53
41068 60
41069 57
41070 65
41071 62
41072 45
41073 59
41074 67
41075 70
41076 72
41077 56
41078 51
41079 57
41080 62
41081 60
41082 62
41083 58
41084 56
41085 61
41086 68
41087 48
41088 50
41089 58
41090 58
41091 57
41092 57
41093 60
41094 70
41095 74
41096 56
41097 64
41098 65
41099 56
41100 59
41101 78
41102 73
41103 62
41104 75
41105 73
41106 67
41107 74
41108 64
41109 62
41110 70
41111 86
41112 74
41113 65
41114 62
41115 62
41116 51
41117 63
41118 53
41119 62
41120 54
41121 62
41122 63
41123 49
41124 54
41125 71
41126 68
41127 66
41128 64
41129 46
41130 47
41131 66
41132 61
41133 61
41134 55
41135 60
41136 69
41137 65
41138 62
41139 49
41140 44
41141 38
41142 35
41143 33
41144 49
41145 49
41146 55
41147 57
41148 68
41149 59
41150 54
41151 67
41152 57
41153 66
41154 51
41155 57
41156 56
41157 60
41158 61
41159 71
41160 63
41161 63
41162 48
41163 53
41164 61
41165 62
41166 58
41167 56
41168 75
41169 68
41170 52
41171 53
41172 56
41173 51
41174 62
41175 46
41176 53
41177 64
41178 54
41179 65
41180 61
41181 55
41182 52
41183 51
41184 56
41185 57
41186 64
41187 58
41188 56
41189 55
41190 69
41191 63
41192 57
41193 60
41194 64
41195 64
41196 58
41197 59
41198 62
41199 67
41200 63
41201 76
41202 65
41203 58
41204 68
41205 59
41206 59
41207 70
41208 70
41209 63
41210 60
41211 56
41212 56
41213 59
41214 54
41215 64
41216 62
41217 70
41218 66
41219 61
41220 63
41221 55
41222 48
41223 56
41224 55
41225 51
41226 43
41227 63
41228 60
41229 65
41230 63
41231 69
41232 75
41233 62
41234 56
41235 64
41236 44
41237 40
41238 42
41239 58
41240 62
41241 68
41242 58
41243 58
41244 61
41245 66
41246 59
41247 63
41248 65
41249 55
41250 60
41251 55
41252 51
41253 48
41254 52
41255 53
41256 60
41257 63
41258 54
41259 68
41260 63
41261 68
41262 55
41263 60
41264 55
41265 63
41266 61
41267 67
41268 68
41269 70
41270 70
41271 65
41272 68
41273 55
41274 53
41275 53
41276 66
41277 60
41278 54
41279 59
41280 64
41281 65
41282 60
41283 59
41284 66
41285 54
41286 53
41287 56
41288 55
41289 48
41290 53
41291 58
41292 78
41293 65
41294 57
41295 65
41296 65
41297 60
41298 65
41299 56
41300 59
41301 52
41302 49
41303 47
41304 59
41305 67
41306 58
41307 70
41308 70
41309 70
41310 69
41311 65
41312 61
41313 61
41314 66
41315 64
41316 66
41317 72
41318 75
41319 64
41320 56
41321 59
41322 71
41323 56
41324 57
41325 58
41326 77
41327 63
41328 59
41329 58
41330 59
41331 60
41332 61
41333 57
41334 40
41335 40
41336 37
41337 56
41338 60
41339 69
41340 68
41341 61
41342 64
41343 58
41344 63
41345 66
41346 74
41347 81
41348 63
41349 67
41350 62
41351 66
41352 74
41353 64
41354 55
41355 46
41356 52
41357 43
41358 46
41359 50
41360 52
41361 72
41362 62
41363 52
41364 58
41365 58
41366 73
41367 68
41368 61
41369 67
41370 59
41371 45
41372 53
41373 61
41374 54
41375 55
41376 68
41377 73
41378 59
41379 44
41380 48
41381 53
41382 60
41383 64
41384 58
41385 43
41386 63
41387 60
41388 55
41389 57
41390 72
41391 70
41392 66
41393 66
41394 67
41395 62
41396 55
41397 54
41398 54
41399 50
41400 60
41401 67
41402 65
41403 67
41404 67
41405 55
41406 68
41407 61
41408 49
41409 47
41410 57
41411 60
41412 73
41413 71
41414 62
41415 66
41416 60
41417 56
41418 52
41419 56
41420 57
41421 58
41422 57
41423 60
41424 63
41425 59
41426 55
41427 64
41428 61
41429 75
41430 66
41431 51
41432 38
41433 50
41434 63
41435 59
41436 58
41437 64
41438 66
41439 67
41440 71
41441 63
41442 65
41443 68
41444 60
41445 55
41446 44
41447 51
41448 62
41449 61
41450 49
41451 51
41452 64
41453 58
41454 60
41455 65
41456 63
41457 58
41458 60
41459 61
41460 77
41461 64
41462 73
41463 60
41464 67
41465 57
41466 64
41467 67
41468 63
41469 64
41470 64
41471 62
41472 64
41473 60
41474 66
41475 66
41476 72
41477 73
41478 68
41479 64
41480 53
41481 59
41482 64
41483 63
41484 56
41485 53
41486 58
41487 49
41488 48
41489 47
41490 54
41491 69
41492 68
41493 56
41494 52
41495 60
41496 60
41497 48
41498 54
41499 51
41500 49
41501 58
41502 70
41503 58
41504 66
41505 64
41506 75
41507 63
41508 63
41509 53
41510 63
41511 61
41512 68
41513 64
41514 56
41515 67
41516 68
41517 55
41518 60
41519 57
41520 57
41521 66
41522 67
41523 70
41524 64
41525 70
41526 61
41527 49
41528 51
41529 58
41530 66
41531 67
41532 65
41533 56
41534 55
41535 67
41536 70
41537 63
41538 60
41539 73
41540 69
41541 60
41542 56
41543 63
41544 63
41545 51
41546 53
41547 52
41548 57
41549 54
41550 63
41551 67
41552 66
41553 60
41554 62
41555 63
41556 47
41557 41
41558 54
41559 62
41560 62
41561 62
41562 67
41563 67
41564 61
41565 70
41566 56
41567 74
41568 70
41569 63
41570 57
41571 55
41572 64
41573 56
41574 66
41575 75
41576 69
41577 54
41578 49
41579 66
41580 48
41581 50
41582 48
41583 45
41584 55
41585 51
41586 64
41587 64
41588 61
41589 67
41590 61
41591 62
41592 58
41593 64
41594 60
41595 60
41596 69
41597 63
41598 58
41599 57
41600 56
41601 57
41602 50
41603 49
41604 62
41605 51
41606 68
41607 60
41608 64
41609 66
41610 59
41611 56
41612 58
41613 62
41614 65
41615 62
41616 62
41617 56
41618 51
41619 54
41620 60
41621 53
41622 58
41623 61
41624 65
41625 68
41626 65
41627 77
41628 63
41629 53
41630 64
41631 62
41632 57
41633 52
41634 46
41635 42
41636 44
41637 49
41638 68
41639 62
41640 52
41641 57
41642 59
41643 55
41644 60
41645 60
41646 72
41647 60
41648 66
41649 61
41650 58
41651 60
41652 51
41653 66
41654 52
41655 60
41656 57
41657 63
41658 62
41659 52
41660 55
41661 63
41662 65
41663 61
41664 57
41665 65
41666 52
41667 46
41668 57
41669 60
41670 64
41671 58
41672 58
41673 44
41674 55
41675 69
41676 64
41677 55
41678 47
41679 40
41680 44
41681 49
41682 45
41683 62
41684 59
41685 63
41686 58
41687 55
41688 48
41689 42
41690 47
41691 53
41692 65
41693 74
41694 64
41695 55
41696 59
41697 59
41698 51
41699 53
41700 48
41701 51
41702 57
41703 58
41704 61
41705 65
41706 65
41707 67
41708 66
41709 69
41710 63
41711 53
41712 44
41713 50
41714 64
41715 61
41716 50
41717 65
41718 60
41719 69
41720 60
41721 62
41722 60
41723 67
41724 62
41725 57
41726 56
41727 67
41728 64
41729 57
41730 57
41731 55
41732 61
41733 64
41734 65
41735 58
41736 49
41737 55
41738 57
41739 59
41740 63
41741 64
41742 71
41743 71
41744 53
41745 51
41746 69
41747 77
41748 81
41749 74
41750 68
41751 59
41752 69
41753 62
41754 53
41755 52
41756 54
41757 50
41758 59
41759 61
41760 51
41761 58
41762 57
41763 51
41764 64
41765 58
41766 60
41767 58
41768 51
41769 56
41770 59
41771 56
41772 58
41773 63
41774 58
41775 58
41776 51
41777 53
41778 70
41779 67
41780 56
41781 68
41782 58
41783 40
41784 41
41785 42
41786 44
41787 56
41788 51
41789 39
41790 45
41791 53
41792 52
41793 47
41794 45
41795 43
41796 51
41797 64
41798 68
41799 60
41800 58
41801 63
41802 58
41803 53
41804 59
41805 54
41806 59
41807 69
41808 68
41809 73
41810 69
41811 61
41812 53
41813 44
41814 51
41815 59
41816 60
41817 57
41818 58
41819 58
41820 55
41821 52
41822 50
41823 57
41824 51
41825 55
41826 69
41827 61
41828 60
41829 64
41830 68
41831 66
41832 65
41833 77
41834 68
41835 61
41836 50
41837 41
41838 54
41839 66
41840 65
41841 59
41842 60
41843 60
41844 68
41845 67
41846 59
41847 60
41848 63
41849 49
41850 50
41851 59
41852 62
41853 60
41854 57
41855 41
41856 40
41857 46
41858 52
41859 66
41860 64
41861 58
41862 55
41863 75
41864 64
41865 56
41866 60
41867 68
41868 80
41869 69
41870 67
41871 62
41872 48
41873 52
41874 60
41875 62
41876 56
41877 61
41878 74
41879 59
41880 44
41881 57
41882 54
41883 61
41884 52
41885 63
41886 65
41887 59
41888 58
41889 52
41890 51
41891 50
41892 57
41893 57
41894 65
41895 62
41896 60
41897 62
41898 66
41899 63
41900 73
41901 64
41902 72
41903 63
41904 54
41905 60
41906 56
41907 47
41908 53
41909 54
41910 54
41911 57
41912 65
41913 69
41914 63
41915 60
41916 63
41917 55
41918 51
41919 50
41920 47
41921 54
41922 56
41923 58
41924 63
41925 61
41926 60
41927 57
41928 65
41929 67
41930 59
41931 58
41932 55
41933 65
41934 67
41935 56
41936 54
41937 42
41938 55
41939 57
41940 64
41941 56
41942 49
41943 59
41944 58
41945 63
41946 69
41947 61
41948 55
41949 58
41950 61
41951 53
41952 62
41953 63
41954 66
41955 70
41956 68
41957 62
41958 69
41959 67
41960 59
41961 66
41962 63
41963 63
41964 73
41965 66
41966 62
41967 65
41968 57
41969 61
41970 51
41971 60
41972 56
41973 62
41974 59
41975 46
41976 44
41977 55
41978 60
41979 69
41980 55
41981 65
41982 50
41983 46
41984 56
41985 64
41986 55
41987 57
41988 62
41989 64
41990 58
41991 60
41992 64
41993 60
41994 53
41995 47
41996 61
41997 62
41998 60
41999 53
42000 52
42001 63
42002 68
42003 69
42004 73
42005 70
42006 66
42007 65
42008 62
42009 62
42010 73
42011 68
42012 54
42013 59
42014 53
42015 52
42016 49
42017 55
42018 53
42019 66
42020 73
42021 56
42022 72
42023 59
42024 60
42025 57
42026 59
42027 69
42028 50
42029 54
42030 47
42031 61
42032 61
42033 62
42034 63
42035 64
42036 65
42037 60
42038 73
42039 60
42040 49
42041 59
42042 68
42043 58
42044 60
42045 56
42046 65
42047 55
42048 49
42049 53
42050 58
42051 63
42052 62
42053 60
42054 66
42055 68
42056 63
42057 52
42058 45
42059 53
42060 52
42061 60
42062 62
42063 58
42064 58
42065 62
42066 50
42067 54
42068 60
42069 58
42070 55
42071 57
42072 47
42073 35
42074 47
42075 60
42076 61
42077 65
42078 66
42079 63
42080 63
42081 50
42082 68
42083 64
42084 56
42085 68
42086 72
42087 69
42088 60
42089 68
42090 66
42091 67
42092 65
42093 65
42094 55
42095 52
42096 34
42097 44
42098 46
42099 50
42100 56
42101 53
42102 62
42103 46
42104 62
42105 55
42106 69
42107 56
42108 54
42109 62
42110 57
42111 50
42112 54
42113 60
42114 55
42115 47
42116 50
42117 64
42118 55
42119 64
42120 69
42121 64
42122 61
42123 58
42124 63
42125 58
42126 47
42127 54
42128 60
42129 62
42130 67
42131 55
42132 48
42133 47
42134 46
42135 56
42136 67
42137 62
42138 53
42139 43
42140 49
42141 66
42142 62
42143 55
42144 52
42145 62
42146 64
42147 63
42148 64
42149 53
42150 49
42151 58
42152 60
42153 71
42154 68
42155 65
42156 66
42157 64
42158 55
42159 57
42160 58
42161 47
42162 41
42163 47
42164 60
42165 63
42166 49
42167 54
42168 64
42169 69
42170 62
42171 69
42172 70
42173 67
42174 68
42175 73
42176 65
42177 54
42178 65
42179 57
42180 55
42181 70
42182 64
42183 73
42184 77
42185 72
42186 62
42187 64
42188 69
42189 54
42190 53
42191 69
42192 67
42193 64
42194 70
42195 55
42196 57
42197 52
42198 54
42199 66
42200 50
42201 61
42202 61
42203 56
42204 54
42205 66
42206 69
42207 76
42208 68
42209 60
42210 57
42211 56
42212 65
42213 53
42214 41
42215 51
42216 54
42217 47
42218 52
42219 65
42220 51
42221 56
42222 58
42223 59
42224 67
42225 58
42226 57
42227 57
42228 49
42229 61
42230 68
42231 66
42232 71
42233 74
42234 70
42235 63
42236 55
42237 60
42238 56
42239 68
42240 60
42241 68
42242 65
42243 67
42244 63
42245 55
42246 66
42247 61
42248 54
42249 57
42250 64
42251 55
42252 50
42253 45
42254 34
42255 40
42256 43
42257 60
42258 65
42259 57
42260 60
42261 63
42262 61
42263 59
42264 70
42265 58
42266 58
42267 62
42268 56
42269 65
42270 55
42271 57
42272 59
42273 60
42274 63
42275 73
42276 80
42277 62
42278 53
42279 55
42280 57
42281 59
42282 51
42283 55
42284 47
42285 40
42286 37
42287 41
42288 43
42289 41
42290 53
42291 55
42292 60
42293 66
42294 67
42295 59
42296 63
42297 61
42298 59
42299 61
42300 57
42301 63
42302 66
42303 63
42304 48
42305 39
42306 46
42307 55
42308 52
42309 41
42310 35
42311 51
42312 57
42313 64
42314 78
42315 71
42316 57
42317 59
42318 67
42319 72
42320 61
42321 61
42322 64
42323 57
42324 54
42325 55
42326 63
42327 60
42328 60
42329 57
42330 44
42331 43
42332 45
42333 39
42334 53
42335 69
42336 51
42337 47
42338 61
42339 58
42340 48
42341 65
42342 61
42343 65
42344 67
42345 68
42346 58
42347 53
42348 61
42349 59
42350 50
42351 61
42352 64
42353 53
42354 62
42355 70
42356 57
42357 60
42358 63
42359 54
42360 53
42361 63
42362 65
42363 66
42364 62
42365 60
42366 58
42367 58
42368 62
42369 61
42370 58
42371 57
42372 61
42373 62
42374 74
42375 69
42376 60
42377 58
42378 52
42379 47
42380 46
42381 45
42382 62
42383 65
42384 62
42385 65
42386 65
42387 48
42388 59
42389 68
42390 64
42391 60
42392 52
42393 63
42394 58
42395 45
42396 52
42397 48
42398 49
42399 51
42400 52
42401 53
42402 62
42403 58
42404 65
42405 62
42406 69
42407 71
42408 68
42409 52
42410 59
42411 61
42412 64
42413 60
42414 54
42415 68
42416 60
42417 56
42418 58
42419 60
42420 63
42421 80
42422 82
42423 77
42424 82
42425 74
42426 69
42427 65
42428 67
42429 59
42430 58
42431 59
42432 55
42433 58
42434 52
42435 53
42436 63
42437 65
42438 71
42439 64
42440 55
42441 64
42442 67
42443 68
42444 60
42445 61
42446 69
42447 63
42448 51
42449 59
42450 63
42451 63
42452 62
42453 55
42454 47
42455 56
42456 55
42457 49
42458 59
42459 65
42460 65
42461 67
42462 60
42463 65
42464 58
42465 57
42466 53
42467 55
42468 75
42469 65
42470 68
42471 49
42472 52
42473 54
42474 68
42475 63
42476 58
42477 61
42478 56
42479 46
42480 37
42481 31
42482 44
42483 48
42484 54
42485 55
42486 61
42487 69
42488 60
42489 69
42490 64
42491 60
42492 58
42493 59
42494 50
42495 57
42496 59
42497 66
42498 58
42499 62
42500 62
42501 64
42502 70
42503 64
42504 63
42505 60
42506 60
42507 51
42508 45
42509 46
42510 54
42511 68
42512 66
42513 70
42514 52
42515 50
42516 55
42517 60
42518 66
42519 65
42520 57
42521 47
42522 62
42523 59
42524 63
42525 58
42526 51
42527 57
42528 50
42529 52
42530 53
42531 48
42532 65
42533 52
42534 60
42535 64
42536 63
42537 63
42538 61
42539 57
42540 52
42541 58
42542 47
42543 54
42544 59
42545 57
42546 62
42547 61
42548 58
42549 63
42550 68
42551 59
42552 43
42553 46
42554 57
42555 62
42556 63
42557 48
42558 55
42559 57
42560 53
42561 58
42562 52
42563 63
42564 57
42565 63
42566 59
42567 65
42568 59
42569 53
42570 48
42571 46
42572 50
42573 55
42574 47
42575 42
42576 62
42577 61
42578 65
42579 64
42580 60
42581 63
42582 65
42583 68
42584 63
42585 69
42586 57
42587 45
42588 62
42589 67
42590 62
42591 62
42592 63
42593 63
42594 67
42595 67
42596 64
42597 57
42598 52
42599 58
42600 43
42601 48
42602 58
42603 50
42604 56
42605 65
42606 60
42607 53
42608 63
42609 67
42610 62
42611 66
42612 67
42613 60
42614 41
42615 57
42616 68
42617 69
42618 63
42619 47
42620 58
42621 63
42622 56
42623 64
42624 46
42625 56
42626 64
42627 61
42628 72
42629 73
42630 71
42631 63
42632 66
42633 70
42634 78
42635 77
42636 67
42637 65
42638 70
42639 65
42640 76
42641 61
42642 56
42643 54
42644 49
42645 58
42646 57
42647 54
42648 59
42649 46
42650 63
42651 66
42652 68
42653 57
42654 65
42655 61
42656 48
42657 58
42658 67
42659 54
42660 58
42661 60
42662 59
42663 51
42664 53
42665 61
42666 60
42667 53
42668 64
42669 65
42670 61
42671 56
42672 61
42673 66
42674 65
42675 64
42676 66
42677 70
42678 71
42679 59
42680 54
42681 57
42682 58
42683 61
42684 60
42685 59
42686 63
42687 53
42688 39
42689 46
42690 57
42691 66
42692 58
42693 68
42694 65
42695 65
42696 50
42697 56
42698 61
42699 60
42700 56
42701 49
42702 58
42703 62
42704 57
42705 62
42706 58
42707 62
42708 67
42709 58
42710 66
42711 55
42712 60
42713 77
42714 65
42715 70
42716 57
42717 68
42718 60
42719 63
42720 61
42721 53
42722 67
42723 73
42724 71
42725 54
42726 49
42727 55
42728 58
42729 50
42730 64
42731 72
42732 72
42733 56
42734 63
42735 67
42736 59
42737 63
42738 60
42739 59
42740 62
42741 57
42742 66
42743 62
42744 53
42745 69
42746 66
42747 65
42748 66
42749 55
42750 57
42751 59
42752 65
42753 70
42754 62
42755 66
42756 72
42757 72
42758 66
42759 65
42760 54
42761 62
42762 59
42763 60
42764 67
42765 80
42766 65
42767 58
42768 69
42769 62
42770 59
42771 67
42772 60
42773 57
42774 62
42775 68
42776 64
42777 59
42778 60
42779 65
42780 59
42781 54
42782 51
42783 54
42784 67
42785 61
42786 62
42787 62
42788 61
42789 62
42790 66
42791 62
42792 44
42793 49
42794 57
42795 57
42796 67
42797 62
42798 61
42799 69
42800 66
42801 79
42802 72
42803 66
42804 51
42805 43
42806 51
42807 55
42808 67
42809 63
42810 53
42811 68
42812 57
42813 54
42814 38
42815 48
42816 54
42817 59
42818 70
42819 57
42820 50
42821 45
42822 56
42823 62
42824 60
42825 57
42826 62
42827 62
42828 60
42829 63
42830 66
42831 66
42832 72
42833 61
42834 45
42835 39
42836 51
42837 54
42838 62
42839 56
42840 55
42841 62
42842 68
42843 69
42844 64
42845 55
42846 60
42847 53
42848 54
42849 64
42850 58
42851 47
42852 54
42853 60
42854 50
42855 58
42856 63
42857 61
42858 60
42859 59
42860 57
42861 61
42862 63
42863 64
42864 63
42865 52
42866 54
42867 48
42868 63
42869 79
42870 60
42871 64
42872 65
42873 62
42874 66
42875 69
42876 67
42877 65
42878 59
42879 66
42880 57
42881 51
42882 54
42883 56
42884 63
42885 66
42886 66
42887 67
42888 75
42889 62
42890 61
42891 55
42892 62
42893 60
42894 58
42895 65
42896 58
42897 41
42898 51
42899 49
42900 67
42901 62
42902 52
42903 56
42904 61
42905 69
42906 62
42907 55
42908 58
42909 61
42910 61
42911 65
42912 71
42913 64
42914 62
42915 58
42916 66
42917 57
42918 57
42919 55
42920 50
42921 60
42922 55
42923 62
42924 68
42925 56
42926 65
42927 73
42928 74
42929 63
42930 53
42931 55
42932 68
42933 53
42934 54
42935 63
42936 68
42937 54
42938 60
42939 64
42940 66
42941 70
42942 56
42943 57
42944 60
42945 64
42946 57
42947 68
42948 60
42949 58
42950 64
42951 63
42952 56
42953 60
42954 59
42955 42
42956 50
42957 55
42958 68
42959 67
42960 59
42961 56
42962 55
42963 59
42964 59
42965 74
42966 63
42967 65
42968 61
42969 72
42970 65
42971 69
42972 65
42973 61
42974 48
42975 54
42976 59
42977 68
42978 66
42979 58
42980 59
42981 71
42982 61
42983 47
42984 35
42985 28
42986 29
42987 49
42988 62
42989 60
42990 58
42991 60
42992 70
42993 73
42994 56
42995 63
42996 65
42997 58
42998 60
42999 66
43000 64
43001 69
43002 50
43003 57
43004 61
43005 59
43006 54
43007 52
43008 63
43009 75
43010 65
43011 63
43012 60
43013 49
43014 43
43015 55
43016 61
43017 64
43018 66
43019 58
43020 62
43021 44
43022 45
43023 46
43024 47
43025 59
43026 53
43027 48
43028 38
43029 42
43030 54
43031 65
43032 60
43033 61
43034 62
43035 70
43036 56
43037 51
43038 50
43039 56
43040 67
43041 66
43042 52
43043 60
43044 64
43045 58
43046 60
43047 59
43048 55
43049 63
43050 64
43051 63
43052 68
43053 51
43054 47
43055 65
43056 56
43057 54
43058 66
43059 56
43060 57
43061 44
43062 38
43063 51
43064 62
43065 62
43066 58
43067 45
43068 48
43069 60
43070 57
43071 61
43072 57
43073 55
43074 43
43075 48
43076 59
43077 59
43078 60
43079 68
43080 74
43081 69
43082 53
43083 56
43084 60
43085 58
43086 62
43087 60
43088 59
43089 61
43090 60
43091 69
43092 72
43093 56
43094 60
43095 61
43096 66
43097 62
43098 58
43099 49
43100 63
43101 66
43102 64
43103 54
43104 68
43105 64
43106 55
43107 64
43108 76
43109 72
43110 70
43111 63
43112 56
43113 61
43114 69
43115 52
43116 53
43117 64
43118 62
43119 51
43120 59
43121 53
43122 61
43123 60
43124 67
43125 73
43126 65
43127 58
43128 77
43129 71
43130 63
43131 70
43132 66
43133 69
43134 57
43135 50
43136 60
43137 76
43138 61
43139 54
43140 44
43141 61
43142 62
43143 52
43144 50
43145 60
43146 62
43147 66
43148 61
43149 64
43150 66
43151 66
43152 61
43153 70
43154 86
43155 82
43156 66
43157 64
43158 66
43159 63
43160 62
43161 60
43162 47
43163 58
43164 65
43165 58
43166 59
43167 49
43168 61
43169 63
43170 60
43171 61
43172 61
43173 56
43174 66
43175 58
43176 50
43177 53
43178 64
43179 70
43180 61
43181 68
43182 73
43183 64
43184 68
43185 72
43186 60
43187 55
43188 70
43189 58
43190 65
43191 71
43192 67
43193 67
43194 63
43195 58
43196 47
43197 51
43198 55
43199 64
43200 71
43201 53
43202 52
43203 55
43204 57
43205 59
43206 53
43207 48
43208 58
43209 59
43210 52
43211 49
43212 63
43213 52
43214 60
43215 60
43216 58
43217 72
43218 64
43219 78
43220 62
43221 61
43222 60
43223 57
43224 46
43225 44
43226 58
43227 59
43228 52
43229 50
43230 51
43231 51
43232 68
43233 53
43234 52
43235 52
43236 45
43237 58
43238 67
43239 69
43240 73
43241 67
43242 64
43243 53
43244 57
43245 61
43246 63
43247 55
43248 56
43249 53
43250 57
43251 46
43252 36
43253 47
43254 60
43255 55
43256 52
43257 62
43258 55
43259 69
43260 63
43261 57
43262 74
43263 68
43264 63
43265 57
43266 62
43267 66
43268 67
43269 65
43270 66
43271 58
43272 58
43273 59
43274 61
43275 59
43276 57
43277 44
43278 56
43279 60
43280 52
43281 53
43282 61
43283 56
43284 52
43285 64
43286 55
43287 62
43288 58
43289 60
43290 56
43291 57
43292 62
43293 60
43294 62
43295 58
43296 66
43297 72
43298 72
43299 73
43300 64
43301 79
43302 65
43303 77
43304 77
43305 66
43306 61
43307 46
43308 49
43309 55
43310 67
43311 54
43312 63
43313 66
43314 52
43315 46
43316 60
43317 63
43318 59
43319 66
43320 59
43321 48
43322 41
43323 40
43324 54
43325 53
43326 55
43327 57
43328 57
43329 59
43330 57
43331 56
43332 62
43333 61
43334 49
43335 46
43336 51
43337 52
43338 66
43339 75
43340 61
43341 64
43342 58
43343 50
43344 56
43345 61
43346 60
43347 52
43348 67
43349 68
43350 57
43351 58
43352 49
43353 48
43354 55
43355 58
43356 43
43357 48
43358 56
43359 61
43360 67
43361 70
43362 63
43363 60
43364 45
43365 56
43366 60
43367 69
43368 83
43369 66
43370 59
43371 59
43372 64
43373 64
43374 67
43375 57
43376 54
43377 53
43378 64
43379 52
43380 59
43381 54
43382 62
43383 68
43384 64
43385 59
43386 62
43387 63
43388 64
43389 53
43390 67
43391 63
43392 53
43393 73
43394 67
43395 59
43396 63
43397 64
43398 53
43399 58
43400 45
43401 48
43402 53
43403 52
43404 57
43405 56
43406 52
43407 54
43408 54
43409 57
43410 61
43411 67
43412 63
43413 64
43414 65
43415 71
43416 67
43417 64
43418 61
43419 67
43420 61
43421 51
43422 63
43423 63
43424 64
43425 61
43426 67
43427 67
43428 58
43429 60
43430 60
43431 54
43432 47
43433 41
43434 42
43435 53
43436 53
43437 59
43438 62
43439 50
43440 58
43441 58
43442 60
43443 73
43444 62
43445 58
43446 61
43447 69
43448 65
43449 67
43450 69
43451 71
43452 58
43453 57
43454 46
43455 61
43456 68
43457 66
43458 62
43459 59
43460 63
43461 60
43462 67
43463 78
43464 59
43465 64
43466 58
43467 67
43468 57
43469 57
43470 58
43471 50
43472 53
43473 52
43474 53
43475 55
43476 55
43477 63
43478 66
43479 61
43480 59
43481 64
43482 66
43483 63
43484 56
43485 54
43486 59
43487 68
43488 60
43489 53
43490 51
43491 63
43492 65
43493 60
43494 53
43495 50
43496 60
43497 63
43498 78
43499 64
43500 48
43501 57
43502 65
43503 70
43504 66
43505 57
43506 64
43507 55
43508 52
43509 68
43510 67
43511 48
43512 46
43513 52
43514 63
43515 60
43516 52
43517 53
43518 63
43519 58
43520 70
43521 66
43522 64
43523 61
43524 64
43525 56
43526 64
43527 65
43528 69
43529 76
43530 71
43531 57
43532 56
43533 59
43534 57
43535 63
43536 71
43537 58
43538 65
43539 61
43540 64
43541 62
43542 60
43543 67
43544 58
43545 61
43546 57
43547 59
43548 65
43549 60
43550 59
43551 63
43552 64
43553 61
43554 62
43555 52
43556 47
43557 45
43558 56
43559 55
43560 58
43561 52
43562 67
43563 66
43564 64
43565 54
43566 57
43567 57
43568 56
43569 61
43570 53
43571 57
43572 63
43573 60
43574 66
43575 61
43576 58
43577 59
43578 75
43579 60
43580 62
43581 53
43582 63
43583 65
43584 63
43585 82
43586 69
43587 52
43588 49
43589 60
43590 65
43591 59
43592 61
43593 53
43594 58
43595 51
43596 63
43597 70
43598 69
43599 66
43600 63
43601 55
43602 58
43603 53
43604 67
43605 69
43606 66
43607 79
43608 64
43609 51
43610 66
43611 55
43612 56
43613 65
43614 59
43615 50
43616 53
43617 64
43618 58
43619 67
43620 55
43621 58
43622 56
43623 49
43624 55
43625 60
43626 62
43627 55
43628 50
43629 47
43630 54
43631 55
43632 63
43633 58
43634 53
43635 62
43636 60
43637 60
43638 66
43639 58
43640 62
43641 63
43642 53
43643 45
43644 43
43645 61
43646 62
43647 54
43648 58
43649 62
43650 70
43651 67
43652 53
43653 63
43654 57
43655 59
43656 61
43657 60
43658 53
43659 58
43660 60
43661 53
43662 56
43663 59
43664 69
43665 65
43666 60
43667 57
43668 69
43669 60
43670 64
43671 69
43672 71
43673 65
43674 60
43675 57
43676 54
43677 70
43678 56
43679 64
43680 61
43681 58
43682 57
43683 57
43684 59
43685 66
43686 61
43687 65
43688 65
43689 64
43690 62
43691 66
43692 58
43693 74
43694 76
43695 60
43696 60
43697 58
43698 64
43699 59
43700 66
43701 63
43702 53
43703 66
43704 70
43705 63
43706 62
43707 62
43708 54
43709 57
43710 54
43711 54
43712 52
43713 59
43714 59
43715 63
43716 61
43717 58
43718 61
43719 54
43720 57
43721 57
43722 48
43723 44
43724 34
43725 19
43726 31
43727 37
43728 41
43729 42
43730 55
43731 51
43732 49
43733 57
43734 66
43735 53
43736 58
43737 77
43738 60
43739 63
43740 65
43741 71
43742 66
43743 54
43744 60
43745 56
43746 67
43747 57
43748 59
43749 67
43750 60
43751 68
43752 66
43753 65
43754 56
43755 47
43756 54
43757 58
43758 54
43759 56
43760 63
43761 70
43762 66
43763 63
43764 71
43765 62
43766 64
43767 55
43768 48
43769 47
43770 43
43771 41
43772 52
43773 60
43774 60
43775 54
43776 51
43777 56
43778 67
43779 57
43780 65
43781 63
43782 61
43783 50
43784 60
43785 71
43786 75
43787 76
43788 75
43789 73
43790 54
43791 57
43792 52
43793 56
43794 59
43795 66
43796 64
43797 59
43798 61
43799 59
43800 66
43801 59
43802 60
43803 61
43804 64
43805 59
43806 59
43807 57
43808 62
43809 61
43810 58
43811 51
43812 60
43813 64
43814 48
43815 66
43816 55
43817 60
43818 52
43819 56
43820 60
43821 72
43822 64
43823 62
43824 56
43825 58
43826 59
43827 66
43828 57
43829 59
43830 72
43831 78
43832 75
43833 58
43834 61
43835 69
43836 62
43837 61
43838 57
43839 59
43840 64
43841 68
43842 58
43843 62
43844 65
43845 68
43846 69
43847 64
43848 63
43849 68
43850 69
43851 55
43852 56
43853 63
43854 74
43855 67
43856 74
43857 62
43858 65
43859 68
43860 61
43861 62
43862 63
43863 61
43864 59
43865 51
43866 65
43867 69
43868 54
43869 71
43870 73
43871 69
43872 56
43873 57
43874 61
43875 69
43876 73
43877 72
43878 68
43879 64
43880 55
43881 56
43882 58
43883 63
43884 68
43885 64
43886 78
43887 65
43888 63
43889 58
43890 55
43891 62
43892 55
43893 47
43894 39
43895 42
43896 58
43897 52
43898 48
43899 54
43900 52
43901 57
43902 60
43903 56
43904 66
43905 65
43906 57
43907 64
43908 71
43909 71
43910 53
43911 60
43912 53
43913 59
43914 63
43915 59
43916 67
43917 58
43918 56
43919 51
43920 56
43921 60
43922 57
43923 54
43924 50
43925 52
43926 54
43927 56
43928 56
43929 57
43930 75
43931 56
43932 54
43933 61
43934 63
43935 66
43936 60
43937 53
43938 60
43939 59
43940 54
43941 44
43942 61
43943 56
43944 58
43945 59
43946 61
43947 68
43948 55
43949 71
43950 65
43951 69
43952 65
43953 63
43954 58
43955 48
43956 51
43957 54
43958 56
43959 57
43960 69
43961 63
43962 57
43963 52
43964 63
43965 58
43966 61
43967 73
43968 65
43969 77
43970 77
43971 67
43972 68
43973 66
43974 64
43975 62
43976 69
43977 57
43978 73
43979 72
43980 62
43981 71
43982 54
43983 50
43984 58
43985 68
43986 66
43987 64
43988 58
43989 60
43990 64
43991 64
43992 56
43993 47
43994 56
43995 66
43996 67
43997 55
43998 54
43999 52
44000 67
44001 69
44002 58
44003 76
44004 61
44005 45
44006 38
44007 39
44008 49
44009 61
44010 48
44011 52
44012 55
44013 66
44014 73
44015 75
44016 65
44017 54
44018 63
44019 58
44020 65
44021 61
44022 60
44023 53
44024 64
44025 60
44026 68
44027 54
44028 57
44029 61
44030 61
44031 62
44032 61
44033 66
44034 46
44035 47
44036 62
44037 63
44038 62
44039 57
44040 60
44041 61
44042 60
44043 52
44044 60
44045 71
44046 73
44047 62
44048 62
44049 68
44050 63
44051 59
44052 51
44053 50
44054 56
44055 57
44056 71
44057 71
44058 59
44059 65
44060 68
44061 69
44062 59
44063 48
44064 47
44065 41
44066 43
44067 48
44068 50
44069 58
44070 53
44071 59
44072 60
44073 57
44074 55
44075 55
44076 60
44077 75
44078 71
44079 68
44080 68
44081 69
44082 65
44083 65
44084 62
44085 65
44086 65
44087 57
44088 69
44089 59
44090 55
44091 52
44092 53
44093 56
44094 61
44095 58
44096 45
44097 42
44098 55
44099 57
44100 65
44101 60
44102 59
44103 67
44104 63
44105 67
44106 58
44107 53
44108 56
44109 62
44110 61
44111 59
44112 62
44113 63
44114 72
44115 66
44116 67
44117 56
44118 57
44119 64
44120 54
44121 60
44122 61
44123 62
44124 67
44125 47
44126 41
44127 49
44128 47
44129 54
44130 53
44131 54
44132 65
44133 61
44134 65
44135 68
44136 70
44137 55
44138 50
44139 43
44140 49
44141 57
44142 65
44143 61
44144 59
44145 60
44146 56
44147 52
44148 63
44149 71
44150 61
44151 55
44152 60
44153 59
44154 61
44155 69
44156 68
44157 66
44158 51
44159 60
44160 64
44161 60
44162 46
44163 32
44164 25
44165 31
44166 45
44167 54
44168 61
44169 76
44170 62
44171 55
44172 59
44173 58
44174 65
44175 70
44176 69
44177 59
44178 69
44179 65
44180 56
44181 52
44182 47
44183 42
44184 41
44185 42
44186 43
44187 62
44188 57
44189 63
44190 50
44191 61
44192 62
44193 65
44194 71
44195 63
44196 60
44197 64
44198 52
44199 58
44200 59
44201 67
44202 54
44203 49
44204 54
44205 58
44206 64
44207 56
44208 58
44209 61
44210 57
44211 59
44212 63
44213 52
44214 63
44215 61
44216 67
44217 55
44218 60
44219 59
44220 61
44221 58
44222 48
44223 53
44224 65
44225 68
44226 63
44227 61
44228 67
44229 59
44230 58
44231 57
44232 63
44233 76
44234 67
44235 57
44236 62
44237 54
44238 42
44239 52
44240 57
44241 63
44242 58
44243 57
44244 67
44245 65
44246 72
44247 73
44248 53
44249 51
44250 46
44251 58
44252 62
44253 47
44254 43
44255 58
44256 65
44257 65
44258 61
44259 68
44260 63
44261 59
44262 64
44263 68
44264 63
44265 62
44266 55
44267 75
44268 74
44269 64
44270 70
44271 62
44272 58
44273 60
44274 57
44275 67
44276 65
44277 70
44278 51
44279 55
44280 51
44281 55
44282 52
44283 58
44284 61
44285 64
44286 66
44287 56
44288 52
44289 61
44290 56
44291 47
44292 33
44293 35
44294 47
44295 54
44296 68
44297 52
44298 65
44299 63
44300 60
44301 73
44302 64
44303 54
44304 58
44305 60
44306 46
44307 54
44308 60
44309 62
44310 58
44311 40
44312 44
44313 59
44314 54
44315 61
44316 50
44317 56
44318 56
44319 54
44320 60
44321 66
44322 86
44323 73
44324 63
44325 61
44326 65
44327 61
44328 49
44329 47
44330 44
44331 48
44332 60
44333 58
44334 52
44335 55
44336 59
44337 64
44338 59
44339 66
44340 55
44341 70
44342 65
44343 66
44344 61
44345 56
44346 47
44347 46
44348 54
44349 59
44350 44
44351 48
44352 49
44353 58
44354 53
44355 55
44356 56
44357 65
44358 74
44359 65
44360 64
44361 50
44362 54
44363 56
44364 58
44365 65
44366 63
44367 56
44368 62
44369 60
44370 66
44371 53
44372 57
44373 60
44374 64
44375 60
44376 55
44377 65
44378 71
44379 68
44380 72
44381 66
44382 59
44383 66
44384 51
44385 33
44386 48
44387 62
44388 53
44389 52
44390 59
44391 57
44392 59
44393 68
44394 61
44395 61
44396 50
44397 61
44398 54
44399 57
44400 62
44401 64
44402 54
44403 65
44404 65
44405 49
44406 51
44407 60
44408 59
44409 65
44410 65
44411 63
44412 61
44413 53
44414 70
44415 64
44416 67
44417 64
44418 62
44419 73
44420 70
44421 66
44422 56
44423 53
44424 41
44425 42
44426 47
44427 57
44428 69
44429 61
44430 58
44431 56
44432 53
44433 56
44434 58
44435 54
44436 56
44437 61
44438 53
44439 56
44440 46
44441 52
44442 47
44443 57
44444 60
44445 55
44446 53
44447 55
44448 56
44449 57
44450 58
44451 56
44452 57
44453 65
44454 70
44455 69
44456 61
44457 50
44458 48
44459 60
44460 70
44461 61
44462 56
44463 64
44464 68
44465 59
44466 55
44467 55
44468 54
44469 53
44470 54
44471 55
44472 54
44473 37
44474 36
44475 40
44476 39
44477 56
44478 59
44479 62
44480 50
44481 56
44482 65
44483 57
44484 66
44485 65
44486 67
44487 60
44488 57
44489 52
44490 54
44491 65
44492 76
44493 60
44494 63
44495 66
44496 59
44497 61
44498 59
44499 58
44500 58
44501 60
44502 66
44503 60
44504 59
44505 63
44506 68
44507 68
44508 58
44509 54
44510 48
44511 65
44512 64
44513 55
44514 62
44515 59
44516 60
44517 59
44518 70
44519 60
44520 64
44521 65
44522 63
44523 60
44524 51
44525 53
44526 52
44527 49
44528 66
44529 67
44530 61
44531 54
44532 53
44533 66
44534 59
44535 57
44536 69
44537 53
44538 63
44539 61
44540 60
44541 56
44542 66
44543 61
44544 54
44545 69
44546 67
44547 50
44548 53
44549 55
44550 53
44551 45
44552 55
44553 44
44554 54
44555 54
44556 61
44557 61
44558 64
44559 66
44560 65
44561 59
44562 60
44563 63
44564 65
44565 53
44566 58
44567 63
44568 61
44569 54
44570 53
44571 49
44572 53
44573 54
44574 42
44575 29
44576 27
44577 47
44578 48
44579 56
44580 54
44581 57
44582 61
44583 66
44584 75
44585 70
44586 74
44587 63
44588 66
44589 51
44590 49
44591 62
44592 63
44593 67
44594 58
44595 59
44596 52
44597 63
44598 61
44599 64
44600 72
44601 71
44602 58
44603 60
44604 58
44605 60
44606 59
44607 70
44608 67
44609 70
44610 54
44611 56
44612 60
44613 69
44614 52
44615 56
44616 62
44617 63
44618 63
44619 62
44620 57
44621 49
44622 61
44623 67
44624 63
44625 61
44626 55
44627 54
44628 55
44629 63
44630 66
44631 63
44632 66
44633 64
44634 61
44635 54
44636 55
44637 61
44638 66
44639 72
44640 63
44641 54
44642 44
44643 51
44644 53
44645 59
44646 63
44647 74
44648 78
44649 76
44650 56
44651 71
44652 64
44653 63
44654 69
44655 57
44656 64
44657 70
44658 66
44659 55
44660 56
44661 63
44662 63
44663 62
44664 54
44665 52
44666 62
44667 72
44668 64
44669 51
44670 49
44671 63
44672 65
44673 83
44674 73
44675 68
44676 58
44677 58
44678 61
44679 66
44680 67
44681 71
44682 56
44683 52
44684 64
44685 72
44686 60
44687 74
44688 62
44689 59
44690 69
44691 72
44692 74
44693 65
44694 64
44695 54
44696 57
44697 60
44698 56
44699 51
44700 48
44701 43
44702 50
44703 52
44704 60
44705 68
44706 59
44707 60
44708 54
44709 65
44710 67
44711 68
44712 59
44713 53
44714 52
44715 51
44716 49
44717 59
44718 59
44719 66
44720 70
44721 71
44722 68
44723 69
44724 56
44725 46
44726 50
44727 58
44728 54
44729 55
44730 47
44731 45
44732 51
44733 53
44734 61
44735 64
44736 75
44737 58
44738 68
44739 56
44740 52
44741 65
44742 50
44743 65
44744 70
44745 66
44746 62
44747 52
44748 55
44749 66
44750 53
44751 37
44752 39
44753 58
44754 69
44755 63
44756 65
44757 54
44758 66
44759 59
44760 62
44761 74
44762 67
44763 60
44764 62
44765 58
44766 66
44767 66
44768 59
44769 61
44770 58
44771 55
44772 62
44773 54
44774 51
44775 53
44776 65
44777 73
44778 74
44779 67
44780 60
44781 62
44782 64
44783 62
44784 64
44785 69
44786 73
44787 70
44788 72
44789 62
44790 56
44791 55
44792 50
44793 51
44794 46
44795 40
44796 22
44797 20
44798 4
44799 7
44800 15
44801 19
44802 30
44803 48
44804 41
44805 38
44806 47
44807 64
44808 69
44809 61
44810 64
44811 66
44812 64
44813 57
44814 70
44815 65
44816 57
44817 57
44818 64
44819 56
44820 62
44821 68
44822 78
44823 61
44824 62
44825 62
44826 62
44827 50
44828 64
44829 65
44830 57
44831 52
44832 62
44833 52
44834 63
44835 64
44836 66
44837 64
44838 63
44839 58
44840 54
44841 57
44842 56
44843 62
44844 54
44845 65
44846 52
44847 67
44848 60
44849 43
44850 53
44851 58
44852 62
44853 59
44854 55
44855 69
44856 65
44857 69
44858 51
44859 43
44860 33
44861 34
44862 50
44863 52
44864 58
44865 52
44866 57
44867 45
44868 50
44869 51
44870 55
44871 64
44872 73
44873 61
44874 74
44875 70
44876 59
44877 56
44878 62
44879 57
44880 55
44881 53
44882 65
44883 61
44884 68
44885 64
44886 63
44887 67
44888 54
44889 58
44890 65
44891 61
44892 67
44893 60
44894 61
44895 63
44896 63
44897 71
44898 66
44899 70
44900 63
44901 55
44902 53
44903 56
44904 61
44905 71
44906 59
44907 69
44908 65
44909 70
44910 67
44911 53
44912 59
44913 61
44914 79
44915 71
44916 62
44917 62
44918 59
44919 61
44920 64
44921 63
44922 59
44923 57
44924 68
44925 65
44926 58
44927 57
44928 62
44929 67
44930 71
44931 62
44932 58
44933 56
44934 60
44935 58
44936 65
44937 57
44938 58
44939 55
44940 46
44941 54
44942 65
44943 61
44944 57
44945 49
44946 47
44947 57
44948 66
44949 63
44950 54
44951 57
44952 48
44953 51
44954 55
44955 45
44956 56
44957 69
44958 66
44959 65
44960 64
44961 71
44962 70
44963 61
44964 62
44965 62
44966 75
44967 68
44968 61
44969 59
44970 65
44971 59
44972 63
44973 55
44974 53
44975 52
44976 59
44977 57
44978 70
44979 66
44980 60
44981 53
44982 49
44983 50
44984 62
44985 70
44986 67
44987 65
44988 62
44989 60
44990 61
44991 60
44992 64
44993 60
44994 64
44995 66
44996 69
44997 67
44998 61
44999 64
45000 52
45001 48
45002 62
45003 65
45004 73
45005 53
45006 62
45007 62
45008 58
45009 63
45010 62
45011 58
45012 67
45013 63
45014 55
45015 57
45016 60
45017 62
45018 59
45019 64
45020 65
45021 47
45022 60
45023 72
45024 66
45025 67
45026 72
45027 58
45028 57
45029 66
45030 57
45031 62
45032 55
45033 47
45034 48
45035 53
45036 56
45037 48
45038 45
45039 52
45040 55
45041 53
45042 58
45043 65
45044 67
45045 52
45046 46
45047 60
45048 68
45049 58
45050 58
45051 52
45052 64
45053 67
45054 67
45055 68
45056 65
45057 54
45058 40
45059 43
45060 63
45061 66
45062 66
45063 51
45064 39
45065 54
45066 61
45067 61
45068 52
45069 49
45070 41
45071 60
45072 50
45073 51
45074 55
45075 66
45076 58
45077 67
45078 63
45079 72
45080 56
45081 64
45082 61
45083 57
45084 58
45085 56
45086 64
45087 61
45088 69
45089 65
45090 62
45091 60
45092 48
45093 47
45094 54
45095 57
45096 74
45097 67
45098 77
45099 66
45100 55
45101 56
45102 52
45103 53
45104 50
45105 68
45106 69
45107 60
45108 70
45109 61
45110 62
45111 66
45112 65
45113 57
45114 42
45115 45
45116 51
45117 63
45118 56
45119 53
45120 54
45121 55
45122 58
45123 57
45124 60
45125 48
45126 58
45127 65
45128 58
45129 49
45130 46
45131 55
45132 58
45133 54
45134 53
45135 64
45136 57
45137 55
45138 68
45139 73
45140 67
45141 67
45142 65
45143 64
45144 70
45145 55
45146 67
45147 68
45148 61
45149 54
45150 56
45151 62
45152 64
45153 74
45154 56
45155 54
45156 47
45157 61
45158 64
45159 64
45160 71
45161 68
45162 68
45163 67
45164 61
45165 66
45166 66
45167 70
45168 54
45169 47
45170 56
45171 53
45172 58
45173 60
45174 51
45175 61
45176 58
45177 54
45178 62
45179 61
45180 60
45181 61
45182 53
45183 57
45184 67
45185 58
45186 52
45187 51
45188 62
45189 64
45190 69
45191 59
45192 50
45193 54
45194 62
45195 60
45196 59
45197 61
45198 55
45199 52
45200 59
45201 49
45202 53
45203 67
45204 54
45205 52
45206 61
45207 75
45208 62
45209 60
45210 70
45211 66
45212 69
45213 68
45214 68
45215 56
45216 56
45217 57
45218 67
45219 62
45220 60
45221 53
45222 58
45223 61
45224 58
45225 60
45226 61
45227 58
45228 52
45229 51
45230 46
45231 47
45232 54
45233 65
45234 64
45235 62
45236 65
45237 55
45238 54
45239 52
45240 60
45241 54
45242 55
45243 57
45244 40
45245 52
45246 55
45247 56
45248 54
45249 57
45250 63
45251 80
45252 79
45253 70
45254 72
45255 67
45256 66
45257 56
45258 65
45259 48
45260 37
45261 44
45262 57
45263 64
45264 71
45265 62
45266 63
45267 65
45268 57
45269 69
45270 68
45271 63
45272 64
45273 62
45274 56
45275 69
45276 67
45277 53
45278 57
45279 61
45280 59
45281 56
45282 70
45283 54
45284 59
45285 66
45286 67
45287 60
45288 73
45289 59
45290 64
45291 57
45292 63
45293 67
45294 63
45295 60
45296 65
45297 45
45298 39
45299 59
45300 54
45301 44
45302 52
45303 55
45304 69
45305 49
45306 54
45307 56
45308 61
45309 58
45310 62
45311 73
45312 70
45313 65
45314 62
45315 61
45316 66
45317 59
45318 64
45319 59
45320 64
45321 64
45322 58
45323 50
45324 56
45325 53
45326 48
45327 55
45328 51
45329 43
45330 37
45331 49
45332 55
45333 58
45334 66
45335 56
45336 54
45337 53
45338 52
45339 60
45340 45
45341 51
45342 59
45343 53
45344 63
45345 53
45346 48
45347 56
45348 49
45349 63
45350 60
45351 53
45352 60
45353 68
45354 71
45355 57
45356 60
45357 60
45358 64
45359 61
45360 62
45361 43
45362 50
45363 61
45364 47
45365 41
45366 56
45367 45
45368 50
45369 59
45370 64
45371 53
45372 49
45373 50
45374 49
45375 55
45376 60
45377 55
45378 56
45379 67
45380 71
45381 69
45382 53
45383 52
45384 58
45385 60
45386 58
45387 67
45388 73
45389 59
45390 68
45391 74
45392 64
45393 63
45394 63
45395 65
45396 54
45397 72
45398 62
45399 62
45400 71
45401 57
45402 60
45403 71
45404 74
45405 64
45406 47
45407 44
45408 59
45409 55
45410 64
45411 59
45412 55
45413 51
45414 62
45415 68
45416 64
45417 65
45418 53
45419 44
45420 36
45421 40
45422 53
45423 56
45424 72
45425 69
45426 64
45427 58
45428 64
45429 47
45430 50
45431 57
45432 55
45433 53
45434 68
45435 78
45436 62
45437 69
45438 58
45439 67
45440 49
45441 52
45442 36
45443 51
45444 56
45445 56
45446 61
45447 63
45448 61
45449 60
45450 70
45451 75
45452 62
45453 53
45454 54
45455 60
45456 66
45457 62
45458 55
45459 71
45460 65
45461 60
45462 60
45463 58
45464 72
45465 61
45466 63
45467 44
45468 59
45469 59
45470 55
45471 47
45472 50
45473 45
45474 48
45475 64
45476 67
45477 61
45478 64
45479 50
45480 64
45481 62
45482 60
45483 62
45484 65
45485 58
45486 60
45487 56
45488 58
45489 74
45490 69
45491 74
45492 59
45493 63
45494 57
45495 62
45496 60
45497 53
45498 47
45499 49
45500 58
45501 60
45502 62
45503 56
45504 58
45505 64
45506 58
45507 63
45508 60
45509 58
45510 55
45511 54
45512 50
45513 61
45514 64
45515 66
45516 67
45517 60
45518 56
45519 66
45520 64
45521 76
45522 71
45523 64
45524 64
45525 65
45526 61
45527 53
45528 59
45529 50
45530 54
45531 61
45532 62
45533 62
45534 55
45535 70
45536 60
45537 58
45538 56
45539 58
45540 60
45541 64
45542 63
45543 61
45544 57
45545 41
45546 38
45547 49
45548 67
45549 59
45550 57
45551 64
45552 67
45553 58
45554 64
45555 61
45556 54
45557 61
45558 62
45559 56
45560 65
45561 69
45562 63
45563 65
45564 61
45565 60
45566 64
45567 59
45568 63
45569 70
45570 63
45571 59
45572 57
45573 53
45574 50
45575 67
45576 72
45577 56
45578 62
45579 49
45580 50
45581 58
45582 47
45583 45
45584 59
45585 63
45586 54
45587 53
45588 59
45589 62
45590 49
45591 64
45592 63
45593 61
45594 52
45595 60
45596 59
45597 54
45598 54
45599 63
45600 59
45601 66
45602 51
45603 59
45604 54
45605 53
45606 49
45607 56
45608 58
45609 57
45610 65
45611 74
45612 66
45613 73
45614 69
45615 62
45616 56
45617 72
45618 60
45619 62
45620 68
45621 62
45622 67
45623 58
45624 65
45625 63
45626 61
45627 59
45628 69
45629 65
45630 61
45631 55
45632 59
45633 60
45634 59
45635 60
45636 74
45637 86
45638 71
45639 75
45640 78
45641 61
45642 53
45643 54
45644 60
45645 63
45646 52
45647 63
45648 61
45649 57
45650 48
45651 65
45652 59
45653 76
45654 71
45655 67
45656 62
45657 59
45658 62
45659 66
45660 68
45661 60
45662 61
45663 60
45664 67
45665 71
45666 65
45667 69
45668 68
45669 63
45670 61
45671 71
45672 66
45673 69
45674 71
45675 64
45676 59
45677 61
45678 57
45679 51
45680 62
45681 65
45682 69
45683 70
45684 59
45685 58
45686 51
45687 52
45688 59
45689 60
45690 64
45691 53
45692 53
45693 61
45694 64
45695 70
45696 69
45697 65
45698 48
45699 67
45700 77
45701 64
45702 66
45703 52
45704 47
45705 39
45706 44
45707 56
45708 67
45709 72
45710 69
45711 67
45712 69
45713 64
45714 63
45715 59
45716 70
45717 62
45718 68
45719 64
45720 63
45721 56
45722 58
45723 63
45724 68
45725 69
45726 61
45727 43
45728 57
45729 60
45730 56
45731 67
45732 61
45733 56
45734 69
45735 59
45736 56
45737 53
45738 52
45739 63
45740 52
45741 68
45742 55
45743 56
45744 48
45745 45
45746 52
45747 53
45748 57
45749 60
45750 66
45751 57
45752 53
45753 61
45754 56
45755 55
45756 52
45757 56
45758 63
45759 57
45760 68
45761 71
45762 65
45763 64
45764 47
45765 51
45766 64
45767 67
45768 71
45769 72
45770 75
45771 59
45772 58
45773 44
45774 55
45775 54
45776 70
45777 56
45778 61
45779 63
45780 62
45781 67
45782 57
45783 59
45784 55
45785 37
45786 42
45787 55
45788 62
45789 59
45790 54
45791 46
45792 45
45793 54
45794 52
45795 53
45796 56
45797 61
45798 62
45799 60
45800 55
45801 41
45802 24
45803 30
45804 45
45805 51
45806 61
45807 58
45808 59
45809 58
45810 60
45811 59
45812 55
45813 53
45814 42
45815 57
45816 62
45817 46
45818 44
45819 39
45820 42
45821 60
45822 62
45823 57
45824 60
45825 65
45826 53
45827 65
45828 64
45829 67
45830 61
45831 65
45832 66
45833 68
45834 51
45835 52
45836 59
45837 64
45838 63
45839 66
45840 69
45841 75
45842 66
45843 85
45844 94
45845 75
45846 63
45847 61
45848 54
45849 63
45850 63
45851 68
45852 65
45853 49
45854 58
45855 67
45856 67
45857 55
45858 58
45859 67
45860 62
45861 68
45862 70
45863 57
45864 61
45865 57
45866 53
45867 61
45868 68
45869 68
45870 67
45871 58
45872 59
45873 56
45874 39
45875 50
45876 59
45877 64
45878 60
45879 59
45880 63
45881 61
45882 53
45883 52
45884 54
45885 60
45886 64
45887 58
45888 46
45889 45
45890 54
45891 67
45892 80
45893 62
45894 70
45895 64
45896 65
45897 71
45898 60
45899 73
45900 60
45901 56
45902 61
45903 54
45904 52
45905 61
45906 66
45907 61
45908 42
45909 37
45910 48
45911 59
45912 70
45913 59
45914 58
45915 63
45916 69
45917 58
45918 76
45919 66
45920 51
45921 67
45922 58
45923 56
45924 50
45925 53
45926 59
45927 61
45928 64
45929 55
45930 59
45931 59
45932 54
45933 71
45934 62
45935 55
45936 44
45937 46
45938 48
45939 59
45940 60
45941 66
45942 72
45943 66
45944 65
45945 59
45946 57
45947 59
45948 60
45949 58
45950 52
45951 58
45952 62
45953 58
45954 65
45955 59
45956 75
45957 73
45958 62
45959 60
45960 64
45961 57
45962 53
45963 39
45964 56
45965 61
45966 64
45967 66
45968 67
45969 63
45970 79
45971 73
45972 64
45973 54
45974 71
45975 58
45976 61
45977 58
45978 59
45979 56
45980 59
45981 70
45982 66
45983 66
45984 61
45985 60
45986 58
45987 58
45988 67
45989 64
45990 52
45991 65
45992 52
45993 48
45994 56
45995 51
45996 57
45997 69
45998 75
45999 70
46000 66
46001 50
46002 62
46003 74
46004 68
46005 60
46006 54
46007 58
46008 58
46009 59
46010 58
46011 57
46012 64
46013 66
46014 71
46015 59
46016 68
46017 67
46018 66
46019 59
46020 54
46021 53
46022 64
46023 57
46024 57
46025 60
46026 54
46027 62
46028 67
46029 58
46030 66
46031 49
46032 44
46033 49
46034 59
46035 59
46036 57
46037 55
46038 50
46039 45
46040 55
46041 60
46042 58
46043 58
46044 56
46045 52
46046 56
46047 62
46048 65
46049 71
46050 62
46051 68
46052 57
46053 53
46054 58
46055 60
46056 57
46057 53
46058 65
46059 58
46060 63
46061 50
46062 61
46063 56
46064 52
46065 59
46066 58
46067 50
46068 34
46069 33
46070 38
46071 45
46072 48
46073 49
46074 53
46075 51
46076 39
46077 49
46078 65
46079 59
46080 55
46081 43
46082 45
46083 61
46084 62
46085 56
46086 68
46087 63
46088 55
46089 56
46090 50
46091 58
46092 46
46093 39
46094 46
46095 40
46096 38
46097 45
46098 59
46099 55
46100 52
46101 52
46102 67
46103 69
46104 67
46105 54
46106 71
46107 62
46108 66
46109 65
46110 60
46111 63
46112 61
46113 56
46114 64
46115 72
46116 52
46117 66
46118 68
46119 63
46120 65
46121 64
46122 60
46123 63
46124 66
46125 67
46126 61
46127 62
46128 67
46129 74
46130 71
46131 79
46132 67
46133 75
46134 72
46135 71
46136 67
46137 56
46138 60
46139 69
46140 69
46141 72
46142 67
46143 60
46144 49
46145 54
46146 55
46147 61
46148 66
46149 65
46150 59
46151 69
46152 57
46153 58
46154 68
46155 61
46156 49
46157 41
46158 42
46159 47
46160 66
46161 61
46162 68
46163 63
46164 60
46165 55
46166 60
46167 61
46168 53
46169 43
46170 49
46171 60
46172 61
46173 65
46174 51
46175 64
46176 60
46177 69
46178 73
46179 82
46180 78
46181 64
46182 66
46183 51
46184 57
46185 57
46186 59
46187 66
46188 60
46189 58
46190 66
46191 65
46192 69
46193 65
46194 61
46195 65
46196 56
46197 63
46198 62
46199 64
46200 71
46201 61
46202 58
46203 63
46204 69
46205 60
46206 53
46207 56
46208 64
46209 60
46210 65
46211 66
46212 59
46213 72
46214 63
46215 62
46216 58
46217 63
46218 67
46219 64
46220 48
46221 57
46222 52
46223 48
46224 43
46225 57
46226 58
46227 54
46228 59
46229 66
46230 63
46231 79
46232 63
46233 54
46234 51
46235 48
46236 52
46237 59
46238 54
46239 58
46240 59
46241 59
46242 60
46243 64
46244 57
46245 59
46246 66
46247 78
46248 64
46249 67
46250 52
46251 54
46252 55
46253 59
46254 71
46255 53
46256 63
46257 58
46258 65
46259 61
46260 59
46261 70
46262 62
46263 67
46264 71
46265 60
46266 75
46267 63
46268 59
46269 62
46270 59
46271 48
46272 57
46273 53
46274 49
46275 56
46276 59
46277 61
46278 60
46279 53
46280 50
46281 58
46282 70
46283 67
46284 60
46285 58
46286 64
46287 67
46288 52
46289 50
46290 54
46291 60
46292 66
46293 63
46294 59
46295 60
46296 54
46297 59
46298 62
46299 56
46300 66
46301 56
46302 71
46303 68
46304 70
46305 62
46306 63
46307 56
46308 50
46309 52
46310 51
46311 53
46312 51
46313 36
46314 35
46315 47
46316 60
46317 56
46318 62
46319 58
46320 62
46321 58
46322 55
46323 60
46324 61
46325 64
46326 54
46327 56
46328 64
46329 59
46330 55
46331 64
46332 58
46333 53
46334 53
46335 54
46336 57
46337 54
46338 49
46339 57
46340 58
46341 64
46342 62
46343 51
46344 44
46345 45
46346 59
46347 76
46348 66
46349 50
46350 70
46351 61
46352 51
46353 66
46354 66
46355 68
46356 67
46357 64
46358 63
46359 67
46360 73
46361 78
46362 68
46363 75
46364 70
46365 62
46366 58
46367 69
46368 58
46369 48
46370 54
46371 52
46372 51
46373 47
46374 46
46375 54
46376 51
46377 54
46378 51
46379 65
46380 59
46381 67
46382 72
46383 72
46384 68
46385 58
46386 52
46387 57
46388 54
46389 59
46390 62
46391 68
46392 64
46393 59
46394 58
46395 51
46396 58
46397 63
46398 52
46399 58
46400 66
46401 68
46402 62
46403 61
46404 54
46405 52
46406 67
46407 64
46408 68
46409 59
46410 61
46411 62
46412 61
46413 66
46414 61
46415 65
46416 69
46417 62
46418 45
46419 37
46420 33
46421 43
46422 55
46423 72
46424 71
46425 65
46426 65
46427 64
46428 63
46429 74
46430 65
46431 69
46432 65
46433 59
46434 62
46435 47
46436 50
46437 58
46438 53
46439 52
46440 61
46441 67
46442 61
46443 55
46444 57
46445 76
46446 76
46447 61
46448 54
46449 55
46450 68
46451 72
46452 57
46453 60
46454 60
46455 62
46456 67
46457 66
46458 59
46459 67
46460 69
46461 70
46462 76
46463 63
46464 52
46465 48
46466 36
46467 22
46468 26
46469 41
46470 51
46471 64
46472 66
46473 76
46474 65
46475 70
46476 63
46477 61
46478 58
46479 63
46480 69
46481 72
46482 75
46483 68
46484 63
46485 64
46486 58
46487 59
46488 75
46489 56
46490 62
46491 63
46492 68
46493 60
46494 64
46495 57
46496 65
46497 57
46498 59
46499 58
46500 63
46501 47
46502 30
46503 27
46504 31
46505 40
46506 47
46507 65
46508 63
46509 71
46510 62
46511 71
46512 62
46513 76
46514 69
46515 55
46516 53
46517 38
46518 37
46519 34
46520 38
46521 41
46522 55
46523 62
46524 61
46525 58
46526 60
46527 61
46528 61
46529 61
46530 59
46531 62
46532 75
46533 75
46534 60
46535 48
46536 54
46537 55
46538 57
46539 62
46540 48
46541 32
46542 52
46543 61
46544 63
46545 60
46546 53
46547 56
46548 60
46549 55
46550 45
46551 54
46552 58
46553 69
46554 62
46555 68
46556 67
46557 58
46558 55
46559 58
46560 53
46561 59
46562 61
46563 65
46564 71
46565 65
46566 65
46567 65
46568 66
46569 59
46570 60
46571 48
46572 55
46573 56
46574 67
46575 63
46576 65
46577 75
46578 75
46579 62
46580 66
46581 55
46582 62
46583 56
46584 61
46585 63
46586 64
46587 51
46588 50
46589 54
46590 62
46591 64
46592 59
46593 49
46594 58
46595 52
46596 51
46597 67
46598 55
46599 51
46600 63
46601 66
46602 53
46603 57
46604 47
46605 45
46606 53
46607 58
46608 61
46609 63
46610 61
46611 69
46612 58
46613 58
46614 66
46615 63
46616 50
46617 57
46618 58
46619 62
46620 71
46621 69
46622 62
46623 53
46624 62
46625 57
46626 55
46627 56
46628 63
46629 65
46630 68
46631 67
46632 47
46633 59
46634 46
46635 60
46636 52
46637 67
46638 64
46639 58
46640 60
46641 68
46642 51
46643 55
46644 61
46645 61
46646 67
46647 52
46648 67
46649 54
46650 60
46651 58
46652 53
46653 60
46654 65
46655 55
46656 55
46657 61
46658 66
46659 66
46660 54
46661 64
46662 61
46663 66
46664 69
46665 56
46666 50
46667 46
46668 50
46669 56
46670 59
46671 65
46672 61
46673 58
46674 60
46675 60
46676 75
46677 65
46678 58
46679 70
46680 73
46681 69
46682 68
46683 64
46684 62
46685 58
46686 63
46687 69
46688 69
46689 66
46690 60
46691 63
46692 59
46693 56
46694 56
46695 54
46696 49
46697 65
46698 71
46699 57
46700 66
46701 65
46702 51
46703 44
46704 41
46705 47
46706 53
46707 57
46708 58
46709 62
46710 54
46711 65
46712 57
46713 62
46714 51
46715 43
46716 56
46717 69
46718 67
46719 59
46720 59
46721 53
46722 63
46723 55
46724 68
46725 66
46726 58
46727 53
46728 58
46729 64
46730 55
46731 56
46732 56
46733 59
46734 56
46735 51
46736 67
46737 60
46738 56
46739 51
46740 56
46741 70
46742 69
46743 68
46744 68
46745 48
46746 49
46747 57
46748 61
46749 64
46750 66
46751 57
46752 65
46753 54
46754 61
46755 63
46756 63
46757 50
46758 41
46759 48
46760 51
46761 55
46762 54
46763 55
46764 61
46765 66
46766 58
46767 62
46768 64
46769 72
46770 63
46771 68
46772 80
46773 63
46774 62
46775 64
46776 63
46777 65
46778 64
46779 48
46780 41
46781 42
46782 53
46783 55
46784 65
46785 68
46786 62
46787 58
46788 57
46789 70
46790 60
46791 57
46792 54
46793 64
46794 61
46795 66
46796 57
46797 59
46798 60
46799 62
46800 59
46801 55
46802 57
46803 50
46804 63
46805 61
46806 56
46807 55
46808 47
46809 47
46810 44
46811 47
46812 56
46813 46
46814 55
46815 69
46816 67
46817 63
46818 62
46819 59
46820 47
46821 62
46822 60
46823 72
46824 77
46825 72
46826 64
46827 59
46828 64
46829 77
46830 63
46831 74
46832 54
46833 49
46834 44
46835 55
46836 55
46837 56
46838 51
46839 34
46840 38
46841 54
46842 65
46843 64
46844 62
46845 56
46846 55
46847 48
46848 54
46849 60
46850 61
46851 63
46852 62
46853 73
46854 69
46855 70
46856 55
46857 61
46858 58
46859 53
46860 54
46861 68
46862 56
46863 63
46864 55
46865 64
46866 59
46867 45
46868 44
46869 45
46870 44
46871 45
46872 46
46873 52
46874 68
46875 66
46876 76
46877 64
46878 74
46879 64
46880 65
46881 66
46882 68
46883 56
46884 63
46885 49
46886 58
46887 78
46888 71
46889 61
46890 65
46891 67
46892 63
46893 55
46894 52
46895 64
46896 69
46897 58
46898 58
46899 52
46900 49
46901 58
46902 56
46903 58
46904 56
46905 59
46906 66
46907 60
46908 62
46909 57
46910 59
46911 66
46912 62
46913 62
46914 58
46915 55
46916 60
46917 63
46918 57
46919 75
46920 78
46921 69
46922 66
46923 67
46924 58
46925 59
46926 63
46927 62
46928 59
46929 47
46930 40
46931 59
46932 59
46933 70
46934 55
46935 62
46936 61
46937 61
46938 52
46939 49
46940 47
46941 61
46942 75
46943 68
46944 55
46945 56
46946 61
46947 60
46948 65
46949 59
46950 60
46951 59
46952 55
46953 66
46954 69
46955 70
46956 63
46957 62
46958 62
46959 60
46960 63
46961 78
46962 74
46963 68
46964 64
46965 63
46966 68
46967 62
46968 52
46969 50
46970 48
46971 53
46972 58
46973 59
46974 56
46975 59
46976 54
46977 63
46978 59
46979 59
46980 65
46981 61
46982 60
46983 52
46984 62
46985 61
46986 61
46987 66
46988 56
46989 51
46990 56
46991 60
46992 62
46993 69
46994 60
46995 55
46996 42
46997 57
46998 51
46999 56
47000 58
47001 72
47002 59
47003 57
47004 69
47005 61
47006 68
47007 64
47008 67
47009 67
47010 79
47011 82
47012 63
47013 62
47014 67
47015 63
47016 61
47017 65
47018 58
47019 60
47020 74
47021 69
47022 68
47023 50
47024 58
47025 63
47026 60
47027 61
47028 70
47029 61
47030 56
47031 57
47032 64
47033 65
47034 63
47035 61
47036 57
47037 60
47038 49
47039 44
47040 50
47041 57
47042 57
47043 57
47044 65
47045 54
47046 49
47047 50
47048 57
47049 60
47050 67
47051 65
47052 70
47053 62
47054 60
47055 62
47056 60
47057 69
47058 61
47059 59
47060 60
47061 58
47062 69
47063 59
47064 56
47065 53
47066 65
47067 66
47068 59
47069 56
47070 47
47071 53
47072 62
47073 75
47074 73
47075 59
47076 55
47077 65
47078 56
47079 50
47080 62
47081 52
47082 41
47083 57
47084 55
47085 68
47086 69
47087 72
47088 69
47089 67
47090 52
47091 54
47092 61
47093 51
47094 58
47095 60
47096 62
47097 66
47098 64
47099 50
47100 60
47101 70
47102 65
47103 57
47104 61
47105 64
47106 66
47107 65
47108 61
47109 52
47110 50
47111 53
47112 55
47113 59
47114 64
47115 62
47116 63
47117 65
47118 62
47119 61
47120 67
47121 53
47122 52
47123 50
47124 47
47125 52
47126 60
47127 68
47128 66
47129 56
47130 53
47131 45
47132 46
47133 56
47134 58
47135 54
47136 63
47137 65
47138 60
47139 74
47140 72
47141 61
47142 57
47143 66
47144 60
47145 58
47146 57
47147 62
47148 58
47149 62
47150 61
47151 51
47152 65
47153 62
47154 56
47155 54
47156 52
47157 59
47158 69
47159 63
47160 70
47161 74
47162 60
47163 54
47164 64
47165 63
47166 68
47167 72
47168 61
47169 52
47170 52
47171 54
47172 58
47173 60
47174 62
47175 56
47176 61
47177 67
47178 63
47179 50
47180 52
47181 53
47182 65
47183 67
47184 61
47185 61
47186 59
47187 52
47188 51
47189 47
47190 53
47191 61
47192 65
47193 60
47194 51
47195 65
47196 72
47197 62
47198 79
47199 69
47200 68
47201 58
47202 56
47203 55
47204 55
47205 72
47206 62
47207 65
47208 70
47209 57
47210 64
47211 70
47212 53
47213 69
47214 68
47215 69
47216 56
47217 55
47218 65
47219 63
47220 60
47221 56
47222 62
47223 65
47224 60
47225 69
47226 65
47227 61
47228 65
47229 72
47230 64
47231 60
47232 54
47233 50
47234 47
47235 51
47236 46
47237 53
47238 71
47239 67
47240 66
47241 61
47242 61
47243 62
47244 61
47245 61
47246 57
47247 49
47248 40
47249 39
47250 51
47251 62
47252 67
47253 62
47254 66
47255 74
47256 60
47257 62
47258 61
47259 59
47260 67
47261 74
47262 66
47263 62
47264 62
47265 64
47266 56
47267 56
47268 62
47269 59
47270 56
47271 57
47272 64
47273 61
47274 59
47275 66
47276 71
47277 63
47278 62
47279 58
47280 50
47281 61
47282 53
47283 62
47284 56
47285 62
47286 63
47287 52
47288 65
47289 73
47290 65
47291 66
47292 59
47293 41
47294 39
47295 35
47296 36
47297 34
47298 27
47299 24
47300 28
47301 37
47302 48
47303 53
47304 62
47305 55
47306 65
47307 63
47308 61
47309 61
47310 56
47311 54
47312 59
47313 66
47314 78
47315 62
47316 63
47317 58
47318 51
47319 56
47320 66
47321 78
47322 72
47323 60
47324 75
47325 57
47326 47
47327 61
47328 60
47329 62
47330 52
47331 51
47332 63
47333 65
47334 64
47335 60
47336 67
47337 68
47338 61
47339 57
47340 52
47341 70
47342 66
47343 57
47344 64
47345 58
47346 38
47347 33
47348 31
47349 46
47350 57
47351 55
47352 52
47353 56
47354 61
47355 59
47356 64
47357 64
47358 62
47359 57
47360 60
47361 64
47362 69
47363 70
47364 67
47365 67
47366 62
47367 69
47368 59
47369 49
47370 55
47371 59
47372 58
47373 65
47374 75
47375 78
47376 70
47377 69
47378 62
47379 64
47380 52
47381 51
47382 53
47383 46
47384 30
47385 42
47386 49
47387 48
47388 62
47389 72
47390 66
47391 68
47392 59
47393 57
47394 54
47395 66
47396 69
47397 75
47398 64
47399 61
47400 58
47401 59
47402 61
47403 54
47404 47
47405 49
47406 61
47407 58
47408 54
47409 59
47410 69
47411 60
47412 70
47413 66
47414 50
47415 69
47416 72
47417 63
47418 60
47419 55
47420 43
47421 46
47422 64
47423 64
47424 63
47425 63
47426 45
47427 53
47428 62
47429 61
47430 57
47431 47
47432 33
47433 34
47434 47
47435 52
47436 55
47437 54
47438 59
47439 54
47440 58
47441 58
47442 69
47443 67
47444 64
47445 66
47446 62
47447 70
47448 57
47449 56
47450 66
47451 66
47452 65
47453 66
47454 66
47455 68
47456 64
47457 59
47458 69
47459 67
47460 56
47461 59
47462 73
47463 58
47464 54
47465 59
47466 56
47467 74
47468 70
47469 69
47470 63
47471 66
47472 60
47473 54
47474 55
47475 62
47476 65
47477 59
47478 61
47479 62
47480 62
47481 59
47482 57
47483 70
47484 61
47485 58
47486 51
47487 57
47488 69
47489 70
47490 74
47491 73
47492 68
47493 71
47494 51
47495 60
47496 72
47497 60
47498 59
47499 61
47500 65
47501 46
47502 48
47503 59
47504 61
47505 61
47506 63
47507 67
47508 57
47509 59
47510 69
47511 71
47512 55
47513 55
47514 49
47515 58
47516 64
47517 66
47518 57
47519 50
47520 44
47521 38
47522 42
47523 43
47524 59
47525 58
47526 55
47527 56
47528 59
47529 69
47530 65
47531 61
47532 56
47533 61
47534 60
47535 47
47536 46
47537 52
47538 64
47539 67
47540 71
47541 63
47542 57
47543 76
47544 73
47545 58
47546 43
47547 42
47548 58
47549 60
47550 59
47551 58
47552 67
47553 71
47554 62
47555 61
47556 55
47557 56
47558 59
47559 67
47560 71
47561 69
47562 54
47563 61
47564 52
47565 55
47566 40
47567 23
47568 15
47569 7
47570 22
47571 42
47572 49
47573 58
47574 52
47575 58
47576 56
47577 67
47578 70
47579 53
47580 44
47581 42
47582 52
47583 56
47584 65
47585 65
47586 58
47587 57
47588 60
47589 65
47590 69
47591 64
47592 60
47593 60
47594 63
47595 65
47596 62
47597 54
47598 47
47599 48
47600 64
47601 66
47602 63
47603 62
47604 58
47605 63
47606 63
47607 60
47608 67
47609 67
47610 56
47611 56
47612 66
47613 66
47614 56
47615 61
47616 57
47617 59
47618 54
47619 52
47620 64
47621 66
47622 80
47623 68
47624 59
47625 50
47626 49
47627 68
47628 71
47629 57
47630 46
47631 55
47632 64
47633 70
47634 61
47635 57
47636 52
47637 56
47638 48
47639 53
47640 54
47641 51
47642 53
47643 57
47644 61
47645 59
47646 58
47647 51
47648 37
47649 38
47650 39
47651 44
47652 49
47653 51
47654 66
47655 55
47656 48
47657 55
47658 68
47659 59
47660 67
47661 55
47662 55
47663 65
47664 54
47665 61
47666 59
47667 50
47668 66
47669 59
47670 70
47671 56
47672 58
47673 60
47674 59
47675 47
47676 53
47677 63
47678 54
47679 56
47680 64
47681 56
47682 57
47683 60
47684 60
47685 63
47686 62
47687 62
47688 68
47689 54
47690 40
47691 38
47692 51
47693 55
47694 48
47695 60
47696 54
47697 52
47698 52
47699 49
47700 58
47701 60
47702 68
47703 71
47704 58
47705 54
47706 64
47707 63
47708 61
47709 73
47710 75
47711 63
47712 65
47713 67
47714 56
47715 61
47716 59
47717 54
47718 56
47719 58
47720 60
47721 60
47722 56
47723 50
47724 48
47725 35
47726 50
47727 55
47728 50
47729 54
47730 56
47731 61
47732 52
47733 56
47734 69
47735 60
47736 63
47737 64
47738 63
47739 58
47740 52
47741 66
47742 65
47743 59
47744 66
47745 57
47746 54
47747 60
47748 67
47749 64
47750 65
47751 68
47752 65
47753 59
47754 45
47755 56
47756 70
47757 65
47758 64
47759 61
47760 61
47761 56
47762 60
47763 53
47764 51
47765 44
47766 36
47767 49
47768 54
47769 64
47770 61
47771 64
47772 63
47773 64
47774 50
47775 41
47776 56
47777 52
47778 60
47779 68
47780 65
47781 72
47782 64
47783 63
47784 64
47785 60
47786 59
47787 62
47788 61
47789 68
47790 64
47791 52
47792 50
47793 41
47794 42
47795 54
47796 68
47797 78
47798 67
47799 66
47800 65
47801 64
47802 55
47803 57
47804 58
47805 64
47806 52
47807 66
47808 75
47809 70
47810 56
47811 61
47812 54
47813 58
47814 58
47815 61
47816 70
47817 60
47818 55
47819 58
47820 59
47821 56
47822 48
47823 49
47824 63
47825 59
47826 67
47827 64
47828 44
47829 45
47830 60
47831 55
47832 45
47833 43
47834 56
47835 46
47836 41
47837 56
47838 54
47839 60
47840 62
47841 52
47842 63
47843 69
47844 64
47845 69
47846 58
47847 57
47848 60
47849 63
47850 64
47851 53
47852 52
47853 44
47854 53
47855 42
47856 46
47857 55
47858 46
47859 52
47860 64
47861 62
47862 64
47863 57
47864 53
47865 45
47866 61
47867 60
47868 58
47869 75
47870 69
47871 62
47872 62
47873 59
47874 52
47875 59
47876 68
47877 66
47878 59
47879 65
47880 63
47881 48
47882 47
47883 55
47884 63
47885 65
47886 62
47887 67
47888 63
47889 63
47890 55
47891 51
47892 62
47893 55
47894 54
47895 68
47896 60
47897 60
47898 61
47899 62
47900 55
47901 66
47902 50
47903 49
47904 48
47905 48
47906 45
47907 42
47908 50
47909 38
47910 41
47911 47
47912 54
47913 62
47914 55
47915 40
47916 50
47917 48
47918 49
47919 53
47920 61
47921 55
47922 66
47923 74
47924 60
47925 61
47926 51
47927 53
47928 57
47929 77
47930 72
47931 72
47932 66
47933 56
47934 56
47935 60
47936 56
47937 61
47938 65
47939 62
47940 66
47941 59
47942 68
47943 68
47944 51
47945 51
47946 48
47947 45
47948 51
47949 62
47950 60
47951 67
47952 66
47953 66
47954 63
47955 62
47956 60
47957 65
47958 64
47959 55
47960 54
47961 61
47962 58
47963 59
47964 69
47965 64
47966 77
47967 57
47968 41
47969 55
47970 60
47971 53
47972 63
47973 58
47974 63
47975 61
47976 58
47977 54
47978 52
47979 55
47980 57
47981 66
47982 64
47983 72
47984 56
47985 58
47986 45
47987 46
47988 63
47989 56
47990 56
47991 58
47992 77
47993 83
47994 63
47995 75
47996 67
47997 64
47998 77
47999 67
48000 60
48001 68
48002 52
48003 61
48004 53
48005 53
48006 55
48007 43
48008 47
48009 54
48010 54
48011 56
48012 52
48013 64
48014 63
48015 60
48016 62
48017 57
48018 59
48019 55
48020 54
48021 53
48022 55
48023 55
48024 64
48025 58
48026 43
48027 36
48028 52
48029 47
48030 55
48031 56
48032 65
48033 70
48034 73
48035 70
48036 54
48037 55
48038 59
48039 58
48040 62
48041 51
48042 62
48043 62
48044 60
48045 60
48046 40
48047 53
48048 58
48049 57
48050 51
48051 62
48052 66
48053 61
48054 57
48055 62
48056 63
48057 63
48058 66
48059 67
48060 59
48061 55
48062 61
48063 55
48064 60
48065 61
48066 57
48067 59
48068 56
48069 58
48070 59
48071 60
48072 60
48073 53
48074 65
48075 51
48076 60
48077 62
48078 66
48079 63
48080 58
48081 52
48082 60
48083 59
48084 67
48085 63
48086 59
48087 62
48088 52
48089 50
48090 58
48091 68
48092 75
48093 64
48094 53
48095 58
48096 59
48097 63
48098 69
48099 56
48100 67
48101 58
48102 51
48103 62
48104 77
48105 75
48106 61
48107 56
48108 65
48109 69
48110 57
48111 54
48112 67
48113 67
48114 60
48115 62
48116 68
48117 67
48118 68
48119 68
48120 67
48121 64
48122 68
48123 55
48124 57
48125 54
48126 62
48127 65
48128 59
48129 62
48130 59
48131 58
48132 51
48133 57
48134 49
48135 62
48136 53
48137 59
48138 61
48139 62
48140 64
48141 57
48142 44
48143 48
48144 63
48145 68
48146 70
48147 59
48148 72
48149 59
48150 58
48151 64
48152 65
48153 73
48154 64
48155 46
48156 55
48157 53
48158 68
48159 59
48160 66
48161 61
48162 47
48163 59
48164 62
48165 60
48166 59
48167 61
48168 58
48169 63
48170 62
48171 59
48172 59
48173 52
48174 54
48175 57
48176 67
48177 69
48178 53
48179 50
48180 44
48181 43
48182 61
48183 66
48184 64
48185 66
48186 66
48187 68
48188 68
48189 53
48190 59
48191 73
48192 68
48193 68
48194 56
48195 61
48196 65
48197 60
48198 57
48199 66
48200 55
48201 51
48202 56
48203 67
48204 70
48205 69
48206 74
48207 73
48208 71
48209 58
48210 57
48211 54
48212 60
48213 66
48214 60
48215 55
48216 64
48217 63
48218 51
48219 44
48220 50
48221 53
48222 55
48223 53
48224 57
48225 56
48226 57
48227 67
48228 69
48229 68
48230 50
48231 64
48232 62
48233 66
48234 57
48235 53
48236 56
48237 64
48238 61
48239 59
48240 66
48241 59
48242 79
48243 72
48244 60
48245 55
48246 56
48247 48
48248 48
48249 55
48250 46
48251 58
48252 64
48253 76
48254 63
48255 61
48256 63
48257 72
48258 75
48259 59
48260 69
48261 65
48262 58
48263 53
48264 54
48265 57
48266 57
48267 41
48268 60
48269 56
48270 64
48271 69
48272 57
48273 59
48274 64
48275 72
48276 70
48277 55
48278 63
48279 79
48280 85
48281 76
48282 74
48283 67
48284 65
48285 64
48286 60
48287 66
48288 57
48289 52
48290 40
48291 38
48292 46
48293 49
48294 56
48295 54
48296 52
48297 53
48298 55
48299 72
48300 63
48301 64
48302 55
48303 50
48304 56
48305 52
48306 60
48307 54
48308 57
48309 58
48310 41
48311 50
48312 49
48313 55
48314 64
48315 66
48316 67
48317 73
48318 60
48319 62
48320 61
48321 68
48322 60
48323 74
48324 61
48325 60
48326 53
48327 58
48328 71
48329 66
48330 65
48331 55
48332 53
48333 50
48334 63
48335 61
48336 56
48337 53
48338 60
48339 69
48340 54
48341 60
48342 54
48343 44
48344 60
48345 63
48346 58
48347 60
48348 66
48349 64
48350 58
48351 64
48352 59
48353 67
48354 64
48355 61
48356 54
48357 57
48358 71
48359 64
48360 55
48361 59
48362 55
48363 53
48364 60
48365 67
48366 53
48367 60
48368 48
48369 68
48370 62
48371 54
48372 68
48373 67
48374 55
48375 51
48376 46
48377 47
48378 54
48379 54
48380 56
48381 55
48382 63
48383 61
48384 55
48385 65
48386 73
48387 66
48388 69
48389 59
48390 65
48391 70
48392 71
48393 63
48394 69
48395 62
48396 52
48397 53
48398 51
48399 56
48400 70
48401 66
48402 63
48403 62
48404 57
48405 62
48406 55
48407 54
48408 59
48409 64
48410 57
48411 59
48412 79
48413 76
48414 62
48415 49
48416 61
48417 72
48418 61
48419 62
48420 57
48421 59
48422 63
48423 61
48424 59
48425 57
48426 69
48427 59
48428 65
48429 60
48430 61
48431 75
48432 62
48433 58
48434 64
48435 71
48436 63
48437 56
48438 55
48439 62
48440 65
48441 68
48442 66
48443 58
48444 52
48445 53
48446 57
48447 63
48448 67
48449 63
48450 56
48451 66
48452 56
48453 52
48454 62
48455 67
48456 56
48457 54
48458 57
48459 59
48460 69
48461 68
48462 51
48463 50
48464 48
48465 59
48466 62
48467 48
48468 47
48469 61
48470 60
48471 54
48472 36
48473 49
48474 51
48475 71
48476 66
48477 61
48478 69
48479 65
48480 58
48481 51
48482 53
48483 63
48484 67
48485 65
48486 66
48487 71
48488 61
48489 66
48490 53
48491 65
48492 66
48493 61
48494 68
48495 64
48496 71
48497 66
48498 73
48499 62
48500 62
48501 54
48502 61
48503 62
48504 61
48505 60
48506 65
48507 66
48508 65
48509 66
48510 70
48511 64
48512 53
48513 54
48514 60
48515 60
48516 46
48517 49
48518 51
48519 63
48520 66
48521 65
48522 63
48523 56
48524 54
48525 62
48526 59
48527 54
48528 60
48529 41
48530 44
48531 60
48532 61
48533 62
48534 65
48535 64
48536 62
48537 67
48538 66
48539 68
48540 72
48541 67
48542 63
48543 62
48544 68
48545 75
48546 69
48547 59
48548 55
48549 54
48550 63
48551 55
48552 49
48553 45
48554 43
48555 42
48556 53
48557 65
48558 62
48559 60
48560 59
48561 52
48562 60
48563 64
48564 63
48565 52
48566 59
48567 63
48568 58
48569 56
48570 49
48571 52
48572 60
48573 66
48574 64
48575 63
48576 49
48577 58
48578 63
48579 64
48580 64
48581 68
48582 59
48583 60
48584 49
48585 52
48586 49
48587 60
48588 60
48589 53
48590 59
48591 66
48592 57
48593 59
48594 69
48595 71
48596 64
48597 53
48598 61
48599 56
48600 54
48601 57
48602 56
48603 57
48604 66
48605 64
48606 58
48607 56
48608 50
48609 70
48610 72
48611 62
48612 50
48613 61
48614 67
48615 57
48616 61
48617 58
48618 71
48619 70
48620 62
48621 43
48622 42
48623 44
48624 57
48625 61
48626 61
48627 64
48628 62
48629 60
48630 65
48631 50
48632 40
48633 48
48634 59
48635 65
48636 65
48637 60
48638 57
48639 53
48640 49
48641 60
48642 63
48643 65
48644 66
48645 61
48646 57
48647 51
48648 52
48649 50
48650 65
48651 68
48652 55
48653 57
48654 60
48655 58
48656 66
48657 58
48658 58
48659 48
48660 56
48661 70
48662 64
48663 65
48664 59
48665 76
48666 73
48667 61
48668 48
48669 28
48670 37
48671 49
48672 50
48673 59
48674 55
48675 65
48676 59
48677 60
48678 59
48679 61
48680 63
48681 56
48682 48
48683 65
48684 67
48685 53
48686 46
48687 53
48688 54
48689 59
48690 65
48691 69
48692 63
48693 57
48694 54
48695 57
48696 59
48697 61
48698 60
48699 57
48700 56
48701 66
48702 58
48703 51
48704 40
48705 53
48706 59
48707 62
48708 62
48709 65
48710 70
48711 55
48712 59
48713 69
48714 66
48715 61
48716 47
48717 41
48718 56
48719 59
48720 56
48721 61
48722 69
48723 68
48724 67
48725 54
48726 61
48727 65
48728 73
48729 61
48730 73
48731 53
48732 54
48733 60
48734 55
48735 58
48736 72
48737 69
48738 64
48739 49
48740 53
48741 69
48742 64
48743 65
48744 60
48745 61
48746 63
48747 64
48748 67
48749 62
48750 70
48751 66
48752 60
48753 70
48754 66
48755 64
48756 64
48757 65
48758 56
48759 46
48760 41
48761 38
48762 56
48763 61
48764 71
48765 70
48766 66
48767 60
48768 66
48769 63
48770 53
48771 62
48772 57
48773 60
48774 64
48775 64
48776 71
48777 61
48778 66
48779 63
48780 63
48781 66
48782 69
48783 62
48784 57
48785 58
48786 62
48787 63
48788 61
48789 67
48790 71
48791 67
48792 60
48793 51
48794 61
48795 57
48796 64
48797 66
48798 75
48799 79
48800 60
48801 63
48802 63
48803 66
48804 72
48805 61
48806 63
48807 63
48808 67
48809 63
48810 66
48811 67
48812 58
48813 66
48814 61
48815 52
48816 63
48817 61
48818 70
48819 66
48820 67
48821 50
48822 61
48823 60
48824 57
48825 58
48826 51
48827 61
48828 52
48829 63
48830 71
48831 70
48832 71
48833 75
48834 57
48835 60
48836 64
48837 70
48838 75
48839 72
48840 67
48841 56
48842 50
48843 44
48844 59
48845 65
48846 59
48847 76
48848 61
48849 63
48850 61
48851 58
48852 67
48853 60
48854 66
48855 68
48856 57
48857 55
48858 66
48859 61
48860 59
48861 45
48862 49
48863 46
48864 57
48865 66
48866 53
48867 37
48868 30
48869 29
48870 31
48871 45
48872 62
48873 60
48874 70
48875 61
48876 44
48877 39
48878 54
48879 55
48880 42
48881 40
48882 57
48883 63
48884 82
48885 73
48886 69
48887 62
48888 63
48889 67
48890 68
48891 60
48892 63
48893 62
48894 54
48895 52
48896 50
48897 58
48898 56
48899 67
48900 58
48901 46
48902 53
48903 62
48904 57
48905 59
48906 63
48907 65
48908 63
48909 63
48910 62
48911 55
48912 55
48913 57
48914 58
48915 53
48916 60
48917 64
48918 62
48919 58
48920 64
48921 58
48922 66
48923 53
48924 67
48925 82
48926 67
48927 64
48928 45
48929 50
48930 62
48931 60
48932 62
48933 43
48934 35
48935 31
48936 47
48937 53
48938 61
48939 66
48940 66
48941 62
48942 61
48943 66
48944 65
48945 61
48946 57
48947 61
48948 50
48949 65
48950 72
48951 54
48952 65
48953 58
48954 52
48955 60
48956 58
48957 66
48958 50
48959 64
48960 58
48961 46
48962 61
48963 58
48964 64
48965 63
48966 67
48967 65
48968 54
48969 60
48970 74
48971 81
48972 61
48973 62
48974 66
48975 64
48976 68
48977 61
48978 62
48979 57
48980 59
48981 57
48982 59
48983 62
48984 56
48985 62
48986 68
48987 65
48988 62
48989 54
48990 68
48991 58
48992 60
48993 57
48994 55
48995 68
48996 61
48997 59
48998 66
48999 56
49000 54
49001 65
49002 70
49003 75
49004 60
49005 53
49006 49
49007 51
49008 62
49009 53
49010 66
49011 56
49012 73
49013 61
49014 63
49015 52
49016 55
49017 54
49018 58
49019 54
49020 50
49021 63
49022 78
49023 71
49024 68
49025 66
49026 66
49027 62
49028 61
49029 54
49030 63
49031 59
49032 66
49033 63
49034 61
49035 51
49036 54
49037 69
49038 55
49039 65
49040 64
49041 71
49042 65
49043 52
49044 64
49045 57
49046 67
49047 63
49048 63
49049 58
49050 57
49051 58
49052 56
49053 57
49054 63
49055 60
49056 65
49057 73
49058 57
49059 46
49060 56
49061 63
49062 57
49063 43
49064 49
49065 59
49066 60
49067 57
49068 66
49069 79
49070 71
49071 64
49072 60
49073 56
49074 64
49075 67
49076 77
49077 65
49078 63
49079 65
49080 58
49081 60
49082 52
49083 55
49084 51
49085 57
49086 66
49087 60
49088 65
49089 57
49090 60
49091 57
49092 64
49093 64
49094 56
49095 56
49096 61
49097 59
49098 61
49099 59
49100 61
49101 66
49102 63
49103 75
49104 69
49105 56
49106 54
49107 70
49108 63
49109 70
49110 59
49111 64
49112 62
49113 64
49114 72
49115 78
49116 61
49117 61
49118 55
49119 56
49120 63
49121 73
49122 70
49123 59
49124 59
49125 55
49126 54
49127 62
49128 74
49129 68
49130 62
49131 53
49132 55
49133 55
49134 61
49135 62
49136 54
49137 52
49138 42
49139 40
49140 59
49141 67
49142 62
49143 70
49144 61
49145 55
49146 58
49147 65
49148 61
49149 63
49150 63
49151 60
49152 42
49153 34
49154 48
49155 45
49156 42
49157 41
49158 44
49159 50
49160 56
49161 61
49162 59
49163 54
49164 60
49165 61
49166 70
49167 55
49168 66
49169 58
49170 55
49171 58
49172 56
49173 58
49174 61
49175 63
49176 61
49177 69
49178 65
49179 66
49180 66
49181 66
49182 60
49183 63
49184 58
49185 51
49186 52
49187 53
49188 51
49189 50
49190 51
49191 51
49192 63
49193 62
49194 58
49195 50
49196 64
49197 57
49198 65
49199 50
49200 51
49201 46
49202 35
49203 46
49204 48
49205 50
49206 55
49207 50
49208 63
49209 62
49210 68
49211 59
49212 62
49213 70
49214 73
49215 58
49216 51
49217 56
49218 63
49219 65
49220 67
49221 81
49222 63
49223 63
49224 74
49225 59
49226 45
49227 44
49228 42
49229 46
49230 61
49231 71
49232 62
49233 61
49234 57
49235 53
49236 58
49237 58
49238 67
49239 64
49240 62
49241 59
49242 69
49243 66
49244 59
49245 60
49246 53
49247 64
49248 59
49249 53
49250 65
49251 69
49252 59
49253 70
49254 66
49255 64
49256 63
49257 62
49258 64
49259 72
49260 61
49261 52
49262 61
49263 51
49264 58
49265 62
49266 53
49267 50
49268 52
49269 51
49270 48
49271 41
49272 53
49273 51
49274 57
49275 60
49276 65
49277 71
49278 78
49279 79
49280 71
49281 70
49282 64
49283 63
49284 62
49285 61
49286 56
49287 64
49288 65
49289 60
49290 68
49291 64
49292 65
49293 73
49294 71
49295 57
49296 44
49297 52
49298 67
49299 68
49300 69
49301 72
49302 73
49303 70
49304 63
49305 76
49306 65
49307 62
49308 56
49309 60
49310 74
49311 63
49312 59
49313 44
49314 61
49315 47
49316 60
49317 58
49318 64
49319 63
49320 60
49321 48
49322 49
49323 51
49324 48
49325 47
49326 59
49327 57
49328 61
49329 61
49330 59
49331 56
49332 50
49333 62
49334 65
49335 61
49336 54
49337 42
49338 43
49339 56
49340 57
49341 50
49342 59
49343 61
49344 66
49345 61
49346 65
49347 56
49348 47
49349 61
49350 56
49351 58
49352 55
49353 57
49354 58
49355 59
49356 51
49357 52
49358 65
49359 77
49360 60
49361 64
49362 56
49363 57
49364 62
49365 63
49366 54
49367 51
49368 46
49369 49
49370 64
49371 69
49372 67
49373 62
49374 57
49375 50
49376 52
49377 62
49378 53
49379 50
49380 59
49381 59
49382 67
49383 64
49384 57
49385 58
49386 70
49387 56
49388 63
49389 61
49390 62
49391 63
49392 65
49393 61
49394 54
49395 58
49396 52
49397 60
49398 67
49399 74
49400 71
49401 62
49402 59
49403 65
49404 64
49405 60
49406 57
49407 47
49408 62
49409 62
49410 53
49411 55
49412 61
49413 64
49414 64
49415 63
49416 53
49417 64
49418 52
49419 50
49420 60
49421 72
49422 64
49423 64
49424 68
49425 63
49426 64
49427 70
49428 79
49429 66
49430 65
49431 63
49432 59
49433 53
49434 49
49435 45
49436 65
49437 75
49438 63
49439 64
49440 69
49441 70
49442 64
49443 55
49444 63
49445 58
49446 70
49447 66
49448 66
49449 60
49450 53
49451 63
49452 66
49453 52
49454 51
49455 49
49456 53
49457 57
49458 64
49459 74
49460 62
49461 60
49462 79
49463 66
49464 64
49465 65
49466 60
49467 79
49468 60
49469 50
49470 56
49471 53
49472 63
49473 68
49474 54
49475 50
49476 37
49477 36
49478 30
49479 48
49480 57
49481 70
49482 66
49483 64
49484 58
49485 65
49486 60
49487 64
49488 69
49489 70
49490 74
49491 69
49492 67
49493 62
49494 43
49495 42
49496 50
49497 55
49498 51
49499 53
49500 41
49501 35
49502 40
49503 49
49504 50
49505 51
49506 54
49507 59
49508 66
49509 59
49510 52
49511 58
49512 69
49513 57
49514 74
49515 60
49516 57
49517 54
49518 60
49519 59
49520 54
49521 74
49522 67
49523 62
49524 53
49525 51
49526 53
49527 61
49528 49
49529 62
49530 61
49531 67
49532 74
49533 79
49534 79
49535 69
49536 72
49537 68
49538 58
49539 57
49540 46
49541 51
49542 66
49543 48
49544 44
49545 53
49546 57
49547 64
49548 56
49549 58
49550 42
49551 47
49552 59
49553 63
49554 69
49555 60
49556 75
49557 63
49558 55
49559 52
49560 50
49561 52
49562 70
49563 60
49564 52
49565 49
49566 47
49567 45
49568 40
49569 47
49570 62
49571 64
49572 63
49573 60
49574 58
49575 59
49576 67
49577 69
49578 66
49579 64
49580 68
49581 60
49582 59
49583 57
49584 62
49585 60
49586 55
49587 51
49588 69
49589 63
49590 50
49591 54
49592 63
49593 59
49594 55
49595 58
49596 60
49597 63
49598 58
49599 63
49600 62
49601 63
49602 66
49603 63
49604 57
49605 45
49606 51
49607 51
49608 58
49609 56
49610 63
49611 63
49612 45
49613 59
49614 69
49615 78
49616 60
49617 64
49618 63
49619 54
49620 58
49621 57
49622 61
49623 67
49624 66
49625 63
49626 63
49627 56
49628 55
49629 63
49630 64
49631 62
49632 55
49633 60
49634 57
49635 64
49636 58
49637 51
49638 59
49639 60
49640 58
49641 65
49642 63
49643 58
49644 55
49645 69
49646 62
49647 59
49648 55
49649 49
49650 54
49651 56
49652 62
49653 54
49654 63
49655 64
49656 68
49657 51
49658 57
49659 66
49660 65
49661 55
49662 48
49663 45
49664 57
49665 55
49666 62
49667 61
49668 42
49669 40
49670 41
49671 43
49672 44
49673 58
49674 62
49675 64
49676 51
49677 51
49678 51
49679 65
49680 67
49681 60
49682 73
49683 62
49684 73
49685 66
49686 59
49687 65
49688 59
49689 62
49690 59
49691 58
49692 55
49693 53
49694 61
49695 59
49696 60
49697 71
49698 66
49699 65
49700 66
49701 80
49702 69
49703 67
49704 64
49705 59
49706 57
49707 69
49708 80
49709 64
49710 56
49711 51
49712 57
49713 54
49714 46
49715 65
49716 61
49717 64
49718 64
49719 58
49720 51
49721 49
49722 64
49723 64
49724 61
49725 59
49726 62
49727 68
49728 61
49729 60
49730 69
49731 62
49732 66
49733 72
49734 64
49735 66
49736 56
49737 55
49738 56
49739 45
49740 47
49741 65
49742 61
49743 62
49744 61
49745 52
49746 43
49747 55
49748 56
49749 65
49750 72
49751 61
49752 61
49753 56
49754 60
49755 61
49756 61
49757 55
49758 52
49759 55
49760 49
49761 57
49762 63
49763 61
49764 59
49765 64
49766 63
49767 64
49768 63
49769 55
49770 56
49771 57
49772 45
49773 53
49774 60
49775 59
49776 66
49777 62
49778 71
49779 63
49780 63
49781 60
49782 59
49783 62
49784 57
49785 53
49786 63
49787 60
49788 56
49789 59
49790 58
49791 64
49792 68
49793 61
49794 50
49795 55
49796 59
49797 62
49798 57
49799 72
49800 60
49801 58
49802 58
49803 71
49804 67
49805 69
49806 57
49807 55
49808 56
49809 61
49810 65
49811 74
49812 83
49813 70
49814 58
49815 66
49816 69
49817 58
49818 62
49819 69
49820 60
49821 64
49822 60
49823 59
49824 66
49825 61
49826 62
49827 73
49828 56
49829 57
49830 66
49831 61
49832 58
49833 64
49834 72
49835 71
49836 55
49837 54
49838 61
49839 63
49840 62
49841 60
49842 61
49843 57
49844 59
49845 58
49846 54
49847 64
49848 67
49849 56
49850 60
49851 63
49852 56
49853 50
49854 56
49855 49
49856 62
49857 65
49858 72
49859 56
49860 71
49861 64
49862 56
49863 43
49864 30
49865 23
49866 29
49867 47
49868 56
49869 65
49870 78
49871 78
49872 71
49873 61
49874 62
49875 59
49876 54
49877 62
49878 61
49879 62
49880 67
49881 66
49882 56
49883 63
49884 57
49885 56
49886 53
49887 47
49888 58
49889 66
49890 49
49891 63
49892 67
49893 63
49894 59
49895 52
49896 52
49897 60
49898 54
49899 55
49900 70
49901 86
49902 73
49903 83
49904 75
49905 59
49906 52
49907 60
49908 59
49909 49
49910 60
49911 67
49912 61
49913 57
49914 48
49915 42
49916 52
49917 59
49918 59
49919 52
49920 63
49921 55
49922 58
49923 48
49924 48
49925 39
49926 58
49927 56
49928 59
49929 65
49930 54
49931 48
49932 57
49933 54
49934 63
49935 57
49936 54
49937 51
49938 50
49939 43
49940 39
49941 37
49942 56
49943 59
49944 61
49945 74
49946 83
49947 73
49948 61
49949 77
49950 65
49951 63
49952 77
49953 61
49954 56
49955 53
49956 51
49957 59
49958 60
49959 65
49960 69
49961 73
49962 67
49963 82
49964 64
49965 71
49966 66
49967 61
49968 65
49969 62
49970 60
49971 62
49972 61
49973 62
49974 62
49975 51
49976 45
49977 53
49978 56
49979 55
49980 59
49981 61
49982 64
49983 64
49984 57
49985 64
49986 60
49987 61
49988 61
49989 53
49990 71
49991 73
49992 59
49993 58
49994 52
49995 40
49996 28
49997 27
49998 35
49999 47
50000 65
50001 52
50002 59
50003 72
50004 68
50005 53
50006 62
50007 60
50008 61
50009 57
50010 51
50011 54
50012 62
50013 49
50014 43
50015 57
50016 52
50017 61
50018 61
50019 57
50020 56
50021 55
50022 56
50023 56
50024 67
50025 76
50026 73
50027 70
50028 61
50029 68
50030 67
50031 68
50032 67
50033 57
50034 39
50035 45
50036 54
50037 57
50038 66
50039 72
50040 69
50041 71
50042 64
50043 61
50044 60
50045 61
50046 57
50047 59
50048 48
50049 45
50050 40
50051 49
50052 63
50053 60
50054 53
50055 55
50056 51
50057 50
50058 63
50059 58
50060 62
50061 57
50062 60
50063 58
50064 59
50065 63
50066 62
50067 52
50068 54
50069 63
50070 64
50071 51
50072 53
50073 59
50074 61
50075 67
50076 53
50077 59
50078 59
50079 62
50080 58
50081 54
50082 56
50083 61
50084 60
50085 64
50086 50
50087 46
50088 58
50089 57
50090 63
50091 53
50092 48
50093 55
50094 47
50095 56
50096 74
50097 63
50098 61
50099 60
50100 63
50101 56
50102 53
50103 59
50104 70
50105 62
50106 62
50107 58
50108 52
50109 58
50110 66
50111 72
50112 60
50113 53
50114 61
50115 59
50116 54
50117 64
50118 52
50119 49
50120 69
50121 65
50122 62
50123 66
50124 66
50125 61
50126 72
50127 69
50128 65
50129 70
50130 62
50131 75
50132 63
50133 68
50134 67
50135 56
50136 68
50137 62
50138 44
50139 53
50140 65
50141 64
50142 73
50143 59
50144 54
50145 69
50146 60
50147 65
50148 65
50149 63
50150 56
50151 63
50152 58
50153 48
50154 57
50155 56
50156 52
50157 55
50158 70
50159 62
50160 59
50161 51
50162 66
50163 56
50164 60
50165 55
50166 63
50167 55
50168 62
50169 52
50170 46
50171 54
50172 53
50173 60
50174 59
50175 66
50176 56
50177 53
50178 60
50179 58
50180 64
50181 54
50182 58
50183 66
50184 55
50185 55
50186 55
50187 51
50188 46
50189 58
50190 56
50191 59
50192 49
50193 51
50194 50
50195 57
50196 51
50197 71
50198 62
50199 63
50200 61
50201 41
50202 47
50203 39
50204 56
50205 64
50206 50
50207 49
50208 63
50209 64
50210 69
50211 59
50212 61
50213 57
50214 53
50215 71
50216 57
50217 67
50218 68
50219 70
50220 60
50221 62
50222 56
50223 55
50224 55
50225 71
50226 72
50227 64
50228 63
50229 59
50230 58
50231 49
50232 63
50233 62
50234 59
50235 68
50236 58
50237 39
50238 52
50239 43
50240 47
50241 49
50242 47
50243 62
50244 63
50245 60
50246 57
50247 56
50248 64
50249 66
50250 58
50251 59
50252 65
50253 64
50254 56
50255 63
50256 71
50257 68
50258 56
50259 68
50260 66
50261 65
50262 59
50263 63
50264 53
50265 60
50266 51
50267 52
50268 50
50269 56
50270 59
50271 62
50272 64
50273 65
50274 58
50275 62
50276 50
50277 45
50278 46
50279 47
50280 52
50281 53
50282 60
50283 68
50284 70
50285 65
50286 56
50287 64
50288 61
50289 71
50290 64
50291 61
50292 56
50293 52
50294 50
50295 64
50296 64
50297 62
50298 59
50299 54
50300 58
50301 59
50302 63
50303 61
50304 55
50305 51
50306 53
50307 57
50308 68
50309 66
50310 61
50311 62
50312 64
50313 69
50314 53
50315 56
50316 60
50317 53
50318 53
50319 44
50320 62
50321 64
50322 62
50323 57
50324 50
50325 46
50326 62
50327 63
50328 57
50329 75
50330 63
50331 65
50332 67
50333 62
50334 59
50335 67
50336 66
50337 68
50338 57
50339 56
50340 64
50341 70
50342 60
50343 63
50344 59
50345 65
50346 69
50347 65
50348 59
50349 58
50350 66
50351 69
50352 58
50353 50
50354 53
50355 66
50356 64
50357 68
50358 65
50359 71
50360 60
50361 65
50362 56
50363 51
50364 58
50365 69
50366 54
50367 54
50368 61
50369 58
50370 60
50371 61
50372 54
50373 62
50374 56
50375 59
50376 60
50377 58
50378 53
50379 54
50380 59
50381 58
50382 56
50383 67
50384 63
50385 64
50386 65
50387 57
50388 61
50389 66
50390 53
50391 57
50392 67
50393 61
50394 66
50395 69
50396 53
50397 47
50398 55
50399 61
50400 56
50401 56
50402 62
50403 61
50404 50
50405 57
50406 66
50407 50
50408 57
50409 64
50410 64
50411 63
50412 56
50413 54
50414 50
50415 65
50416 50
50417 56
50418 62
50419 44
50420 42
50421 35
50422 42
50423 45
50424 51
50425 65
50426 62
50427 60
50428 52
50429 60
50430 54
50431 45
50432 52
50433 61
50434 57
50435 56
50436 74
50437 66
50438 69
50439 72
50440 71
50441 63
50442 63
50443 57
50444 51
50445 52
50446 55
50447 61
50448 59
50449 47
50450 44
50451 41
50452 57
50453 61
50454 65
50455 62
50456 66
50457 62
50458 52
50459 67
50460 60
50461 66
50462 59
50463 68
50464 69
50465 75
50466 57
50467 49
50468 57
50469 55
50470 60
50471 73
50472 57
50473 42
50474 40
50475 49
50476 58
50477 72
50478 65
50479 55
50480 62
50481 56
50482 54
50483 66
50484 55
50485 58
50486 61
50487 46
50488 32
50489 35
50490 38
50491 50
50492 55
50493 62
50494 65
50495 61
50496 41
50497 46
50498 58
50499 60
50500 66
50501 65
50502 67
50503 70
50504 68
50505 58
50506 73
50507 56
50508 56
50509 61
50510 62
50511 64
50512 62
50513 71
50514 74
50515 71
50516 64
50517 71
50518 62
50519 58
50520 49
50521 53
50522 58
50523 61
50524 55
50525 63
50526 54
50527 62
50528 63
50529 56
50530 65
50531 70
50532 68
50533 55
50534 56
50535 65
50536 65
50537 61
50538 65
50539 66
50540 59
50541 57
50542 58
50543 60
50544 58
50545 66
50546 68
50547 63
50548 68
50549 68
50550 63
50551 54
50552 63
50553 70
50554 58
50555 56
50556 46
50557 60
50558 77
50559 60
50560 60
50561 53
50562 43
50563 40
50564 34
50565 52
50566 59
50567 68
50568 58
50569 54
50570 45
50571 60
50572 59
50573 63
50574 63
50575 71
50576 62
50577 61
50578 60
50579 50
50580 53
50581 58
50582 54
50583 63
50584 67
50585 68
50586 67
50587 60
50588 56
50589 74
50590 62
50591 60
50592 59
50593 50
50594 49
50595 53
50596 53
50597 58
50598 56
50599 60
50600 61
50601 67
50602 65
50603 59
50604 58
50605 67
50606 69
50607 53
50608 56
50609 63
50610 71
50611 60
50612 64
50613 65
50614 64
50615 57
50616 51
50617 62
50618 62
50619 72
50620 74
50621 61
50622 53
50623 47
50624 55
50625 62
50626 64
50627 50
50628 57
50629 58
50630 61
50631 57
50632 47
50633 48
50634 50
50635 64
50636 60
50637 71
50638 64
50639 65
50640 61
50641 59
50642 63
50643 65
50644 66
50645 65
50646 62
50647 58
50648 64
50649 60
50650 58
50651 70
50652 59
50653 52
50654 42
50655 44
50656 45
50657 62
50658 64
50659 57
50660 51
50661 68
50662 60
50663 66
50664 71
50665 67
50666 69
50667 67
50668 70
50669 60
50670 63
50671 65
50672 64
50673 62
50674 56
50675 54
50676 68
50677 64
50678 61
50679 73
50680 63
50681 62
50682 58
50683 70
50684 68
50685 58
50686 52
50687 56
50688 44
50689 53
50690 56
50691 60
50692 60
50693 64
50694 65
50695 62
50696 63
50697 57
50698 63
50699 51
50700 56
50701 47
50702 45
50703 40
50704 39
50705 43
50706 50
50707 56
50708 63
50709 53
50710 47
50711 45
50712 62
50713 64
50714 50
50715 47
50716 58
50717 68
50718 69
50719 52
50720 43
50721 46
50722 59
50723 59
50724 69
50725 53
50726 49
50727 54
50728 60
50729 69
50730 61
50731 66
50732 48
50733 65
50734 67
50735 61
50736 65
50737 62
50738 60
50739 62
50740 67
50741 60
50742 61
50743 57
50744 75
50745 62
50746 60
50747 59
50748 72
50749 58
50750 50
50751 49
50752 57
50753 50
50754 53
50755 57
50756 58
50757 48
50758 56
50759 53
50760 41
50761 58
50762 52
50763 58
50764 56
50765 63
50766 79
50767 66
50768 57
50769 64
50770 63
50771 70
50772 54
50773 59
50774 57
50775 60
50776 60
50777 57
50778 55
50779 43
50780 42
50781 45
50782 46
50783 46
50784 50
50785 63
50786 68
50787 71
50788 56
50789 54
50790 51
50791 54
50792 61
50793 56
50794 44
50795 34
50796 43
50797 52
50798 57
50799 62
50800 58
50801 55
50802 64
50803 53
50804 59
50805 60
50806 61
50807 62
50808 70
50809 72
50810 66
50811 69
50812 64
50813 60
50814 48
50815 44
50816 43
50817 46
50818 52
50819 70
50820 71
50821 68
50822 67
50823 65
50824 63
50825 60
50826 49
50827 50
50828 60
50829 52
50830 57
50831 70
50832 68
50833 54
50834 62
50835 63
50836 56
50837 66
50838 59
50839 47
50840 60
50841 61
50842 68
50843 56
50844 58
50845 59
50846 52
50847 52
50848 42
50849 35
50850 38
50851 50
50852 56
50853 64
50854 71
50855 62
50856 65
50857 69
50858 54
50859 49
50860 59
50861 47
50862 53
50863 58
50864 56
50865 58
50866 73
50867 60
50868 58
50869 67
50870 61
50871 62
50872 65
50873 71
50874 69
50875 65
50876 71
50877 79
50878 67
50879 63
50880 57
50881 62
50882 64
50883 65
50884 57
50885 58
50886 61
50887 57
50888 62
50889 57
50890 59
50891 71
50892 55
50893 53
50894 51
50895 50
50896 61
50897 58
50898 65
50899 63
50900 67
50901 73
50902 57
50903 52
50904 59
50905 60
50906 67
50907 59
50908 65
50909 73
50910 63
50911 64
50912 69
50913 70
50914 68
50915 65
50916 66
50917 65
50918 68
50919 71
50920 65
50921 68
50922 64
50923 62
50924 65
50925 69
50926 58
50927 65
50928 61
50929 61
50930 63
50931 62
50932 68
50933 66
50934 63
50935 70
50936 62
50937 60
50938 49
50939 56
50940 63
50941 57
50942 59
50943 71
50944 69
50945 60
50946 57
50947 58
50948 51
50949 61
50950 67
50951 63
50952 59
50953 61
50954 56
50955 63
50956 65
50957 64
50958 57
50959 58
50960 64
50961 58
50962 55
50963 69
50964 57
50965 62
50966 51
50967 54
50968 53
50969 51
50970 60
50971 49
50972 47
50973 37
50974 43
50975 45
50976 49
50977 66
50978 75
50979 69
50980 73
50981 66
50982 69
50983 64
50984 60
50985 51
50986 55
50987 70
50988 62
50989 66
50990 51
50991 67
50992 71
50993 62
50994 55
50995 56
50996 65
50997 61
50998 58
50999 57
51000 57
51001 74
51002 63
51003 69
51004 49
51005 39
51006 34
51007 43
51008 55
51009 56
51010 55
51011 58
51012 57
51013 73
51014 70
51015 71
51016 70
51017 57
51018 49
51019 46
51020 51
51021 55
51022 49
51023 58
51024 49
51025 62
51026 59
51027 53
51028 58
51029 61
51030 55
51031 53
51032 59
51033 66
51034 74
51035 74
51036 57
51037 56
51038 68
51039 83
51040 76
51041 64
51042 67
51043 61
51044 49
51045 66
51046 70
51047 68
51048 68
51049 62
51050 58
51051 68
51052 56
51053 57
51054 60
51055 61
51056 59
51057 73
51058 59
51059 65
51060 59
51061 62
51062 62
51063 60
51064 52
51065 57
51066 66
51067 56
51068 56
51069 53
51070 62
51071 64
51072 58
51073 50
51074 46
51075 48
51076 58
51077 59
51078 71
51079 61
51080 63
51081 61
51082 58
51083 57
51084 55
51085 62
51086 50
51087 51
51088 54
51089 52
51090 58
51091 69
51092 66
51093 48
51094 58
51095 54
51096 51
51097 53
51098 62
51099 54
51100 55
51101 60
51102 67
51103 64
51104 51
51105 46
51106 58
51107 53
51108 47
51109 43
51110 54
51111 49
51112 51
51113 55
51114 67
51115 60
51116 63
51117 57
51118 49
51119 47
51120 56
51121 59
51122 63
51123 60
51124 64
51125 52
51126 50
51127 66
51128 55
51129 63
51130 61
51131 69
51132 60
51133 61
51134 57
51135 59
51136 60
51137 51
51138 65
51139 53
51140 70
51141 65
51142 70
51143 56
51144 57
51145 57
51146 68
51147 69
51148 63
51149 60
51150 57
51151 61
51152 64
51153 59
51154 65
51155 64
51156 65
51157 49
51158 55
51159 63
51160 65
51161 66
51162 58
51163 63
51164 56
51165 65
51166 61
51167 67
51168 64
51169 61
51170 64
51171 63
51172 64
51173 70
51174 69
51175 68
51176 52
51177 54
51178 59
51179 61
51180 65
51181 64
51182 81
51183 70
51184 57
51185 60
51186 71
51187 70
51188 64
51189 44
51190 54
51191 55
51192 64
51193 63
51194 57
51195 55
51196 63
51197 57
51198 61
51199 71
51200 69
51201 58
51202 63
51203 66
51204 63
51205 65
51206 49
51207 48
51208 59
51209 62
51210 63
51211 71
51212 70
51213 71
51214 63
51215 59
51216 63
51217 66
51218 72
51219 69
51220 72
51221 66
51222 55
51223 64
51224 61
51225 68
51226 55
51227 58
51228 60
51229 59
51230 53
51231 71
51232 61
51233 65
51234 63
51235 65
51236 69
51237 66
51238 68
51239 51
51240 54
51241 50
51242 63
51243 65
51244 63
51245 74
51246 59
51247 40
51248 58
51249 63
51250 57
51251 52
51252 62
51253 61
51254 57
51255 59
51256 56
51257 62
51258 50
51259 57
51260 60
51261 55
51262 54
51263 57
51264 64
51265 47
51266 44
51267 52
51268 68
51269 62
51270 63
51271 61
51272 59
51273 61
51274 64
51275 62
51276 60
51277 63
51278 62
51279 68
51280 63
51281 67
51282 73
51283 67
51284 69
51285 60
51286 69
51287 63
51288 60
51289 63
51290 69
51291 61
51292 64
51293 69
51294 70
51295 59
51296 64
51297 56
51298 52
51299 51
51300 55
51301 56
51302 60
51303 54
51304 60
51305 57
51306 52
51307 53
51308 62
51309 60
51310 70
51311 57
51312 58
51313 53
51314 58
51315 65
51316 59
51317 55
51318 54
51319 59
51320 66
51321 59
51322 61
51323 70
51324 73
51325 66
51326 67
51327 66
51328 61
51329 62
51330 52
51331 62
51332 69
51333 62
51334 62
51335 59
51336 64
51337 53
51338 47
51339 48
51340 58
51341 49
51342 56
51343 58
51344 56
51345 58
51346 69
51347 69
51348 63
51349 55
51350 55
51351 60
51352 64
51353 68
51354 62
51355 59
51356 56
51357 52
51358 50
51359 67
51360 65
51361 63
51362 61
51363 63
51364 64
51365 65
51366 66
51367 66
51368 61
51369 67
51370 58
51371 61
51372 55
51373 54
51374 65
51375 59
51376 59
51377 58
51378 56
51379 64
51380 67
51381 51
51382 63
51383 62
51384 46
51385 63
51386 62
51387 64
51388 62
51389 65
51390 69
51391 61
51392 59
51393 56
51394 41
51395 49
51396 53
51397 59
51398 62
51399 60
51400 66
51401 70
51402 58
51403 74
51404 63
51405 60
51406 61
51407 64
51408 56
51409 54
51410 50
51411 60
51412 59
51413 60
51414 57
51415 60
51416 50
51417 48
51418 68
51419 67
51420 68
51421 61
51422 60
51423 54
51424 48
51425 55
51426 52
51427 50
51428 51
51429 54
51430 59
51431 77
51432 64
51433 57
51434 50
51435 47
51436 55
51437 61
51438 53
51439 62
51440 54
51441 42
51442 37
51443 51
51444 56
51445 62
51446 62
51447 55
51448 68
51449 65
51450 61
51451 62
51452 57
51453 54
51454 50
51455 60
51456 54
51457 62
51458 58
51459 59
51460 60
51461 64
51462 47
51463 56
51464 57
51465 53
51466 59
51467 75
51468 73
51469 55
51470 45
51471 56
51472 59
51473 56
51474 57
51475 67
51476 55
51477 67
51478 70
51479 72
51480 58
51481 56
51482 69
51483 58
51484 51
51485 62
51486 71
51487 68
51488 48
51489 42
51490 59
51491 59
51492 55
51493 60
51494 62
51495 58
51496 68
51497 52
51498 64
51499 62
51500 44
51501 51
51502 50
51503 61
51504 70
51505 70
51506 59
51507 72
51508 73
51509 65
51510 49
51511 49
51512 59
51513 52
51514 62
51515 65
51516 64
51517 56
51518 70
51519 78
51520 59
51521 53
51522 46
51523 42
51524 59
51525 60
51526 52
51527 60
51528 68
51529 68
51530 61
51531 56
51532 59
51533 61
51534 67
51535 62
51536 61
51537 63
51538 60
51539 61
51540 58
51541 58
51542 68
51543 77
51544 66
51545 53
51546 66
51547 68
51548 65
51549 55
51550 64
51551 52
51552 55
51553 62
51554 67
51555 61
51556 72
51557 62
51558 65
51559 67
51560 67
51561 77
51562 72
51563 55
51564 59
51565 62
51566 54
51567 55
51568 65
51569 75
51570 78
51571 64
51572 60
51573 70
51574 64
51575 51
51576 58
51577 62
51578 52
51579 53
51580 60
51581 61
51582 59
51583 65
51584 59
51585 56
51586 52
51587 43
51588 63
51589 66
51590 64
51591 63
51592 64
51593 70
51594 73
51595 64
51596 60
51597 62
51598 64
51599 66
51600 67
51601 65
51602 67
51603 60
51604 66
51605 61
51606 63
51607 69
51608 63
51609 61
51610 68
51611 60
51612 51
51613 58
51614 55
51615 66
51616 79
51617 73
51618 57
51619 60
51620 70
51621 55
51622 75
51623 64
51624 59
51625 55
51626 56
51627 68
51628 65
51629 62
51630 57
51631 48
51632 46
51633 39
51634 42
51635 40
51636 54
51637 48
51638 53
51639 59
51640 61
51641 60
51642 57
51643 42
51644 48
51645 50
51646 56
51647 60
51648 57
51649 62
51650 63
51651 60
51652 57
51653 53
51654 51
51655 50
51656 51
51657 62
51658 69
51659 59
51660 44
51661 36
51662 33
51663 41
51664 47
51665 52
51666 42
51667 58
51668 56
51669 52
51670 61
51671 62
51672 57
51673 55
51674 53
51675 50
51676 48
51677 46
51678 47
51679 61
51680 58
51681 59
51682 68
51683 52
51684 60
51685 57
51686 57
51687 64
51688 70
51689 71
51690 64
51691 78
51692 64
51693 56
51694 52
51695 60
51696 62
51697 65
51698 55
51699 68
51700 61
51701 55
51702 49
51703 56
51704 54
51705 57
51706 59
51707 64
51708 68
51709 55
51710 48
51711 59
51712 68
51713 80
51714 66
51715 65
51716 62
51717 55
51718 56
51719 64
51720 55
51721 61
51722 55
51723 61
51724 60
51725 69
51726 67
51727 63
51728 60
51729 54
51730 51
51731 32
51732 34
51733 36
51734 43
51735 45
51736 50
51737 57
51738 52
51739 51
51740 55
51741 62
51742 64
51743 59
51744 74
51745 64
51746 57
51747 64
51748 61
51749 53
51750 61
51751 58
51752 44
51753 47
51754 49
51755 62
51756 61
51757 62
51758 66
51759 65
51760 62
51761 70
51762 70
51763 54
51764 62
51765 58
51766 61
51767 59
51768 65
51769 70
51770 62
51771 66
51772 58
51773 53
51774 48
51775 38
51776 26
51777 29
51778 39
51779 45
51780 65
51781 70
51782 60
51783 65
51784 54
51785 61
51786 70
51787 69
51788 69
51789 62
51790 62
51791 63
51792 65
51793 67
51794 65
51795 48
51796 54
51797 67
51798 61
51799 65
51800 55
51801 58
51802 67
51803 68
51804 65
51805 68
51806 52
51807 57
51808 54
51809 59
51810 50
51811 49
51812 58
51813 66
51814 51
51815 60
51816 59
51817 53
51818 49
51819 57
51820 62
51821 62
51822 75
51823 65
51824 57
51825 63
51826 53
51827 55
51828 70
51829 60
51830 56
51831 54
51832 59
51833 61
51834 59
51835 55
51836 58
51837 57
51838 62
51839 68
51840 65
51841 64
51842 67
51843 56
51844 59
51845 64
51846 54
51847 59
51848 60
51849 66
51850 64
51851 52
51852 54
51853 59
51854 63
51855 54
51856 60
51857 66
51858 65
51859 61
51860 67
51861 71
51862 57
51863 53
51864 61
51865 60
51866 62
51867 54
51868 62
51869 61
51870 64
51871 65
51872 57
51873 57
51874 57
51875 53
51876 63
51877 57
51878 54
51879 62
51880 62
51881 59
51882 55
51883 61
51884 73
51885 66
51886 61
51887 71
51888 69
51889 74
51890 74
51891 54
51892 62
51893 71
51894 69
51895 64
51896 71
51897 77
51898 67
51899 62
51900 59
51901 56
51902 69
51903 71
51904 54
51905 62
51906 56
51907 52
51908 53
51909 57
51910 64
51911 69
51912 70
51913 62
51914 57
51915 53
51916 58
51917 56
51918 63
51919 64
51920 61
51921 57
51922 65
51923 58
51924 65
51925 66
51926 67
51927 60
51928 59
51929 63
51930 65
51931 67
51932 63
51933 60
51934 57
51935 53
51936 59
51937 50
51938 54
51939 62
51940 60
51941 62
51942 60
51943 66
51944 58
51945 60
51946 63
51947 67
51948 70
51949 63
51950 54
51951 52
51952 66
51953 68
51954 61
51955 63
51956 62
51957 61
51958 62
51959 62
51960 59
51961 67
51962 62
51963 58
51964 62
51965 55
51966 54
51967 67
51968 64
51969 61
51970 59
51971 50
51972 56
51973 61
51974 60
51975 72
51976 67
51977 56
51978 57
51979 59
51980 63
51981 64
51982 76
51983 63
51984 73
51985 62
51986 58
51987 54
51988 58
51989 67
51990 71
51991 67
51992 56
51993 60
51994 58
51995 57
51996 54
51997 55
51998 53
51999 48
52000 50
52001 53
52002 55
52003 60
52004 50
52005 61
52006 65
52007 58
52008 61
52009 59
52010 52
52011 51
52012 46
52013 63
52014 66
52015 63
52016 47
52017 49
52018 67
52019 69
52020 62
52021 65
52022 68
52023 65
52024 58
52025 56
52026 53
52027 51
52028 47
52029 46
52030 66
52031 73
52032 72
52033 64
52034 65
52035 59
52036 55
52037 59
52038 65
52039 67
52040 63
52041 61
52042 61
52043 64
52044 71
52045 66
52046 64
52047 51
52048 60
52049 54
52050 48
52051 52
52052 60
52053 50
52054 54
52055 54
52056 55
52057 62
52058 57
52059 62
52060 61
52061 62
52062 69
52063 63
52064 78
52065 59
52066 63
52067 63
52068 68
52069 70
52070 68
52071 73
52072 79
52073 63
52074 52
52075 61
52076 73
52077 68
52078 62
52079 62
52080 60
52081 69
52082 69
52083 65
52084 62
52085 62
52086 70
52087 62
52088 46
52089 49
52090 54
52091 61
52092 66
52093 56
52094 58
52095 59
52096 63
52097 67
52098 66
52099 64
52100 56
52101 58
52102 53
52103 61
52104 76
52105 77
52106 63
52107 59
52108 51
52109 48
52110 51
52111 50
52112 52
52113 57
52114 64
52115 64
52116 71
52117 60
52118 62
52119 58
52120 66
52121 67
52122 70
52123 71
52124 65
52125 74
52126 74
52127 62
52128 56
52129 62
52130 68
52131 70
52132 63
52133 62
52134 54
52135 52
52136 58
52137 61
52138 80
52139 70
52140 53
52141 66
52142 67
52143 55
52144 61
52145 60
52146 70
52147 67
52148 55
52149 65
52150 66
52151 58
52152 54
52153 46
52154 47
52155 56
52156 58
52157 63
52158 74
52159 68
52160 69
52161 64
52162 55
52163 70
52164 60
52165 56
52166 69
52167 63
52168 67
52169 56
52170 53
52171 63
52172 63
52173 54
52174 66
52175 50
52176 65
52177 63
52178 53
52179 59
52180 69
52181 69
52182 68
52183 71
52184 56
52185 52
52186 50
52187 62
52188 58
52189 65
52190 62
52191 61
52192 57
52193 53
52194 56
52195 58
52196 68
52197 68
52198 61
52199 58
52200 56
52201 58
52202 50
52203 57
52204 66
52205 73
52206 72
52207 66
52208 71
52209 75
52210 73
52211 71
52212 58
52213 67
52214 67
52215 56
52216 59
52217 45
52218 64
52219 79
52220 62
52221 60
52222 66
52223 70
52224 67
52225 67
52226 60
52227 59
52228 56
52229 46
52230 43
52231 38
52232 52
52233 58
52234 75
52235 73
52236 63
52237 76
52238 70
52239 71
52240 75
52241 61
52242 67
52243 65
52244 63
52245 64
52246 61
52247 55
52248 39
52249 52
52250 58
52251 65
52252 52
52253 56
52254 61
52255 72
52256 60
52257 52
52258 56
52259 55
52260 47
52261 67
52262 72
52263 63
52264 56
52265 62
52266 63
52267 67
52268 75
52269 64
52270 65
52271 66
52272 63
52273 67
52274 68
52275 64
52276 58
52277 51
52278 58
52279 57
52280 58
52281 57
52282 55
52283 67
52284 64
52285 61
52286 76
52287 69
52288 71
52289 56
52290 50
52291 61
52292 63
52293 56
52294 58
52295 59
52296 55
52297 57
52298 58
52299 63
52300 69
52301 63
52302 56
52303 55
52304 54
52305 49
52306 67
52307 75
52308 60
52309 69
52310 54
52311 54
52312 61
52313 56
52314 66
52315 69
52316 68
52317 71
52318 64
52319 70
52320 66
52321 67
52322 61
52323 45
52324 46
52325 55
52326 51
52327 50
52328 53
52329 71
52330 65
52331 60
52332 59
52333 60
52334 68
52335 71
52336 61
52337 61
52338 59
52339 60
52340 46
52341 56
52342 59
52343 73
52344 64
52345 68
52346 65
52347 66
52348 71
52349 56
52350 54
52351 59
52352 72
52353 73
52354 53
52355 47
52356 67
52357 66
52358 56
52359 58
52360 56
52361 67
52362 63
52363 61
52364 63
52365 50
52366 66
52367 64
52368 57
52369 58
52370 58
52371 58
52372 53
52373 51
52374 62
52375 63
52376 55
52377 54
52378 67
52379 67
52380 68
52381 62
52382 63
52383 60
52384 57
52385 67
52386 66
52387 65
52388 65
52389 63
52390 74
52391 65
52392 61
52393 59
52394 61
52395 56
52396 49
52397 62
52398 57
52399 59
52400 64
52401 61
52402 47
52403 57
52404 55
52405 62
52406 52
52407 68
52408 66
52409 76
52410 71
52411 65
52412 64
52413 60
52414 68
52415 70
52416 70
52417 57
52418 59
52419 64
52420 60
52421 61
52422 74
52423 57
52424 69
52425 63
52426 56
52427 59
52428 63
52429 54
52430 61
52431 62
52432 58
52433 47
52434 54
52435 51
52436 45
52437 39
52438 38
52439 37
52440 54
52441 56
52442 46
52443 48
52444 49
52445 51
52446 53
52447 61
52448 46
52449 47
52450 45
52451 43
52452 59
52453 55
52454 68
52455 60
52456 54
52457 47
52458 46
52459 62
52460 63
52461 69
52462 64
52463 51
52464 66
52465 77
52466 71
52467 72
52468 61
52469 72
52470 67
52471 68
52472 60
52473 69
52474 58
52475 62
52476 64
52477 62
52478 66
52479 65
52480 61
52481 66
52482 62
52483 71
52484 62
52485 59
52486 61
52487 46
52488 59
52489 51
52490 59
52491 52
52492 48
52493 64
52494 57
52495 71
52496 74
52497 79
52498 62
52499 59
52500 60
52501 55
52502 60
52503 72
52504 78
52505 67
52506 62
52507 61
52508 67
52509 60
52510 53
52511 50
52512 49
52513 57
52514 60
52515 55
52516 65
52517 58
52518 58
52519 62
52520 70
52521 64
52522 52
52523 54
52524 59
52525 69
52526 68
52527 63
52528 70
52529 58
52530 56
52531 63
52532 63
52533 71
52534 70
52535 52
52536 60
52537 51
52538 52
52539 57
52540 65
52541 55
52542 61
52543 49
52544 43
52545 45
52546 53
52547 62
52548 65
52549 57
52550 64
52551 63
52552 69
52553 68
52554 74
52555 64
52556 63
52557 54
52558 60
52559 55
52560 39
52561 47
52562 51
52563 58
52564 61
52565 50
52566 67
52567 74
52568 68
52569 52
52570 70
52571 59
52572 57
52573 59
52574 53
52575 52
52576 57
52577 51
52578 48
52579 46
52580 52
52581 41
52582 57
52583 63
52584 60
52585 64
52586 60
52587 74
52588 70
52589 66
52590 62
52591 61
52592 60
52593 63
52594 51
52595 55
52596 55
52597 44
52598 46
52599 56
52600 63
52601 65
52602 49
52603 55
52604 57
52605 62
52606 56
52607 68
52608 55
52609 59
52610 67
52611 74
52612 60
52613 55
52614 50
52615 65
52616 64
52617 66
52618 56
52619 63
52620 72
52621 56
52622 50
52623 49
52624 50
52625 66
52626 61
52627 61
52628 57
52629 70
52630 61
52631 58
52632 62
52633 63
52634 60
52635 51
52636 50
52637 42
52638 50
52639 62
52640 59
52641 60
52642 69
52643 63
52644 53
52645 56
52646 66
52647 67
52648 68
52649 54
52650 63
52651 56
52652 49
52653 56
52654 71
52655 68
52656 67
52657 67
52658 64
52659 69
52660 66
52661 60
52662 67
52663 61
52664 51
52665 53
52666 61
52667 53
52668 54
52669 55
52670 60
52671 58
52672 62
52673 56
52674 49
52675 59
52676 56
52677 45
52678 60
52679 61
52680 59
52681 54
52682 66
52683 61
52684 57
52685 50
52686 62
52687 56
52688 61
52689 72
52690 65
52691 62
52692 55
52693 41
52694 50
52695 52
52696 67
52697 53
52698 59
52699 56
52700 60
52701 61
52702 63
52703 69
52704 68
52705 60
52706 54
52707 59
52708 60
52709 67
52710 71
52711 61
52712 62
52713 72
52714 80
52715 74
52716 69
52717 64
52718 59
52719 45
52720 57
52721 54
52722 55
52723 44
52724 51
52725 54
52726 69
52727 67
52728 61
52729 61
52730 59
52731 54
52732 56
52733 73
52734 59
52735 64
52736 66
52737 64
52738 52
52739 58
52740 46
52741 52
52742 64
52743 54
52744 61
52745 68
52746 71
52747 61
52748 64
52749 57
52750 59
52751 70
52752 59
52753 49
52754 57
52755 54
52756 63
52757 64
52758 62
52759 61
52760 59
52761 56
52762 44
52763 47
52764 59
52765 50
52766 42
52767 37
52768 43
52769 44
52770 53
52771 57
52772 41
52773 47
52774 50
52775 47
52776 48
52777 52
52778 53
52779 59
52780 63
52781 64
52782 65
52783 50
52784 62
52785 44
52786 40
52787 45
52788 48
52789 54
52790 54
52791 49
52792 31
52793 37
52794 40
52795 46
52796 52
52797 68
52798 70
52799 68
52800 59
52801 52
52802 60
52803 60
52804 49
52805 54
52806 54
52807 52
52808 58
52809 63
52810 65
52811 46
52812 33
52813 32
52814 49
52815 52
52816 54
52817 57
52818 54
52819 52
52820 56
52821 66
52822 65
52823 59
52824 62
52825 62
52826 60
52827 59
52828 68
52829 58
52830 57
52831 63
52832 55
52833 50
52834 54
52835 64
52836 59
52837 67
52838 70
52839 68
52840 67
52841 65
52842 52
52843 54
52844 67
52845 63
52846 61
52847 58
52848 59
52849 72
52850 67
52851 68
52852 63
52853 60
52854 62
52855 70
52856 61
52857 66
52858 55
52859 59
52860 58
52861 69
52862 66
52863 65
52864 63
52865 65
52866 67
52867 68
52868 63
52869 59
52870 69
52871 64
52872 58
52873 52
52874 50
52875 54
52876 51
52877 48
52878 46
52879 43
52880 53
52881 44
52882 46
52883 50
52884 59
52885 55
52886 63
52887 64
52888 63
52889 54
52890 56
52891 62
52892 60
52893 54
52894 62
52895 62
52896 67
52897 71
52898 59
52899 57
52900 49
52901 52
52902 62
52903 59
52904 63
52905 74
52906 65
52907 61
52908 55
52909 63
52910 68
52911 71
52912 60
52913 74
52914 64
52915 62
52916 59
52917 65
52918 60
52919 51
52920 59
52921 53
52922 58
52923 75
52924 71
52925 75
52926 58
52927 76
52928 66
52929 53
52930 58
52931 59
52932 59
52933 59
52934 79
52935 66
52936 61
52937 62
52938 67
52939 70
52940 67
52941 67
52942 67
52943 70
52944 59
52945 50
52946 58
52947 64
52948 61
52949 66
52950 75
52951 56
52952 74
52953 87
52954 74
52955 65
52956 68
52957 61
52958 66
52959 58
52960 61
52961 63
52962 53
52963 64
52964 54
52965 52
52966 60
52967 53
52968 48
52969 59
52970 56
52971 43
52972 44
52973 51
52974 59
52975 68
52976 79
52977 69
52978 59
52979 48
52980 66
52981 64
52982 63
52983 56
52984 60
52985 63
52986 57
52987 56
52988 58
52989 63
52990 60
52991 68
52992 55
52993 54
52994 50
52995 60
52996 54
52997 53
52998 43
52999 41
53000 57
53001 55
53002 62
53003 69
53004 72
53005 72
53006 56
53007 59
53008 69
53009 58
53010 62
53011 64
53012 55
53013 45
53014 60
53015 68
53016 70
53017 78
53018 61
53019 70
53020 61
53021 52
53022 47
53023 56
53024 60
53025 69
53026 68
53027 59
53028 54
53029 62
53030 60
53031 77
53032 73
53033 68
53034 60
53035 63
53036 52
53037 55
53038 52
53039 65
53040 66
53041 68
53042 66
53043 72
53044 63
53045 60
53046 66
53047 70
53048 63
53049 58
53050 57
53051 62
53052 54
53053 49
53054 53
53055 61
53056 64
53057 66
53058 66
53059 61
53060 49
53061 50
53062 53
53063 62
53064 67
53065 68
53066 60
53067 62
53068 67
53069 48
53070 59
53071 63
53072 60
53073 57
53074 61
53075 61
53076 62
53077 63
53078 44
53079 35
53080 34
53081 44
53082 64
53083 69
53084 58
53085 50
53086 54
53087 59
53088 66
53089 62
53090 58
53091 65
53092 64
53093 66
53094 60
53095 55
53096 47
53097 56
53098 58
53099 62
53100 59
53101 65
53102 58
53103 38
53104 43
53105 46
53106 56
53107 52
53108 56
53109 61
53110 61
53111 50
53112 56
53113 63
53114 58
53115 60
53116 61
53117 54
53118 55
53119 60
53120 71
53121 62
53122 59
53123 57
53124 54
53125 52
53126 62
53127 67
53128 66
53129 68
53130 57
53131 69
53132 69
53133 56
53134 52
53135 68
53136 61
53137 62
53138 68
53139 65
53140 56
53141 53
53142 54
53143 58
53144 63
53145 73
53146 66
53147 68
53148 68
53149 69
53150 56
53151 57
53152 49
53153 65
53154 58
53155 49
53156 40
53157 53
53158 51
53159 50
53160 56
53161 69
53162 56
53163 54
53164 50
53165 65
53166 63
53167 60
53168 56
53169 64
53170 64
53171 69
53172 67
53173 63
53174 59
53175 62
53176 60
53177 69
53178 67
53179 75
53180 72
53181 67
53182 63
53183 70
53184 64
53185 62
53186 57
53187 51
53188 53
53189 61
53190 59
53191 55
53192 69
53193 58
53194 60
53195 69
53196 69
53197 50
53198 52
53199 61
53200 64
53201 64
53202 63
53203 46
53204 57
53205 59
53206 63
53207 55
53208 58
53209 72
53210 66
53211 72
53212 79
53213 62
53214 72
53215 82
53216 67
53217 66
53218 59
53219 58
53220 67
53221 67
53222 65
53223 59
53224 61
53225 59
53226 66
53227 76
53228 63
53229 60
53230 69
53231 67
53232 58
53233 58
53234 57
53235 63
53236 65
53237 65
53238 62
53239 66
53240 58
53241 55
53242 61
53243 65
53244 66
53245 62
53246 65
53247 68
53248 56
53249 56
53250 75
53251 65
53252 64
53253 62
53254 63
53255 68
53256 62
53257 68
53258 62
53259 59
53260 41
53261 50
53262 51
53263 67
53264 66
53265 58
53266 60
53267 61
53268 64
53269 73
53270 60
53271 59
53272 57
53273 73
53274 66
53275 68
53276 62
53277 62
53278 50
53279 49
53280 51
53281 57
53282 59
53283 62
53284 78
53285 68
53286 62
53287 62
53288 60
53289 53
53290 49
53291 54
53292 57
53293 54
53294 58
53295 59
53296 57
53297 48
53298 50
53299 55
53300 50
53301 66
53302 66
53303 61
53304 60
53305 47
53306 48
53307 49
53308 50
53309 68
53310 78
53311 76
53312 63
53313 65
53314 62
53315 62
53316 59
53317 63
53318 61
53319 58
53320 58
53321 56
53322 53
53323 61
53324 62
53325 63
53326 68
53327 60
53328 52
53329 62
53330 63
53331 68
53332 65
53333 62
53334 63
53335 56
53336 61
53337 76
53338 65
53339 50
53340 48
53341 55
53342 39
53343 53
53344 50
53345 64
53346 65
53347 60
53348 79
53349 62
53350 63
53351 67
53352 74
53353 60
53354 56
53355 57
53356 61
53357 58
53358 55
53359 52
53360 47
53361 56
53362 61
53363 68
53364 61
53365 62
53366 68
53367 73
53368 65
53369 73
53370 73
53371 72
53372 54
53373 64
53374 48
53375 59
53376 69
53377 63
53378 58
53379 59
53380 52
53381 65
53382 59
53383 59
53384 62
53385 59
53386 55
53387 58
53388 54
53389 60
53390 67
53391 63
53392 49
53393 45
53394 43
53395 36
53396 35
53397 46
53398 57
53399 49
53400 53
53401 64
53402 64
53403 53
53404 51
53405 49
53406 48
53407 47
53408 64
53409 65
53410 64
53411 60
53412 56
53413 59
53414 72
53415 64
53416 60
53417 55
53418 57
53419 57
53420 56
53421 63
53422 53
53423 66
53424 65
53425 70
53426 72
53427 74
53428 63
53429 45
53430 54
53431 55
53432 59
53433 62
53434 70
53435 67
53436 65
53437 57
53438 58
53439 53
53440 58
53441 60
53442 54
53443 57
53444 64
53445 61
53446 69
53447 64
53448 68
53449 54
53450 62
53451 50
53452 69
53453 57
53454 68
53455 70
53456 76
53457 69
53458 59
53459 64
53460 64
53461 67
53462 62
53463 61
53464 50
53465 43
53466 53
53467 54
53468 64
53469 72
53470 60
53471 43
53472 44
53473 58
53474 64
53475 60
53476 53
53477 52
53478 48
53479 57
53480 58
53481 60
53482 61
53483 58
53484 59
53485 61
53486 58
53487 58
53488 57
53489 62
53490 64
53491 72
53492 71
53493 63
53494 62
53495 61
53496 66
53497 64
53498 60
53499 62
53500 60
53501 55
53502 55
53503 62
53504 70
53505 59
53506 59
53507 60
53508 58
53509 56
53510 55
53511 57
53512 52
53513 56
53514 59
53515 43
53516 52
53517 53
53518 50
53519 60
53520 61
53521 60
53522 63
53523 63
53524 62
53525 61
53526 65
53527 53
53528 65
53529 74
53530 67
53531 66
53532 59
53533 63
53534 60
53535 58
53536 54
53537 54
53538 70
53539 59
53540 64
53541 71
53542 72
53543 62
53544 58
53545 54
53546 55
53547 60
53548 62
53549 59
53550 58
53551 61
53552 58
53553 53
53554 50
53555 56
53556 61
53557 70
53558 67
53559 63
53560 61
53561 55
53562 51
53563 54
53564 55
53565 39
53566 47
53567 40
53568 54
53569 55
53570 54
53571 42
53572 56
53573 59
53574 63
53575 66
53576 61
53577 56
53578 63
53579 61
53580 47
53581 59
53582 59
53583 55
53584 57
53585 62
53586 60
53587 58
53588 55
53589 58
53590 57
53591 63
53592 62
53593 60
53594 55
53595 56
53596 51
53597 49
53598 55
53599 57
53600 64
53601 69
53602 62
53603 61
53604 63
53605 60
53606 57
53607 65
53608 66
53609 73
53610 57
53611 64
53612 60
53613 58
53614 55
53615 71
53616 73
53617 71
53618 63
53619 71
53620 58
53621 42
53622 45
53623 57
53624 58
53625 64
53626 69
53627 50
53628 57
53629 54
53630 55
53631 57
53632 58
53633 53
53634 63
53635 69
53636 57
53637 63
53638 59
53639 55
53640 46
53641 45
53642 62
53643 66
53644 71
53645 65
53646 65
53647 65
53648 58
53649 63
53650 64
53651 64
53652 72
53653 67
53654 52
53655 60
53656 59
53657 58
53658 49
53659 37
53660 57
53661 65
53662 65
53663 74
53664 60
53665 40
53666 51
53667 53
53668 62
53669 64
53670 62
53671 53
53672 69
53673 63
53674 68
53675 66
53676 59
53677 55
53678 50
53679 55
53680 57
53681 53
53682 65
53683 68
53684 66
53685 63
53686 67
53687 61
53688 57
53689 62
53690 62
53691 70
53692 59
53693 57
53694 58
53695 59
53696 73
53697 64
53698 64
53699 56
53700 57
53701 49
53702 53
53703 61
53704 60
53705 59
53706 57
53707 52
53708 54
53709 53
53710 57
53711 55
53712 58
53713 58
53714 53
53715 59
53716 63
53717 59
53718 61
53719 58
53720 44
53721 57
53722 66
53723 53
53724 47
53725 52
53726 61
53727 56
53728 52
53729 51
53730 52
53731 48
53732 46
53733 36
53734 35
53735 34
53736 47
53737 48
53738 56
53739 63
53740 68
53741 68
53742 60
53743 60
53744 57
53745 44
53746 54
53747 66
53748 51
53749 66
53750 64
53751 71
53752 67
53753 64
53754 59
53755 55
53756 48
53757 56
53758 56
53759 49
53760 52
53761 56
53762 62
53763 61
53764 62
53765 68
53766 63
53767 55
53768 62
53769 63
53770 56
53771 42
53772 40
53773 37
53774 43
53775 52
53776 44
53777 59
53778 60
53779 72
53780 66
53781 70
53782 68
53783 57
53784 60
53785 54
53786 65
53787 70
53788 61
53789 58
53790 54
53791 60
53792 54
53793 48
53794 45
53795 61
53796 66
53797 71
53798 62
53799 56
53800 53
53801 60
53802 65
53803 56
53804 45
53805 61
53806 62
53807 55
53808 67
53809 60
53810 55
53811 56
53812 65
53813 61
53814 58
53815 56
53816 50
53817 51
53818 55
53819 60
53820 56
53821 59
53822 61
53823 60
53824 58
53825 65
53826 56
53827 55
53828 53
53829 55
53830 56
53831 62
53832 60
53833 62
53834 49
53835 37
53836 44
53837 60
53838 61
53839 75
53840 62
53841 63
53842 67
53843 77
53844 68
53845 65
53846 60
53847 58
53848 64
53849 73
53850 73
53851 69
53852 55
53853 54
53854 57
53855 56
53856 49
53857 64
53858 55
53859 67
53860 67
53861 69
53862 59
53863 67
53864 66
53865 59
53866 57
53867 60
53868 63
53869 55
53870 59
53871 64
53872 62
53873 65
53874 45
53875 55
53876 64
53877 73
53878 61
53879 64
53880 54
53881 47
53882 45
53883 65
53884 65
53885 60
53886 66
53887 66
53888 58
53889 53
53890 52
53891 49
53892 59
53893 59
53894 57
53895 53
53896 52
53897 54
53898 73
53899 69
53900 67
53901 57
53902 41
53903 43
53904 53
53905 54
53906 65
53907 67
53908 64
53909 52
53910 60
53911 50
53912 67
53913 71
53914 57
53915 68
53916 64
53917 68
53918 55
53919 61
53920 59
53921 60
53922 63
53923 61
53924 56
53925 73
53926 73
53927 54
53928 50
53929 65
53930 60
53931 64
53932 54
53933 68
53934 63
53935 68
53936 66
53937 60
53938 52
53939 60
53940 61
53941 57
53942 69
53943 52
53944 53
53945 63
53946 62
53947 63
53948 57
53949 62
53950 61
53951 64
53952 65
53953 64
53954 58
53955 64
53956 70
53957 60
53958 69
53959 60
53960 66
53961 51
53962 58
53963 52
53964 59
53965 60
53966 55
53967 53
53968 56
53969 58
53970 51
53971 68
53972 63
53973 66
53974 64
53975 73
53976 60
53977 50
53978 58
53979 58
53980 70
53981 69
53982 58
53983 56
53984 63
53985 68
53986 65
53987 57
53988 67
53989 63
53990 65
53991 66
53992 64
53993 51
53994 57
53995 61
53996 55
53997 60
53998 66
53999 62
54000 75
54001 63
54002 59
54003 53
54004 61
54005 60
54006 67
54007 52
54008 65
54009 57
54010 58
54011 71
54012 84
54013 65
54014 64
54015 68
54016 69
54017 69
54018 58
54019 58
54020 59
54021 44
54022 59
54023 62
54024 60
54025 56
54026 69
54027 52
54028 65
54029 71
54030 57
54031 73
54032 59
54033 75
54034 64
54035 53
54036 45
54037 55
54038 56
54039 57
54040 59
54041 57
54042 56
54043 65
54044 61
54045 57
54046 69
54047 59
54048 61
54049 62
54050 62
54051 59
54052 62
54053 61
54054 57
54055 64
54056 57
54057 61
54058 61
54059 70
54060 60
54061 50
54062 51
54063 56
54064 57
54065 57
54066 53
54067 52
54068 56
54069 76
54070 73
54071 68
54072 69
54073 65
54074 57
54075 66
54076 53
54077 59
54078 48
54079 66
54080 75
54081 65
54082 65
54083 66
54084 59
54085 67
54086 52
54087 57
54088 54
54089 55
54090 64
54091 57
54092 64
54093 60
54094 58
54095 57
54096 64
54097 51
54098 59
54099 68
54100 64
54101 60
54102 64
54103 63
54104 61
54105 61
54106 59
54107 60
54108 76
54109 58
54110 62
54111 59
54112 62
54113 56
54114 68
54115 51
54116 63
54117 64
54118 63
54119 64
54120 66
54121 59
54122 72
54123 63
54124 64
54125 65
54126 53
54127 61
54128 58
54129 61
54130 78
54131 68
54132 69
54133 56
54134 52
54135 46
54136 38
54137 52
54138 57
54139 47
54140 53
54141 63
54142 65
54143 51
54144 57
54145 60
54146 62
54147 74
54148 61
54149 67
54150 56
54151 51
54152 45
54153 61
54154 73
54155 68
54156 58
54157 63
54158 66
54159 63
54160 60
54161 44
54162 52
54163 59
54164 64
54165 56
54166 51
54167 56
54168 63
54169 65
54170 71
54171 66
54172 63
54173 61
54174 62
54175 66
54176 76
54177 71
54178 53
54179 55
54180 65
54181 62
54182 56
54183 58
54184 60
54185 58
54186 61
54187 63
54188 75
54189 67
54190 59
54191 66
54192 61
54193 54
54194 39
54195 41
54196 59
54197 60
54198 59
54199 57
54200 66
54201 68
54202 65
54203 70
54204 75
54205 73
54206 62
54207 55
54208 58
54209 64
54210 71
54211 64
54212 67
54213 51
54214 53
54215 52
54216 56
54217 65
54218 73
54219 64
54220 67
54221 62
54222 59
54223 66
54224 63
54225 50
54226 49
54227 62
54228 76
54229 74
54230 59
54231 62
54232 56
54233 40
54234 49
54235 51
54236 61
54237 62
54238 60
54239 57
54240 56
54241 52
54242 54
54243 62
54244 64
54245 63
54246 62
54247 63
54248 70
54249 70
54250 69
54251 58
54252 61
54253 58
54254 65
54255 58
54256 57
54257 64
54258 61
54259 56
54260 62
54261 67
54262 57
54263 59
54264 56
54265 45
54266 50
54267 63
54268 57
54269 55
54270 57
54271 66
54272 78
54273 71
54274 62
54275 65
54276 66
54277 61
54278 57
54279 68
54280 68
54281 71
54282 62
54283 56
54284 56
54285 56
54286 66
54287 60
54288 66
54289 66
54290 63
54291 64
54292 61
54293 58
54294 58
54295 68
54296 69
54297 63
54298 52
54299 60
54300 63
54301 71
54302 52
54303 46
54304 43
54305 47
54306 48
54307 52
54308 53
54309 70
54310 58
54311 56
54312 54
54313 72
54314 56
54315 65
54316 61
54317 54
54318 45
54319 47
54320 61
54321 68
54322 56
54323 74
54324 71
54325 70
54326 65
54327 57
54328 63
54329 49
54330 55
54331 58
54332 63
54333 60
54334 56
54335 55
54336 52
54337 59
54338 62
54339 69
54340 65
54341 56
54342 55
54343 51
54344 58
54345 59
54346 56
54347 57
54348 45
54349 50
54350 61
54351 51
54352 49
54353 50
54354 58
54355 66
54356 59
54357 55
54358 62
54359 59
54360 55
54361 64
54362 63
54363 59
54364 58
54365 56
54366 45
54367 62
54368 58
54369 61
54370 71
54371 52
54372 57
54373 58
54374 63
54375 60
54376 48
54377 56
54378 58
54379 52
54380 40
54381 47
54382 46
54383 49
54384 51
54385 50
54386 57
54387 50
54388 56
54389 64
54390 65
54391 61
54392 60
54393 55
54394 61
54395 56
54396 61
54397 60
54398 59
54399 62
54400 57
54401 47
54402 60
54403 63
54404 63
54405 47
54406 52
54407 68
54408 63
54409 73
54410 62
54411 52
54412 34
54413 28
54414 45
54415 46
54416 51
54417 58
54418 69
54419 59
54420 65
54421 64
54422 49
54423 46
54424 51
54425 64
54426 58
54427 69
54428 54
54429 51
54430 53
54431 57
54432 62
54433 58
54434 48
54435 55
54436 54
54437 57
54438 61
54439 63
54440 52
54441 53
54442 64
54443 57
54444 60
54445 47
54446 49
54447 57
54448 63
54449 69
54450 59
54451 57
54452 60
54453 60
54454 67
54455 69
54456 59
54457 66
54458 58
54459 62
54460 64
54461 55
54462 67
54463 48
54464 55
54465 48
54466 42
54467 44
54468 53
54469 54
54470 45
54471 59
54472 61
54473 52
54474 58
54475 73
54476 75
54477 64
54478 58
54479 45
54480 32
54481 34
54482 47
54483 51
54484 65
54485 66
54486 64
54487 71
54488 71
54489 69
54490 66
54491 63
54492 54
54493 60
54494 56
54495 62
54496 67
54497 59
54498 64
54499 72
54500 73
54501 70
54502 59
54503 58
54504 55
54505 67
54506 60
54507 57
54508 65
54509 67
54510 62
54511 61
54512 48
54513 59
54514 71
54515 69
54516 68
54517 63
54518 58
54519 63
54520 68
54521 62
54522 66
54523 67
54524 60
54525 64
54526 56
54527 74
54528 68
54529 81
54530 62
54531 64
54532 61
54533 58
54534 73
54535 71
54536 59
54537 48
54538 52
54539 55
54540 55
54541 64
54542 59
54543 50
54544 59
54545 78
54546 62
54547 67
54548 57
54549 51
54550 64
54551 66
54552 64
54553 59
54554 48
54555 58
54556 60
54557 69
54558 58
54559 58
54560 56
54561 58
54562 50
54563 44
54564 46
54565 60
54566 67
54567 71
54568 64
54569 67
54570 67
54571 60
54572 55
54573 54
54574 67
54575 62
54576 59
54577 61
54578 62
54579 63
54580 64
54581 67
54582 60
54583 68
54584 66
54585 67
54586 66
54587 64
54588 66
54589 65
54590 79
54591 65
54592 66
54593 64
54594 68
54595 59
54596 61
54597 60
54598 53
54599 47
54600 40
54601 55
54602 66
54603 75
54604 68
54605 70
54606 65
54607 69
54608 50
54609 61
54610 70
54611 67
54612 59
54613 50
54614 51
54615 60
54616 55
54617 65
54618 69
54619 66
54620 67
54621 65
54622 67
54623 64
54624 58
54625 60
54626 72
54627 59
54628 51
54629 46
54630 51
54631 60
54632 58
54633 49
54634 58
54635 60
54636 56
54637 55
54638 40
54639 45
54640 56
54641 57
54642 67
54643 50
54644 52
54645 38
54646 35
54647 54
54648 55
54649 57
54650 61
54651 66
54652 58
54653 54
54654 69
54655 66
54656 62
54657 57
54658 67
54659 58
54660 65
54661 64
54662 60
54663 65
54664 58
54665 66
54666 66
54667 60
54668 62
54669 63
54670 54
54671 54
54672 57
54673 65
54674 52
54675 58
54676 60
54677 64
54678 60
54679 47
54680 56
54681 56
54682 61
54683 71
54684 66
54685 53
54686 46
54687 49
54688 59
54689 60
54690 61
54691 66
54692 65
54693 60
54694 61
54695 55
54696 52
54697 54
54698 56
54699 57
54700 73
54701 60
54702 58
54703 54
54704 61
54705 64
54706 70
54707 58
54708 51
54709 55
54710 53
54711 47
54712 61
54713 68
54714 62
54715 60
54716 60
54717 56
54718 40
54719 37
54720 43
54721 60
54722 62
54723 66
54724 65
54725 58
54726 66
54727 57
54728 71
54729 81
54730 70
54731 61
54732 74
54733 65
54734 65
54735 69
54736 68
54737 70
54738 70
54739 59
54740 52
54741 46
54742 60
54743 55
54744 53
54745 59
54746 65
54747 72
54748 60
54749 43
54750 37
54751 56
54752 57
54753 52
54754 51
54755 56
54756 68
54757 67
54758 62
54759 68
54760 67
54761 60
54762 59
54763 63
54764 64
54765 62
54766 61
54767 60
54768 58
54769 62
54770 55
54771 57
54772 52
54773 49
54774 46
54775 51
54776 69
54777 56
54778 58
54779 66
54780 63
54781 59
54782 65
54783 70
54784 53
54785 46
54786 56
54787 57
54788 62
54789 65
54790 82
54791 68
54792 64
54793 68
54794 64
54795 63
54796 57
54797 58
54798 54
54799 66
54800 70
54801 59
54802 59
54803 53
54804 60
54805 70
54806 58
54807 54
54808 47
54809 52
54810 70
54811 56
54812 63
54813 61
54814 64
54815 61
54816 66
54817 68
54818 60
54819 56
54820 51
54821 44
54822 52
54823 63
54824 63
54825 58
54826 56
54827 54
54828 52
54829 68
54830 64
54831 62
54832 63
54833 58
54834 69
54835 65
54836 59
54837 52
54838 63
54839 73
54840 58
54841 54
54842 66
54843 78
54844 63
54845 62
54846 61
54847 61
54848 63
54849 61
54850 60
54851 52
54852 43
54853 51
54854 43
54855 46
54856 50
54857 54
54858 61
54859 55
54860 53
54861 57
54862 63
54863 66
54864 72
54865 64
54866 57
54867 59
54868 57
54869 45
54870 59
54871 51
54872 70
54873 58
54874 69
54875 59
54876 58
54877 60
54878 63
54879 53
54880 51
54881 66
54882 52
54883 55
54884 56
54885 58
54886 62
54887 63
54888 56
54889 49
54890 65
54891 61
54892 59
54893 48
54894 48
54895 47
54896 42
54897 52
54898 55
54899 56
54900 59
54901 63
54902 56
54903 57
54904 60
54905 58
54906 70
54907 68
54908 68
54909 64
54910 62
54911 54
54912 69
54913 63
54914 61
54915 62
54916 56
54917 54
54918 56
54919 54
54920 57
54921 67
54922 63
54923 60
54924 46
54925 58
54926 62
54927 70
54928 74
54929 66
54930 62
54931 69
54932 70
54933 63
54934 44
54935 56
54936 59
54937 53
54938 61
54939 48
54940 54
54941 65
54942 48
54943 55
54944 52
54945 42
54946 34
54947 39
54948 56
54949 51
54950 59
54951 64
54952 49
54953 48
54954 61
54955 55
54956 57
54957 58
54958 54
54959 52
54960 52
54961 60
54962 59
54963 48
54964 43
54965 35
54966 33
54967 53
54968 51
54969 55
54970 56
54971 61
54972 63
54973 54
54974 60
54975 51
54976 46
54977 53
54978 41
54979 42
54980 43
54981 56
54982 64
54983 60
54984 59
54985 63
54986 56
54987 58
54988 60
54989 67
54990 70
54991 60
54992 60
54993 55
54994 54
54995 65
54996 62
54997 52
54998 63
54999 63
55000 52
55001 50
55002 39
55003 43
55004 47
55005 50
55006 56
55007 64
55008 67
55009 56
55010 66
55011 68
55012 69
55013 65
55014 66
55015 61
55016 66
55017 69
55018 58
55019 64
55020 57
55021 61
55022 57
55023 63
55024 61
55025 59
55026 59
55027 68
55028 50
55029 55
55030 62
55031 58
55032 57
55033 61
55034 53
55035 56
55036 58
55037 68
55038 52
55039 59
55040 66
55041 58
55042 56
55043 56
55044 55
55045 52
55046 55
55047 67
55048 63
55049 67
55050 57
55051 63
55052 65
55053 59
55054 69
55055 68
55056 68
55057 68
55058 66
55059 61
55060 69
55061 55
55062 51
55063 43
55064 47
55065 58
55066 59
55067 64
55068 58
55069 55
55070 66
55071 56
55072 63
55073 66
55074 59
55075 58
55076 47
55077 57
55078 48
55079 64
55080 65
55081 66
55082 59
55083 61
55084 58
55085 57
55086 56
55087 60
55088 58
55089 67
55090 64
55091 57
55092 53
55093 59
55094 59
55095 79
55096 67
55097 67
55098 53
55099 46
55100 59
55101 69
55102 81
55103 65
55104 55
55105 53
55106 54
55107 46
55108 56
55109 62
55110 58
55111 63
55112 61
55113 63
55114 60
55115 59
55116 67
55117 59
55118 61
55119 51
55120 61
55121 41
55122 37
55123 36
55124 50
55125 57
55126 45
55127 53
55128 53
55129 70
55130 68
55131 67
55132 67
55133 66
55134 59
55135 60
55136 53
55137 51
55138 51
55139 54
55140 67
55141 64
55142 56
55143 50
55144 53
55145 59
55146 54
55147 66
55148 66
55149 70
55150 59
55151 65
55152 65
55153 70
55154 63
55155 59
55156 53
55157 52
55158 59
55159 60
55160 67
55161 66
55162 61
55163 59
55164 70
55165 58
55166 57
55167 61
55168 55
55169 59
55170 52
55171 57
55172 50
55173 31
55174 26
55175 44
55176 48
55177 56
55178 63
55179 56
55180 57
55181 52
55182 51
55183 49
55184 31
55185 45
55186 54
55187 59
55188 40
55189 58
55190 67
55191 61
55192 59
55193 60
55194 74
55195 63
55196 57
55197 60
55198 75
55199 60
55200 50
55201 60
55202 71
55203 61
55204 59
55205 67
55206 58
55207 47
55208 57
55209 58
55210 56
55211 51
55212 56
55213 61
55214 68
55215 62
55216 58
55217 60
55218 67
55219 50
55220 50
55221 39
55222 50
55223 42
55224 53
55225 56
55226 67
55227 55
55228 49
55229 37
55230 50
55231 64
55232 62
55233 64
55234 61
55235 50
55236 59
55237 53
55238 65
55239 71
55240 63
55241 55
55242 51
55243 61
55244 52
55245 53
55246 66
55247 56
55248 57
55249 65
55250 64
55251 60
55252 62
55253 60
55254 59
55255 61
55256 62
55257 51
55258 62
55259 64
55260 59
55261 64
55262 57
55263 71
55264 62
55265 60
55266 62
55267 47
55268 61
55269 58
55270 53
55271 50
55272 62
55273 55
55274 48
55275 53
55276 57
55277 59
55278 66
55279 57
55280 50
55281 65
55282 58
55283 47
55284 58
55285 54
55286 61
55287 55
55288 63
55289 65
55290 64
55291 70
55292 68
55293 73
55294 78
55295 59
55296 62
55297 65
55298 63
55299 67
55300 61
55301 62
55302 54
55303 66
55304 67
55305 58
55306 54
55307 58
55308 69
55309 58
55310 56
55311 48
55312 50
55313 38
55314 48
55315 57
55316 62
55317 50
55318 47
55319 44
55320 58
55321 63
55322 61
55323 60
55324 43
55325 34
55326 49
55327 53
55328 56
55329 56
55330 57
55331 59
55332 50
55333 54
55334 63
55335 57
55336 62
55337 60
55338 58
55339 63
55340 60
55341 73
55342 66
55343 65
55344 73
55345 71
55346 66
55347 65
55348 47
55349 56
55350 61
55351 53
55352 63
55353 66
55354 56
55355 55
55356 53
55357 54
55358 49
55359 38
55360 41
55361 45
55362 56
55363 55
55364 55
55365 52
55366 57
55367 52
55368 67
55369 60
55370 55
55371 52
55372 57
55373 56
55374 47
55375 59
55376 65
55377 51
55378 50
55379 54
55380 59
55381 57
55382 62
55383 64
55384 58
55385 55
55386 53
55387 64
55388 53
55389 49
55390 55
55391 54
55392 51
55393 64
55394 54
55395 53
55396 56
55397 60
55398 63
55399 61
55400 59
55401 59
55402 52
55403 56
55404 57
55405 67
55406 56
55407 48
55408 56
55409 59
55410 64
55411 56
55412 58
55413 40
55414 44
55415 49
55416 53
55417 59
55418 65
55419 57
55420 61
55421 68
55422 58
55423 70
55424 60
55425 65
55426 61
55427 53
55428 53
55429 51
55430 53
55431 56
55432 44
55433 52
55434 63
55435 61
55436 58
55437 62
55438 61
55439 65
55440 60
55441 42
55442 43
55443 46
55444 43
55445 62
55446 61
55447 64
55448 53
55449 57
55450 58
55451 63
55452 70
55453 56
55454 64
55455 62
55456 63
55457 61
55458 60
55459 61
55460 70
55461 67
55462 66
55463 54
55464 54
55465 56
55466 60
55467 63
55468 60
55469 69
55470 67
55471 62
55472 63
55473 69
55474 64
55475 58
55476 54
55477 49
55478 44
55479 45
55480 63
55481 66
55482 68
55483 58
55484 50
55485 42
55486 45
55487 58
55488 63
55489 72
55490 79
55491 77
55492 68
55493 69
55494 65
55495 61
55496 61
55497 59
55498 57
55499 48
55500 56
55501 68
55502 69
55503 58
55504 67
55505 57
55506 53
55507 39
55508 52
55509 58
55510 60
55511 71
55512 68
55513 70
55514 69
55515 61
55516 50
55517 49
55518 54
55519 56
55520 54
55521 51
55522 53
55523 41
55524 50
55525 67
55526 53
55527 39
55528 44
55529 45
55530 60
55531 58
55532 40
55533 45
55534 47
55535 65
55536 67
55537 64
55538 56
55539 50
55540 51
55541 69
55542 68
55543 54
55544 61
55545 66
55546 70
55547 55
55548 60
55549 64
55550 53
55551 56
55552 66
55553 70
55554 56
55555 54
55556 57
55557 54
55558 55
55559 65
55560 56
55561 52
55562 52
55563 66
55564 46
55565 57
55566 56
55567 60
55568 60
55569 53
55570 41
55571 36
55572 42
55573 44
55574 52
55575 63
55576 68
55577 60
55578 54
55579 58
55580 71
55581 68
55582 61
55583 62
55584 60
55585 65
55586 62
55587 63
55588 60
55589 68
55590 69
55591 50
55592 41
55593 47
55594 55
55595 54
55596 35
55597 45
55598 58
55599 55
55600 60
55601 42
55602 44
55603 56
55604 59
55605 52
55606 63
55607 60
55608 59
55609 65
55610 66
55611 54
55612 65
55613 59
55614 56
55615 62
55616 49
55617 53
55618 68
55619 58
55620 58
55621 62
55622 59
55623 65
55624 50
55625 53
55626 57
55627 59
55628 56
55629 44
55630 39
55631 46
55632 51
55633 59
55634 52
55635 54
55636 56
55637 63
55638 62
55639 57
55640 64
55641 65
55642 66
55643 74
55644 65
55645 64
55646 70
55647 60
55648 70
55649 82
55650 71
55651 71
55652 71
55653 54
55654 56
55655 63
55656 60
55657 68
55658 60
55659 61
55660 60
55661 71
55662 66
55663 65
55664 73
55665 65
55666 56
55667 53
55668 58
55669 65
55670 53
55671 50
55672 44
55673 45
55674 56
55675 62
55676 59
55677 66
55678 63
55679 70
55680 65
55681 61
55682 57
55683 57
55684 66
55685 70
55686 69
55687 67
55688 65
55689 54
55690 57
55691 61
55692 57
55693 62
55694 70
55695 70
55696 62
55697 57
55698 66
55699 68
55700 57
55701 52
55702 48
55703 53
55704 59
55705 65
55706 73
55707 64
55708 68
55709 71
55710 67
55711 51
55712 48
55713 42
55714 39
55715 45
55716 50
55717 59
55718 57
55719 61
55720 64
55721 47
55722 54
55723 64
55724 61
55725 60
55726 65
55727 60
55728 61
55729 71
55730 71
55731 62
55732 78
55733 69
55734 72
55735 54
55736 61
55737 45
55738 48
55739 62
55740 67
55741 62
55742 59
55743 66
55744 63
55745 64
55746 58
55747 66
55748 63
55749 67
55750 65
55751 73
55752 65
55753 63
55754 63
55755 51
55756 63
55757 49
55758 58
55759 67
55760 64
55761 74
55762 66
55763 63
55764 67
55765 54
55766 56
55767 57
55768 52
55769 55
55770 66
55771 70
55772 62
55773 66
55774 64
55775 59
55776 62
55777 58
55778 68
55779 74
55780 68
55781 65
55782 57
55783 54
55784 61
55785 60
55786 56
55787 50
55788 54
55789 46
55790 52
55791 55
55792 53
55793 63
55794 62
55795 53
55796 56
55797 59
55798 49
55799 54
55800 65
55801 63
55802 62
55803 56
55804 61
55805 55
55806 71
55807 62
55808 66
55809 65
55810 63
55811 69
55812 66
55813 53
55814 54
55815 61
55816 54
55817 57
55818 65
55819 66
55820 65
55821 57
55822 50
55823 63
55824 66
55825 67
55826 60
55827 55
55828 59
55829 49
55830 63
55831 61
55832 64
55833 55
55834 53
55835 61
55836 55
55837 65
55838 66
55839 76
55840 67
55841 53
55842 58
55843 61
55844 66
55845 57
55846 62
55847 66
55848 55
55849 59
55850 63
55851 51
55852 62
55853 57
55854 55
55855 53
55856 58
55857 68
55858 55
55859 43
55860 60
55861 70
55862 55
55863 67
55864 60
55865 46
55866 57
55867 54
55868 57
55869 43
55870 56
55871 57
55872 56
55873 58
55874 60
55875 48
55876 65
55877 64
55878 56
55879 68
55880 56
55881 57
55882 62
55883 54
55884 58
55885 68
55886 58
55887 43
55888 59
55889 46
55890 41
55891 61
55892 74
55893 67
55894 57
55895 45
55896 44
55897 54
55898 72
55899 63
55900 58
55901 57
55902 67
55903 62
55904 67
55905 53
55906 69
55907 54
55908 53
55909 51
55910 57
55911 48
55912 50
55913 61
55914 57
55915 64
55916 75
55917 61
55918 59
55919 50
55920 56
55921 66
55922 65
55923 63
55924 47
55925 48
55926 57
55927 65
55928 57
55929 50
55930 59
55931 65
55932 68
55933 65
55934 60
55935 66
55936 68
55937 68
55938 54
55939 53
55940 64
55941 64
55942 56
55943 58
55944 67
55945 64
55946 58
55947 51
55948 60
55949 59
55950 47
55951 62
55952 66
55953 65
55954 54
55955 66
55956 52
55957 60
55958 66
55959 56
55960 50
55961 48
55962 49
55963 51
55964 49
55965 63
55966 64
55967 53
55968 47
55969 46
55970 60
55971 63
55972 70
55973 64
55974 63
55975 52
55976 57
55977 52
55978 60
55979 57
55980 67
55981 57
55982 51
55983 68
55984 76
55985 68
55986 69
55987 75
55988 66
55989 64
55990 64
55991 63
55992 63
55993 59
55994 57
55995 58
55996 50
55997 54
55998 50
55999 51
56000 60
56001 69
56002 68
56003 70
56004 66
56005 58
56006 53
56007 60
56008 62
56009 58
56010 65
56011 67
56012 56
56013 51
56014 49
56015 55
56016 63
56017 58
56018 68
56019 63
56020 56
56021 54
56022 60
56023 62
56024 63
56025 60
56026 63
56027 59
56028 58
56029 68
56030 70
56031 64
56032 68
56033 54
56034 53
56035 44
56036 50
56037 51
56038 68
56039 62
56040 60
56041 59
56042 65
56043 62
56044 62
56045 62
56046 50
56047 55
56048 60
56049 65
56050 62
56051 54
56052 57
56053 61
56054 48
56055 61
56056 56
56057 59
56058 63
56059 60
56060 67
56061 63
56062 64
56063 59
56064 65
56065 58
56066 68
56067 68
56068 65
56069 62
56070 67
56071 67
56072 64
56073 55
56074 50
56075 62
56076 69
56077 60
56078 62
56079 71
56080 54
56081 67
56082 64
56083 53
56084 60
56085 65
56086 59
56087 62
56088 64
56089 68
56090 64
56091 59
56092 60
56093 57
56094 64
56095 65
56096 64
56097 73
56098 65
56099 62
56100 52
56101 59
56102 60
56103 62
56104 50
56105 44
56106 46
56107 45
56108 62
56109 58
56110 51
56111 49
56112 55
56113 56
56114 53
56115 58
56116 46
56117 49
56118 69
56119 71
56120 60
56121 65
56122 58
56123 60
56124 52
56125 42
56126 39
56127 55
56128 59
56129 64
56130 66
56131 63
56132 61
56133 62
56134 68
56135 69
56136 73
56137 63
56138 62
56139 47
56140 52
56141 64
56142 69
56143 67
56144 65
56145 72
56146 54
56147 52
56148 55
56149 63
56150 56
56151 62
56152 58
56153 47
56154 59
56155 49
56156 65
56157 54
56158 54
56159 43
56160 58
56161 50
56162 61
56163 60
56164 62
56165 65
56166 62
56167 59
56168 75
56169 78
56170 71
56171 64
56172 62
56173 58
56174 59
56175 64
56176 57
56177 58
56178 57
56179 51
56180 54
56181 54
56182 55
56183 57
56184 62
56185 75
56186 69
56187 62
56188 58
56189 68
56190 70
56191 70
56192 63
56193 62
56194 67
56195 56
56196 54
56197 61
56198 75
56199 82
56200 74
56201 61
56202 81
56203 69
56204 61
56205 62
56206 59
56207 74
56208 60
56209 74
56210 67
56211 57
56212 57
56213 57
56214 61
56215 59
56216 65
56217 55
56218 60
56219 54
56220 49
56221 63
56222 66
56223 60
56224 51
56225 59
56226 48
56227 36
56228 37
56229 43
56230 54
56231 59
56232 60
56233 67
56234 67
56235 68
56236 74
56237 73
56238 62
56239 61
56240 63
56241 61
56242 50
56243 61
56244 63
56245 73
56246 56
56247 48
56248 61
56249 64
56250 61
56251 64
56252 66
56253 74
56254 63
56255 72
56256 63
56257 60
56258 65
56259 53
56260 59
56261 60
56262 56
56263 66
56264 52
56265 42
56266 51
56267 58
56268 63
56269 69
56270 56
56271 58
56272 60
56273 46
56274 53
56275 60
56276 52
56277 57
56278 54
56279 66
56280 64
56281 47
56282 44
56283 40
56284 54
56285 63
56286 59
56287 57
56288 59
56289 55
56290 54
56291 60
56292 69
56293 63
56294 63
56295 60
56296 61
56297 61
56298 45
56299 41
56300 59
56301 66
56302 66
56303 70
56304 67
56305 65
56306 63
56307 62
56308 57
56309 65
56310 68
56311 70
56312 60
56313 57
56314 48
56315 58
56316 59
56317 63
56318 58
56319 52
56320 35
56321 43
56322 50
56323 56
56324 55
56325 59
56326 65
56327 55
56328 48
56329 55
56330 60
56331 64
56332 67
56333 65
56334 64
56335 59
56336 55
56337 58
56338 58
56339 66
56340 56
56341 55
56342 54
56343 59
56344 51
56345 46
56346 65
56347 65
56348 64
56349 69
56350 53
56351 48
56352 56
56353 57
56354 56
56355 57
56356 55
56357 58
56358 56
56359 55
56360 55
56361 52
56362 44
56363 42
56364 39
56365 52
56366 59
56367 56
56368 51
56369 65
56370 48
56371 62
56372 70
56373 63
56374 54
56375 62
56376 67
56377 66
56378 67
56379 64
56380 53
56381 50
56382 46
56383 40
56384 43
56385 53
56386 57
56387 61
56388 56
56389 52
56390 43
56391 55
56392 58
56393 55
56394 56
56395 57
56396 64
56397 61
56398 65
56399 58
56400 61
56401 54
56402 59
56403 55
56404 59
56405 66
56406 61
56407 69
56408 72
56409 68
56410 51
56411 53
56412 45
56413 46
56414 54
56415 51
56416 60
56417 61
56418 66
56419 64
56420 69
56421 69
56422 63
56423 59
56424 44
56425 60
56426 61
56427 60
56428 66
56429 61
56430 62
56431 60
56432 67
56433 56
56434 61
56435 59
56436 56
56437 56
56438 55
56439 57
56440 60
56441 61
56442 65
56443 62
56444 53
56445 50
56446 49
56447 43
56448 34
56449 30
56450 41
56451 43
56452 59
56453 53
56454 63
56455 61
56456 59
56457 59
56458 42
56459 58
56460 66
56461 65
56462 67
56463 51
56464 54
56465 56
56466 57
56467 62
56468 56
56469 62
56470 57
56471 57
56472 70
56473 56
56474 66
56475 53
56476 63
56477 50
56478 60
56479 64
56480 67
56481 65
56482 66
56483 57
56484 57
56485 63
56486 60
56487 57
56488 64
56489 65
56490 61
56491 50
56492 56
56493 61
56494 60
56495 80
56496 65
56497 67
56498 61
56499 69
56500 69
56501 58
56502 49
56503 53
56504 61
56505 55
56506 50
56507 40
56508 38
56509 54
56510 50
56511 48
56512 34
56513 42
56514 44
56515 41
56516 56
56517 51
56518 60
56519 53
56520 60
56521 60
56522 58
56523 61
56524 58
56525 53
56526 54
56527 67
56528 64
56529 64
56530 73
56531 63
56532 69
56533 61
56534 50
56535 52
56536 58
56537 74
56538 59
56539 51
56540 61
56541 56
56542 53
56543 65
56544 59
56545 40
56546 50
56547 54
56548 55
56549 66
56550 65
56551 69
56552 62
56553 56
56554 62
56555 45
56556 60
56557 61
56558 58
56559 66
56560 66
56561 57
56562 50
56563 63
56564 63
56565 58
56566 58
56567 50
56568 53
56569 51
56570 63
56571 65
56572 61
56573 66
56574 63
56575 64
56576 69
56577 66
56578 69
56579 60
56580 52
56581 58
56582 59
56583 57
56584 70
56585 61
56586 63
56587 62
56588 68
56589 63
56590 74
56591 67
56592 63
56593 54
56594 60
56595 63
56596 59
56597 58
56598 67
56599 53
56600 68
56601 65
56602 59
56603 53
56604 54
56605 54
56606 53
56607 59
56608 64
56609 63
56610 47
56611 53
56612 57
56613 70
56614 77
56615 63
56616 51
56617 49
56618 50
56619 59
56620 59
56621 68
56622 66
56623 62
56624 71
56625 56
56626 46
56627 41
56628 42
56629 54
56630 55
56631 69
56632 63
56633 63
56634 55
56635 54
56636 60
56637 61
56638 62
56639 67
56640 65
56641 61
56642 62
56643 62
56644 64
56645 64
56646 67
56647 64
56648 62
56649 65
56650 62
56651 63
56652 57
56653 50
56654 44
56655 52
56656 63
56657 67
56658 61
56659 58
56660 68
56661 60
56662 53
56663 34
56664 50
56665 52
56666 59
56667 61
56668 63
56669 67
56670 67
56671 62
56672 59
56673 65
56674 61
56675 61
56676 60
56677 48
56678 55
56679 56
56680 53
56681 59
56682 54
56683 46
56684 41
56685 59
56686 57
56687 61
56688 66
56689 69
56690 65
56691 69
56692 66
56693 61
56694 72
56695 64
56696 72
56697 58
56698 54
56699 55
56700 57
56701 60
56702 47
56703 62
56704 58
56705 53
56706 48
56707 65
56708 54
56709 69
56710 57
56711 58
56712 63
56713 64
56714 58
56715 71
56716 70
56717 67
56718 63
56719 68
56720 59
56721 77
56722 61
56723 60
56724 44
56725 55
56726 58
56727 65
56728 64
56729 68
56730 67
56731 60
56732 57
56733 58
56734 61
56735 52
56736 65
56737 61
56738 73
56739 64
56740 70
56741 59
56742 59
56743 54
56744 58
56745 64
56746 62
56747 67
56748 71
56749 75
56750 60
56751 60
56752 66
56753 46
56754 45
56755 47
56756 61
56757 58
56758 64
56759 78
56760 64
56761 54
56762 50
56763 67
56764 65
56765 65
56766 77
56767 65
56768 62
56769 64
56770 62
56771 56
56772 55
56773 50
56774 55
56775 63
56776 59
56777 55
56778 55
56779 62
56780 65
56781 66
56782 64
56783 67
56784 61
56785 71
56786 56
56787 56
56788 60
56789 65
56790 57
56791 59
56792 67
56793 70
56794 62
56795 58
56796 65
56797 71
56798 74
56799 66
56800 58
56801 56
56802 61
56803 55
56804 62
56805 56
56806 58
56807 59
56808 56
56809 54
56810 62
56811 55
56812 57
56813 64
56814 58
56815 62
56816 61
56817 59
56818 66
56819 59
56820 56
56821 62
56822 72
56823 63
56824 66
56825 73
56826 70
56827 62
56828 64
56829 63
56830 54
56831 58
56832 65
56833 64
56834 63
56835 58
56836 59
56837 55
56838 61
56839 72
56840 56
56841 58
56842 56
56843 52
56844 59
56845 68
56846 58
56847 63
56848 60
56849 59
56850 53
56851 55
56852 58
56853 59
56854 65
56855 56
56856 52
56857 67
56858 63
56859 64
56860 63
56861 65
56862 63
56863 67
56864 60
56865 61
56866 66
56867 69
56868 63
56869 68
56870 74
56871 60
56872 65
56873 63
56874 58
56875 51
56876 66
56877 78
56878 66
56879 60
56880 73
56881 54
56882 61
56883 65
56884 67
56885 72
56886 69
56887 67
56888 58
56889 56
56890 53
56891 52
56892 53
56893 48
56894 66
56895 68
56896 48
56897 38
56898 47
56899 51
56900 61
56901 61
56902 65
56903 70
56904 65
56905 65
56906 60
56907 60
56908 57
56909 54
56910 64
56911 57
56912 60
56913 62
56914 63
56915 53
56916 53
56917 68
56918 64
56919 62
56920 68
56921 57
56922 55
56923 58
56924 60
56925 55
56926 52
56927 60
56928 55
56929 45
56930 46
56931 59
56932 60
56933 53
56934 55
56935 57
56936 58
56937 62
56938 65
56939 60
56940 60
56941 56
56942 63
56943 61
56944 64
56945 64
56946 59
56947 64
56948 59
56949 49
56950 60
56951 57
56952 44
56953 54
56954 60
56955 59
56956 59
56957 57
56958 56
56959 64
56960 62
56961 75
56962 65
56963 71
56964 66
56965 62
56966 49
56967 56
56968 58
56969 59
56970 51
56971 48
56972 54
56973 66
56974 63
56975 67
56976 59
56977 56
56978 63
56979 50
56980 52
56981 49
56982 37
56983 26
56984 30
56985 37
56986 55
56987 64
56988 63
56989 62
56990 73
56991 69
56992 55
56993 57
56994 59
56995 61
56996 61
56997 61
56998 57
56999 50
57000 48
57001 45
57002 47
57003 62
57004 57
57005 51
57006 48
57007 54
57008 61
57009 68
57010 64
57011 71
57012 75
57013 59
57014 58
57015 56
57016 63
57017 49
57018 43
57019 39
57020 35
57021 48
57022 62
57023 59
57024 55
57025 63
57026 65
57027 55
57028 38
57029 51
57030 59
57031 57
57032 54
57033 63
57034 62
57035 61
57036 57
57037 59
57038 54
57039 56
57040 63
57041 56
57042 57
57043 63
57044 68
57045 59
57046 50
57047 62
57048 59
57049 56
57050 49
57051 59
57052 65
57053 69
57054 64
57055 73
57056 67
57057 61
57058 54
57059 61
57060 51
57061 33
57062 32
57063 46
57064 62
57065 65
57066 65
57067 65
57068 62
57069 61
57070 58
57071 54
57072 52
57073 51
57074 47
57075 50
57076 57
57077 55
57078 65
57079 62
57080 64
57081 63
57082 63
57083 62
57084 66
57085 63
57086 55
57087 58
57088 61
57089 64
57090 65
57091 71
57092 72
57093 64
57094 69
57095 67
57096 56
57097 47
57098 42
57099 51
57100 71
57101 66
57102 74
57103 67
57104 59
57105 53
57106 60
57107 57
57108 56
57109 39
57110 52
57111 64
57112 71
57113 77
57114 64
57115 61
57116 56
57117 68
57118 66
57119 61
57120 54
57121 62
57122 62
57123 62
57124 62
57125 61
57126 71
57127 62
57128 67
57129 71
57130 65
57131 64
57132 69
57133 68
57134 61
57135 66
57136 59
57137 67
57138 67
57139 61
57140 61
57141 56
57142 66
57143 74
57144 62
57145 61
57146 62
57147 59
57148 65
57149 66
57150 61
57151 59
57152 49
57153 65
57154 65
57155 56
57156 55
57157 62
57158 61
57159 59
57160 58
57161 66
57162 75
57163 75
57164 61
57165 60
57166 62
57167 44
57168 38
57169 42
57170 47
57171 40
57172 43
57173 50
57174 60
57175 59
57176 70
57177 61
57178 61
57179 67
57180 55
57181 46
57182 52
57183 47
57184 53
57185 63
57186 53
57187 47
57188 58
57189 64
57190 58
57191 60
57192 54
57193 61
57194 63
57195 64
57196 65
57197 65
57198 54
57199 59
57200 46
57201 55
57202 71
57203 69
57204 57
57205 55
57206 64
57207 70
57208 52
57209 58
57210 58
57211 57
57212 54
57213 50
57214 57
57215 57
57216 50
57217 60
57218 47
57219 57
57220 59
57221 60
57222 52
57223 54
57224 51
57225 69
57226 54
57227 45
57228 50
57229 66
57230 85
57231 80
57232 72
57233 73
57234 71
57235 51
57236 52
57237 64
57238 61
57239 61
57240 53
57241 66
57242 65
57243 63
57244 58
57245 43
57246 47
57247 56
57248 71
57249 67
57250 68
57251 71
57252 62
57253 52
57254 58
57255 58
57256 57
57257 61
57258 65
57259 57
57260 51
57261 71
57262 61
57263 66
57264 67
57265 68
57266 52
57267 45
57268 61
57269 59
57270 57
57271 59
57272 67
57273 55
57274 58
57275 59
57276 65
57277 60
57278 55
57279 56
57280 58
57281 63
57282 63
57283 68
57284 63
57285 63
57286 70
57287 54
57288 61
57289 59
57290 58
57291 64
57292 66
57293 54
57294 57
57295 61
57296 49
57297 57
57298 58
57299 48
57300 43
57301 44
57302 57
57303 59
57304 56
57305 62
57306 51
57307 41
57308 46
57309 47
57310 49
57311 50
57312 59
57313 65
57314 59
57315 56
57316 71
57317 64
57318 65
57319 60
57320 49
57321 57
57322 65
57323 62
57324 65
57325 62
57326 68
57327 59
57328 62
57329 64
57330 50
57331 58
57332 57
57333 65
57334 52
57335 49
57336 62
57337 63
57338 70
57339 55
57340 60
57341 65
57342 62
57343 58
57344 64
57345 60
57346 48
57347 56
57348 55
57349 65
57350 62
57351 64
57352 64
57353 60
57354 58
57355 57
57356 48
57357 46
57358 54
57359 60
57360 65
57361 72
57362 65
57363 64
57364 63
57365 62
57366 63
57367 66
57368 64
57369 70
57370 73
57371 76
57372 71
57373 65
57374 59
57375 64
57376 68
57377 54
57378 59
57379 60
57380 62
57381 65
57382 67
57383 62
57384 61
57385 44
57386 60
57387 61
57388 56
57389 64
57390 54
57391 61
57392 65
57393 58
57394 57
57395 56
57396 58
57397 69
57398 70
57399 71
57400 73
57401 60
57402 62
57403 56
57404 59
57405 57
57406 65
57407 62
57408 59
57409 55
57410 57
57411 60
57412 60
57413 50
57414 51
57415 67
57416 60
57417 71
57418 69
57419 68
57420 65
57421 61
57422 60
57423 64
57424 61
57425 57
57426 61
57427 60
57428 62
57429 69
57430 62
57431 62
57432 71
57433 71
57434 64
57435 69
57436 67
57437 64
57438 62
57439 57
57440 45
57441 52
57442 51
57443 60
57444 50
57445 44
57446 60
57447 52
57448 58
57449 67
57450 68
57451 62
57452 54
57453 57
57454 52
57455 53
57456 58
57457 59
57458 61
57459 54
57460 66
57461 57
57462 52
57463 60
57464 57
57465 52
57466 50
57467 66
57468 68
57469 55
57470 62
57471 66
57472 56
57473 64
57474 59
57475 60
57476 59
57477 49
57478 56
57479 57
57480 62
57481 59
57482 62
57483 62
57484 60
57485 54
57486 55
57487 65
57488 68
57489 65
57490 55
57491 53
57492 63
57493 69
57494 55
57495 61
57496 63
57497 59
57498 69
57499 64
57500 65
57501 58
57502 52
57503 52
57504 65
57505 63
57506 66
57507 61
57508 65
57509 62
57510 60
57511 69
57512 67
57513 63
57514 61
57515 68
57516 54
57517 57
57518 57
57519 58
57520 57
57521 62
57522 61
57523 60
57524 74
57525 64
57526 60
57527 54
57528 56
57529 60
57530 74
57531 64
57532 73
57533 56
57534 69
57535 72
57536 61
57537 60
57538 57
57539 58
57540 61
57541 67
57542 58
57543 60
57544 58
57545 64
57546 73
57547 70
57548 63
57549 52
57550 38
57551 50
57552 51
57553 53
57554 59
57555 58
57556 53
57557 62
57558 55
57559 50
57560 39
57561 49
57562 50
57563 66
57564 62
57565 54
57566 52
57567 51
57568 52
57569 63
57570 57
57571 64
57572 58
57573 62
57574 64
57575 67
57576 58
57577 62
57578 74
57579 58
57580 61
57581 49
57582 63
57583 57
57584 55
57585 47
57586 54
57587 48
57588 50
57589 51
57590 55
57591 58
57592 65
57593 67
57594 70
57595 61
57596 55
57597 57
57598 65
57599 59
57600 58
57601 63
57602 79
57603 68
57604 65
57605 49
57606 51
57607 60
57608 59
57609 62
57610 68
57611 76
57612 75
57613 64
57614 64
57615 59
57616 61
57617 63
57618 53
57619 59
57620 47
57621 63
57622 54
57623 56
57624 57
57625 49
57626 48
57627 41
57628 59
57629 61
57630 54
57631 65
57632 82
57633 72
57634 65
57635 64
57636 56
57637 58
57638 59
57639 54
57640 53
57641 71
57642 69
57643 63
57644 58
57645 55
57646 71
57647 57
57648 55
57649 54
57650 57
57651 62
57652 61
57653 52
57654 58
57655 64
57656 72
57657 58
57658 55
57659 57
57660 58
57661 60
57662 58
57663 69
57664 78
57665 61
57666 57
57667 54
57668 56
57669 57
57670 49
57671 64
57672 56
57673 55
57674 53
57675 64
57676 62
57677 44
57678 42
57679 53
57680 52
57681 70
57682 69
57683 54
57684 53
57685 58
57686 62
57687 63
57688 64
57689 61
57690 71
57691 59
57692 57
57693 65
57694 64
57695 68
57696 70
57697 69
57698 56
57699 68
57700 55
57701 71
57702 65
57703 59
57704 67
57705 65
57706 60
57707 62
57708 55
57709 57
57710 58
57711 54
57712 58
57713 62
57714 61
57715 67
57716 61
57717 50
57718 60
57719 63
57720 60
57721 61
57722 65
57723 62
57724 59
57725 52
57726 64
57727 63
57728 61
57729 72
57730 74
57731 65
57732 55
57733 59
57734 75
57735 60
57736 54
57737 60
57738 60
57739 65
57740 61
57741 57
57742 70
57743 60
57744 58
57745 49
57746 51
57747 64
57748 66
57749 71
57750 70
57751 62
57752 54
57753 59
57754 55
57755 68
57756 70
57757 59
57758 50
57759 52
57760 59
57761 56
57762 46
57763 64
57764 68
57765 66
57766 58
57767 57
57768 60
57769 63
57770 65
57771 73
57772 69
57773 63
57774 55
57775 53
57776 57
57777 57
57778 54
57779 68
57780 62
57781 64
57782 64
57783 58
57784 53
57785 55
57786 66
57787 57
57788 46
57789 48
57790 42
57791 47
57792 58
57793 63
57794 62
57795 59
57796 48
57797 45
57798 53
57799 70
57800 70
57801 58
57802 62
57803 59
57804 54
57805 56
57806 58
57807 58
57808 53
57809 64
57810 67
57811 58
57812 47
57813 50
57814 51
57815 58
57816 47
57817 51
57818 57
57819 58
57820 63
57821 50
57822 55
57823 62
57824 55
57825 51
57826 51
57827 48
57828 62
57829 60
57830 51
57831 60
57832 62
57833 46
57834 38
57835 48
57836 65
57837 59
57838 60
57839 55
57840 58
57841 50
57842 54
57843 71
57844 66
57845 69
57846 64
57847 57
57848 58
57849 54
57850 55
57851 58
57852 54
57853 52
57854 63
57855 55
57856 66
57857 65
57858 61
57859 60
57860 54
57861 43
57862 39
57863 50
57864 62
57865 64
57866 63
57867 67
57868 55
57869 60
57870 63
57871 52
57872 49
57873 55
57874 60
57875 61
57876 59
57877 67
57878 64
57879 48
57880 55
57881 63
57882 64
57883 53
57884 48
57885 56
57886 65
57887 51
57888 59
57889 60
57890 67
57891 51
57892 48
57893 65
57894 53
57895 54
57896 46
57897 64
57898 55
57899 53
57900 42
57901 58
57902 60
57903 57
57904 41
57905 35
57906 32
57907 33
57908 45
57909 52
57910 56
57911 64
57912 61
57913 65
57914 62
57915 60
57916 58
57917 58
57918 60
57919 60
57920 59
57921 63
57922 63
57923 62
57924 60
57925 50
57926 54
57927 47
57928 55
57929 65
57930 64
57931 68
57932 53
57933 43
57934 41
57935 42
57936 51
57937 61
57938 57
57939 57
57940 60
57941 64
57942 66
57943 61
57944 55
57945 60
57946 58
57947 55
57948 56
57949 63
57950 61
57951 58
57952 65
57953 58
57954 53
57955 64
57956 68
57957 62
57958 68
57959 68
57960 70
57961 57
57962 62
57963 68
57964 65
57965 67
57966 72
57967 65
57968 60
57969 50
57970 56
57971 64
57972 62
57973 48
57974 62
57975 57
57976 59
57977 52
57978 55
57979 57
57980 65
57981 66
57982 60
57983 56
57984 64
57985 65
57986 58
57987 49
57988 43
57989 43
57990 59
57991 59
57992 72
57993 61
57994 59
57995 54
57996 52
57997 54
57998 69
57999 68
58000 54
58001 63
58002 66
58003 55
58004 60
58005 61
58006 61
58007 69
58008 52
58009 67
58010 56
58011 72
58012 67
58013 63
58014 58
58015 48
58016 44
58017 43
58018 55
58019 64
58020 53
58021 66
58022 61
58023 53
58024 63
58025 60
58026 65
58027 62
58028 57
58029 59
58030 60
58031 53
58032 59
58033 57
58034 54
58035 61
58036 58
58037 56
58038 42
58039 55
58040 54
58041 65
58042 75
58043 63
58044 51
58045 36
58046 40
58047 44
58048 59
58049 55
58050 52
58051 59
58052 59
58053 48
58054 58
58055 45
58056 56
58057 58
58058 61
58059 71
58060 68
58061 64
58062 72
58063 68
58064 64
58065 63
58066 66
58067 59
58068 61
58069 45
58070 47
58071 54
58072 47
58073 55
58074 56
58075 58
58076 64
58077 56
58078 58
58079 54
58080 51
58081 67
58082 70
58083 66
58084 64
58085 62
58086 68
58087 62
58088 60
58089 73
58090 75
58091 62
58092 51
58093 64
58094 59
58095 64
58096 73
58097 60
58098 57
58099 58
58100 66
58101 65
58102 63
58103 67
58104 50
58105 55
58106 54
58107 63
58108 59
58109 57
58110 55
58111 58
58112 54
58113 50
58114 62
58115 71
58116 66
58117 50
58118 58
58119 57
58120 59
58121 63
58122 63
58123 65
58124 69
58125 58
58126 52
58127 55
58128 45
58129 56
58130 65
58131 61
58132 76
58133 73
58134 60
58135 73
58136 77
58137 66
58138 58
58139 50
58140 46
58141 53
58142 63
58143 61
58144 57
58145 57
58146 60
58147 64
58148 58
58149 56
58150 65
58151 66
58152 58
58153 66
58154 57
58155 62
58156 53
58157 54
58158 56
58159 60
58160 57
58161 61
58162 67
58163 69
58164 60
58165 65
58166 61
58167 42
58168 30
58169 27
58170 41
58171 54
58172 62
58173 60
58174 58
58175 44
58176 57
58177 44
58178 60
58179 50
58180 59
58181 61
58182 63
58183 63
58184 75
58185 63
58186 44
58187 53
58188 60
58189 49
58190 56
58191 59
58192 60
58193 55
58194 53
58195 43
58196 49
58197 53
58198 50
58199 58
58200 57
58201 66
58202 73
58203 61
58204 64
58205 84
58206 76
58207 68
58208 58
58209 67
58210 75
58211 59
58212 56
58213 61
58214 66
58215 57
58216 58
58217 59
58218 52
58219 35
58220 36
58221 37
58222 51
58223 62
58224 65
58225 52
58226 63
58227 66
58228 59
58229 60
58230 42
58231 49
58232 60
58233 63
58234 52
58235 59
58236 65
58237 67
58238 58
58239 48
58240 57
58241 72
58242 59
58243 65
58244 72
58245 56
58246 46
58247 51
58248 59
58249 60
58250 62
58251 61
58252 53
58253 54
58254 45
58255 47
58256 54
58257 58
58258 59
58259 66
58260 67
58261 64
58262 57
58263 54
58264 55
58265 54
58266 59
58267 53
58268 52
58269 59
58270 62
58271 66
58272 60
58273 50
58274 59
58275 64
58276 53
58277 57
58278 55
58279 59
58280 55
58281 64
58282 73
58283 69
58284 62
58285 64
58286 62
58287 69
58288 56
58289 54
58290 57
58291 52
58292 53
58293 59
58294 66
58295 62
58296 56
58297 58
58298 56
58299 60
58300 58
58301 61
58302 60
58303 69
58304 68
58305 65
58306 66
58307 59
58308 56
58309 75
58310 68
58311 60
58312 62
58313 57
58314 65
58315 59
58316 58
58317 46
58318 51
58319 52
58320 71
58321 55
58322 61
58323 60
58324 61
58325 61
58326 66
58327 58
58328 55
58329 53
58330 57
58331 54
58332 56
58333 57
58334 59
58335 61
58336 68
58337 59
58338 56
58339 60
58340 62
58341 67
58342 74
58343 62
58344 68
58345 69
58346 62
58347 69
58348 73
58349 63
58350 62
58351 55
58352 54
58353 62
58354 64
58355 63
58356 64
58357 66
58358 58
58359 63
58360 57
58361 67
58362 55
58363 56
58364 65
58365 63
58366 51
58367 52
58368 69
58369 58
58370 50
58371 39
58372 52
58373 64
58374 58
58375 57
58376 60
58377 60
58378 63
58379 68
58380 57
58381 55
58382 58
58383 68
58384 63
58385 70
58386 64
58387 60
58388 60
58389 50
58390 56
58391 62
58392 55
58393 54
58394 56
58395 58
58396 53
58397 50
58398 56
58399 38
58400 45
58401 58
58402 64
58403 62
58404 71
58405 65
58406 69
58407 64
58408 51
58409 55
58410 61
58411 58
58412 56
58413 57
58414 63
58415 61
58416 54
58417 50
58418 53
58419 56
58420 58
58421 71
58422 56
58423 67
58424 60
58425 58
58426 71
58427 73
58428 70
58429 67
58430 64
58431 56
58432 70
58433 65
58434 56
58435 57
58436 56
58437 61
58438 66
58439 57
58440 58
58441 60
58442 57
58443 61
58444 48
58445 58
58446 60
58447 66
58448 60
58449 58
58450 64
58451 70
58452 69
58453 64
58454 72
58455 64
58456 55
58457 63
58458 63
58459 65
58460 75
58461 67
58462 55
58463 57
58464 57
58465 55
58466 59
58467 54
58468 48
58469 52
58470 58
58471 70
58472 61
58473 63
58474 59
58475 60
58476 62
58477 57
58478 57
58479 62
58480 63
58481 73
58482 70
58483 78
58484 77
58485 63
58486 65
58487 59
58488 46
58489 60
58490 75
58491 61
58492 73
58493 64
58494 62
58495 67
58496 54
58497 58
58498 61
58499 61
58500 62
58501 51
58502 53
58503 50
58504 59
58505 58
58506 64
58507 53
58508 64
58509 68
58510 65
58511 60
58512 49
58513 37
58514 51
58515 50
58516 53
58517 50
58518 48
58519 53
58520 58
58521 72
58522 60
58523 53
58524 49
58525 54
58526 48
58527 61
58528 52
58529 58
58530 65
58531 64
58532 63
58533 60
58534 70
58535 66
58536 54
58537 50
58538 57
58539 55
58540 67
58541 72
58542 74
58543 63
58544 72
58545 69
58546 68
58547 67
58548 63
58549 61
58550 71
58551 73
58552 78
58553 68
58554 61
58555 53
58556 54
58557 40
58558 44
58559 51
58560 56
58561 60
58562 61
58563 65
58564 51
58565 62
58566 66
58567 50
58568 49
58569 51
58570 54
58571 55
58572 69
58573 68
58574 68
58575 51
58576 59
58577 68
58578 66
58579 60
58580 57
58581 65
58582 79
58583 61
58584 60
58585 60
58586 61
58587 51
58588 59
58589 67
58590 59
58591 58
58592 57
58593 56
58594 55
58595 63
58596 46
58597 39
58598 56
58599 59
58600 59
58601 57
58602 47
58603 58
58604 66
58605 55
58606 46
58607 54
58608 58
58609 63
58610 66
58611 68
58612 60
58613 54
58614 58
58615 52
58616 57
58617 58
58618 55
58619 61
58620 51
58621 62
58622 71
58623 61
58624 65
58625 57
58626 63
58627 51
58628 47
58629 56
58630 49
58631 40
58632 41
58633 57
58634 53
58635 59
58636 59
58637 60
58638 55
58639 69
58640 68
58641 66
58642 75
58643 62
58644 67
58645 56
58646 54
58647 69
58648 65
58649 62
58650 63
58651 63
58652 64
58653 65
58654 61
58655 59
58656 61
58657 61
58658 62
58659 57
58660 56
58661 68
58662 76
58663 58
58664 50
58665 47
58666 55
58667 71
58668 72
58669 73
58670 68
58671 62
58672 57
58673 68
58674 49
58675 55
58676 57
58677 60
58678 64
58679 60
58680 63
58681 55
58682 52
58683 54
58684 63
58685 58
58686 56
58687 56
58688 62
58689 51
58690 61
58691 59
58692 55
58693 59
58694 59
58695 63
58696 55
58697 57
58698 60
58699 63
58700 62
58701 59
58702 60
58703 56
58704 59
58705 55
58706 44
58707 59
58708 60
58709 52
58710 57
58711 64
58712 61
58713 49
58714 43
58715 60
58716 61
58717 53
58718 55
58719 68
58720 72
58721 63
58722 71
58723 67
58724 71
58725 65
58726 63
58727 60
58728 59
58729 54
58730 59
58731 72
58732 68
58733 53
58734 51
58735 44
58736 52
58737 59
58738 50
58739 49
58740 47
58741 44
58742 46
58743 55
58744 60
58745 67
58746 66
58747 55
58748 61
58749 60
58750 47
58751 49
58752 56
58753 62
58754 49
58755 54
58756 64
58757 47
58758 41
58759 60
58760 53
58761 53
58762 68
58763 70
58764 78
58765 68
58766 70
58767 53
58768 44
58769 41
58770 43
58771 63
58772 59
58773 62
58774 70
58775 68
58776 76
58777 66
58778 57
58779 63
58780 68
58781 58
58782 66
58783 60
58784 53
58785 66
58786 62
58787 57
58788 58
58789 68
58790 63
58791 55
58792 51
58793 67
58794 69
58795 59
58796 53
58797 48
58798 60
58799 59
58800 58
58801 57
58802 59
58803 49
58804 47
58805 46
58806 63
58807 72
58808 54
58809 52
58810 61
58811 55
58812 49
58813 46
58814 60
58815 63
58816 73
58817 60
58818 58
58819 47
58820 57
58821 67
58822 62
58823 59
58824 64
58825 63
58826 59
58827 69
58828 61
58829 42
58830 62
58831 70
58832 68
58833 62
58834 65
58835 71
58836 63
58837 56
58838 55
58839 60
58840 47
58841 52
58842 64
58843 55
58844 63
58845 70
58846 72
58847 60
58848 60
58849 69
58850 62
58851 64
58852 58
58853 40
58854 46
58855 50
58856 69
58857 60
58858 59
58859 54
58860 67
58861 67
58862 60
58863 52
58864 56
58865 67
58866 63
58867 66
58868 54
58869 63
58870 62
58871 67
58872 69
58873 61
58874 70
58875 60
58876 65
58877 51
58878 55
58879 58
58880 60
58881 66
58882 62
58883 64
58884 65
58885 63
58886 62
58887 70
58888 59
58889 67
58890 64
58891 52
58892 51
58893 59
58894 62
58895 68
58896 69
58897 57
58898 59
58899 57
58900 61
58901 58
58902 46
58903 50
58904 56
58905 48
58906 39
58907 43
58908 58
58909 72
58910 64
58911 54
58912 57
58913 55
58914 59
58915 64
58916 66
58917 60
58918 63
58919 61
58920 59
58921 69
58922 51
58923 55
58924 60
58925 64
58926 57
58927 63
58928 66
58929 49
58930 56
58931 54
58932 57
58933 57
58934 63
58935 76
58936 60
58937 59
58938 64
58939 60
58940 61
58941 53
58942 60
58943 69
58944 79
58945 65
58946 58
58947 75
58948 58
58949 51
58950 47
58951 52
58952 55
58953 56
58954 62
58955 62
58956 56
58957 57
58958 59
58959 57
58960 65
58961 60
58962 62
58963 60
58964 58
58965 53
58966 58
58967 41
58968 50
58969 62
58970 57
58971 62
58972 55
58973 60
58974 53
58975 49
58976 54
58977 55
58978 51
58979 65
58980 70
58981 54
58982 54
58983 53
58984 52
58985 54
58986 66
58987 61
58988 64
58989 58
58990 52
58991 55
58992 56
58993 60
58994 57
58995 59
58996 48
58997 50
58998 49
58999 65
59000 71
59001 60
59002 53
59003 59
59004 60
59005 71
59006 73
59007 64
59008 67
59009 66
59010 63
59011 67
59012 60
59013 47
59014 50
59015 63
59016 64
59017 73
59018 69
59019 65
59020 61
59021 56
59022 64
59023 51
59024 53
59025 66
59026 63
59027 60
59028 55
59029 60
59030 54
59031 62
59032 58
59033 57
59034 59
59035 67
59036 74
59037 63
59038 61
59039 61
59040 62
59041 62
59042 61
59043 63
59044 76
59045 64
59046 65
59047 59
59048 56
59049 53
59050 50
59051 63
59052 57
59053 67
59054 65
59055 61
59056 63
59057 68
59058 73
59059 69
59060 66
59061 58
59062 54
59063 55
59064 59
59065 53
59066 57
59067 58
59068 65
59069 61
59070 74
59071 76
59072 70
59073 63
59074 68
59075 71
59076 63
59077 65
59078 64
59079 73
59080 66
59081 68
59082 71
59083 71
59084 58
59085 46
59086 57
59087 62
59088 61
59089 68
59090 60
59091 52
59092 67
59093 62
59094 60
59095 60
59096 49
59097 55
59098 57
59099 52
59100 46
59101 54
59102 57
59103 45
59104 65
59105 57
59106 54
59107 49
59108 44
59109 47
59110 65
59111 64
59112 71
59113 73
59114 63
59115 52
59116 47
59117 40
59118 52
59119 59
59120 56
59121 57
59122 56
59123 64
59124 68
59125 60
59126 73
59127 63
59128 61
59129 58
59130 52
59131 57
59132 60
59133 68
59134 61
59135 59
59136 64
59137 50
59138 52
59139 50
59140 52
59141 55
59142 60
59143 55
59144 64
59145 56
59146 69
59147 67
59148 82
59149 69
59150 69
59151 63
59152 62
59153 50
59154 49
59155 51
59156 52
59157 55
59158 60
59159 62
59160 67
59161 64
59162 56
59163 61
59164 60
59165 48
59166 53
59167 58
59168 54
59169 60
59170 59
59171 64
59172 70
59173 63
59174 69
59175 61
59176 53
59177 42
59178 38
59179 55
59180 59
59181 61
59182 60
59183 60
59184 45
59185 52
59186 50
59187 56
59188 64
59189 60
59190 57
59191 70
59192 67
59193 57
59194 47
59195 66
59196 63
59197 76
59198 66
59199 64
59200 69
59201 63
59202 63
59203 57
59204 53
59205 55
59206 56
59207 53
59208 50
59209 56
59210 56
59211 57
59212 63
59213 58
59214 61
59215 63
59216 68
59217 56
59218 55
59219 64
59220 61
59221 55
59222 62
59223 63
59224 52
59225 67
59226 62
59227 58
59228 61
59229 63
59230 67
59231 48
59232 59
59233 53
59234 54
59235 50
59236 49
59237 50
59238 63
59239 68
59240 59
59241 57
59242 59
59243 74
59244 72
59245 76
59246 68
59247 65
59248 69
59249 66
59250 58
59251 52
59252 57
59253 63
59254 63
59255 59
59256 62
59257 65
59258 62
59259 67
59260 65
59261 59
59262 66
59263 62
59264 63
59265 51
59266 52
59267 61
59268 60
59269 54
59270 55
59271 70
59272 61
59273 56
59274 65
59275 61
59276 64
59277 50
59278 52
59279 51
59280 46
59281 55
59282 54
59283 50
59284 48
59285 60
59286 67
59287 64
59288 68
59289 73
59290 69
59291 66
59292 67
59293 66
59294 63
59295 64
59296 61
59297 56
59298 42
59299 48
59300 57
59301 66
59302 54
59303 64
59304 64
59305 61
59306 53
59307 56
59308 58
59309 62
59310 50
59311 54
59312 54
59313 61
59314 67
59315 64
59316 64
59317 62
59318 67
59319 68
59320 52
59321 49
59322 55
59323 64
59324 66
59325 68
59326 56
59327 57
59328 56
59329 61
59330 62
59331 51
59332 47
59333 61
59334 56
59335 50
59336 61
59337 71
59338 74
59339 68
59340 59
59341 63
59342 65
59343 54
59344 64
59345 59
59346 62
59347 50
59348 60
59349 56
59350 61
59351 61
59352 57
59353 61
59354 65
59355 77
59356 64
59357 58
59358 61
59359 54
59360 67
59361 65
59362 71
59363 61
59364 58
59365 64
59366 66
59367 61
59368 61
59369 61
59370 61
59371 51
59372 53
59373 55
59374 64
59375 58
59376 38
59377 47
59378 51
59379 54
59380 54
59381 58
59382 66
59383 66
59384 73
59385 73
59386 68
59387 55
59388 55
59389 66
59390 53
59391 61
59392 51
59393 61
59394 60
59395 63
59396 74
59397 79
59398 70
59399 76
59400 57
59401 62
59402 70
59403 61
59404 71
59405 65
59406 58
59407 48
59408 57
59409 66
59410 63
59411 52
59412 41
59413 42
59414 45
59415 46
59416 49
59417 56
59418 74
59419 76
59420 69
59421 59
59422 60
59423 59
59424 60
59425 61
59426 62
59427 64
59428 56
59429 47
59430 53
59431 50
59432 56
59433 74
59434 54
59435 57
59436 59
59437 66
59438 61
59439 61
59440 54
59441 56
59442 59
59443 60
59444 73
59445 62
59446 66
59447 69
59448 63
59449 63
59450 67
59451 58
59452 55
59453 54
59454 55
59455 60
59456 67
59457 68
59458 57
59459 69
59460 68
59461 65
59462 71
59463 55
59464 50
59465 52
59466 57
59467 64
59468 71
59469 72
59470 60
59471 57
59472 63
59473 65
59474 61
59475 72
59476 58
59477 57
59478 57
59479 73
59480 62
59481 58
59482 56
59483 59
59484 50
59485 57
59486 55
59487 62
59488 63
59489 69
59490 68
59491 56
59492 72
59493 61
59494 53
59495 54
59496 49
59497 53
59498 67
59499 73
59500 64
59501 45
59502 44
59503 57
59504 60
59505 56
59506 57
59507 56
59508 55
59509 57
59510 59
59511 41
59512 33
59513 35
59514 49
59515 50
59516 60
59517 67
59518 65
59519 57
59520 57
59521 64
59522 57
59523 58
59524 60
59525 63
59526 69
59527 68
59528 64
59529 71
59530 69
59531 72
59532 60
59533 69
59534 59
59535 58
59536 65
59537 62
59538 62
59539 59
59540 69
59541 68
59542 62
59543 58
59544 56
59545 55
59546 67
59547 51
59548 36
59549 20
59550 29
59551 32
59552 35
59553 50
59554 52
59555 55
59556 51
59557 61
59558 65
59559 56
59560 63
59561 68
59562 63
59563 49
59564 57
59565 45
59566 47
59567 31
59568 29
59569 31
59570 44
59571 52
59572 62
59573 63
59574 66
59575 68
59576 58
59577 53
59578 46
59579 54
59580 61
59581 59
59582 52
59583 49
59584 54
59585 57
59586 67
59587 56
59588 55
59589 54
59590 43
59591 57
59592 62
59593 49
59594 47
59595 58
59596 59
59597 57
59598 55
59599 59
59600 64
59601 65
59602 60
59603 58
59604 47
59605 65
59606 66
59607 50
59608 41
59609 57
59610 55
59611 59
59612 65
59613 63
59614 60
59615 48
59616 65
59617 68
59618 68
59619 57
59620 69
59621 58
59622 57
59623 54
59624 55
59625 62
59626 61
59627 62
59628 59
59629 64
59630 59
59631 55
59632 64
59633 77
59634 66
59635 78
59636 67
59637 57
59638 59
59639 54
59640 51
59641 57
59642 54
59643 67
59644 55
59645 71
59646 64
59647 69
59648 68
59649 56
59650 50
59651 61
59652 64
59653 72
59654 65
59655 77
59656 60
59657 57
59658 74
59659 67
59660 70
59661 63
59662 64
59663 57
59664 57
59665 63
59666 67
59667 55
59668 54
59669 49
59670 52
59671 66
59672 63
59673 65
59674 62
59675 53
59676 53
59677 48
59678 46
59679 65
59680 64
59681 59
59682 56
59683 57
59684 58
59685 62
59686 55
59687 64
59688 59
59689 61
59690 79
59691 73
59692 66
59693 66
59694 60
59695 59
59696 69
59697 55
59698 51
59699 47
59700 38
59701 43
59702 50
59703 51
59704 62
59705 51
59706 49
59707 41
59708 55
59709 63
59710 63
59711 63
59712 58
59713 53
59714 62
59715 64
59716 57
59717 59
59718 61
59719 64
59720 54
59721 51
59722 70
59723 69
59724 64
59725 51
59726 49
59727 53
59728 62
59729 62
59730 64
59731 66
59732 69
59733 61
59734 53
59735 60
59736 51
59737 67
59738 61
59739 60
59740 59
59741 53
59742 68
59743 67
59744 65
59745 59
59746 58
59747 56
59748 55
59749 40
59750 49
59751 53
59752 44
59753 37
59754 42
59755 48
59756 56
59757 53
59758 57
59759 62
59760 59
59761 61
59762 60
59763 61
59764 50
59765 52
59766 58
59767 59
59768 68
59769 62
59770 65
59771 61
59772 70
59773 64
59774 53
59775 54
59776 56
59777 57
59778 69
59779 68
59780 59
59781 67
59782 47
59783 32
59784 31
59785 45
59786 54
59787 63
59788 49
59789 61
59790 61
59791 54
59792 73
59793 63
59794 58
59795 57
59796 63
59797 55
59798 56
59799 59
59800 65
59801 76
59802 67
59803 47
59804 50
59805 56
59806 69
59807 68
59808 59
59809 65
59810 68
59811 64
59812 63
59813 59
59814 60
59815 56
59816 59
59817 66
59818 72
59819 59
59820 66
59821 67
59822 70
59823 58
59824 64
59825 72
59826 68
59827 59
59828 49
59829 59
59830 56
59831 63
59832 56
59833 69
59834 73
59835 69
59836 63
59837 58
59838 54
59839 58
59840 56
59841 61
59842 60
59843 46
59844 50
59845 30
59846 50
59847 67
59848 69
59849 60
59850 59
59851 51
59852 50
59853 61
59854 59
59855 63
59856 54
59857 63
59858 66
59859 66
59860 62
59861 63
59862 61
59863 69
59864 64
59865 50
59866 58
59867 68
59868 59
59869 64
59870 68
59871 74
59872 74
59873 69
59874 73
59875 63
59876 56
59877 62
59878 62
59879 50
59880 67
59881 68
59882 75
59883 67
59884 57
59885 52
59886 53
59887 57
59888 66
59889 58
59890 56
59891 68
59892 58
59893 58
59894 60
59895 65
59896 57
59897 61
59898 56
59899 62
59900 57
59901 64
59902 66
59903 51
59904 53
59905 46
59906 62
59907 66
59908 56
59909 62
59910 56
59911 70
59912 51
59913 43
59914 41
59915 48
59916 54
59917 52
59918 41
59919 47
59920 60
59921 59
59922 72
59923 61
59924 62
59925 64
59926 57
59927 59
59928 54
59929 53
59930 63
59931 61
59932 71
59933 65
59934 66
59935 70
59936 60
59937 54
59938 59
59939 62
59940 59
59941 54
59942 42
59943 39
59944 37
59945 53
59946 58
59947 64
59948 62
59949 65
59950 61
59951 46
59952 47
59953 51
59954 56
59955 66
59956 57
59957 64
59958 59
59959 67
59960 62
59961 60
59962 59
59963 60
59964 58
59965 53
59966 60
59967 57
59968 63
59969 66
59970 61
59971 67
59972 68
59973 63
59974 61
59975 57
59976 47
59977 59
59978 53
59979 57
59980 57
59981 61
59982 54
59983 42
59984 47
59985 58
59986 77
59987 63
59988 71
59989 61
59990 57
59991 58
59992 64
59993 56
59994 59
59995 59
59996 60
59997 64
59998 63
59999 62
60000 60
60001 50
60002 56
60003 62
60004 60
60005 77
60006 61
60007 68
60008 72
60009 60
60010 58
60011 58
60012 59
60013 65
60014 69
60015 81
60016 73
60017 64
60018 66
60019 65
60020 68
60021 69
60022 63
60023 61
60024 64
60025 68
60026 70
60027 62
60028 68
60029 59
60030 65
60031 58
60032 72
60033 70
60034 60
60035 59
60036 47
60037 43
60038 47
60039 61
60040 67
60041 62
60042 59
60043 56
60044 54
60045 65
60046 58
60047 54
60048 67
60049 68
60050 54
60051 57
60052 60
60053 56
60054 53
60055 55
60056 67
60057 55
60058 75
60059 67
60060 67
60061 62
60062 54
60063 64
60064 65
60065 55
60066 59
60067 56
60068 55
60069 62
60070 62
60071 70
60072 67
60073 60
60074 64
60075 54
60076 67
60077 67
60078 61
60079 57
60080 58
60081 48
60082 54
60083 45
60084 61
60085 60
60086 64
60087 49
60088 61
60089 57
60090 63
60091 62
60092 64
60093 75
60094 64
60095 63
60096 59
60097 50
60098 57
60099 59
60100 62
60101 72
60102 62
60103 53
60104 68
60105 56
60106 55
60107 51
60108 61
60109 60
60110 61
60111 58
60112 58
60113 64
60114 58
60115 55
60116 58
60117 61
60118 65
60119 63
60120 46
60121 62
60122 64
60123 58
60124 61
60125 71
60126 66
60127 75
60128 56
60129 45
60130 36
60131 52
60132 60
60133 59
60134 45
60135 55
60136 50
60137 57
60138 64
60139 60
60140 63
60141 60
60142 55
60143 59
60144 59
60145 57
60146 59
60147 52
60148 58
60149 53
60150 61
60151 55
60152 56
60153 49
60154 59
60155 52
60156 36
60157 37
60158 48
60159 59
60160 67
60161 58
60162 64
60163 64
60164 58
60165 62
60166 64
60167 66
60168 52
60169 42
60170 47
60171 61
60172 60
60173 58
60174 51
60175 57
60176 63
60177 65
60178 60
60179 57
60180 70
60181 78
60182 67
60183 48
60184 61
60185 60
60186 59
60187 63
60188 60
60189 61
60190 61
60191 69
60192 68
60193 56
60194 52
60195 52
60196 54
60197 68
60198 61
60199 53
60200 54
60201 64
60202 68
60203 55
60204 65
60205 73
60206 69
60207 62
60208 65
60209 65
60210 57
60211 48
60212 52
60213 61
60214 57
60215 66
60216 52
60217 64
60218 65
60219 51
60220 54
60221 58
60222 57
60223 58
60224 62
60225 57
60226 69
60227 67
60228 64
60229 61
60230 62
60231 59
60232 66
60233 50
60234 60
60235 65
60236 71
60237 57
60238 54
60239 49
60240 55
60241 60
60242 69
60243 51
60244 58
60245 56
60246 66
60247 61
60248 56
60249 55
60250 59
60251 67
60252 55
60253 60
60254 59
60255 66
60256 59
60257 56
60258 57
60259 57
60260 49
60261 36
60262 53
60263 54
60264 57
60265 63
60266 66
60267 66
60268 67
60269 69
60270 60
60271 60
60272 57
60273 60
60274 62
60275 61
60276 56
60277 59
60278 69
60279 60
60280 55
60281 65
60282 59
60283 63
60284 52
60285 50
60286 51
60287 61
60288 62
60289 57
60290 64
60291 67
60292 66
60293 58
60294 57
60295 51
60296 51
60297 48
60298 58
60299 52
60300 57
60301 49
60302 45
60303 63
60304 65
60305 65
60306 51
60307 53
60308 51
60309 62
60310 61
60311 51
60312 55
60313 63
60314 60
60315 60
60316 63
60317 62
60318 68
60319 73
60320 71
60321 69
60322 62
60323 61
60324 59
60325 58
60326 44
60327 51
60328 62
60329 65
60330 65
60331 71
60332 66
60333 63
60334 56
60335 63
60336 54
60337 53
60338 60
60339 70
60340 55
60341 65
60342 58
60343 66
60344 66
60345 62
60346 63
60347 46
60348 44
60349 56
60350 61
60351 57
60352 66
60353 64
60354 67
60355 58
60356 54
60357 58
60358 74
60359 65
60360 60
60361 70
60362 69
60363 70
60364 61
60365 63
60366 57
60367 57
60368 50
60369 42
60370 46
60371 53
60372 56
60373 46
60374 56
60375 70
60376 60
60377 67
60378 71
60379 78
60380 67
60381 55
60382 45
60383 54
60384 60
60385 65
60386 66
60387 56
60388 60
60389 65
60390 58
60391 56
60392 68
60393 64
60394 49
60395 50
60396 57
60397 68
60398 53
60399 56
60400 57
60401 65
60402 56
60403 56
60404 51
60405 68
60406 60
60407 57
60408 61
60409 76
60410 61
60411 64
60412 49
60413 58
60414 65
60415 63
60416 65
60417 65
60418 59
60419 67
60420 64
60421 65
60422 78
60423 72
60424 63
60425 68
60426 51
60427 66
60428 61
60429 63
60430 60
60431 63
60432 60
60433 60
60434 59
60435 57
60436 70
60437 63
60438 67
60439 60
60440 62
60441 70
60442 60
60443 55
60444 58
60445 68
60446 76
60447 85
60448 77
60449 72
60450 59
60451 64
60452 57
60453 64
60454 69
60455 71
60456 62
60457 54
60458 59
60459 72
60460 60
60461 61
60462 59
60463 60
60464 61
60465 63
60466 56
60467 60
60468 55
60469 53
60470 65
60471 54
60472 60
60473 50
60474 55
60475 60
60476 62
60477 56
60478 58
60479 55
60480 54
60481 60
60482 63
60483 62
60484 63
60485 73
60486 57
60487 53
60488 63
60489 55
60490 46
60491 51
60492 60
60493 65
60494 60
60495 60
60496 64
60497 66
60498 51
60499 56
60500 63
60501 60
60502 59
60503 56
60504 52
60505 46
60506 58
60507 61
60508 71
60509 65
60510 65
60511 61
60512 59
60513 61
60514 65
60515 53
60516 55
60517 61
60518 69
60519 59
60520 55
60521 58
60522 56
60523 54
60524 51
60525 57
60526 67
60527 64
60528 57
60529 66
60530 63
60531 61
60532 62
60533 61
60534 63
60535 69
60536 60
60537 45
60538 58
60539 60
60540 56
60541 61
60542 56
60543 46
60544 53
60545 57
60546 62
60547 69
60548 62
60549 59
60550 64
60551 62
60552 45
60553 63
60554 64
60555 70
60556 67
60557 58
60558 53
60559 52
60560 56
60561 47
60562 57
60563 57
60564 51
60565 60
60566 57
60567 74
60568 61
60569 51
60570 47
60571 62
60572 65
60573 63
60574 72
60575 62
60576 72
60577 58
60578 57
60579 53
60580 52
60581 57
60582 68
60583 54
60584 62
60585 68
60586 57
60587 65
60588 58
60589 67
60590 62
60591 57
60592 58
60593 61
60594 62
60595 56
60596 53
60597 41
60598 52
60599 56
60600 60
60601 57
60602 52
60603 48
60604 47
60605 51
60606 54
60607 55
60608 57
60609 56
60610 64
60611 62
60612 52
60613 56
60614 56
60615 68
60616 53
60617 62
60618 61
60619 72
60620 57
60621 67
60622 52
60623 57
60624 55
60625 48
60626 31
60627 44
60628 55
60629 44
60630 49
60631 59
60632 63
60633 76
60634 60
60635 55
60636 54
60637 47
60638 46
60639 45
60640 48
60641 64
60642 53
60643 65
60644 60
60645 59
60646 62
60647 55
60648 64
60649 61
60650 70
60651 61
60652 56
60653 67
60654 67
60655 58
60656 55
60657 50
60658 54
60659 61
60660 68
60661 66
60662 62
60663 57
60664 54
60665 51
60666 38
60667 43
60668 50
60669 53
60670 55
60671 56
60672 61
60673 55
60674 70
60675 64
60676 60
60677 63
60678 67
60679 66
60680 67
60681 60
60682 58
60683 58
60684 64
60685 69
60686 59
60687 52
60688 49
60689 38
60690 36
60691 47
60692 48
60693 54
60694 66
60695 60
60696 65
60697 60
60698 56
60699 63
60700 65
60701 60
60702 53
60703 51
60704 56
60705 63
60706 60
60707 57
60708 60
60709 63
60710 61
60711 61
60712 57
60713 43
60714 60
60715 47
60716 42
60717 49
60718 53
60719 60
60720 59
60721 67
60722 75
60723 63
60724 58
60725 49
60726 53
60727 65
60728 62
60729 66
60730 63
60731 65
60732 54
60733 57
60734 62
60735 66
60736 61
60737 71
60738 62
60739 55
60740 61
60741 62
60742 64
60743 58
60744 62
60745 60
60746 58
60747 67
60748 60
60749 51
60750 51
60751 67
60752 69
60753 60
60754 71
60755 64
60756 53
60757 62
60758 62
60759 67
60760 56
60761 48
60762 46
60763 47
60764 59
60765 66
60766 58
60767 60
60768 52
60769 55
60770 58
60771 67
60772 68
60773 64
60774 58
60775 60
60776 65
60777 64
60778 62
60779 57
60780 59
60781 60
60782 64
60783 54
60784 60
60785 57
60786 56
60787 49
60788 45
60789 54
60790 58
60791 54
60792 65
60793 51
60794 53
60795 60
60796 55
60797 41
60798 46
60799 54
60800 55
60801 57
60802 66
60803 63
60804 59
60805 71
60806 59
60807 62
60808 79
60809 68
60810 53
60811 47
60812 60
60813 68
60814 60
60815 58
60816 54
60817 52
60818 49
60819 53
60820 51
60821 60
60822 79
60823 74
60824 63
60825 59
60826 68
60827 57
60828 56
60829 49
60830 50
60831 53
60832 48
60833 53
60834 61
60835 64
60836 67
60837 60
60838 50
60839 60
60840 63
60841 65
60842 54
60843 46
60844 43
60845 57
60846 77
60847 73
60848 64
60849 61
60850 56
60851 52
60852 48
60853 47
60854 61
60855 59
60856 52
60857 57
60858 73
60859 62
60860 64
60861 62
60862 50
60863 60
60864 53
60865 50
60866 49
60867 47
60868 50
60869 57
60870 69
60871 65
60872 73
60873 68
60874 68
60875 77
60876 77
60877 62
60878 61
60879 63
60880 65
60881 48
60882 51
60883 61
60884 65
60885 63
60886 67
60887 77
60888 65
60889 63
60890 52
60891 64
60892 57
60893 67
60894 65
60895 49
60896 52
60897 54
60898 58
60899 59
60900 68
60901 56
60902 67
60903 62
60904 56
60905 59
60906 57
60907 63
60908 60
60909 71
60910 66
60911 71
60912 72
60913 61
60914 68
60915 61
60916 72
60917 55
60918 66
60919 67
60920 68
60921 58
60922 66
60923 58
60924 63
60925 65
60926 55
60927 63
60928 50
60929 44
60930 51
60931 54
60932 62
60933 68
60934 67
60935 60
60936 56
60937 57
60938 61
60939 58
60940 65
60941 53
60942 69
60943 54
60944 44
60945 53
60946 55
60947 58
60948 51
60949 53
60950 54
60951 53
60952 49
60953 58
60954 62
60955 59
60956 64
60957 65
60958 64
60959 61
60960 68
60961 67
60962 47
60963 52
60964 53
60965 43
60966 40
60967 48
60968 59
60969 62
60970 64
60971 57
60972 55
60973 59
60974 55
60975 54
60976 61
60977 57
60978 62
60979 60
60980 54
60981 53
60982 63
60983 69
60984 64
60985 59
60986 54
60987 57
60988 60
60989 65
60990 62
60991 48
60992 47
60993 34
60994 41
60995 46
60996 60
60997 61
60998 59
60999 60
61000 57
61001 63
61002 57
61003 51
61004 55
61005 62
61006 55
61007 62
61008 64
61009 57
61010 58
61011 56
61012 58
61013 42
61014 49
61015 50
61016 52
61017 61
61018 59
61019 53
61020 48
61021 57
61022 62
61023 45
61024 48
61025 52
61026 63
61027 61
61028 62
61029 73
61030 65
61031 62
61032 63
61033 65
61034 57
61035 54
61036 48
61037 56
61038 54
61039 47
61040 64
61041 58
61042 72
61043 65
61044 61
61045 59
61046 55
61047 53
61048 54
61049 63
61050 62
61051 57
61052 58
61053 57
61054 69
61055 63
61056 65
61057 61
61058 58
61059 52
61060 55
61061 52
61062 49
61063 54
61064 53
61065 45
61066 63
61067 59
61068 44
61069 34
61070 50
61071 64
61072 58
61073 71
61074 66
61075 56
61076 50
61077 59
61078 77
61079 77
61080 66
61081 60
61082 68
61083 54
61084 45
61085 62
61086 55
61087 75
61088 69
61089 67
61090 53
61091 64
61092 61
61093 55
61094 59
61095 60
61096 57
61097 59
61098 57
61099 59
61100 61
61101 63
61102 70
61103 63
61104 65
61105 64
61106 58
61107 43
61108 42
61109 41
61110 32
61111 27
61112 25
61113 24
61114 20
61115 23
61116 24
61117 41
61118 52
61119 50
61120 56
61121 59
61122 58
61123 66
61124 51
61125 56
61126 51
61127 63
61128 52
61129 65
61130 67
61131 68
61132 59
61133 57
61134 56
61135 62
61136 59
61137 52
61138 53
61139 57
61140 59
61141 59
61142 60
61143 61
61144 67
61145 64
61146 56
61147 63
61148 65
61149 62
61150 72
61151 62
61152 61
61153 56
61154 60
61155 65
61156 56
61157 53
61158 58
61159 53
61160 51
61161 54
61162 61
61163 51
61164 51
61165 61
61166 62
61167 62
61168 67
61169 68
61170 67
61171 54
61172 51
61173 49
61174 63
61175 75
61176 83
61177 67
61178 61
61179 69
61180 68
61181 63
61182 74
61183 59
61184 56
61185 62
61186 71
61187 52
61188 57
61189 66
61190 76
61191 60
61192 70
61193 63
61194 54
61195 58
61196 68
61197 70
61198 68
61199 59
61200 62
61201 64
61202 64
61203 63
61204 63
61205 54
61206 51
61207 50
61208 64
61209 59
61210 55
61211 55
61212 53
61213 55
61214 56
61215 58
61216 52
61217 51
61218 48
61219 64
61220 60
61221 75
61222 62
61223 59
61224 62
61225 59
61226 69
61227 63
61228 64
61229 57
61230 73
61231 77
61232 64
61233 68
61234 66
61235 67
61236 57
61237 70
61238 50
61239 54
61240 58
61241 55
61242 49
61243 55
61244 47
61245 56
61246 62
61247 45
61248 48
61249 62
61250 63
61251 73
61252 64
61253 58
61254 58
61255 48
61256 47
61257 45
61258 48
61259 49
61260 51
61261 57
61262 59
61263 66
61264 61
61265 58
61266 59
61267 59
61268 55
61269 53
61270 59
61271 63
61272 66
61273 60
61274 66
61275 59
61276 64
61277 70
61278 67
61279 70
61280 58
61281 38
61282 48
61283 66
61284 74
61285 75
61286 72
61287 71
61288 69
61289 62
61290 65
61291 66
61292 61
61293 48
61294 57
61295 63
61296 57
61297 52
61298 59
61299 65
61300 74
61301 60
61302 59
61303 59
61304 53
61305 59
61306 69
61307 70
61308 67
61309 65
61310 63
61311 55
61312 64
61313 67
61314 74
61315 63
61316 57
61317 65
61318 54
61319 52
61320 65
61321 60
61322 67
61323 84
61324 71
61325 60
61326 59
61327 51
61328 56
61329 64
61330 67
61331 58
61332 58
61333 58
61334 52
61335 69
61336 68
61337 67
61338 72
61339 72
61340 63
61341 68
61342 59
61343 69
61344 60
61345 54
61346 66
61347 60
61348 61
61349 66
61350 64
61351 53
61352 56
61353 60
61354 63
61355 50
61356 34
61357 51
61358 64
61359 72
61360 62
61361 56
61362 60
61363 64
61364 62
61365 56
61366 56
61367 50
61368 55
61369 63
61370 67
61371 55
61372 51
61373 68
61374 69
61375 65
61376 55
61377 67
61378 59
61379 67
61380 62
61381 60
61382 60
61383 64
61384 48
61385 63
61386 65
61387 66
61388 62
61389 55
61390 57
61391 72
61392 71
61393 69
61394 65
61395 61
61396 70
61397 71
61398 54
61399 54
61400 61
61401 55
61402 70
61403 71
61404 60
61405 57
61406 53
61407 50
61408 59
61409 69
61410 60
61411 75
61412 67
61413 58
61414 58
61415 56
61416 57
61417 61
61418 61
61419 68
61420 67
61421 57
61422 69
61423 52
61424 58
61425 64
61426 49
61427 67
61428 65
61429 59
61430 56
61431 62
61432 57
61433 68
61434 65
61435 65
61436 66
61437 81
61438 65
61439 67
61440 61
61441 63
61442 72
61443 69
61444 63
61445 54
61446 52
61447 65
61448 57
61449 53
61450 54
61451 64
61452 63
61453 57
61454 56
61455 39
61456 28
61457 41
61458 45
61459 54
61460 57
61461 66
61462 61
61463 59
61464 53
61465 50
61466 60
61467 63
61468 66
61469 56
61470 75
61471 58
61472 62
61473 61
61474 56
61475 58
61476 53
61477 57
61478 49
61479 58
61480 61
61481 62
61482 64
61483 65
61484 68
61485 55
61486 58
61487 58
61488 69
61489 70
61490 68
61491 64
61492 71
61493 59
61494 63
61495 53
61496 55
61497 66
61498 66
61499 64
61500 61
61501 59
61502 62
61503 73
61504 67
61505 71
61506 64
61507 60
61508 51
61509 63
61510 58
61511 66
61512 53
61513 60
61514 57
61515 70
61516 61
61517 48
61518 66
61519 69
61520 66
61521 73
61522 73
61523 70
61524 57
61525 58
61526 42
61527 53
61528 42
61529 45
61530 46
61531 60
61532 59
61533 60
61534 58
61535 66
61536 69
61537 61
61538 53
61539 63
61540 54
61541 59
61542 60
61543 59
61544 54
61545 61
61546 52
61547 72
61548 63
61549 61
61550 46
61551 43
61552 49
61553 59
61554 49
61555 58
61556 56
61557 65
61558 64
61559 66
61560 63
61561 66
61562 63
61563 62
61564 65
61565 67
61566 65
61567 62
61568 57
61569 55
61570 57
61571 62
61572 45
61573 49
61574 47
61575 59
61576 66
61577 66
61578 64
61579 58
61580 67
61581 68
61582 57
61583 57
61584 68
61585 61
61586 57
61587 55
61588 64
61589 61
61590 46
61591 55
61592 64
61593 64
61594 52
61595 65
61596 61
61597 66
61598 58
61599 62
61600 56
61601 70
61602 63
61603 55
61604 41
61605 52
61606 53
61607 60
61608 73
61609 65
61610 57
61611 56
61612 61
61613 65
61614 61
61615 72
61616 70
61617 67
61618 62
61619 59
61620 56
61621 58
61622 57
61623 61
61624 68
61625 69
61626 59
61627 62
61628 63
61629 55
61630 59
61631 72
61632 53
61633 36
61634 37
61635 47
61636 52
61637 60
61638 54
61639 47
61640 60
61641 40
61642 48
61643 56
61644 57
61645 65
61646 68
61647 63
61648 56
61649 54
61650 56
61651 60
61652 67
61653 69
61654 72
61655 70
61656 60
61657 68
61658 70
61659 72
61660 66
61661 70
61662 54
61663 48
61664 57
61665 70
61666 60
61667 64
61668 65
61669 51
61670 53
61671 61
61672 62
61673 51
61674 61
61675 49
61676 48
61677 57
61678 67
61679 49
61680 57
61681 51
61682 67
61683 57
61684 63
61685 71
61686 59
61687 66
61688 52
61689 46
61690 52
61691 57
61692 60
61693 56
61694 45
61695 52
61696 54
61697 57
61698 70
61699 63
61700 59
61701 52
61702 59
61703 51
61704 67
61705 62
61706 55
61707 64
61708 66
61709 71
61710 58
61711 61
61712 66
61713 62
61714 58
61715 57
61716 69
61717 63
61718 66
61719 61
61720 41
61721 58
61722 53
61723 68
61724 72
61725 55
61726 74
61727 65
61728 66
61729 54
61730 54
61731 52
61732 46
61733 54
61734 63
61735 54
61736 55
61737 51
61738 55
61739 54
61740 61
61741 52
61742 61
61743 62
61744 53
61745 69
61746 76
61747 70
61748 51
61749 56
61750 63
61751 62
61752 55
61753 67
61754 63
61755 60
61756 66
61757 59
61758 62
61759 64
61760 69
61761 63
61762 62
61763 56
61764 58
61765 58
61766 62
61767 60
61768 53
61769 48
61770 51
61771 62
61772 58
61773 53
61774 51
61775 48
61776 46
61777 60
61778 56
61779 55
61780 65
61781 69
61782 68
61783 63
61784 68
61785 53
61786 47
61787 53
61788 62
61789 72
61790 64
61791 55
61792 61
61793 62
61794 63
61795 64
61796 69
61797 55
61798 58
61799 65
61800 66
61801 63
61802 66
61803 67
61804 64
61805 72
61806 66
61807 64
61808 66
61809 59
61810 56
61811 59
61812 54
61813 67
61814 62
61815 68
61816 65
61817 62
61818 66
61819 53
61820 59
61821 47
61822 43
61823 47
61824 62
61825 61
61826 51
61827 39
61828 38
61829 49
61830 63
61831 63
61832 56
61833 58
61834 64
61835 69
61836 53
61837 49
61838 60
61839 60
61840 76
61841 71
61842 76
61843 61
61844 54
61845 56
61846 55
61847 41
61848 55
61849 63
61850 53
61851 65
61852 59
61853 59
61854 54
61855 41
61856 44
61857 46
61858 64
61859 62
61860 53
61861 56
61862 60
61863 62
61864 54
61865 60
61866 59
61867 53
61868 65
61869 60
61870 60
61871 57
61872 63
61873 56
61874 60
61875 63
61876 61
61877 52
61878 54
61879 69
61880 68
61881 62
61882 58
61883 59
61884 60
61885 67
61886 64
61887 46
61888 43
61889 59
61890 62
61891 68
61892 62
61893 62
61894 59
61895 70
61896 67
61897 68
61898 69
61899 66
61900 52
61901 62
61902 70
61903 74
61904 62
61905 76
61906 70
61907 64
61908 79
61909 71
61910 56
61911 66
61912 57
61913 53
61914 65
61915 58
61916 55
61917 51
61918 55
61919 70
61920 67
61921 60
61922 74
61923 58
61924 61
61925 58
61926 53
61927 55
61928 60
61929 59
61930 55
61931 59
61932 59
61933 53
61934 49
61935 61
61936 58
61937 57
61938 62
61939 64
61940 55
61941 55
61942 54
61943 63
61944 59
61945 62
61946 60
61947 64
61948 53
61949 57
61950 62
61951 69
61952 60
61953 52
61954 59
61955 52
61956 61
61957 68
61958 73
61959 62
61960 58
61961 54
61962 59
61963 58
61964 52
61965 62
61966 68
61967 69
61968 67
61969 71
61970 58
61971 67
61972 57
61973 53
61974 57
61975 61
61976 63
61977 56
61978 58
61979 51
61980 50
61981 61
61982 64
61983 64
61984 58
61985 71
61986 61
61987 60
61988 54
61989 50
61990 63
61991 61
61992 66
61993 66
61994 68
61995 68
61996 65
61997 61
61998 59
61999 58
62000 57
62001 51
62002 62
62003 57
62004 72
62005 60
62006 62
62007 77
62008 59
62009 62
62010 69
62011 52
62012 43
62013 45
62014 46
62015 55
62016 62
62017 66
62018 62
62019 57
62020 49
62021 56
62022 53
62023 58
62024 66
62025 68
62026 55
62027 64
62028 64
62029 62
62030 64
62031 59
62032 67
62033 64
62034 62
62035 55
62036 53
62037 49
62038 46
62039 50
62040 59
62041 53
62042 58
62043 60
62044 58
62045 61
62046 60
62047 70
62048 70
62049 64
62050 60
62051 58
62052 60
62053 61
62054 66
62055 58
62056 56
62057 57
62058 58
62059 53
62060 59
62061 59
62062 62
62063 56
62064 51
62065 52
62066 63
62067 61
62068 59
62069 54
62070 63
62071 61
62072 59
62073 45
62074 50
62075 49
62076 56
62077 51
62078 61
62079 73
62080 68
62081 66
62082 80
62083 68
62084 61
62085 56
62086 52
62087 57
62088 61
62089 60
62090 72
62091 62
62092 54
62093 62
62094 67
62095 64
62096 60
62097 61
62098 70
62099 61
62100 57
62101 59
62102 64
62103 55
62104 63
62105 74
62106 60
62107 59
62108 52
62109 45
62110 56
62111 58
62112 60
62113 60
62114 54
62115 45
62116 33
62117 39
62118 49
62119 46
62120 61
62121 67
62122 59
62123 62
62124 58
62125 55
62126 53
62127 66
62128 65
62129 64
62130 59
62131 63
62132 59
62133 69
62134 58
62135 59
62136 63
62137 62
62138 59
62139 64
62140 65
62141 57
62142 48
62143 54
62144 63
62145 72
62146 63
62147 59
62148 68
62149 54
62150 56
62151 56
62152 58
62153 70
62154 70
62155 64
62156 57
62157 55
62158 61
62159 63
62160 61
62161 56
62162 63
62163 55
62164 63
62165 64
62166 58
62167 62
62168 57
62169 52
62170 59
62171 54
62172 59
62173 57
62174 63
62175 69
62176 64
62177 58
62178 43
62179 57
62180 66
62181 63
62182 62
62183 59
62184 61
62185 68
62186 64
62187 58
62188 61
62189 71
62190 69
62191 61
62192 55
62193 71
62194 59
62195 71
62196 61
62197 58
62198 41
62199 59
62200 46
62201 58
62202 71
62203 66
62204 62
62205 61
62206 59
62207 58
62208 50
62209 50
62210 52
62211 64
62212 49
62213 61
62214 62
62215 67
62216 65
62217 51
62218 57
62219 69
62220 84
62221 64
62222 57
62223 52
62224 56
62225 57
62226 57
62227 65
62228 61
62229 43
62230 44
62231 50
62232 55
62233 54
62234 58
62235 62
62236 64
62237 57
62238 61
62239 59
62240 66
62241 63
62242 61
62243 65
62244 55
62245 64
62246 61
62247 54
62248 60
62249 70
62250 61
62251 65
62252 82
62253 65
62254 71
62255 64
62256 60
62257 55
62258 52
62259 47
62260 59
62261 62
62262 66
62263 64
62264 66
62265 62
62266 71
62267 66
62268 57
62269 52
62270 58
62271 60
62272 72
62273 61
62274 66
62275 52
62276 44
62277 57
62278 60
62279 68
62280 63
62281 55
62282 57
62283 54
62284 64
62285 63
62286 68
62287 54
62288 55
62289 55
62290 58
62291 63
62292 72
62293 65
62294 68
62295 59
62296 61
62297 72
62298 65
62299 62
62300 74
62301 62
62302 59
62303 48
62304 47
62305 59
62306 67
62307 64
62308 66
62309 59
62310 49
62311 61
62312 64
62313 66
62314 60
62315 51
62316 58
62317 61
62318 59
62319 55
62320 54
62321 50
62322 58
62323 56
62324 57
62325 59
62326 60
62327 59
62328 53
62329 57
62330 60
62331 73
62332 68
62333 67
62334 58
62335 55
62336 58
62337 55
62338 57
62339 59
62340 56
62341 65
62342 52
62343 53
62344 67
62345 65
62346 66
62347 65
62348 61
62349 63
62350 70
62351 85
62352 68
62353 66
62354 59
62355 56
62356 51
62357 45
62358 48
62359 63
62360 58
62361 66
62362 57
62363 60
62364 68
62365 61
62366 55
62367 59
62368 62
62369 68
62370 66
62371 70
62372 61
62373 59
62374 68
62375 63
62376 63
62377 56
62378 59
62379 47
62380 56
62381 68
62382 56
62383 53
62384 44
62385 57
62386 62
62387 67
62388 73
62389 58
62390 43
62391 56
62392 61
62393 53
62394 50
62395 55
62396 67
62397 64
62398 58
62399 61
62400 46
62401 40
62402 49
62403 59
62404 62
62405 59
62406 68
62407 66
62408 58
62409 60
62410 57
62411 73
62412 56
62413 59
62414 65
62415 64
62416 67
62417 70
62418 50
62419 56
62420 59
62421 60
62422 56
62423 64
62424 72
62425 74
62426 61
62427 63
62428 63
62429 60
62430 61
62431 76
62432 63
62433 64
62434 61
62435 57
62436 63
62437 56
62438 53
62439 55
62440 59
62441 67
62442 63
62443 65
62444 61
62445 65
62446 70
62447 71
62448 62
62449 68
62450 72
62451 71
62452 60
62453 59
62454 52
62455 47
62456 47
62457 63
62458 61
62459 63
62460 54
62461 53
62462 56
62463 57
62464 49
62465 58
62466 59
62467 68
62468 65
62469 62
62470 65
62471 66
62472 67
62473 74
62474 71
62475 53
62476 51
62477 57
62478 56
62479 55
62480 62
62481 58
62482 58
62483 57
62484 63
62485 60
62486 58
62487 63
62488 67
62489 53
62490 54
62491 50
62492 46
62493 45
62494 55
62495 63
62496 56
62497 64
62498 60
62499 52
62500 52
62501 63
62502 61
62503 44
62504 55
62505 64
62506 62
62507 67
62508 55
62509 62
62510 62
62511 76
62512 71
62513 67
62514 59
62515 62
62516 61
62517 51
62518 56
62519 63
62520 60
62521 58
62522 59
62523 52
62524 54
62525 50
62526 65
62527 51
62528 47
62529 41
62530 40
62531 47
62532 50
62533 65
62534 71
62535 70
62536 61
62537 58
62538 53
62539 56
62540 58
62541 53
62542 43
62543 35
62544 34
62545 52
62546 51
62547 56
62548 55
62549 61
62550 48
62551 49
62552 50
62553 62
62554 65
62555 68
62556 67
62557 63
62558 52
62559 47
62560 58
62561 50
62562 54
62563 55
62564 58
62565 52
62566 62
62567 56
62568 55
62569 66
62570 58
62571 56
62572 60
62573 57
62574 58
62575 58
62576 64
62577 65
62578 60
62579 59
62580 70
62581 65
62582 53
62583 48
62584 47
62585 60
62586 65
62587 72
62588 65
62589 55
62590 60
62591 62
62592 58
62593 44
62594 45
62595 52
62596 56
62597 64
62598 73
62599 71
62600 59
62601 54
62602 50
62603 59
62604 60
62605 64
62606 66
62607 57
62608 70
62609 76
62610 66
62611 75
62612 67
62613 71
62614 76
62615 62
62616 61
62617 70
62618 58
62619 62
62620 50
62621 45
62622 53
62623 54
62624 63
62625 55
62626 63
62627 50
62628 64
62629 69
62630 66
62631 66
62632 71
62633 65
62634 77
62635 57
62636 54
62637 61
62638 60
62639 68
62640 50
62641 49
62642 66
62643 54
62644 65
62645 65
62646 63
62647 69
62648 53
62649 56
62650 61
62651 69
62652 66
62653 67
62654 59
62655 73
62656 64
62657 60
62658 54
62659 61
62660 55
62661 62
62662 54
62663 57
62664 60
62665 61
62666 61
62667 65
62668 64
62669 60
62670 58
62671 51
62672 45
62673 61
62674 66
62675 64
62676 53
62677 54
62678 49
62679 53
62680 60
62681 63
62682 64
62683 63
62684 69
62685 52
62686 50
62687 52
62688 51
62689 53
62690 56
62691 65
62692 69
62693 65
62694 71
62695 62
62696 69
62697 68
62698 55
62699 67
62700 72
62701 69
62702 59
62703 55
62704 59
62705 69
62706 55
62707 66
62708 70
62709 66
62710 60
62711 67
62712 68
62713 61
62714 66
62715 70
62716 57
62717 51
62718 55
62719 58
62720 62
62721 74
62722 68
62723 61
62724 69
62725 73
62726 58
62727 63
62728 60
62729 57
62730 52
62731 51
62732 52
62733 48
62734 54
62735 56
62736 60
62737 61
62738 53
62739 64
62740 63
62741 59
62742 52
62743 56
62744 69
62745 70
62746 65
62747 64
62748 62
62749 55
62750 49
62751 63
62752 60
62753 63
62754 65
62755 66
62756 72
62757 67
62758 56
62759 57
62760 58
62761 52
62762 37
62763 52
62764 53
62765 55
62766 63
62767 63
62768 56
62769 62
62770 51
62771 59
62772 58
62773 65
62774 71
62775 68
62776 63
62777 54
62778 55
62779 52
62780 58
62781 60
62782 62
62783 59
62784 55
62785 63
62786 57
62787 59
62788 63
62789 61
62790 73
62791 54
62792 60
62793 53
62794 64
62795 50
62796 56
62797 56
62798 49
62799 59
62800 70
62801 64
62802 69
62803 58
62804 59
62805 61
62806 73
62807 72
62808 73
62809 66
62810 72
62811 61
62812 73
62813 56
62814 60
62815 57
62816 61
62817 57
62818 54
62819 66
62820 68
62821 59
62822 41
62823 39
62824 42
62825 43
62826 57
62827 63
62828 76
62829 71
62830 64
62831 73
62832 61
62833 63
62834 64
62835 50
62836 51
62837 61
62838 52
62839 63
62840 67
62841 64
62842 67
62843 75
62844 58
62845 54
62846 62
62847 52
62848 50
62849 51
62850 50
62851 51
62852 61
62853 55
62854 51
62855 45
62856 59
62857 68
62858 71
62859 75
62860 59
62861 50
62862 57
62863 43
62864 39
62865 51
62866 57
62867 50
62868 38
62869 40
62870 53
62871 57
62872 65
62873 69
62874 61
62875 53
62876 73
62877 67
62878 68
62879 63
62880 67
62881 60
62882 59
62883 59
62884 73
62885 66
62886 67
62887 63
62888 66
62889 71
62890 68
62891 66
62892 66
62893 62
62894 58
62895 57
62896 67
62897 61
62898 50
62899 63
62900 68
62901 81
62902 63
62903 62
62904 61
62905 73
62906 61
62907 57
62908 57
62909 58
62910 62
62911 50
62912 67
62913 54
62914 44
62915 39
62916 37
62917 36
62918 42
62919 46
62920 57
62921 62
62922 66
62923 62
62924 68
62925 55
62926 60
62927 56
62928 55
62929 56
62930 59
62931 62
62932 66
62933 67
62934 67
62935 52
62936 46
62937 52
62938 55
62939 63
62940 65
62941 57
62942 58
62943 58
62944 56
62945 58
62946 66
62947 53
62948 65
62949 75
62950 62
62951 57
62952 59
62953 63
62954 57
62955 68
62956 62
62957 55
62958 56
62959 61
62960 68
62961 57
62962 65
62963 67
62964 51
62965 69
62966 64
62967 63
62968 55
62969 72
62970 74
62971 61
62972 57
62973 59
62974 62
62975 53
62976 60
62977 61
62978 62
62979 62
62980 51
62981 64
62982 64
62983 59
62984 63
62985 68
62986 58
62987 60
62988 67
62989 56
62990 61
62991 58
62992 69
62993 61
62994 55
62995 54
62996 64
62997 69
62998 67
62999 50
63000 69
63001 75
63002 66
63003 69
63004 66
63005 58
63006 60
63007 60
63008 47
63009 48
63010 50
63011 65
63012 63
63013 59
63014 54
63015 48
63016 54
63017 55
63018 49
63019 57
63020 50
63021 61
63022 54
63023 50
63024 56
63025 63
63026 55
63027 58
63028 59
63029 55
63030 52
63031 51
63032 63
63033 60
63034 61
63035 72
63036 55
63037 53
63038 59
63039 54
63040 59
63041 68
63042 67
63043 71
63044 61
63045 62
63046 61
63047 73
63048 57
63049 65
63050 60
63051 59
63052 55
63053 70
63054 57
63055 60
63056 57
63057 44
63058 45
63059 60
63060 62
63061 57
63062 54
63063 58
63064 57
63065 59
63066 62
63067 60
63068 61
63069 52
63070 50
63071 33
63072 39
63073 49
63074 48
63075 50
63076 61
63077 57
63078 56
63079 50
63080 49
63081 42
63082 58
63083 63
63084 55
63085 65
63086 51
63087 53
63088 53
63089 49
63090 34
63091 47
63092 57
63093 61
63094 67
63095 65
63096 70
63097 56
63098 67
63099 60
63100 53
63101 60
63102 61
63103 74
63104 60
63105 60
63106 72
63107 61
63108 69
63109 66
63110 77
63111 64
63112 62
63113 52
63114 50
63115 45
63116 57
63117 57
63118 55
63119 60
63120 64
63121 65
63122 55
63123 56
63124 61
63125 57
63126 53
63127 58
63128 63
63129 60
63130 64
63131 53
63132 54
63133 64
63134 50
63135 38
63136 54
63137 62
63138 63
63139 61
63140 66
63141 65
63142 68
63143 56
63144 59
63145 66
63146 62
63147 62
63148 61
63149 55
63150 69
63151 55
63152 54
63153 58
63154 62
63155 67
63156 61
63157 65
63158 70
63159 60
63160 62
63161 65
63162 74
63163 69
63164 65
63165 55
63166 58
63167 60
63168 71
63169 85
63170 73
63171 70
63172 70
63173 73
63174 63
63175 59
63176 65
63177 60
63178 66
63179 66
63180 54
63181 66
63182 60
63183 57
63184 65
63185 64
63186 77
63187 58
63188 69
63189 71
63190 59
63191 58
63192 70
63193 78
63194 67
63195 63
63196 57
63197 74
63198 72
63199 56
63200 59
63201 56
63202 58
63203 63
63204 72
63205 58
63206 62
63207 63
63208 61
63209 60
63210 68
63211 67
63212 56
63213 60
63214 60
63215 65
63216 69
63217 57
63218 52
63219 58
63220 59
63221 61
63222 66
63223 67
63224 62
63225 56
63226 45
63227 65
63228 61
63229 63
63230 76
63231 63
63232 61
63233 53
63234 62
63235 49
63236 66
63237 56
63238 65
63239 56
63240 58
63241 42
63242 58
63243 61
63244 63
63245 52
63246 47
63247 35
63248 46
63249 57
63250 47
63251 60
63252 57
63253 57
63254 56
63255 37
63256 51
63257 54
63258 66
63259 65
63260 70
63261 71
63262 57
63263 65
63264 68
63265 63
63266 63
63267 76
63268 65
63269 72
63270 76
63271 73
63272 59
63273 54
63274 60
63275 61
63276 54
63277 60
63278 62
63279 67
63280 65
63281 67
63282 71
63283 61
63284 63
63285 63
63286 52
63287 61
63288 57
63289 65
63290 67
63291 56
63292 57
63293 70
63294 65
63295 55
63296 59
63297 63
63298 58
63299 57
63300 55
63301 43
63302 36
63303 37
63304 49
63305 53
63306 68
63307 49
63308 53
63309 59
63310 62
63311 55
63312 63
63313 61
63314 62
63315 49
63316 60
63317 62
63318 61
63319 58
63320 68
63321 70
63322 68
63323 62
63324 52
63325 47
63326 48
63327 51
63328 59
63329 65
63330 58
63331 53
63332 56
63333 57
63334 47
63335 33
63336 50
63337 52
63338 58
63339 56
63340 59
63341 67
63342 62
63343 61
63344 53
63345 61
63346 58
63347 62
63348 58
63349 54
63350 63
63351 51
63352 58
63353 58
63354 54
63355 64
63356 63
63357 56
63358 59
63359 52
63360 62
63361 48
63362 51
63363 54
63364 61
63365 58
63366 71
63367 74
63368 72
63369 72
63370 56
63371 66
63372 63
63373 60
63374 59
63375 60
63376 67
63377 58
63378 53
63379 54
63380 57
63381 44
63382 52
63383 68
63384 62
63385 64
63386 55
63387 59
63388 63
63389 63
63390 48
63391 59
63392 62
63393 53
63394 39
63395 49
63396 50
63397 53
63398 73
63399 80
63400 65
63401 57
63402 40
63403 59
63404 62
63405 74
63406 54
63407 59
63408 63
63409 73
63410 81
63411 70
63412 58
63413 57
63414 43
63415 29
63416 38
63417 43
63418 55
63419 56
63420 70
63421 62
63422 60
63423 63
63424 61
63425 49
63426 55
63427 41
63428 55
63429 67
63430 71
63431 65
63432 57
63433 56
63434 58
63435 59
63436 55
63437 56
63438 46
63439 57
63440 66
63441 64
63442 68
63443 64
63444 65
63445 62
63446 53
63447 56
63448 55
63449 55
63450 54
63451 63
63452 65
63453 55
63454 58
63455 63
63456 59
63457 40
63458 48
63459 67
63460 65
63461 53
63462 59
63463 69
63464 71
63465 79
63466 64
63467 65
63468 59
63469 54
63470 57
63471 66
63472 63
63473 53
63474 58
63475 60
63476 47
63477 48
63478 59
63479 58
63480 57
63481 47
63482 49
63483 60
63484 57
63485 56
63486 63
63487 62
63488 57
63489 65
63490 55
63491 65
63492 66
63493 66
63494 64
63495 82
63496 72
63497 61
63498 64
63499 61
63500 71
63501 72
63502 77
63503 64
63504 61
63505 65
63506 58
63507 59
63508 64
63509 63
63510 47
63511 50
63512 65
63513 63
63514 54
63515 46
63516 64
63517 77
63518 92
63519 72
63520 60
63521 62
63522 54
63523 59
63524 63
63525 58
63526 53
63527 56
63528 57
63529 73
63530 60
63531 55
63532 61
63533 64
63534 53
63535 61
63536 60
63537 57
63538 69
63539 58
63540 76
63541 68
63542 65
63543 61
63544 59
63545 64
63546 64
63547 67
63548 68
63549 71
63550 72
63551 71
63552 53
63553 57
63554 60
63555 67
63556 57
63557 60
63558 60
63559 64
63560 67
63561 66
63562 56
63563 44
63564 31
63565 49
63566 63
63567 62
63568 61
63569 58
63570 61
63571 67
63572 59
63573 60
63574 63
63575 58
63576 55
63577 51
63578 57
63579 66
63580 56
63581 63
63582 59
63583 66
63584 64
63585 56
63586 46
63587 59
63588 58
63589 54
63590 45
63591 42
63592 44
63593 57
63594 55
63595 60
63596 54
63597 56
63598 64
63599 60
63600 52
63601 41
63602 51
63603 51
63604 46
63605 56
63606 62
63607 57
63608 69
63609 59
63610 54
63611 60
63612 68
63613 73
63614 69
63615 71
63616 77
63617 70
63618 58
63619 69
63620 51
63621 49
63622 54
63623 62
63624 62
63625 54
63626 57
63627 60
63628 64
63629 61
63630 62
63631 65
63632 56
63633 67
63634 61
63635 65
63636 72
63637 65
63638 74
63639 57
63640 56
63641 58
63642 61
63643 75
63644 64
63645 61
63646 58
63647 54
63648 53
63649 54
63650 55
63651 59
63652 68
63653 66
63654 67
63655 67
63656 65
63657 71
63658 67
63659 47
63660 54
63661 54
63662 62
63663 65
63664 74
63665 74
63666 56
63667 53
63668 58
63669 60
63670 52
63671 54
63672 59
63673 57
63674 53
63675 67
63676 70
63677 66
63678 67
63679 61
63680 57
63681 60
63682 64
63683 74
63684 71
63685 57
63686 51
63687 66
63688 64
63689 65
63690 58
63691 63
63692 61
63693 70
63694 75
63695 61
63696 59
63697 74
63698 58
63699 63
63700 58
63701 63
63702 54
63703 58
63704 56
63705 49
63706 53
63707 61
63708 66
63709 66
63710 64
63711 66
63712 67
63713 74
63714 78
63715 66
63716 63
63717 58
63718 56
63719 49
63720 45
63721 64
63722 68
63723 66
63724 61
63725 66
63726 64
63727 66
63728 56
63729 55
63730 53
63731 47
63732 53
63733 64
63734 74
63735 58
63736 55
63737 63
63738 66
63739 57
63740 58
63741 44
63742 46
63743 50
63744 49
63745 50
63746 52
63747 46
63748 47
63749 57
63750 63
63751 66
63752 64
63753 62
63754 55
63755 53
63756 64
63757 62
63758 61
63759 45
63760 38
63761 35
63762 50
63763 54
63764 73
63765 67
63766 62
63767 58
63768 66
63769 60
63770 53
63771 58
63772 65
63773 54
63774 49
63775 43
63776 46
63777 53
63778 60
63779 56
63780 58
63781 56
63782 59
63783 70
63784 68
63785 49
63786 48
63787 57
63788 60
63789 65
63790 62
63791 64
63792 58
63793 63
63794 53
63795 55
63796 53
63797 54
63798 55
63799 53
63800 61
63801 54
63802 64
63803 61
63804 51
63805 49
63806 48
63807 67
63808 64
63809 57
63810 53
63811 66
63812 76
63813 66
63814 68
63815 61
63816 53
63817 57
63818 51
63819 59
63820 57
63821 65
63822 52
63823 62
63824 62
63825 56
63826 39
63827 48
63828 59
63829 64
63830 56
63831 66
63832 62
63833 64
63834 60
63835 66
63836 64
63837 58
63838 63
63839 55
63840 51
63841 53
63842 59
63843 49
63844 67
63845 62
63846 62
63847 61
63848 68
63849 78
63850 66
63851 64
63852 57
63853 58
63854 63
63855 58
63856 56
63857 57
63858 68
63859 60
63860 49
63861 63
63862 51
63863 58
63864 49
63865 54
63866 57
63867 61
63868 62
63869 62
63870 53
63871 55
63872 62
63873 54
63874 62
63875 60
63876 49
63877 55
63878 54
63879 71
63880 56
63881 62
63882 50
63883 52
63884 62
63885 61
63886 61
63887 64
63888 66
63889 67
63890 68
63891 70
63892 66
63893 64
63894 65
63895 60
63896 54
63897 63
63898 54
63899 49
63900 50
63901 57
63902 57
63903 60
63904 59
63905 58
63906 66
63907 63
63908 60
63909 58
63910 48
63911 66
63912 60
63913 59
63914 47
63915 62
63916 68
63917 62
63918 64
63919 67
63920 65
63921 52
63922 51
63923 44
63924 46
63925 57
63926 62
63927 57
63928 73
63929 60
63930 63
63931 54
63932 64
63933 63
63934 59
63935 65
63936 70
63937 64
63938 71
63939 54
63940 64
63941 68
63942 71
63943 51
63944 36
63945 53
63946 55
63947 74
63948 63
63949 70
63950 70
63951 63
63952 69
63953 68
63954 87
63955 75
63956 60
63957 46
63958 48
63959 52
63960 50
63961 36
63962 49
63963 50
63964 51
63965 52
63966 54
63967 59
63968 68
63969 59
63970 58
63971 44
63972 45
63973 58
63974 61
63975 65
63976 63
63977 62
63978 61
63979 64
63980 62
63981 61
63982 63
63983 65
63984 62
63985 63
63986 70
63987 67
63988 55
63989 48
63990 66
63991 57
63992 66
63993 67
63994 65
63995 56
63996 60
63997 63
63998 57
63999 63
64000 70
64001 66
64002 71
64003 66
64004 64
64005 59
64006 74
64007 70
64008 60
64009 70
64010 53
64011 52
64012 51
64013 67
64014 71
64015 63
64016 53
64017 55
64018 58
64019 58
64020 69
64021 65
64022 58
64023 66
64024 65
64025 49
64026 53
64027 59
64028 60
64029 66
64030 65
64031 64
64032 55
64033 71
64034 62
64035 51
64036 48
64037 60
64038 62
64039 65
64040 60
64041 62
64042 61
64043 68
64044 66
64045 50
64046 49
64047 55
64048 59
64049 64
64050 58
64051 46
64052 52
64053 66
64054 61
64055 74
64056 61
64057 66
64058 60
64059 62
64060 63
64061 53
64062 55
64063 57
64064 59
64065 43
64066 35
64067 55
64068 56
64069 48
64070 49
64071 54
64072 55
64073 58
64074 66
64075 66
64076 54
64077 48
64078 49
64079 60
64080 64
64081 61
64082 72
64083 63
64084 57
64085 62
64086 61
64087 57
64088 60
64089 55
64090 61
64091 53
64092 54
64093 68
64094 63
64095 63
64096 62
64097 64
64098 61
64099 57
64100 50
64101 51
64102 60
64103 70
64104 54
64105 69
64106 66
64107 74
64108 63
64109 62
64110 50
64111 68
64112 65
64113 63
64114 51
64115 50
64116 46
64117 43
64118 38
64119 41
64120 46
64121 47
64122 54
64123 71
64124 66
64125 67
64126 48
64127 44
64128 43
64129 42
64130 51
64131 53
64132 64
64133 67
64134 68
64135 66
64136 60
64137 69
64138 66
64139 64
64140 60
64141 54
64142 65
64143 61
64144 56
64145 59
64146 68
64147 61
64148 60
64149 63
64150 67
64151 68
64152 63
64153 57
64154 53
64155 48
64156 53
64157 55
64158 62
64159 57
64160 63
64161 62
64162 69
64163 67
64164 72
64165 63
64166 53
64167 51
64168 62
64169 58
64170 56
64171 52
64172 48
64173 59
64174 72
64175 61
64176 65
64177 60
64178 58
64179 60
64180 66
64181 62
64182 68
64183 66
64184 76
64185 58
64186 51
64187 50
64188 55
64189 60
64190 48
64191 53
64192 56
64193 62
64194 61
64195 56
64196 60
64197 59
64198 65
64199 60
64200 63
64201 67
64202 59
64203 58
64204 61
64205 67
64206 56
64207 54
64208 61
64209 57
64210 69
64211 65
64212 53
64213 64
64214 58
64215 59
64216 61
64217 64
64218 61
64219 73
64220 67
64221 63
64222 62
64223 63
64224 61
64225 61
64226 55
64227 60
64228 60
64229 67
64230 61
64231 54
64232 50
64233 62
64234 65
64235 61
64236 57
64237 60
64238 53
64239 51
64240 48
64241 58
64242 62
64243 68
64244 67
64245 66
64246 66
64247 63
64248 69
64249 60
64250 62
64251 61
64252 64
64253 83
64254 65
64255 64
64256 68
64257 52
64258 54
64259 55
64260 53
64261 57
64262 59
64263 61
64264 59
64265 57
64266 59
64267 62
64268 68
64269 67
64270 68
64271 72
64272 57
64273 68
64274 55
64275 59
64276 66
64277 59
64278 57
64279 56
64280 58
64281 57
64282 50
64283 56
64284 61
64285 59
64286 55
64287 50
64288 48
64289 45
64290 47
64291 60
64292 59
64293 72
64294 64
64295 60
64296 59
64297 57
64298 65
64299 56
64300 64
64301 63
64302 61
64303 58
64304 56
64305 63
64306 66
64307 77
64308 67
64309 61
64310 43
64311 50
64312 48
64313 46
64314 61
64315 69
64316 70
64317 73
64318 61
64319 67
64320 68
64321 62
64322 66
64323 57
64324 66
64325 62
64326 63
64327 59
64328 60
64329 62
64330 48
64331 57
64332 58
64333 61
64334 59
64335 53
64336 53
64337 54
64338 61
64339 65
64340 61
64341 64
64342 62
64343 62
64344 59
64345 63
64346 54
64347 51
64348 52
64349 61
64350 57
64351 50
64352 65
64353 64
64354 73
64355 73
64356 63
64357 58
64358 71
64359 72
64360 73
64361 64
64362 62
64363 62
64364 61
64365 57
64366 61
64367 70
64368 53
64369 57
64370 59
64371 48
64372 52
64373 52
64374 61
64375 62
64376 58
64377 65
64378 49
64379 52
64380 58
64381 61
64382 50
64383 52
64384 57
64385 58
64386 60
64387 41
64388 35
64389 34
64390 47
64391 55
64392 56
64393 64
64394 53
64395 63
64396 50
64397 51
64398 65
64399 51
64400 50
64401 34
64402 37
64403 47
64404 56
64405 62
64406 60
64407 52
64408 51
64409 45
64410 60
64411 68
64412 72
64413 60
64414 65
64415 64
64416 53
64417 51
64418 65
64419 57
64420 69
64421 65
64422 58
64423 67
64424 63
64425 61
64426 58
64427 47
64428 49
64429 60
64430 61
64431 47
64432 62
64433 59
64434 69
64435 57
64436 40
64437 47
64438 66
64439 67
64440 68
64441 58
64442 61
64443 57
64444 58
64445 60
64446 73
64447 68
64448 75
64449 79
64450 74
64451 71
64452 60
64453 53
64454 54
64455 61
64456 54
64457 52
64458 58
64459 55
64460 65
64461 68
64462 60
64463 66
64464 58
64465 71
64466 61
64467 64
64468 57
64469 40
64470 53
64471 56
64472 62
64473 63
64474 69
64475 60
64476 49
64477 54
64478 62
64479 60
64480 49
64481 41
64482 55
64483 57
64484 64
64485 63
64486 62
64487 48
64488 56
64489 72
64490 61
64491 52
64492 57
64493 54
64494 42
64495 40
64496 60
64497 75
64498 67
64499 64
64500 63
64501 66
64502 53
64503 66
64504 67
64505 64
64506 66
64507 59
64508 50
64509 52
64510 58
64511 58
64512 53
64513 69
64514 56
64515 54
64516 60
64517 55
64518 57
64519 55
64520 51
64521 62
64522 58
64523 43
64524 48
64525 66
64526 63
64527 57
64528 56
64529 72
64530 78
64531 61
64532 54
64533 49
64534 40
64535 58
64536 58
64537 61
64538 62
64539 59
64540 62
64541 52
64542 60
64543 74
64544 60
64545 56
64546 60
64547 47
64548 53
64549 62
64550 61
64551 71
64552 68
64553 60
64554 65
64555 73
64556 70
64557 59
64558 54
64559 51
64560 33
64561 48
64562 55
64563 65
64564 71
64565 61
64566 55
64567 63
64568 71
64569 63
64570 63
64571 62
64572 58
64573 64
64574 59
64575 55
64576 54
64577 49
64578 54
64579 60
64580 64
64581 62
64582 67
64583 64
64584 59
64585 58
64586 70
64587 60
64588 57
64589 55
64590 47
64591 57
64592 64
64593 67
64594 72
64595 62
64596 56
64597 64
64598 63
64599 63
64600 62
64601 58
64602 56
64603 55
64604 59
64605 55
64606 47
64607 39
64608 41
64609 55
64610 55
64611 56
64612 65
64613 57
64614 64
64615 58
64616 62
64617 60
64618 55
64619 58
64620 75
64621 66
64622 64
64623 63
64624 59
64625 59
64626 75
64627 60
64628 63
64629 60
64630 66
64631 66
64632 52
64633 57
64634 60
64635 52
64636 56
64637 64
64638 74
64639 72
64640 68
64641 56
64642 52
64643 61
64644 51
64645 68
64646 63
64647 58
64648 63
64649 59
64650 58
64651 69
64652 67
64653 66
64654 60
64655 58
64656 54
64657 62
64658 70
64659 68
64660 61
64661 73
64662 64
64663 64
64664 74
64665 66
64666 69
64667 60
64668 55
64669 70
64670 69
64671 52
64672 46
64673 63
64674 64
64675 56
64676 51
64677 53
64678 57
64679 58
64680 68
64681 62
64682 62
64683 54
64684 56
64685 65
64686 67
64687 67
64688 69
64689 67
64690 68
64691 50
64692 61
64693 61
64694 66
64695 61
64696 60
64697 61
64698 46
64699 61
64700 58
64701 66
64702 65
64703 62
64704 51
64705 60
64706 70
64707 52
64708 67
64709 65
64710 48
64711 47
64712 60
64713 61
64714 60
64715 70
64716 61
64717 68
64718 60
64719 64
64720 55
64721 56
64722 67
64723 64
64724 61
64725 59
64726 61
64727 58
64728 66
64729 75
64730 56
64731 63
64732 65
64733 62
64734 59
64735 54
64736 66
64737 57
64738 47
64739 40
64740 38
64741 48
64742 57
64743 62
64744 57
64745 55
64746 69
64747 71
64748 65
64749 63
64750 66
64751 56
64752 61
64753 43
64754 42
64755 40
64756 45
64757 53
64758 55
64759 51
64760 48
64761 62
64762 76
64763 58
64764 60
64765 56
64766 60
64767 74
64768 82
64769 66
64770 50
64771 59
64772 52
64773 59
64774 58
64775 62
64776 63
64777 59
64778 61
64779 67
64780 67
64781 66
64782 66
64783 69
64784 73
64785 64
64786 54
64787 50
64788 62
64789 50
64790 49
64791 62
64792 52
64793 60
64794 60
64795 65
64796 55
64797 54
64798 51
64799 40
64800 51
64801 53
64802 59
64803 49
64804 54
64805 54
64806 51
64807 58
64808 55
64809 57
64810 58
64811 62
64812 64
64813 58
64814 68
64815 58
64816 59
64817 63
64818 56
64819 47
64820 48
64821 47
64822 54
64823 56
64824 59
64825 60
64826 64
64827 69
64828 63
64829 54
64830 50
64831 60
64832 57
64833 67
64834 75
64835 66
64836 53
64837 52
64838 52
64839 44
64840 42
64841 57
64842 47
64843 59
64844 56
64845 42
64846 35
64847 27
64848 19
64849 17
64850 24
64851 42
64852 61
64853 63
64854 69
64855 60
64856 62
64857 59
64858 66
64859 55
64860 63
64861 52
64862 49
64863 54
64864 68
64865 62
64866 69
64867 65
64868 57
64869 55
64870 64
64871 73
64872 74
64873 68
64874 56
64875 53
64876 48
64877 49
64878 54
64879 59
64880 71
64881 84
64882 71
64883 67
64884 65
64885 55
64886 53
64887 57
64888 55
64889 56
64890 63
64891 67
64892 60
64893 60
64894 61
64895 67
64896 68
64897 72
64898 57
64899 62
64900 69
64901 62
64902 61
64903 58
64904 52
64905 62
64906 58
64907 59
64908 69
64909 67
64910 58
64911 51
64912 64
64913 47
64914 49
64915 60
64916 62
64917 63
64918 63
64919 60
64920 70
64921 62
64922 58
64923 55
64924 50
64925 43
64926 42
64927 47
64928 54
64929 59
64930 70
64931 66
64932 59
64933 54
64934 59
64935 68
64936 77
64937 62
64938 61
64939 65
64940 78
64941 67
64942 60
64943 50
64944 64
64945 55
64946 51
64947 56
64948 58
64949 61
64950 68
64951 61
64952 68
64953 70
64954 56
64955 50
64956 49
64957 56
64958 67
64959 53
64960 54
64961 59
64962 62
64963 60
64964 56
64965 68
64966 53
64967 57
64968 62
64969 51
64970 62
64971 70
64972 61
64973 52
64974 67
64975 65
64976 64
64977 64
64978 65
64979 51
64980 67
64981 64
64982 62
64983 57
64984 53
64985 50
64986 61
64987 65
64988 62
64989 58
64990 63
64991 66
64992 49
64993 66
64994 74
64995 70
64996 64
64997 61
64998 51
64999 52
65000 58
65001 70
65002 74
65003 72
65004 77
65005 59
65006 62
65007 54
65008 53
65009 65
65010 66
65011 65
65012 58
65013 60
65014 58
65015 51
65016 49
65017 57
65018 62
65019 56
65020 57
65021 63
65022 54
65023 52
65024 59
65025 51
65026 68
65027 73
65028 62
65029 61
65030 66
65031 56
65032 51
65033 46
65034 48
65035 54
65036 62
65037 67
65038 58
65039 48
65040 62
65041 68
65042 66
65043 68
65044 66
65045 61
65046 57
65047 49
65048 55
65049 67
65050 63
65051 53
65052 61
65053 60
65054 61
65055 56
65056 55
65057 65
65058 57
65059 54
65060 62
65061 54
65062 53
65063 62
65064 49
65065 52
65066 56
65067 67
65068 65
65069 65
65070 61
65071 67
65072 58
65073 58
65074 55
65075 56
65076 56
65077 58
65078 69
65079 64
65080 57
65081 59
65082 60
65083 59
65084 53
65085 51
65086 48
65087 61
65088 62
65089 64
65090 65
65091 67
65092 47
65093 57
65094 59
65095 61
65096 73
65097 68
65098 74
65099 69
65100 74
65101 74
65102 64
65103 63
65104 64
65105 65
65106 63
65107 58
65108 46
65109 48
65110 62
65111 70
65112 63
65113 60
65114 61
65115 62
65116 63
65117 69
65118 63
65119 53
65120 62
65121 59
65122 60
65123 72
65124 55
65125 53
65126 46
65127 58
65128 57
65129 55
65130 57
65131 65
65132 72
65133 64
65134 68
65135 67
65136 67
65137 59
65138 51
65139 60
65140 64
65141 60
65142 71
65143 59
65144 50
65145 66
65146 64
65147 60
65148 63
65149 54
65150 57
65151 60
65152 65
65153 62
65154 49
65155 52
65156 67
65157 80
65158 72
65159 65
65160 68
65161 57
65162 57
65163 60
65164 55
65165 63
65166 53
65167 64
65168 54
65169 56
65170 54
65171 68
65172 73
65173 67
65174 60
65175 72
65176 71
65177 59
65178 63
65179 70
65180 75
65181 63
65182 60
65183 64
65184 48
65185 59
65186 66
65187 72
65188 58
65189 51
65190 67
65191 75
65192 73
65193 70
65194 75
65195 67
65196 59
65197 58
65198 52
65199 60
65200 58
65201 62
65202 59
65203 65
65204 55
65205 67
65206 64
65207 64
65208 60
65209 57
65210 63
65211 59
65212 66
65213 53
65214 52
65215 63
65216 68
65217 62
65218 49
65219 48
65220 59
65221 65
65222 60
65223 57
65224 61
65225 58
65226 64
65227 60
65228 70
65229 67
65230 52
65231 58
65232 63
65233 62
65234 71
65235 60
65236 66
65237 63
65238 52
65239 62
65240 51
65241 50
65242 48
65243 60
65244 57
65245 53
65246 54
65247 61
65248 66
65249 57
65250 61
65251 68
65252 53
65253 41
65254 42
65255 43
65256 61
65257 60
65258 66
65259 50
65260 48
65261 57
65262 59
65263 58
65264 72
65265 66
65266 63
65267 64
65268 74
65269 63
65270 60
65271 57
65272 66
65273 73
65274 63
65275 60
65276 60
65277 61
65278 62
65279 62
65280 54
65281 36
65282 44
65283 53
65284 56
65285 64
65286 52
65287 66
65288 74
65289 60
65290 57
65291 53
65292 56
65293 60
65294 66
65295 71
65296 64
65297 58
65298 66
65299 53
65300 52
65301 66
65302 59
65303 69
65304 73
65305 67
65306 60
65307 49
65308 44
65309 49
65310 59
65311 48
65312 50
65313 52
65314 49
65315 43
65316 35
65317 47
65318 65
65319 58
65320 52
65321 56
65322 58
65323 52
65324 59
65325 62
65326 47
65327 66
65328 75
65329 61
65330 47
65331 56
65332 57
65333 59
65334 57
65335 66
65336 73
65337 65
65338 67
65339 66
65340 79
65341 81
65342 75
65343 59
65344 49
65345 54
65346 63
65347 68
65348 64
65349 63
65350 60
65351 58
65352 62
65353 61
65354 58
65355 62
65356 69
65357 61
65358 60
65359 63
65360 50
65361 49
65362 63
65363 58
65364 61
65365 50
65366 55
65367 54
65368 60
65369 53
65370 68
65371 61
65372 55
65373 64
65374 56
65375 57
65376 57
65377 49
65378 61
65379 52
65380 55
65381 63
65382 59
65383 66
65384 57
65385 60
65386 54
65387 55
65388 52
65389 59
65390 65
65391 68
65392 62
65393 60
65394 65
65395 60
65396 72
65397 70
65398 68
65399 66
65400 68
65401 65
65402 67
65403 64
65404 58
65405 51
65406 60
65407 73
65408 62
65409 61
65410 51
65411 48
65412 37
65413 49
65414 56
65415 58
65416 53
65417 62
65418 64
65419 62
65420 58
65421 66
65422 52
65423 51
65424 46
65425 37
65426 41
65427 42
65428 45
65429 52
65430 57
65431 61
65432 57
65433 64
65434 60
65435 67
65436 65
65437 67
65438 60
65439 65
65440 57
65441 69
65442 65
65443 65
65444 57
65445 59
65446 46
65447 62
65448 61
65449 64
65450 71
65451 74
65452 58
65453 62
65454 63
65455 60
65456 55
65457 52
65458 58
65459 68
65460 62
65461 64
65462 65
65463 67
65464 65
65465 56
65466 53
65467 59
65468 54
65469 58
65470 61
65471 47
65472 54
65473 57
65474 69
65475 54
65476 52
65477 66
65478 65
65479 56
65480 64
65481 71
65482 68
65483 58
65484 73
65485 65
65486 70
65487 66
65488 59
65489 58
65490 65
65491 51
65492 55
65493 59
65494 63
65495 67
65496 54
65497 57
65498 72
65499 59
65500 50
65501 56
65502 50
65503 49
65504 53
65505 51
65506 54
65507 61
65508 55
65509 56
65510 66
65511 49
65512 56
65513 48
65514 61
65515 65
65516 56
65517 61
65518 59
65519 55
65520 60
65521 62
65522 63
65523 55
65524 60
65525 58
65526 67
65527 51
65528 49
65529 57
65530 63
65531 52
65532 71
65533 66
65534 47
65535 58
65536 54
65537 61
65538 55
65539 55
65540 57
65541 64
65542 55
65543 68
65544 63
65545 69
65546 56
65547 64
65548 60
65549 64
65550 66
65551 59
65552 59
65553 49
65554 48
65555 60
65556 65
65557 61
65558 61
65559 60
65560 58
65561 61
65562 63
65563 57
65564 56
65565 54
65566 56
65567 54
65568 71
65569 67
65570 62
65571 58
65572 62
65573 74
65574 63
65575 60
65576 65
65577 74
65578 61
65579 51
65580 53
65581 66
65582 55
65583 59
65584 61
65585 62
65586 67
65587 59
65588 58
65589 52
65590 46
65591 57
65592 51
65593 53
65594 66
65595 64
65596 74
65597 55
65598 63
65599 61
65600 50
65601 56
65602 65
65603 62
65604 68
65605 56
65606 59
65607 61
65608 63
65609 70
65610 59
65611 59
65612 54
65613 62
65614 56
65615 56
65616 68
65617 55
65618 62
65619 68
65620 53
65621 61
65622 63
65623 70
65624 70
65625 57
65626 48
65627 53
65628 58
65629 68
65630 73
65631 64
65632 52
65633 39
65634 50
65635 56
65636 70
65637 75
65638 72
65639 66
65640 60
65641 62
65642 66
65643 80
65644 68
65645 70
65646 64
65647 54
65648 70
65649 55
65650 67
65651 74
65652 54
65653 55
65654 59
65655 46
65656 26
65657 27
65658 44
65659 51
65660 57
65661 65
65662 65
65663 73
65664 67
65665 51
65666 45
65667 55
65668 61
65669 66
65670 58
65671 44
65672 43
65673 50
65674 64
65675 66
65676 67
65677 73
65678 72
65679 58
65680 52
65681 64
65682 70
65683 64
65684 50
65685 51
65686 56
65687 58
65688 72
65689 61
65690 81
65691 77
65692 65
65693 63
65694 68
65695 59
65696 58
65697 63
65698 59
65699 58
65700 53
65701 60
65702 60
65703 57
65704 46
65705 53
65706 61
65707 48
65708 62
65709 70
65710 65
65711 67
65712 58
65713 53
65714 58
65715 69
65716 61
65717 66
65718 62
65719 52
65720 54
65721 55
65722 62
65723 67
65724 66
65725 48
65726 42
65727 46
65728 55
65729 55
65730 44
65731 57
65732 55
65733 55
65734 67
65735 59
65736 60
65737 60
65738 57
65739 63
65740 69
65741 61
65742 62
65743 68
65744 68
65745 72
65746 53
65747 67
65748 55
65749 55
65750 64
65751 57
65752 58
65753 59
65754 51
65755 53
65756 61
65757 45
65758 41
65759 45
65760 54
65761 59
65762 66
65763 57
65764 60
65765 52
65766 52
65767 57
65768 61
65769 72
65770 58
65771 54
65772 59
65773 63
65774 58
65775 59
65776 55
65777 49
65778 38
65779 32
65780 44
65781 57
65782 54
65783 47
65784 45
65785 50
65786 58
65787 55
65788 60
65789 63
65790 56
65791 51
65792 55
65793 59
65794 66
65795 57
65796 42
65797 50
65798 53
65799 52
65800 56
65801 46
65802 53
65803 67
65804 66
65805 60
65806 59
65807 50
65808 40
65809 36
65810 35
65811 54
65812 51
65813 63
65814 56
65815 60
65816 55
65817 67
65818 61
65819 64
65820 48
65821 50
65822 40
65823 50
65824 57
65825 71
65826 57
65827 48
65828 57
65829 66
65830 68
65831 68
65832 52
65833 64
65834 62
65835 65
65836 73
65837 60
65838 42
65839 46
65840 56
65841 57
65842 56
65843 64
65844 65
65845 57
65846 64
65847 60
65848 44
65849 42
65850 40
65851 41
65852 46
65853 49
65854 59
65855 68
65856 55
65857 52
65858 71
65859 87
65860 77
65861 61
65862 57
65863 63
65864 75
65865 67
65866 60
65867 60
65868 54
65869 57
65870 56
65871 63
65872 64
65873 56
65874 58
65875 57
65876 60
65877 65
65878 54
65879 48
65880 54
65881 57
65882 67
65883 64
65884 62
65885 53
65886 60
65887 64
65888 57
65889 53
65890 64
65891 55
65892 45
65893 58
65894 63
65895 68
65896 77
65897 66
65898 67
65899 65
65900 68
65901 58
65902 53
65903 59
65904 53
65905 50
65906 51
65907 65
65908 66
65909 65
65910 58
65911 54
65912 58
65913 46
65914 44
65915 50
65916 67
65917 63
65918 62
65919 58
65920 61
65921 68
65922 56
65923 59
65924 67
65925 62
65926 53
65927 58
65928 55
65929 58
65930 55
65931 55
65932 54
65933 52
65934 58
65935 71
65936 73
65937 66
65938 73
65939 62
65940 58
65941 55
65942 65
65943 61
65944 66
65945 69
65946 53
65947 54
65948 58
65949 68
65950 57
65951 58
65952 50
65953 57
65954 63
65955 67
65956 61
65957 73
65958 76
65959 67
65960 60
65961 55
65962 55
65963 64
65964 65
65965 68
65966 73
65967 70
65968 59
65969 63
65970 63
65971 57
65972 63
65973 55
65974 71
65975 57
65976 51
65977 44
65978 58
65979 65
65980 64
65981 56
65982 49
65983 55
65984 58
65985 60
65986 67
65987 71
65988 66
65989 62
65990 60
65991 53
65992 59
65993 66
65994 53
65995 55
65996 60
65997 58
65998 54
65999 57
66000 59
66001 66
66002 63
66003 53
66004 58
66005 68
66006 58
66007 67
66008 62
66009 63
66010 72
66011 72
66012 62
66013 61
66014 63
66015 63
66016 61
66017 53
66018 65
66019 65
66020 58
66021 57
66022 55
66023 49
66024 59
66025 62
66026 53
66027 58
66028 70
66029 59
66030 66
66031 62
66032 47
66033 57
66034 59
66035 69
66036 55
66037 57
66038 56
66039 58
66040 64
66041 78
66042 67
66043 63
66044 59
66045 54
66046 53
66047 58
66048 48
66049 60
66050 61
66051 60
66052 62
66053 65
66054 60
66055 74
66056 63
66057 67
66058 72
66059 74
66060 58
66061 70
66062 71
66063 64
66064 65
66065 61
66066 71
66067 66
66068 55
66069 63
66070 67
66071 58
66072 67
66073 62
66074 61
66075 59
66076 57
66077 60
66078 58
66079 60
66080 59
66081 68
66082 73
66083 54
66084 55
66085 53
66086 59
66087 64
66088 65
66089 53
66090 66
66091 64
66092 61
66093 58
66094 59
66095 44
66096 39
66097 52
66098 57
66099 57
66100 53
66101 57
66102 59
66103 41
66104 37
66105 41
66106 52
66107 67
66108 67
66109 55
66110 69
66111 57
66112 59
66113 59
66114 62
66115 49
66116 51
66117 53
66118 60
66119 71
66120 59
66121 41
66122 42
66123 59
66124 63
66125 61
66126 46
66127 45
66128 53
66129 59
66130 57
66131 58
66132 58
66133 69
66134 62
66135 56
66136 60
66137 65
66138 60
66139 62
66140 65
66141 56
66142 53
66143 55
66144 54
66145 56
66146 59
66147 76
66148 69
66149 65
66150 60
66151 63
66152 44
66153 59
66154 62
66155 65
66156 66
66157 57
66158 62
66159 64
66160 74
66161 62
66162 58
66163 53
66164 57
66165 62
66166 51
66167 47
66168 52
66169 57
66170 54
66171 63
66172 65
66173 59
66174 63
66175 54
66176 65
66177 68
66178 67
66179 53
66180 52
66181 70
66182 57
66183 56
66184 58
66185 52
66186 60
66187 51
66188 65
66189 64
66190 68
66191 60
66192 72
66193 78
66194 62
66195 63
66196 64
66197 62
66198 57
66199 53
66200 50
66201 59
66202 65
66203 51
66204 36
66205 33
66206 46
66207 47
66208 50
66209 62
66210 60
66211 54
66212 55
66213 66
66214 67
66215 63
66216 64
66217 66
66218 50
66219 60
66220 67
66221 51
66222 60
66223 66
66224 54
66225 58
66226 66
66227 61
66228 69
66229 61
66230 59
66231 64
66232 61
66233 68
66234 68
66235 71
66236 63
66237 63
66238 49
66239 58
66240 59
66241 62
66242 55
66243 62
66244 55
66245 52
66246 62
66247 68
66248 62
66249 52
66250 54
66251 41
66252 60
66253 58
66254 55
66255 72
66256 66
66257 56
66258 62
66259 61
66260 50
66261 44
66262 59
66263 79
66264 64
66265 65
66266 56
66267 68
66268 68
66269 58
66270 63
66271 58
66272 50
66273 63
66274 54
66275 51
66276 53
66277 64
66278 53
66279 55
66280 63
66281 64
66282 60
66283 55
66284 60
66285 55
66286 61
66287 60
66288 47
66289 66
66290 69
66291 66
66292 63
66293 67
66294 58
66295 64
66296 69
66297 62
66298 63
66299 62
66300 56
66301 64
66302 47
66303 53
66304 64
66305 66
66306 59
66307 63
66308 72
66309 57
66310 57
66311 54
66312 65
66313 70
66314 67
66315 54
66316 50
66317 52
66318 59
66319 63
66320 67
66321 68
66322 60
66323 58
66324 46
66325 50
66326 58
66327 47
66328 62
66329 58
66330 64
66331 64
66332 60
66333 73
66334 59
66335 61
66336 60
66337 47
66338 53
66339 49
66340 44
66341 58
66342 62
66343 50
66344 57
66345 69
66346 65
66347 65
66348 54
66349 50
66350 62
66351 66
66352 68
66353 69
66354 58
66355 50
66356 58
66357 61
66358 59
66359 56
66360 54
66361 65
66362 65
66363 56
66364 66
66365 79
66366 67
66367 63
66368 61
66369 64
66370 55
66371 54
66372 46
66373 34
66374 41
66375 46
66376 50
66377 48
66378 53
66379 54
66380 64
66381 71
66382 65
66383 73
66384 63
66385 43
66386 51
66387 64
66388 75
66389 66
66390 57
66391 49
66392 50
66393 62
66394 56
66395 54
66396 58
66397 59
66398 46
66399 57
66400 65
66401 64
66402 59
66403 52
66404 61
66405 71
66406 55
66407 58
66408 62
66409 54
66410 66
66411 61
66412 65
66413 53
66414 60
66415 55
66416 58
66417 53
66418 50
66419 59
66420 66
66421 58
66422 69
66423 62
66424 61
66425 60
66426 61
66427 58
66428 64
66429 65
66430 63
66431 55
66432 57
66433 56
66434 57
66435 74
66436 76
66437 68
66438 65
66439 60
66440 63
66441 64
66442 65
66443 57
66444 56
66445 47
66446 64
66447 63
66448 78
66449 63
66450 65
66451 58
66452 63
66453 61
66454 67
66455 51
66456 50
66457 43
66458 57
66459 50
66460 56
66461 68
66462 73
66463 72
66464 65
66465 56
66466 59
66467 57
66468 52
66469 50
66470 39
66471 43
66472 46
66473 48
66474 57
66475 64
66476 57
66477 64
66478 51
66479 54
66480 59
66481 62
66482 57
66483 63
66484 63
66485 57
66486 65
66487 66
66488 60
66489 60
66490 56
66491 57
66492 63
66493 60
66494 41
66495 49
66496 59
66497 57
66498 41
66499 51
66500 59
66501 56
66502 58
66503 61
66504 61
66505 69
66506 52
66507 64
66508 68
66509 77
66510 61
66511 58
66512 59
66513 57
66514 51
66515 48
66516 50
66517 68
66518 59
66519 60
66520 72
66521 67
66522 59
66523 57
66524 63
66525 58
66526 62
66527 55
66528 62
66529 55
66530 52
66531 57
66532 61
66533 56
66534 43
66535 55
66536 61
66537 63
66538 50
66539 59
66540 66
66541 54
66542 56
66543 46
66544 66
66545 63
66546 60
66547 67
66548 63
66549 63
66550 49
66551 61
66552 56
66553 46
66554 60
66555 67
66556 65
66557 65
66558 58
66559 51
66560 62
66561 53
66562 50
66563 56
66564 51
66565 57
66566 55
66567 57
66568 63
66569 67
66570 52
66571 46
66572 50
66573 46
66574 53
66575 54
66576 68
66577 69
66578 56
66579 49
66580 52
66581 64
66582 72
66583 62
66584 57
66585 59
66586 59
66587 43
66588 50
66589 38
66590 51
66591 63
66592 44
66593 58
66594 50
66595 55
66596 68
66597 57
66598 48
66599 40
66600 59
66601 60
66602 56
66603 66
66604 59
66605 62
66606 75
66607 67
66608 65
66609 70
66610 78
66611 77
66612 63
66613 65
66614 68
66615 49
66616 59
66617 50
66618 61
66619 57
66620 51
66621 67
66622 56
66623 66
66624 69
66625 66
66626 55
66627 54
66628 60
66629 59
66630 71
66631 53
66632 50
66633 52
66634 56
66635 67
66636 54
66637 52
66638 47
66639 34
66640 27
66641 47
66642 67
66643 58
66644 58
66645 54
66646 57
66647 63
66648 66
66649 63
66650 70
66651 51
66652 57
66653 63
66654 65
66655 58
66656 56
66657 53
66658 57
66659 59
66660 58
66661 71
66662 67
66663 60
66664 63
66665 66
66666 57
66667 53
66668 54
66669 55
66670 54
66671 55
66672 55
66673 59
66674 65
66675 61
66676 59
66677 56
66678 68
66679 60
66680 65
66681 61
66682 64
66683 66
66684 60
66685 54
66686 54
66687 59
66688 61
66689 68
66690 57
66691 59
66692 62
66693 58
66694 63
66695 64
66696 59
66697 68
66698 67
66699 55
66700 60
66701 61
66702 58
66703 52
66704 62
66705 65
66706 61
66707 65
66708 66
66709 58
66710 52
66711 56
66712 60
66713 51
66714 58
66715 71
66716 62
66717 61
66718 55
66719 65
66720 61
66721 61
66722 62
66723 64
66724 60
66725 65
66726 64
66727 64
66728 60
66729 67
66730 64
66731 58
66732 62
66733 58
66734 54
66735 57
66736 56
66737 66
66738 66
66739 67
66740 69
66741 71
66742 58
66743 57
66744 64
66745 68
66746 49
66747 52
66748 61
66749 59
66750 39
66751 49
66752 44
66753 64
66754 70
66755 58
66756 56
66757 59
66758 69
66759 59
66760 63
66761 65
66762 69
66763 66
66764 62
66765 64
66766 53
66767 69
66768 70
66769 61
66770 61
66771 60
66772 63
66773 55
66774 67
66775 60
66776 67
66777 61
66778 60
66779 57
66780 65
66781 63
66782 49
66783 60
66784 64
66785 59
66786 58
66787 44
66788 44
66789 43
66790 48
66791 58
66792 63
66793 58
66794 54
66795 49
66796 48
66797 60
66798 65
66799 67
66800 63
66801 59
66802 54
66803 53
66804 67
66805 72
66806 54
66807 62
66808 65
66809 71
66810 62
66811 60
66812 75
66813 63
66814 56
66815 64
66816 46
66817 52
66818 52
66819 60
66820 59
66821 54
66822 64
66823 65
66824 71
66825 67
66826 59
66827 62
66828 57
66829 59
66830 72
66831 59
66832 60
66833 59
66834 58
66835 64
66836 52
66837 51
66838 55
66839 66
66840 56
66841 53
66842 47
66843 45
66844 61
66845 62
66846 64
66847 57
66848 60
66849 53
66850 52
66851 59
66852 57
66853 47
66854 57
66855 68
66856 60
66857 53
66858 66
66859 69
66860 75
66861 63
66862 62
66863 54
66864 73
66865 70
66866 66
66867 67
66868 59
66869 56
66870 57
66871 48
66872 63
66873 75
66874 69
66875 61
66876 64
66877 65
66878 73
66879 59
66880 49
66881 46
66882 44
66883 46
66884 55
66885 67
66886 67
66887 58
66888 54
66889 57
66890 59
66891 51
66892 66
66893 64
66894 56
66895 46
66896 36
66897 41
66898 48
66899 55
66900 50
66901 56
66902 52
66903 52
66904 53
66905 61
66906 64
66907 65
66908 66
66909 71
66910 60
66911 66
66912 55
66913 71
66914 59
66915 54
66916 51
66917 55
66918 59
66919 61
66920 62
66921 68
66922 53
66923 46
66924 43
66925 41
66926 51
66927 56
66928 53
66929 50
66930 49
66931 60
66932 57
66933 55
66934 46
66935 45
66936 59
66937 62
66938 54
66939 56
66940 57
66941 58
66942 69
66943 55
66944 52
66945 59
66946 58
66947 68
66948 66
66949 60
66950 59
66951 58
66952 61
66953 55
66954 61
66955 64
66956 63
66957 61
66958 63
66959 63
66960 67
66961 77
66962 69
66963 59
66964 44
66965 46
66966 55
66967 59
66968 55
66969 54
66970 43
66971 58
66972 59
66973 70
66974 65
66975 61
66976 67
66977 70
66978 72
66979 64
66980 67
66981 65
66982 68
66983 66
66984 58
66985 70
66986 63
66987 48
66988 51
66989 53
66990 72
66991 76
66992 57
66993 58
66994 59
66995 60
66996 71
66997 59
66998 66
66999 58
67000 69
67001 62
67002 54
67003 57
67004 68
67005 56
67006 63
67007 79
67008 65
67009 78
67010 80
67011 79
67012 64
67013 72
67014 56
67015 42
67016 40
67017 26
67018 40
67019 44
67020 45
67021 60
67022 57
67023 56
67024 49
67025 64
67026 60
67027 70
67028 58
67029 67
67030 66
67031 69
67032 60
67033 54
67034 42
67035 48
67036 60
67037 61
67038 59
67039 58
67040 72
67041 58
67042 58
67043 53
67044 67
67045 73
67046 70
67047 82
67048 68
67049 54
67050 57
67051 50
67052 59
67053 60
67054 56
67055 59
67056 59
67057 70
67058 60
67059 61
67060 60
67061 58
67062 61
67063 57
67064 56
67065 67
67066 76
67067 73
67068 73
67069 69
67070 57
67071 55
67072 59
67073 67
67074 52
67075 64
67076 59
67077 67
67078 51
67079 62
67080 56
67081 63
67082 62
67083 50
67084 49
67085 64
67086 62
67087 50
67088 58
67089 53
67090 57
67091 66
67092 60
67093 61
67094 65
67095 56
67096 65
67097 72
67098 61
67099 51
67100 59
67101 63
67102 62
67103 60
67104 72
67105 66
67106 63
67107 61
67108 56
67109 69
67110 71
67111 72
67112 61
67113 54
67114 54
67115 53
67116 52
67117 72
67118 61
67119 59
67120 53
67121 47
67122 50
67123 55
67124 63
67125 59
67126 58
67127 59
67128 43
67129 48
67130 65
67131 55
67132 52
67133 53
67134 57
67135 58
67136 53
67137 47
67138 48
67139 51
67140 63
67141 65
67142 61
67143 74
67144 65
67145 60
67146 57
67147 55
67148 61
67149 62
67150 52
67151 51
67152 53
67153 69
67154 68
67155 52
67156 54
67157 55
67158 37
67159 39
67160 44
67161 54
67162 61
67163 55
67164 64
67165 67
67166 60
67167 55
67168 60
67169 56
67170 59
67171 69
67172 66
67173 57
67174 51
67175 63
67176 62
67177 59
67178 68
67179 66
67180 50
67181 65
67182 70
67183 57
67184 63
67185 75
67186 68
67187 64
67188 60
67189 53
67190 58
67191 53
67192 55
67193 59
67194 45
67195 49
67196 62
67197 57
67198 45
67199 46
67200 66
67201 62
67202 61
67203 65
67204 48
67205 65
67206 76
67207 73
67208 62
67209 54
67210 67
67211 63
67212 57
67213 59
67214 65
67215 65
67216 56
67217 64
67218 72
67219 58
67220 64
67221 63
67222 63
67223 64
67224 68
67225 61
67226 61
67227 57
67228 60
67229 56
67230 64
67231 52
67232 57
67233 64
67234 57
67235 66
67236 70
67237 54
67238 46
67239 59
67240 56
67241 63
67242 72
67243 64
67244 61
67245 63
67246 62
67247 56
67248 54
67249 55
67250 58
67251 65
67252 78
67253 61
67254 46
67255 43
67256 45
67257 55
67258 51
67259 56
67260 64
67261 65
67262 76
67263 64
67264 74
67265 71
67266 62
67267 62
67268 64
67269 61
67270 59
67271 66
67272 78
67273 65
67274 68
67275 65
67276 73
67277 64
67278 55
67279 54
67280 50
67281 51
67282 54
67283 50
67284 54
67285 54
67286 56
67287 59
67288 74
67289 60
67290 59
67291 64
67292 61
67293 58
67294 59
67295 61
67296 61
67297 62
67298 54
67299 62
67300 77
67301 69
67302 62
67303 64
67304 60
67305 60
67306 63
67307 59
67308 63
67309 61
67310 53
67311 66
67312 63
67313 61
67314 65
67315 59
67316 60
67317 68
67318 73
67319 80
67320 64
67321 71
67322 55
67323 57
67324 57
67325 61
67326 58
67327 61
67328 62
67329 63
67330 71
67331 74
67332 68
67333 76
67334 69
67335 63
67336 68
67337 65
67338 51
67339 55
67340 61
67341 53
67342 58
67343 63
67344 60
67345 77
67346 61
67347 55
67348 66
67349 57
67350 65
67351 54
67352 60
67353 65
67354 56
67355 50
67356 55
67357 65
67358 64
67359 47
67360 53
67361 56
67362 50
67363 64
67364 66
67365 60
67366 67
67367 69
67368 75
67369 70
67370 61
67371 64
67372 61
67373 63
67374 62
67375 56
67376 54
67377 55
67378 69
67379 71
67380 53
67381 65
67382 69
67383 71
67384 60
67385 64
67386 60
67387 56
67388 56
67389 69
67390 66
67391 67
67392 66
67393 59
67394 64
67395 63
67396 65
67397 66
67398 58
67399 59
67400 51
67401 59
67402 61
67403 67
67404 66
67405 66
67406 57
67407 55
67408 40
67409 45
67410 51
67411 54
67412 61
67413 74
67414 74
67415 65
67416 66
67417 70
67418 61
67419 64
67420 56
67421 53
67422 52
67423 63
67424 66
67425 48
67426 55
67427 53
67428 55
67429 62
67430 59
67431 54
67432 63
67433 56
67434 53
67435 57
67436 60
67437 59
67438 60
67439 61
67440 64
67441 62
67442 66
67443 62
67444 55
67445 46
67446 45
67447 44
67448 46
67449 49
67450 53
67451 63
67452 61
67453 56
67454 56
67455 69
67456 66
67457 58
67458 63
67459 63
67460 57
67461 60
67462 69
67463 78
67464 64
67465 53
67466 47
67467 51
67468 70
67469 52
67470 49
67471 59
67472 65
67473 69
67474 63
67475 63
67476 66
67477 67
67478 69
67479 64
67480 62
67481 67
67482 83
67483 72
67484 66
67485 74
67486 65
67487 63
67488 65
67489 62
67490 68
67491 59
67492 60
67493 60
67494 45
67495 54
67496 62
67497 61
67498 64
67499 55
67500 60
67501 62
67502 58
67503 52
67504 60
67505 62
67506 51
67507 50
67508 61
67509 54
67510 51
67511 52
67512 58
67513 57
67514 64
67515 63
67516 56
67517 71
67518 70
67519 61
67520 57
67521 58
67522 57
67523 68
67524 64
67525 57
67526 65
67527 59
67528 52
67529 56
67530 56
67531 61
67532 60
67533 70
67534 77
67535 67
67536 71
67537 63
67538 61
67539 67
67540 64
67541 51
67542 41
67543 48
67544 51
67545 46
67546 47
67547 67
67548 71
67549 67
67550 65
67551 60
67552 63
67553 58
67554 65
67555 64
67556 66
67557 60
67558 63
67559 43
67560 45
67561 57
67562 58
67563 63
67564 61
67565 56
67566 61
67567 58
67568 49
67569 48
67570 54
67571 69
67572 55
67573 54
67574 55
67575 62
67576 70
67577 66
67578 67
67579 63
67580 61
67581 64
67582 55
67583 51
67584 65
67585 50
67586 56
67587 62
67588 65
67589 58
67590 57
67591 51
67592 60
67593 59
67594 53
67595 58
67596 45
67597 62
67598 68
67599 56
67600 65
67601 60
67602 58
67603 51
67604 53
67605 55
67606 52
67607 57
67608 57
67609 64
67610 54
67611 50
67612 51
67613 52
67614 56
67615 58
67616 55
67617 54
67618 40
67619 58
67620 62
67621 67
67622 66
67623 59
67624 52
67625 35
67626 46
67627 54
67628 59
67629 53
67630 55
67631 64
67632 62
67633 57
67634 61
67635 64
67636 53
67637 61
67638 64
67639 68
67640 66
67641 69
67642 70
67643 66
67644 67
67645 64
67646 65
67647 64
67648 56
67649 56
67650 58
67651 67
67652 67
67653 60
67654 59
67655 56
67656 59
67657 59
67658 68
67659 58
67660 68
67661 64
67662 65
67663 75
67664 63
67665 61
67666 63
67667 43
67668 40
67669 46
67670 54
67671 69
67672 60
67673 53
67674 56
67675 62
67676 64
67677 65
67678 59
67679 58
67680 54
67681 58
67682 60
67683 76
67684 68
67685 61
67686 60
67687 59
67688 49
67689 47
67690 58
67691 52
67692 57
67693 64
67694 63
67695 67
67696 62
67697 68
67698 59
67699 62
67700 53
67701 50
67702 44
67703 57
67704 61
67705 49
67706 62
67707 58
67708 48
67709 52
67710 62
67711 63
67712 50
67713 53
67714 59
67715 64
67716 68
67717 62
67718 60
67719 50
67720 59
67721 55
67722 61
67723 67
67724 61
67725 63
67726 68
67727 60
67728 70
67729 72
67730 61
67731 60
67732 63
67733 62
67734 69
67735 65
67736 73
67737 67
67738 60
67739 58
67740 57
67741 50
67742 55
67743 60
67744 65
67745 53
67746 63
67747 59
67748 58
67749 52
67750 53
67751 53
67752 52
67753 60
67754 61
67755 59
67756 49
67757 51
67758 54
67759 55
67760 52
67761 55
67762 54
67763 59
67764 57
67765 54
67766 55
67767 47
67768 34
67769 43
67770 42
67771 60
67772 67
67773 69
67774 62
67775 63
67776 54
67777 50
67778 48
67779 43
67780 49
67781 50
67782 53
67783 66
67784 66
67785 64
67786 61
67787 62
67788 58
67789 57
67790 59
67791 68
67792 66
67793 62
67794 55
67795 61
67796 59
67797 47
67798 41
67799 58
67800 68
67801 56
67802 48
67803 47
67804 60
67805 59
67806 52
67807 53
67808 58
67809 71
67810 57
67811 63
67812 60
67813 61
67814 60
67815 65
67816 54
67817 53
67818 55
67819 57
67820 50
67821 58
67822 54
67823 46
67824 51
67825 50
67826 57
67827 70
67828 68
67829 58
67830 61
67831 54
67832 48
67833 63
67834 62
67835 65
67836 59
67837 68
67838 64
67839 66
67840 61
67841 56
67842 53
67843 60
67844 67
67845 70
67846 58
67847 63
67848 58
67849 46
67850 35
67851 54
67852 58
67853 60
67854 53
67855 68
67856 62
67857 56
67858 47
67859 49
67860 54
67861 64
67862 66
67863 74
67864 64
67865 57
67866 51
67867 58
67868 60
67869 64
67870 61
67871 44
67872 53
67873 62
67874 57
67875 66
67876 64
67877 74
67878 54
67879 51
67880 53
67881 62
67882 51
67883 54
67884 52
67885 54
67886 50
67887 56
67888 58
67889 62
67890 52
67891 48
67892 51
67893 53
67894 62
67895 61
67896 65
67897 57
67898 54
67899 70
67900 69
67901 56
67902 57
67903 55
67904 69
67905 66
67906 67
67907 65
67908 76
67909 58
67910 52
67911 61
67912 58
67913 49
67914 57
67915 55
67916 60
67917 56
67918 57
67919 68
67920 62
67921 55
67922 66
67923 50
67924 49
67925 45
67926 42
67927 30
67928 33
67929 39
67930 47
67931 60
67932 62
67933 59
67934 62
67935 65
67936 52
67937 54
67938 56
67939 57
67940 64
67941 57
67942 71
67943 66
67944 74
67945 74
67946 68
67947 64
67948 65
67949 64
67950 62
67951 70
67952 57
67953 60
67954 66
67955 59
67956 56
67957 53
67958 70
67959 65
67960 63
67961 50
67962 56
67963 55
67964 52
67965 54
67966 50
67967 47
67968 60
67969 62
67970 64
67971 60
67972 60
67973 65
67974 68
67975 67
67976 57
67977 55
67978 54
67979 63
67980 59
67981 48
67982 59
67983 64
67984 49
67985 58
67986 65
67987 65
67988 58
67989 63
67990 57
67991 69
67992 71
67993 64
67994 62
67995 62
67996 61
67997 59
67998 58
67999 60
68000 62
68001 65
68002 55
68003 61
68004 47
68005 56
68006 51
68007 52
68008 60
68009 56
68010 59
68011 64
68012 61
68013 49
68014 63
68015 62
68016 59
68017 62
68018 48
68019 49
68020 57
68021 55
68022 61
68023 59
68024 59
68025 56
68026 61
68027 55
68028 47
68029 43
68030 47
68031 48
68032 49
68033 61
68034 71
68035 63
68036 56
68037 47
68038 52
68039 58
68040 57
68041 55
68042 66
68043 63
68044 56
68045 61
68046 54
68047 61
68048 59
68049 53
68050 58
68051 49
68052 35
68053 48
68054 49
68055 56
68056 62
68057 66
68058 68
68059 72
68060 79
68061 71
68062 61
68063 59
68064 66
68065 62
68066 67
68067 68
68068 62
68069 61
68070 60
68071 67
68072 69
68073 59
68074 63
68075 66
68076 75
68077 60
68078 67
68079 63
68080 51
68081 52
68082 65
68083 71
68084 71
68085 59
68086 54
68087 69
68088 51
68089 53
68090 57
68091 70
68092 59
68093 66
68094 56
68095 59
68096 58
68097 52
68098 66
68099 72
68100 55
68101 61
68102 53
68103 42
68104 51
68105 60
68106 53
68107 55
68108 61
68109 72
68110 75
68111 59
68112 57
68113 70
68114 63
68115 64
68116 65
68117 62
68118 62
68119 49
68120 58
68121 57
68122 64
68123 65
68124 53
68125 58
68126 55
68127 60
68128 64
68129 66
68130 62
68131 61
68132 64
68133 72
68134 67
68135 67
68136 74
68137 71
68138 69
68139 58
68140 54
68141 63
68142 61
68143 58
68144 59
68145 55
68146 48
68147 61
68148 60
68149 58
68150 76
68151 61
68152 64
68153 69
68154 59
68155 56
68156 54
68157 62
68158 66
68159 69
68160 54
68161 60
68162 61
68163 60
68164 66
68165 64
68166 61
68167 75
68168 77
68169 60
68170 57
68171 63
68172 53
68173 55
68174 60
68175 78
68176 67
68177 58
68178 60
68179 75
68180 72
68181 63
68182 54
68183 52
68184 54
68185 49
68186 64
68187 56
68188 61
68189 59
68190 62
68191 66
68192 60
68193 62
68194 56
68195 54
68196 53
68197 55
68198 67
68199 53
68200 54
68201 60
68202 62
68203 64
68204 59
68205 61
68206 72
68207 55
68208 53
68209 46
68210 43
68211 58
68212 53
68213 62
68214 54
68215 56
68216 58
68217 63
68218 59
68219 66
68220 59
68221 51
68222 46
68223 51
68224 55
68225 50
68226 69
68227 65
68228 64
68229 59
68230 59
68231 52
68232 68
68233 55
68234 68
68235 62
68236 62
68237 59
68238 62
68239 49
68240 43
68241 44
68242 58
68243 53
68244 62
68245 63
68246 64
68247 66
68248 62
68249 58
68250 52
68251 53
68252 51
68253 50
68254 69
68255 63
68256 63
68257 64
68258 46
68259 56
68260 58
68261 62
68262 68
68263 57
68264 59
68265 64
68266 57
68267 62
68268 44
68269 60
68270 66
68271 58
68272 64
68273 53
68274 46
68275 63
68276 71
68277 57
68278 71
68279 59
68280 67
68281 58
68282 60
68283 57
68284 70
68285 54
68286 55
68287 55
68288 54
68289 58
68290 74
68291 63
68292 54
68293 59
68294 68
68295 68
68296 70
68297 58
68298 56
68299 42
68300 39
68301 37
68302 41
68303 58
68304 67
68305 63
68306 62
68307 56
68308 48
68309 56
68310 59
68311 65
68312 66
68313 55
68314 55
68315 63
68316 65
68317 63
68318 62
68319 60
68320 59
68321 44
68322 61
68323 67
68324 64
68325 65
68326 61
68327 58
68328 51
68329 56
68330 59
68331 59
68332 58
68333 60
68334 53
68335 64
68336 63
68337 54
68338 59
68339 62
68340 61
68341 57
68342 49
68343 58
68344 61
68345 63
68346 65
68347 68
68348 75
68349 63
68350 62
68351 61
68352 63
68353 66
68354 63
68355 62
68356 63
68357 71
68358 69
68359 57
68360 59
68361 62
68362 64
68363 54
68364 61
68365 73
68366 66
68367 64
68368 58
68369 65
68370 59
68371 56
68372 69
68373 59
68374 75
68375 69
68376 68
68377 61
68378 56
68379 60
68380 59
68381 65
68382 62
68383 65
68384 68
68385 65
68386 66
68387 60
68388 48
68389 66
68390 57
68391 63
68392 67
68393 59
68394 61
68395 73
68396 70
68397 72
68398 69
68399 68
68400 56
68401 49
68402 51
68403 57
68404 66
68405 67
68406 68
68407 62
68408 56
68409 63
68410 60
68411 59
68412 60
68413 66
68414 65
68415 70
68416 53
68417 53
68418 63
68419 61
68420 60
68421 62
68422 56
68423 66
68424 79
68425 62
68426 46
68427 59
68428 62
68429 59
68430 42
68431 48
68432 59
68433 61
68434 56
68435 71
68436 51
68437 57
68438 66
68439 54
68440 47
68441 48
68442 60
68443 73
68444 58
68445 56
68446 75
68447 65
68448 57
68449 52
68450 48
68451 45
68452 55
68453 67
68454 61
68455 51
68456 66
68457 62
68458 58
68459 59
68460 60
68461 64
68462 76
68463 67
68464 64
68465 53
68466 66
68467 64
68468 56
68469 57
68470 72
68471 58
68472 49
68473 53
68474 58
68475 42
68476 47
68477 48
68478 49
68479 53
68480 60
68481 64
68482 55
68483 49
68484 65
68485 65
68486 70
68487 69
68488 65
68489 54
68490 63
68491 62
68492 57
68493 59
68494 67
68495 59
68496 57
68497 54
68498 56
68499 57
68500 61
68501 62
68502 62
68503 61
68504 66
68505 69
68506 68
68507 68
68508 66
68509 59
68510 59
68511 76
68512 63
68513 63
68514 60
68515 58
68516 59
68517 64
68518 57
68519 52
68520 60
68521 63
68522 64
68523 68
68524 67
68525 69
68526 60
68527 49
68528 50
68529 61
68530 72
68531 56
68532 58
68533 57
68534 59
68535 52
68536 41
68537 54
68538 60
68539 74
68540 64
68541 62
68542 57
68543 60
68544 60
68545 69
68546 54
68547 54
68548 56
68549 63
68550 65
68551 56
68552 58
68553 75
68554 74
68555 60
68556 62
68557 66
68558 70
68559 73
68560 61
68561 52
68562 51
68563 48
68564 53
68565 59
68566 55
68567 62
68568 59
68569 60
68570 53
68571 47
68572 48
68573 57
68574 60
68575 64
68576 64
68577 57
68578 64
68579 65
68580 71
68581 88
68582 76
68583 67
68584 68
68585 61
68586 60
68587 61
68588 54
68589 62
68590 53
68591 62
68592 63
68593 67
68594 62
68595 59
68596 62
68597 61
68598 65
68599 56
68600 56
68601 56
68602 55
68603 53
68604 60
68605 63
68606 63
68607 59
68608 63
68609 61
68610 59
68611 53
68612 57
68613 67
68614 71
68615 61
68616 49
68617 54
68618 39
68619 33
68620 53
68621 52
68622 52
68623 57
68624 61
68625 56
68626 57
68627 57
68628 56
68629 56
68630 49
68631 56
68632 65
68633 71
68634 66
68635 64
68636 60
68637 72
68638 64
68639 61
68640 55
68641 56
68642 57
68643 68
68644 65
68645 66
68646 50
68647 58
68648 54
68649 62
68650 75
68651 64
68652 56
68653 58
68654 54
68655 52
68656 63
68657 59
68658 59
68659 49
68660 69
68661 83
68662 67
68663 58
68664 54
68665 58
68666 51
68667 53
68668 57
68669 64
68670 58
68671 61
68672 59
68673 64
68674 46
68675 57
68676 58
68677 55
68678 58
68679 55
68680 69
68681 64
68682 62
68683 59
68684 52
68685 44
68686 56
68687 67
68688 63
68689 57
68690 59
68691 67
68692 64
68693 63
68694 55
68695 68
68696 59
68697 65
68698 63
68699 59
68700 61
68701 64
68702 69
68703 67
68704 68
68705 69
68706 62
68707 63
68708 63
68709 60
68710 50
68711 58
68712 59
68713 65
68714 64
68715 56
68716 63
68717 58
68718 58
68719 65
68720 62
68721 62
68722 55
68723 54
68724 57
68725 60
68726 63
68727 64
68728 65
68729 70
68730 71
68731 61
68732 64
68733 68
68734 64
68735 63
68736 63
68737 68
68738 61
68739 58
68740 66
68741 66
68742 62
68743 61
68744 62
68745 58
68746 56
68747 61
68748 50
68749 56
68750 58
68751 56
68752 56
68753 66
68754 53
68755 58
68756 53
68757 63
68758 57
68759 58
68760 55
68761 57
68762 68
68763 62
68764 62
68765 74
68766 63
68767 50
68768 69
68769 65
68770 59
68771 52
68772 60
68773 65
68774 62
68775 67
68776 53
68777 66
68778 56
68779 69
68780 68
68781 50
68782 46
68783 44
68784 58
68785 55
68786 57
68787 48
68788 59
68789 60
68790 59
68791 60
68792 70
68793 73
68794 66
68795 48
68796 61
68797 64
68798 63
68799 61
68800 53
68801 55
68802 66
68803 65
68804 75
68805 68
68806 64
68807 55
68808 62
68809 58
68810 69
68811 61
68812 60
68813 64
68814 64
68815 73
68816 83
68817 79
68818 66
68819 65
68820 72
68821 63
68822 59
68823 64
68824 65
68825 69
68826 73
68827 65
68828 47
68829 54
68830 35
68831 45
68832 50
68833 59
68834 50
68835 51
68836 53
68837 52
68838 54
68839 54
68840 44
68841 45
68842 55
68843 59
68844 61
68845 66
68846 60
68847 60
68848 79
68849 69
68850 56
68851 60
68852 58
68853 63
68854 44
68855 37
68856 50
68857 53
68858 55
68859 64
68860 61
68861 50
68862 52
68863 58
68864 63
68865 65
68866 68
68867 67
68868 54
68869 68
68870 64
68871 65
68872 56
68873 58
68874 60
68875 59
68876 53
68877 55
68878 46
68879 52
68880 59
68881 63
68882 78
68883 74
68884 56
68885 65
68886 54
68887 57
68888 68
68889 69
68890 53
68891 61
68892 54
68893 57
68894 56
68895 60
68896 64
68897 80
68898 61
68899 59
68900 66
68901 62
68902 56
68903 55
68904 49
68905 57
68906 56
68907 58
68908 68
68909 65
68910 60
68911 65
68912 72
68913 65
68914 67
68915 57
68916 55
68917 57
68918 65
68919 56
68920 54
68921 66
68922 51
68923 59
68924 62
68925 63
68926 60
68927 57
68928 62
68929 60
68930 59
68931 49
68932 42
68933 48
68934 54
68935 61
68936 61
68937 63
68938 53
68939 51
68940 63
68941 65
68942 51
68943 60
68944 61
68945 63
68946 69
68947 58
68948 61
68949 67
68950 71
68951 64
68952 55
68953 65
68954 60
68955 50
68956 56
68957 56
68958 60
68959 67
68960 69
68961 57
68962 62
68963 63
68964 64
68965 62
68966 71
68967 67
68968 53
68969 68
68970 67
68971 70
68972 66
68973 60
68974 57
68975 62
68976 63
68977 51
68978 47
68979 43
68980 29
68981 33
68982 39
68983 53
68984 55
68985 56
68986 63
68987 60
68988 53
68989 55
68990 55
68991 58
68992 63
68993 63
68994 62
68995 54
68996 48
68997 51
68998 63
68999 59
69000 62
69001 66
69002 70
69003 56
69004 44
69005 64
69006 60
69007 60
69008 63
69009 77
69010 71
69011 62
69012 55
69013 58
69014 69
69015 65
69016 55
69017 59
69018 56
69019 46
69020 56
69021 53
69022 50
69023 46
69024 53
69025 70
69026 50
69027 57
69028 51
69029 59
69030 58
69031 62
69032 57
69033 56
69034 53
69035 62
69036 66
69037 65
69038 57
69039 56
69040 57
69041 62
69042 68
69043 62
69044 58
69045 65
69046 59
69047 50
69048 67
69049 59
69050 66
69051 55
69052 71
69053 70
69054 66
69055 47
69056 33
69057 47
69058 44
69059 57
69060 75
69061 63
69062 61
69063 54
69064 55
69065 61
69066 51
69067 43
69068 59
69069 60
69070 58
69071 57
69072 57
69073 43
69074 55
69075 62
69076 68
69077 70
69078 63
69079 52
69080 67
69081 62
69082 68
69083 77
69084 71
69085 62
69086 66
69087 70
69088 65
69089 64
69090 50
69091 60
69092 60
69093 55
69094 57
69095 63
69096 77
69097 58
69098 65
69099 63
69100 67
69101 68
69102 66
69103 55
69104 58
69105 57
69106 56
69107 65
69108 69
69109 62
69110 65
69111 84
69112 66
69113 60
69114 55
69115 52
69116 52
69117 50
69118 47
69119 52
69120 55
69121 50
69122 56
69123 54
69124 71
69125 79
69126 63
69127 69
69128 65
69129 61
69130 63
69131 59
69132 60
69133 62
69134 64
69135 55
69136 47
69137 44
69138 61
69139 54
69140 64
69141 49
69142 60
69143 53
69144 54
69145 65
69146 56
69147 45
69148 53
69149 57
69150 50
69151 57
69152 52
69153 55
69154 57
69155 63
69156 68
69157 62
69158 59
69159 55
69160 58
69161 63
69162 70
69163 56
69164 60
69165 61
69166 65
69167 54
69168 50
69169 65
69170 66
69171 63
69172 57
69173 57
69174 56
69175 52
69176 61
69177 57
69178 58
69179 75
69180 59
69181 52
69182 69
69183 67
69184 74
69185 71
69186 60
69187 64
69188 68
69189 59
69190 64
69191 54
69192 64
69193 62
69194 58
69195 57
69196 65
69197 58
69198 59
69199 58
69200 55
69201 62
69202 62
69203 64
69204 54
69205 65
69206 73
69207 61
69208 53
69209 55
69210 51
69211 55
69212 56
69213 60
69214 47
69215 58
69216 69
69217 62
69218 60
69219 58
69220 69
69221 60
69222 59
69223 58
69224 51
69225 66
69226 60
69227 73
69228 64
69229 69
69230 67
69231 67
69232 60
69233 64
69234 61
69235 44
69236 43
69237 39
69238 38
69239 51
69240 47
69241 41
69242 39
69243 48
69244 59
69245 73
69246 64
69247 51
69248 61
69249 62
69250 63
69251 46
69252 56
69253 50
69254 46
69255 54
69256 56
69257 66
69258 62
69259 64
69260 52
69261 59
69262 47
69263 50
69264 65
69265 68
69266 66
69267 60
69268 58
69269 54
69270 53
69271 52
69272 65
69273 76
69274 72
69275 68
69276 62
69277 65
69278 60
69279 62
69280 56
69281 63
69282 67
69283 57
69284 53
69285 52
69286 65
69287 56
69288 63
69289 66
69290 58
69291 61
69292 66
69293 64
69294 58
69295 53
69296 49
69297 69
69298 69
69299 62
69300 60
69301 58
69302 61
69303 68
69304 58
69305 54
69306 68
69307 62
69308 56
69309 60
69310 48
69311 44
69312 50
69313 51
69314 68
69315 57
69316 66
69317 67
69318 67
69319 60
69320 54
69321 62
69322 73
69323 69
69324 62
69325 65
69326 60
69327 67
69328 56
69329 52
69330 55
69331 56
69332 59
69333 65
69334 62
69335 56
69336 61
69337 59
69338 67
69339 65
69340 58
69341 63
69342 53
69343 45
69344 60
69345 70
69346 66
69347 66
69348 61
69349 58
69350 55
69351 61
69352 59
69353 63
69354 62
69355 60
69356 60
69357 60
69358 59
69359 64
69360 60
69361 53
69362 62
69363 58
69364 65
69365 68
69366 65
69367 67
69368 66
69369 63
69370 67
69371 56
69372 60
69373 57
69374 41
69375 55
69376 58
69377 55
69378 63
69379 77
69380 57
69381 56
69382 50
69383 48
69384 50
69385 63
69386 61
69387 58
69388 69
69389 62
69390 63
69391 60
69392 56
69393 57
69394 62
69395 58
69396 66
69397 64
69398 61
69399 61
69400 71
69401 72
69402 64
69403 58
69404 49
69405 56
69406 66
69407 56
69408 72
69409 66
69410 64
69411 59
69412 54
69413 66
69414 74
69415 67
69416 60
69417 61
69418 58
69419 57
69420 62
69421 65
69422 64
69423 67
69424 60
69425 54
69426 41
69427 56
69428 55
69429 58
69430 61
69431 64
69432 64
69433 65
69434 63
69435 68
69436 66
69437 68
69438 68
69439 64
69440 60
69441 60
69442 46
69443 39
69444 54
69445 53
69446 68
69447 58
69448 52
69449 66
69450 62
69451 68
69452 66
69453 58
69454 50
69455 53
69456 54
69457 50
69458 54
69459 64
69460 57
69461 59
69462 54
69463 53
69464 64
69465 57
69466 54
69467 61
69468 66
69469 69
69470 56
69471 52
69472 58
69473 67
69474 75
69475 68
69476 65
69477 51
69478 44
69479 52
69480 51
69481 62
69482 67
69483 71
69484 65
69485 51
69486 61
69487 62
69488 59
69489 57
69490 65
69491 57
69492 55
69493 66
69494 67
69495 64
69496 65
69497 63
69498 60
69499 73
69500 58
69501 59
69502 60
69503 59
69504 66
69505 66
69506 55
69507 65
69508 72
69509 63
69510 58
69511 70
69512 65
69513 58
69514 55
69515 56
69516 59
69517 57
69518 64
69519 66
69520 67
69521 68
69522 52
69523 68
69524 63
69525 50
69526 56
69527 67
69528 64
69529 70
69530 57
69531 46
69532 44
69533 43
69534 50
69535 59
69536 60
69537 70
69538 68
69539 58
69540 54
69541 60
69542 57
69543 52
69544 45
69545 64
69546 56
69547 73
69548 57
69549 55
69550 63
69551 56
69552 58
69553 56
69554 67
69555 57
69556 56
69557 64
69558 61
69559 47
69560 49
69561 63
69562 56
69563 58
69564 67
69565 59
69566 53
69567 48
69568 44
69569 58
69570 59
69571 68
69572 65
69573 49
69574 67
69575 73
69576 76
69577 72
69578 68
69579 70
69580 73
69581 62
69582 71
69583 66
69584 65
69585 54
69586 63
69587 70
69588 69
69589 70
69590 66
69591 63
69592 66
69593 62
69594 61
69595 63
69596 66
69597 52
69598 68
69599 59
69600 60
69601 57
69602 52
69603 67
69604 62
69605 74
69606 60
69607 54
69608 54
69609 63
69610 62
69611 55
69612 60
69613 63
69614 67
69615 56
69616 56
69617 66
69618 55
69619 58
69620 62
69621 62
69622 61
69623 50
69624 45
69625 48
69626 66
69627 67
69628 51
69629 48
69630 54
69631 55
69632 58
69633 65
69634 62
69635 57
69636 69
69637 70
69638 60
69639 58
69640 59
69641 63
69642 57
69643 56
69644 45
69645 57
69646 66
69647 68
69648 70
69649 66
69650 59
69651 61
69652 55
69653 61
69654 58
69655 47
69656 48
69657 47
69658 60
69659 61
69660 62
69661 55
69662 53
69663 59
69664 70
69665 55
69666 75
69667 65
69668 64
69669 61
69670 66
69671 67
69672 62
69673 66
69674 56
69675 54
69676 55
69677 54
69678 56
69679 69
69680 72
69681 58
69682 48
69683 44
69684 35
69685 51
69686 58
69687 63
69688 72
69689 57
69690 66
69691 65
69692 66
69693 63
69694 60
69695 66
69696 64
69697 68
69698 63
69699 65
69700 61
69701 56
69702 59
69703 59
69704 47
69705 50
69706 58
69707 52
69708 59
69709 61
69710 64
69711 66
69712 67
69713 60
69714 56
69715 53
69716 49
69717 51
69718 51
69719 61
69720 65
69721 63
69722 57
69723 63
69724 55
69725 59
69726 61
69727 56
69728 71
69729 77
69730 76
69731 71
69732 75
69733 65
69734 61
69735 50
69736 64
69737 77
69738 68
69739 74
69740 62
69741 63
69742 68
69743 64
69744 75
69745 67
69746 67
69747 65
69748 55
69749 60
69750 57
69751 63
69752 61
69753 66
69754 61
69755 57
69756 52
69757 59
69758 63
69759 55
69760 47
69761 53
69762 56
69763 58
69764 72
69765 70
69766 67
69767 56
69768 69
69769 74
69770 74
69771 66
69772 64
69773 57
69774 48
69775 55
69776 60
69777 60
69778 64
69779 61
69780 61
69781 71
69782 63
69783 60
69784 57
69785 61
69786 51
69787 57
69788 58
69789 66
69790 63
69791 58
69792 58
69793 56
69794 48
69795 63
69796 67
69797 65
69798 63
69799 62
69800 58
69801 63
69802 64
69803 61
69804 62
69805 64
69806 53
69807 34
69808 51
69809 56
69810 54
69811 66
69812 58
69813 59
69814 54
69815 57
69816 75
69817 62
69818 70
69819 72
69820 73
69821 75
69822 68
69823 58
69824 57
69825 46
69826 47
69827 55
69828 64
69829 69
69830 72
69831 60
69832 74
69833 72
69834 67
69835 66
69836 57
69837 48
69838 57
69839 58
69840 51
69841 64
69842 65
69843 68
69844 69
69845 54
69846 53
69847 56
69848 59
69849 62
69850 70
69851 68
69852 85
69853 82
69854 75
69855 57
69856 54
69857 53
69858 57
69859 67
69860 77
69861 63
69862 65
69863 67
69864 57
69865 66
69866 52
69867 58
69868 59
69869 60
69870 57
69871 52
69872 58
69873 63
69874 61
69875 79
69876 61
69877 56
69878 42
69879 57
69880 69
69881 69
69882 57
69883 46
69884 52
69885 55
69886 43
69887 61
69888 62
69889 58
69890 59
69891 61
69892 60
69893 64
69894 53
69895 57
69896 60
69897 60
69898 60
69899 65
69900 55
69901 64
69902 63
69903 61
69904 59
69905 64
69906 68
69907 63
69908 50
69909 56
69910 63
69911 61
69912 69
69913 69
69914 65
69915 57
69916 42
69917 40
69918 58
69919 49
69920 59
69921 56
69922 50
69923 52
69924 51
69925 58
69926 42
69927 45
69928 47
69929 59
69930 60
69931 48
69932 58
69933 60
69934 54
69935 66
69936 74
69937 58
69938 52
69939 70
69940 59
69941 54
69942 60
69943 76
69944 68
69945 58
69946 78
69947 62
69948 47
69949 46
69950 53
69951 54
69952 58
69953 62
69954 54
69955 62
69956 56
69957 55
69958 59
69959 66
69960 57
69961 61
69962 46
69963 51
69964 57
69965 56
69966 55
69967 57
69968 56
69969 69
69970 56
69971 51
69972 64
69973 66
69974 74
69975 65
69976 66
69977 58
69978 58
69979 55
69980 46
69981 44
69982 38
69983 50
69984 54
69985 57
69986 56
69987 52
69988 44
69989 37
69990 40
69991 54
69992 61
69993 51
69994 46
69995 40
69996 44
69997 52
69998 57
69999 63
70000 69
70001 57
70002 58
70003 67
70004 57
70005 54
70006 51
70007 57
70008 73
70009 74
70010 70
70011 75
70012 61
70013 51
70014 42
70015 50
70016 58
70017 56
70018 61
70019 65
70020 69
70021 56
70022 52
70023 58
70024 66
70025 67
70026 58
70027 68
70028 53
70029 43
70030 55
70031 53
70032 65
70033 61
70034 61
70035 64
70036 59
70037 70
70038 63
70039 65
70040 67
70041 60
70042 65
70043 68
70044 63
70045 67
70046 68
70047 59
70048 57
70049 55
70050 57
70051 51
70052 65
70053 74
70054 64
70055 55
70056 68
70057 61
70058 63
70059 62
70060 60
70061 59
70062 60
70063 66
70064 58
70065 64
70066 69
70067 66
70068 69
70069 70
70070 58
70071 60
70072 49
70073 52
70074 53
70075 73
70076 62
70077 51
70078 46
70079 45
70080 58
70081 52
70082 53
70083 47
70084 58
70085 67
70086 64
70087 62
70088 64
70089 45
70090 46
70091 50
70092 57
70093 47
70094 53
70095 57
70096 56
70097 71
70098 66
70099 69
70100 64
70101 74
70102 71
70103 58
70104 67
70105 72
70106 58
70107 69
70108 59
70109 40
70110 42
70111 49
70112 57
70113 45
70114 51
70115 54
70116 60
70117 55
70118 57
70119 61
70120 46
70121 53
70122 61
70123 58
70124 57
70125 58
70126 55
70127 45
70128 41
70129 45
70130 65
70131 65
70132 56
70133 64
70134 64
70135 64
70136 68
70137 59
70138 59
70139 59
70140 62
70141 56
70142 61
70143 52
70144 64
70145 66
70146 62
70147 66
70148 52
70149 49
70150 51
70151 62
70152 57
70153 62
70154 73
70155 65
70156 62
70157 49
70158 47
70159 53
70160 46
70161 47
70162 61
70163 66
70164 60
70165 56
70166 49
70167 45
70168 57
70169 67
70170 73
70171 75
70172 60
70173 56
70174 48
70175 55
70176 58
70177 54
70178 57
70179 56
70180 60
70181 54
70182 43
70183 27
70184 42
70185 49
70186 57
70187 56
70188 50
70189 49
70190 56
70191 67
70192 47
70193 53
70194 50
70195 65
70196 61
70197 53
70198 57
70199 58
70200 61
70201 67
70202 59
70203 64
70204 71
70205 65
70206 63
70207 56
70208 62
70209 60
70210 56
70211 61
70212 67
70213 54
70214 44
70215 52
70216 51
70217 57
70218 59
70219 63
70220 66
70221 67
70222 51
70223 61
70224 62
70225 74
70226 68
70227 64
70228 77
70229 71
70230 61
70231 60
70232 60
70233 63
70234 58
70235 60
70236 62
70237 65
70238 56
70239 62
70240 53
70241 70
70242 63
70243 62
70244 58
70245 50
70246 37
70247 48
70248 57
70249 55
70250 58
70251 58
70252 59
70253 55
70254 66
70255 70
70256 63
70257 58
70258 71
70259 59
70260 61
70261 71
70262 64
70263 55
70264 72
70265 62
70266 56
70267 64
70268 71
70269 57
70270 45
70271 60
70272 68
70273 57
70274 60
70275 67
70276 70
70277 68
70278 72
70279 66
70280 57
70281 63
70282 65
70283 67
70284 85
70285 87
70286 70
70287 65
70288 65
70289 60
70290 62
70291 65
70292 62
70293 59
70294 78
70295 70
70296 76
70297 68
70298 67
70299 77
70300 65
70301 62
70302 71
70303 68
70304 71
70305 74
70306 70
70307 64
70308 50
70309 62
70310 62
70311 54
70312 57
70313 59
70314 55
70315 50
70316 51
70317 46
70318 30
70319 34
70320 37
70321 55
70322 62
70323 60
70324 58
70325 57
70326 42
70327 52
70328 60
70329 62
70330 58
70331 67
70332 66
70333 64
70334 74
70335 72
70336 70
70337 61
70338 53
70339 43
70340 52
70341 42
70342 40
70343 31
70344 46
70345 54
70346 63
70347 64
70348 70
70349 65
70350 65
70351 62
70352 75
70353 81
70354 77
70355 70
70356 54
70357 59
70358 53
70359 60
70360 59
70361 55
70362 67
70363 63
70364 63
70365 49
70366 48
70367 65
70368 57
70369 59
70370 59
70371 75
70372 67
70373 64
70374 62
70375 62
70376 53
70377 57
70378 72
70379 84
70380 70
70381 59
70382 52
70383 57
70384 61
70385 67
70386 64
70387 53
70388 63
70389 61
70390 60
70391 57
70392 60
70393 67
70394 71
70395 60
70396 59
70397 57
70398 52
70399 50
70400 68
70401 63
70402 67
70403 58
70404 51
70405 54
70406 63
70407 67
70408 66
70409 64
70410 72
70411 57
70412 70
70413 61
70414 49
70415 49
70416 62
70417 58
70418 52
70419 61
70420 65
70421 65
70422 48
70423 41
70424 48
70425 54
70426 62
70427 54
70428 55
70429 57
70430 41
70431 50
70432 65
70433 54
70434 63
70435 65
70436 60
70437 54
70438 56
70439 53
70440 55
70441 57
70442 60
70443 53
70444 67
70445 64
70446 70
70447 55
70448 57
70449 63
70450 61
70451 52
70452 51
70453 61
70454 71
70455 63
70456 64
70457 62
70458 56
70459 55
70460 57
70461 58
70462 68
70463 64
70464 65
70465 62
70466 52
70467 53
70468 63
70469 48
70470 51
70471 60
70472 52
70473 61
70474 59
70475 58
70476 56
70477 58
70478 58
70479 62
70480 58
70481 63
70482 53
70483 62
70484 56
70485 47
70486 54
70487 62
70488 65
70489 66
70490 60
70491 42
70492 58
70493 50
70494 48
70495 52
70496 54
70497 52
70498 54
70499 51
70500 49
70501 54
70502 54
70503 55
70504 61
70505 51
70506 43
70507 57
70508 55
70509 49
70510 52
70511 58
70512 54
70513 36
70514 29
70515 43
70516 61
70517 57
70518 69
70519 62
70520 43
70521 40
70522 55
70523 56
70524 52
70525 61
70526 65
70527 61
70528 67
70529 53
70530 59
70531 67
70532 66
70533 55
70534 58
70535 63
70536 64
70537 59
70538 71
70539 59
70540 65
70541 71
70542 64
70543 55
70544 61
70545 57
70546 58
70547 55
70548 53
70549 61
70550 56
70551 60
70552 61
70553 65
70554 65
70555 67
70556 70
70557 69
70558 60
70559 66
70560 69
70561 66
70562 59
70563 48
70564 61
70565 67
70566 60
70567 59
70568 70
70569 53
70570 59
70571 64
70572 64
70573 73
70574 56
70575 55
70576 60
70577 60
70578 62
70579 68
70580 61
70581 50
70582 60
70583 52
70584 49
70585 56
70586 65
70587 50
70588 51
70589 57
70590 57
70591 49
70592 50
70593 64
70594 68
70595 75
70596 80
70597 60
70598 64
70599 60
70600 51
70601 48
70602 48
70603 58
70604 54
70605 57
70606 51
70607 53
70608 51
70609 49
70610 62
70611 55
70612 54
70613 62
70614 60
70615 64
70616 62
70617 72
70618 73
70619 62
70620 56
70621 62
70622 74
70623 71
70624 68
70625 70
70626 67
70627 62
70628 64
70629 64
70630 65
70631 73
70632 72
70633 65
70634 59
70635 64
70636 61
70637 66
70638 55
70639 74
70640 73
70641 65
70642 61
70643 59
70644 55
70645 62
70646 59
70647 63
70648 62
70649 46
70650 45
70651 43
70652 39
70653 55
70654 65
70655 53
70656 41
70657 51
70658 53
70659 59
70660 55
70661 56
70662 64
70663 63
70664 61
70665 60
70666 69
70667 63
70668 69
70669 69
70670 69
70671 63
70672 66
70673 57
70674 67
70675 60
70676 67
70677 69
70678 65
70679 59
70680 57
70681 58
70682 67
70683 69
70684 58
70685 59
70686 61
70687 57
70688 60
70689 59
70690 64
70691 65
70692 62
70693 53
70694 53
70695 57
70696 44
70697 59
70698 54
70699 65
70700 61
70701 58
70702 58
70703 67
70704 70
70705 57
70706 58
70707 50
70708 51
70709 67
70710 57
70711 68
70712 54
70713 66
70714 71
70715 63
70716 65
70717 62
70718 60
70719 63
70720 64
70721 51
70722 59
70723 67
70724 64
70725 62
70726 61
70727 65
70728 63
70729 60
70730 68
70731 63
70732 54
70733 46
70734 56
70735 65
70736 65
70737 52
70738 53
70739 55
70740 64
70741 63
70742 56
70743 57
70744 69
70745 62
70746 57
70747 60
70748 58
70749 69
70750 74
70751 78
70752 75
70753 65
70754 57
70755 59
70756 58
70757 41
70758 50
70759 55
70760 62
70761 62
70762 57
70763 48
70764 52
70765 54
70766 50
70767 53
70768 54
70769 56
70770 58
70771 65
70772 71
70773 74
70774 60
70775 63
70776 56
70777 50
70778 54
70779 60
70780 58
70781 62
70782 66
70783 68
70784 57
70785 59
70786 71
70787 67
70788 59
70789 61
70790 65
70791 59
70792 55
70793 58
70794 44
70795 47
70796 54
70797 66
70798 61
70799 59
70800 60
70801 66
70802 58
70803 62
70804 62
70805 55
70806 62
70807 62
70808 52
70809 50
70810 57
70811 70
70812 63
70813 66
70814 60
70815 55
70816 43
70817 36
70818 40
70819 44
70820 59
70821 68
70822 52
70823 41
70824 49
70825 51
70826 60
70827 66
70828 68
70829 75
70830 65
70831 65
70832 55
70833 48
70834 61
70835 58
70836 48
70837 56
70838 53
70839 56
70840 58
70841 56
70842 65
70843 76
70844 75
70845 73
70846 68
70847 70
70848 55
70849 68
70850 64
70851 59
70852 61
70853 62
70854 80
70855 69
70856 66
70857 62
70858 54
70859 60
70860 61
70861 63
70862 49
70863 64
70864 61
70865 66
70866 60
70867 62
70868 66
70869 64
70870 60
70871 65
70872 55
70873 54
70874 66
70875 59
70876 57
70877 51
70878 60
70879 78
70880 71
70881 69
70882 53
70883 58
70884 59
70885 61
70886 58
70887 64
70888 64
70889 60
70890 63
70891 52
70892 55
70893 57
70894 48
70895 46
70896 54
70897 63
70898 72
70899 72
70900 60
70901 72
70902 58
70903 65
70904 57
70905 64
70906 71
70907 64
70908 59
70909 61
70910 54
70911 71
70912 66
70913 61
70914 53
70915 61
70916 67
70917 59
70918 62
70919 64
70920 63
70921 65
70922 65
70923 52
70924 39
70925 57
70926 66
70927 62
70928 56
70929 65
70930 51
70931 65
70932 70
70933 80
70934 77
70935 68
70936 51
70937 68
70938 59
70939 58
70940 54
70941 50
70942 42
70943 41
70944 36
70945 30
70946 34
70947 54
70948 60
70949 62
70950 59
70951 64
70952 64
70953 55
70954 51
70955 48
70956 41
70957 52
70958 57
70959 52
70960 57
70961 75
70962 67
70963 72
70964 60
70965 53
70966 36
70967 43
70968 51
70969 39
70970 57
70971 71
70972 60
70973 60
70974 61
70975 66
70976 61
70977 67
70978 69
70979 50
70980 65
70981 56
70982 64
70983 47
70984 57
70985 64
70986 62
70987 59
70988 56
70989 54
70990 61
70991 60
70992 53
70993 59
70994 52
70995 51
70996 55
70997 49
70998 44
70999 52
71000 69
71001 76
71002 77
71003 61
71004 63
71005 55
71006 54
71007 50
71008 47
71009 45
71010 54
71011 55
71012 64
71013 55
71014 58
71015 60
71016 66
71017 64
71018 60
71019 63
71020 60
71021 75
71022 58
71023 63
71024 52
71025 62
71026 64
71027 73
71028 61
71029 42
71030 33
71031 36
71032 38
71033 42
71034 43
71035 45
71036 61
71037 58
71038 72
71039 67
71040 65
71041 61
71042 59
71043 64
71044 63
71045 60
71046 63
71047 67
71048 57
71049 55
71050 58
71051 65
71052 65
71053 66
71054 57
71055 74
71056 67
71057 49
71058 46
71059 65
71060 64
71061 54
71062 65
71063 65
71064 64
71065 82
71066 72
71067 58
71068 60
71069 64
71070 59
71071 59
71072 55
71073 68
71074 59
71075 61
71076 65
71077 53
71078 66
71079 63
71080 59
71081 50
71082 56
71083 48
71084 54
71085 74
71086 60
71087 65
71088 66
71089 72
71090 64
71091 52
71092 50
71093 62
71094 54
71095 58
71096 64
71097 62
71098 44
71099 42
71100 53
71101 63
71102 64
71103 57
71104 56
71105 65
71106 65
71107 60
71108 59
71109 57
71110 56
71111 44
71112 63
71113 65
71114 62
71115 60
71116 73
71117 64
71118 62
71119 58
71120 61
71121 57
71122 55
71123 62
71124 73
71125 61
71126 62
71127 52
71128 42
71129 57
71130 58
71131 60
71132 60
71133 62
71134 69
71135 70
71136 73
71137 75
71138 78
71139 61
71140 63
71141 63
71142 65
71143 55
71144 63
71145 60
71146 71
71147 73
71148 85
71149 81
71150 77
71151 58
71152 60
71153 65
71154 62
71155 58
71156 55
71157 67
71158 70
71159 64
71160 52
71161 47
71162 58
71163 72
71164 54
71165 60
71166 54
71167 61
71168 49
71169 53
71170 51
71171 61
71172 74
71173 59
71174 58
71175 51
71176 58
71177 63
71178 64
71179 65
71180 55
71181 60
71182 62
71183 62
71184 73
71185 68
71186 63
71187 52
71188 51
71189 53
71190 53
71191 52
71192 61
71193 62
71194 52
71195 49
71196 40
71197 45
71198 61
71199 63
71200 70
71201 57
71202 46
71203 52
71204 51
71205 46
71206 65
71207 64
71208 52
71209 47
71210 63
71211 62
71212 62
71213 63
71214 62
71215 65
71216 59
71217 64
71218 66
71219 57
71220 75
71221 57
71222 64
71223 52
71224 67
71225 65
71226 61
71227 62
71228 59
71229 65
71230 63
71231 70
71232 71
71233 61
71234 59
71235 59
71236 51
71237 61
71238 54
71239 52
71240 55
71241 58
71242 73
71243 59
71244 64
71245 65
71246 65
71247 58
71248 60
71249 52
71250 62
71251 63
71252 58
71253 52
71254 60
71255 53
71256 62
71257 52
71258 61
71259 69
71260 60
71261 59
71262 55
71263 54
71264 67
71265 67
71266 61
71267 59
71268 56
71269 58
71270 56
71271 41
71272 56
71273 51
71274 59
71275 58
71276 53
71277 59
71278 62
71279 67
71280 65
71281 60
71282 59
71283 75
71284 62
71285 68
71286 61
71287 64
71288 62
71289 58
71290 62
71291 62
71292 58
71293 49
71294 55
71295 68
71296 62
71297 63
71298 56
71299 70
71300 59
71301 57
71302 55
71303 69
71304 66
71305 67
71306 61
71307 57
71308 58
71309 67
71310 59
71311 76
71312 71
71313 73
71314 65
71315 63
71316 62
71317 49
71318 50
71319 60
71320 68
71321 60
71322 64
71323 49
71324 55
71325 56
71326 63
71327 60
71328 63
71329 64
71330 55
71331 70
71332 68
71333 71
71334 75
71335 66
71336 69
71337 70
71338 61
71339 63
71340 56
71341 59
71342 68
71343 65
71344 58
71345 54
71346 62
71347 66
71348 65
71349 61
71350 63
71351 50
71352 53
71353 60
71354 55
71355 65
71356 61
71357 65
71358 59
71359 62
71360 47
71361 56
71362 59
71363 69
71364 62
71365 59
71366 54
71367 54
71368 56
71369 61
71370 66
71371 54
71372 52
71373 55
71374 60
71375 60
71376 67
71377 65
71378 56
71379 58
71380 77
71381 66
71382 58
71383 68
71384 72
71385 63
71386 71
71387 59
71388 58
71389 65
71390 61
71391 63
71392 62
71393 64
71394 64
71395 63
71396 64
71397 66
71398 61
71399 65
71400 58
71401 63
71402 52
71403 51
71404 55
71405 54
71406 56
71407 61
71408 59
71409 64
71410 74
71411 72
71412 61
71413 59
71414 53
71415 59
71416 68
71417 59
71418 55
71419 63
71420 65
71421 66
71422 55
71423 63
71424 53
71425 64
71426 67
71427 58
71428 56
71429 65
71430 45
71431 46
71432 58
71433 64
71434 60
71435 54
71436 49
71437 52
71438 60
71439 62
71440 74
71441 70
71442 60
71443 70
71444 63
71445 60
71446 59
71447 64
71448 64
71449 67
71450 66
71451 65
71452 72
71453 80
71454 65
71455 63
71456 58
71457 67
71458 66
71459 65
71460 71
71461 60
71462 55
71463 66
71464 75
71465 67
71466 75
71467 65
71468 59
71469 64
71470 70
71471 56
71472 52
71473 46
71474 59
71475 59
71476 58
71477 60
71478 63
71479 61
71480 71
71481 58
71482 60
71483 52
71484 44
71485 47
71486 62
71487 67
71488 54
71489 59
71490 54
71491 61
71492 61
71493 56
71494 64
71495 65
71496 58
71497 52
71498 54
71499 56
71500 58
71501 68
71502 59
71503 60
71504 60
71505 66
71506 68
71507 65
71508 64
71509 72
71510 62
71511 65
71512 66
71513 58
71514 52
71515 55
71516 49
71517 65
71518 53
71519 51
71520 55
71521 65
71522 63
71523 62
71524 65
71525 63
71526 69
71527 59
71528 58
71529 61
71530 75
71531 61
71532 52
71533 63
71534 60
71535 55
71536 55
71537 53
71538 50
71539 64
71540 58
71541 60
71542 66
71543 57
71544 43
71545 37
71546 53
71547 52
71548 62
71549 63
71550 69
71551 61
71552 62
71553 57
71554 53
71555 67
71556 57
71557 58
71558 53
71559 56
71560 65
71561 64
71562 64
71563 67
71564 69
71565 72
71566 73
71567 61
71568 47
71569 61
71570 64
71571 56
71572 52
71573 53
71574 47
71575 57
71576 58
71577 63
71578 60
71579 60
71580 49
71581 59
71582 63
71583 58
71584 51
71585 55
71586 69
71587 59
71588 70
71589 66
71590 76
71591 76
71592 70
71593 66
71594 56
71595 62
71596 65
71597 55
71598 55
71599 65
71600 62
71601 73
71602 64
71603 65
71604 59
71605 53
71606 36
71607 39
71608 56
71609 66
71610 63
71611 59
71612 60
71613 62
71614 56
71615 56
71616 54
71617 61
71618 66
71619 63
71620 71
71621 68
71622 64
71623 50
71624 60
71625 63
71626 66
71627 63
71628 61
71629 62
71630 70
71631 55
71632 53
71633 49
71634 47
71635 49
71636 65
71637 67
71638 63
71639 66
71640 66
71641 53
71642 57
71643 62
71644 54
71645 60
71646 54
71647 44
71648 52
71649 60
71650 61
71651 68
71652 65
71653 58
71654 52
71655 46
71656 42
71657 52
71658 56
71659 62
71660 65
71661 62
71662 65
71663 69
71664 65
71665 62
71666 60
71667 53
71668 66
71669 65
71670 70
71671 62
71672 53
71673 56
71674 60
71675 62
71676 70
71677 75
71678 68
71679 60
71680 57
71681 70
71682 69
71683 59
71684 61
71685 54
71686 59
71687 68
71688 67
71689 69
71690 66
71691 61
71692 52
71693 48
71694 58
71695 65
71696 53
71697 45
71698 49
71699 50
71700 60
71701 67
71702 59
71703 56
71704 46
71705 37
71706 35
71707 48
71708 66
71709 77
71710 59
71711 56
71712 63
71713 61
71714 50
71715 44
71716 47
71717 53
71718 72
71719 65
71720 63
71721 55
71722 57
71723 64
71724 59
71725 53
71726 60
71727 60
71728 47
71729 58
71730 47
71731 49
71732 67
71733 71
71734 59
71735 59
71736 48
71737 62
71738 60
71739 53
71740 58
71741 55
71742 45
71743 62
71744 69
71745 72
71746 62
71747 63
71748 74
71749 58
71750 67
71751 71
71752 59
71753 57
71754 59
71755 68
71756 59
71757 62
71758 64
71759 66
71760 58
71761 65
71762 50
71763 65
71764 58
71765 53
71766 58
71767 55
71768 67
71769 58
71770 69
71771 49
71772 42
71773 50
71774 66
71775 61
71776 72
71777 58
71778 63
71779 58
71780 56
71781 51
71782 67
71783 63
71784 66
71785 57
71786 54
71787 56
71788 48
71789 52
71790 55
71791 61
71792 69
71793 66
71794 66
71795 69
71796 62
71797 52
71798 40
71799 37
71800 43
71801 52
71802 63
71803 61
71804 63
71805 61
71806 62
71807 64
71808 50
71809 51
71810 58
71811 63
71812 63
71813 45
71814 46
71815 64
71816 64
71817 45
71818 37
71819 50
71820 52
71821 57
71822 64
71823 66
71824 48
71825 49
71826 63
71827 56
71828 62
71829 69
71830 61
71831 65
71832 67
71833 59
71834 65
71835 56
71836 51
71837 68
71838 58
71839 59
71840 53
71841 63
71842 62
71843 71
71844 73
71845 61
71846 59
71847 64
71848 63
71849 64
71850 73
71851 57
71852 43
71853 57
71854 65
71855 63
71856 67
71857 59
71858 56
71859 54
71860 62
71861 62
71862 72
71863 56
71864 46
71865 53
71866 63
71867 63
71868 62
71869 48
71870 52
71871 62
71872 68
71873 58
71874 68
71875 61
71876 64
71877 66
71878 61
71879 48
71880 65
71881 72
71882 57
71883 55
71884 63
71885 72
71886 63
71887 66
71888 69
71889 77
71890 61
71891 59
71892 60
71893 49
71894 38
71895 56
71896 64
71897 61
71898 48
71899 50
71900 61
71901 52
71902 61
71903 70
71904 60
71905 59
71906 58
71907 70
71908 66
71909 61
71910 53
71911 55
71912 50
71913 48
71914 57
71915 63
71916 58
71917 53
71918 61
71919 45
71920 43
71921 46
71922 50
71923 60
71924 64
71925 56
71926 56
71927 53
71928 73
71929 62
71930 64
71931 64
71932 66
71933 75
71934 75
71935 66
71936 60
71937 65
71938 52
71939 48
71940 55
71941 53
71942 59
71943 65
71944 60
71945 55
71946 50
71947 47
71948 53
71949 66
71950 63
71951 61
71952 66
71953 58
71954 62
71955 66
71956 67
71957 62
71958 68
71959 63
71960 57
71961 59
71962 65
71963 64
71964 54
71965 55
71966 62
71967 62
71968 63
71969 71
71970 63
71971 64
71972 62
71973 63
71974 58
71975 56
71976 69
71977 72
71978 63
71979 61
71980 56
71981 70
71982 75
71983 64
71984 74
71985 65
71986 53
71987 58
71988 59
71989 74
71990 73
71991 66
71992 57
71993 62
71994 53
71995 50
71996 59
71997 70
71998 78
71999 68
72000 71
72001 60
72002 54
72003 55
72004 58
72005 49
72006 54
72007 61
72008 63
72009 66
72010 69
72011 65
72012 60
72013 45
72014 39
72015 41
72016 59
72017 53
72018 68
72019 68
72020 58
72021 54
72022 58
72023 54
72024 55
72025 58
72026 66
72027 61
72028 56
72029 54
72030 58
72031 58
72032 50
72033 53
72034 55
72035 52
72036 64
72037 68
72038 64
72039 66
72040 82
72041 70
72042 60
72043 61
72044 61
72045 51
72046 64
72047 72
72048 53
72049 55
72050 47
72051 56
72052 57
72053 65
72054 61
72055 50
72056 51
72057 48
72058 54
72059 53
72060 55
72061 65
72062 52
72063 53
72064 61
72065 58
72066 58
72067 59
72068 70
72069 62
72070 58
72071 59
72072 54
72073 47
72074 44
72075 45
72076 57
72077 51
72078 56
72079 53
72080 64
72081 60
72082 58
72083 57
72084 38
72085 52
72086 72
72087 64
72088 66
72089 75
72090 68
72091 65
72092 61
72093 46
72094 52
72095 51
72096 66
72097 64
72098 61
72099 55
72100 60
72101 59
72102 55
72103 49
72104 62
72105 56
72106 60
72107 62
72108 57
72109 65
72110 66
72111 63
72112 64
72113 58
72114 57
72115 64
72116 57
72117 65
72118 60
72119 56
72120 58
72121 62
72122 55
72123 51
72124 44
72125 46
72126 42
72127 56
72128 50
72129 57
72130 67
72131 67
72132 61
72133 48
72134 44
72135 57
72136 55
72137 63
72138 59
72139 57
72140 64
72141 56
72142 55
72143 57
72144 58
72145 57
72146 62
72147 59
72148 61
72149 78
72150 67
72151 67
72152 55
72153 60
72154 59
72155 57
72156 58
72157 54
72158 51
72159 53
72160 60
72161 62
72162 55
72163 59
72164 58
72165 45
72166 55
72167 63
72168 53
72169 64
72170 60
72171 53
72172 49
72173 60
72174 64
72175 60
72176 49
72177 55
72178 74
72179 62
72180 60
72181 66
72182 54
72183 65
72184 58
72185 54
72186 54
72187 48
72188 52
72189 48
72190 55
72191 59
72192 53
72193 60
72194 67
72195 51
72196 50
72197 48
72198 60
72199 58
72200 60
72201 70
72202 67
72203 77
72204 62
72205 63
72206 62
72207 64
72208 65
72209 68
72210 64
72211 67
72212 64
72213 68
72214 69
72215 63
72216 64
72217 67
72218 66
72219 50
72220 50
72221 57
72222 66
72223 62
72224 62
72225 62
72226 56
72227 54
72228 65
72229 74
72230 58
72231 55
72232 70
72233 71
72234 66
72235 52
72236 49
72237 54
72238 57
72239 61
72240 50
72241 64
72242 55
72243 62
72244 67
72245 58
72246 69
72247 60
72248 57
72249 56
72250 60
72251 66
72252 61
72253 66
72254 57
72255 58
72256 61
72257 67
72258 77
72259 60
72260 63
72261 68
72262 65
72263 68
72264 61
72265 57
72266 61
72267 66
72268 63
72269 63
72270 54
72271 47
72272 39
72273 31
72274 27
72275 43
72276 61
72277 65
72278 57
72279 55
72280 61
72281 69
72282 68
72283 62
72284 61
72285 59
72286 68
72287 54
72288 48
72289 58
72290 65
72291 64
72292 61
72293 55
72294 67
72295 72
72296 82
72297 67
72298 67
72299 65
72300 60
72301 46
72302 54
72303 57
72304 62
72305 66
72306 66
72307 62
72308 71
72309 57
72310 52
72311 56
72312 61
72313 53
72314 61
72315 72
72316 75
72317 70
72318 58
72319 57
72320 65
72321 67
72322 64
72323 64
72324 75
72325 62
72326 57
72327 51
72328 57
72329 66
72330 67
72331 61
72332 58
72333 51
72334 60
72335 54
72336 60
72337 57
72338 63
72339 61
72340 59
72341 59
72342 65
72343 62
72344 76
72345 79
72346 79
72347 69
72348 60
72349 67
72350 73
72351 69
72352 64
72353 60
72354 60
72355 68
72356 64
72357 60
72358 48
72359 59
72360 62
72361 68
72362 60
72363 69
72364 67
72365 58
72366 65
72367 51
72368 60
72369 55
72370 56
72371 53
72372 45
72373 44
72374 53
72375 51
72376 56
72377 37
72378 45
72379 58
72380 64
72381 58
72382 50
72383 61
72384 51
72385 63
72386 54
72387 48
72388 53
72389 62
72390 57
72391 51
72392 62
72393 64
72394 56
72395 69
72396 56
72397 53
72398 54
72399 59
72400 73
72401 70
72402 61
72403 50
72404 55
72405 57
72406 55
72407 61
72408 61
72409 60
72410 55
72411 64
72412 65
72413 64
72414 74
72415 56
72416 52
72417 60
72418 61
72419 60
72420 50
72421 48
72422 59
72423 60
72424 58
72425 52
72426 60
72427 57
72428 46
72429 48
72430 56
72431 50
72432 51
72433 58
72434 77
72435 78
72436 62
72437 62
72438 61
72439 61
72440 63
72441 54
72442 65
72443 65
72444 63
72445 63
72446 74
72447 59
72448 57
72449 63
72450 63
72451 66
72452 72
72453 59
72454 56
72455 53
72456 39
72457 31
72458 30
72459 23
72460 21
72461 33
72462 41
72463 55
72464 60
72465 62
72466 54
72467 65
72468 47
72469 45
72470 65
72471 60
72472 64
72473 56
72474 67
72475 63
72476 65
72477 51
72478 57
72479 50
72480 48
72481 65
72482 69
72483 57
72484 59
72485 58
72486 67
72487 65
72488 57
72489 56
72490 60
72491 59
72492 47
72493 40
72494 57
72495 67
72496 60
72497 48
72498 53
72499 69
72500 61
72501 52
72502 57
72503 57
72504 63
72505 58
72506 42
72507 41
72508 56
72509 65
72510 60
72511 68
72512 67
72513 72
72514 68
72515 54
72516 56
72517 61
72518 63
72519 61
72520 64
72521 62
72522 71
72523 66
72524 63
72525 59
72526 56
72527 52
72528 41
72529 39
72530 56
72531 64
72532 52
72533 58
72534 64
72535 62
72536 55
72537 65
72538 65
72539 66
72540 68
72541 57
72542 62
72543 60
72544 76
72545 72
72546 68
72547 70
72548 65
72549 59
72550 73
72551 65
72552 69
72553 65
72554 55
72555 56
72556 62
72557 65
72558 61
72559 59
72560 64
72561 61
72562 53
72563 60
72564 54
72565 47
72566 45
72567 38
72568 50
72569 55
72570 55
72571 58
72572 61
72573 56
72574 57
72575 59
72576 62
72577 62
72578 70
72579 58
72580 58
72581 67
72582 69
72583 79
72584 67
72585 66
72586 57
72587 57
72588 58
72589 55
72590 72
72591 70
72592 61
72593 56
72594 59
72595 56
72596 54
72597 60
72598 63
72599 64
72600 60
72601 63
72602 56
72603 66
72604 51
72605 52
72606 57
72607 61
72608 58
72609 49
72610 45
72611 62
72612 51
72613 55
72614 63
72615 67
72616 68
72617 64
72618 59
72619 62
72620 61
72621 63
72622 68
72623 63
72624 64
72625 67
72626 65
72627 59
72628 63
72629 61
72630 69
72631 53
72632 41
72633 45
72634 49
72635 57
72636 57
72637 69
72638 75
72639 60
72640 44
72641 50
72642 56
72643 56
72644 55
72645 73
72646 56
72647 60
72648 64
72649 54
72650 55
72651 53
72652 43
72653 40
72654 45
72655 52
72656 56
72657 65
72658 66
72659 72
72660 59
72661 61
72662 62
72663 72
72664 62
72665 66
72666 61
72667 63
72668 64
72669 70
72670 60
72671 65
72672 57
72673 69
72674 69
72675 61
72676 60
72677 61
72678 65
72679 56
72680 57
72681 54
72682 52
72683 57
72684 59
72685 66
72686 71
72687 59
72688 58
72689 59
72690 66
72691 59
72692 65
72693 66
72694 63
72695 58
72696 60
72697 69
72698 65
72699 70
72700 69
72701 59
72702 57
72703 56
72704 58
72705 63
72706 53
72707 67
72708 58
72709 70
72710 54
72711 68
72712 60
72713 71
72714 55
72715 58
72716 62
72717 57
72718 59
72719 54
72720 64
72721 65
72722 49
72723 54
72724 66
72725 67
72726 69
72727 78
72728 67
72729 65
72730 71
72731 52
72732 56
72733 44
72734 64
72735 66
72736 52
72737 41
72738 48
72739 54
72740 55
72741 57
72742 49
72743 60
72744 53
72745 47
72746 64
72747 63
72748 67
72749 65
72750 61
72751 70
72752 64
72753 58
72754 49
72755 51
72756 57
72757 62
72758 61
72759 68
72760 67
72761 74
72762 72
72763 58
72764 60
72765 60
72766 71
72767 67
72768 49
72769 57
72770 64
72771 55
72772 52
72773 69
72774 62
72775 55
72776 63
72777 59
72778 62
72779 56
72780 54
72781 46
72782 58
72783 62
72784 63
72785 61
72786 52
72787 64
72788 56
72789 56
72790 53
72791 59
72792 67
72793 71
72794 74
72795 78
72796 72
72797 55
72798 64
72799 54
72800 43
72801 38
72802 40
72803 50
72804 53
72805 60
72806 59
72807 45
72808 44
72809 43
72810 56
72811 73
72812 62
72813 62
72814 55
72815 58
72816 68
72817 58
72818 55
72819 43
72820 54
72821 67
72822 64
72823 66
72824 56
72825 51
72826 53
72827 59
72828 61
72829 64
72830 67
72831 68
72832 57
72833 66
72834 66
72835 66
72836 50
72837 46
72838 52
72839 59
72840 62
72841 59
72842 66
72843 66
72844 60
72845 73
72846 66
72847 68
72848 55
72849 63
72850 72
72851 52
72852 49
72853 46
72854 63
72855 61
72856 57
72857 61
72858 59
72859 64
72860 61
72861 42
72862 52
72863 58
72864 61
72865 66
72866 85
72867 77
72868 77
72869 65
72870 57
72871 51
72872 60
72873 54
72874 71
72875 80
72876 72
72877 52
72878 53
72879 55
72880 58
72881 58
72882 56
72883 65
72884 61
72885 61
72886 58
72887 58
72888 65
72889 55
72890 53
72891 63
72892 64
72893 66
72894 62
72895 56
72896 57
72897 59
72898 59
72899 57
72900 63
72901 56
72902 48
72903 47
72904 47
72905 46
72906 58
72907 54
72908 60
72909 49
72910 54
72911 63
72912 50
72913 47
72914 59
72915 50
72916 54
72917 60
72918 58
72919 74
72920 66
72921 72
72922 68
72923 61
72924 52
72925 58
72926 54
72927 67
72928 74
72929 65
72930 66
72931 56
72932 71
72933 66
72934 54
72935 64
72936 71
72937 58
72938 60
72939 45
72940 47
72941 56
72942 51
72943 42
72944 53
72945 56
72946 67
72947 65
72948 60
72949 69
72950 65
72951 68
72952 61
72953 62
72954 65
72955 66
72956 54
72957 69
72958 67
72959 70
72960 64
72961 64
72962 64
72963 58
72964 63
72965 58
72966 69
72967 74
72968 70
72969 65
72970 58
72971 55
72972 50
72973 44
72974 36
72975 39
72976 54
72977 70
72978 58
72979 52
72980 59
72981 56
72982 63
72983 58
72984 52
72985 67
72986 65
72987 57
72988 58
72989 60
72990 64
72991 57
72992 68
72993 62
72994 59
72995 68
72996 63
72997 67
72998 63
72999 65
73000 52
73001 60
73002 57
73003 61
73004 63
73005 61
73006 60
73007 65
73008 57
73009 58
73010 55
73011 57
73012 62
73013 71
73014 64
73015 71
73016 65
73017 69
73018 62
73019 48
73020 52
73021 55
73022 60
73023 59
73024 52
73025 39
73026 49
73027 46
73028 62
73029 75
73030 68
73031 66
73032 64
73033 61
73034 52
73035 63
73036 48
73037 41
73038 49
73039 52
73040 61
73041 65
73042 57
73043 50
73044 48
73045 53
73046 57
73047 59
73048 60
73049 67
73050 66
73051 59
73052 49
73053 51
73054 65
73055 60
73056 65
73057 51
73058 48
73059 51
73060 53
73061 61
73062 62
73063 61
73064 65
73065 57
73066 62
73067 56
73068 57
73069 49
73070 45
73071 53
73072 63
73073 55
73074 51
73075 60
73076 56
73077 61
73078 72
73079 59
73080 55
73081 58
73082 63
73083 55
73084 55
73085 57
73086 55
73087 55
73088 53
73089 53
73090 66
73091 58
73092 58
73093 59
73094 60
73095 64
73096 53
73097 60
73098 60
73099 68
73100 52
73101 53
73102 59
73103 59
73104 51
73105 49
73106 53
73107 56
73108 58
73109 59
73110 65
73111 61
73112 52
73113 53
73114 59
73115 66
73116 60
73117 58
73118 46
73119 50
73120 54
73121 56
73122 66
73123 68
73124 69
73125 58
73126 63
73127 56
73128 60
73129 64
73130 74
73131 68
73132 71
73133 71
73134 65
73135 74
73136 55
73137 44
73138 55
73139 58
73140 58
73141 58
73142 58
73143 60
73144 53
73145 64
73146 58
73147 47
73148 48
73149 58
73150 57
73151 55
73152 52
73153 49
73154 47
73155 61
73156 69
73157 75
73158 62
73159 55
73160 64
73161 67
73162 70
73163 76
73164 64
73165 60
73166 51
73167 57
73168 61
73169 66
73170 63
73171 57
73172 65
73173 56
73174 56
73175 65
73176 64
73177 64
73178 63
73179 59
73180 55
73181 52
73182 55
73183 54
73184 55
73185 63
73186 60
73187 62
73188 62
73189 54
73190 60
73191 59
73192 65
73193 69
73194 54
73195 63
73196 62
73197 64
73198 57
73199 67
73200 58
73201 63
73202 61
73203 63
73204 54
73205 56
73206 51
73207 59
73208 64
73209 59
73210 47
73211 49
73212 53
73213 61
73214 62
73215 69
73216 59
73217 63
73218 71
73219 63
73220 64
73221 62
73222 64
73223 65
73224 64
73225 67
73226 68
73227 71
73228 59
73229 65
73230 58
73231 70
73232 57
73233 56
73234 57
73235 58
73236 55
73237 64
73238 60
73239 60
73240 57
73241 52
73242 48
73243 45
73244 60
73245 64
73246 74
73247 64
73248 57
73249 52
73250 65
73251 57
73252 47
73253 46
73254 36
73255 46
73256 48
73257 65
73258 65
73259 62
73260 76
73261 62
73262 66
73263 65
73264 64
73265 64
73266 60
73267 56
73268 62
73269 77
73270 74
73271 59
73272 62
73273 71
73274 65
73275 68
73276 65
73277 58
73278 63
73279 60
73280 50
73281 60
73282 59
73283 54
73284 64
73285 66
73286 70
73287 64
73288 66
73289 63
73290 57
73291 65
73292 50
73293 51
73294 64
73295 66
73296 62
73297 68
73298 70
73299 56
73300 61
73301 69
73302 59
73303 62
73304 71
73305 75
73306 59
73307 58
73308 64
73309 68
73310 69
73311 62
73312 61
73313 55
73314 63
73315 52
73316 54
73317 57
73318 58
73319 62
73320 56
73321 49
73322 55
73323 61
73324 56
73325 63
73326 66
73327 65
73328 50
73329 49
73330 61
73331 58
73332 66
73333 58
73334 66
73335 65
73336 69
73337 62
73338 54
73339 61
73340 68
73341 63
73342 61
73343 74
73344 58
73345 66
73346 60
73347 69
73348 78
73349 66
73350 54
73351 47
73352 51
73353 53
73354 57
73355 61
73356 70
73357 77
73358 59
73359 66
73360 58
73361 53
73362 60
73363 70
73364 71
73365 60
73366 58
73367 67
73368 55
73369 56
73370 62
73371 62
73372 55
73373 61
73374 58
73375 63
73376 63
73377 56
73378 60
73379 61
73380 56
73381 61
73382 65
73383 62
73384 58
73385 52
73386 45
73387 52
73388 50
73389 49
73390 48
73391 40
73392 38
73393 52
73394 63
73395 57
73396 53
73397 66
73398 57
73399 64
73400 60
73401 58
73402 66
73403 58
73404 64
73405 63
73406 64
73407 63
73408 57
73409 51
73410 58
73411 48
73412 51
73413 53
73414 57
73415 63
73416 64
73417 60
73418 57
73419 59
73420 62
73421 74
73422 64
73423 59
73424 60
73425 60
73426 63
73427 64
73428 64
73429 59
73430 53
73431 55
73432 52
73433 66
73434 64
73435 64
73436 66
73437 59
73438 52
73439 59
73440 55
73441 49
73442 61
73443 64
73444 61
73445 67
73446 62
73447 68
73448 74
73449 55
73450 70
73451 75
73452 65
73453 78
73454 69
73455 70
73456 65
73457 71
73458 67
73459 81
73460 67
73461 63
73462 60
73463 66
73464 63
73465 65
73466 63
73467 57
73468 70
73469 63
73470 56
73471 60
73472 52
73473 57
73474 52
73475 55
73476 56
73477 50
73478 59
73479 59
73480 50
73481 64
73482 64
73483 64
73484 62
73485 56
73486 59
73487 60
73488 58
73489 72
73490 66
73491 68
73492 67
73493 61
73494 65
73495 64
73496 57
73497 43
73498 45
73499 58
73500 72
73501 80
73502 86
73503 76
73504 65
73505 68
73506 59
73507 56
73508 57
73509 49
73510 46
73511 60
73512 56
73513 62
73514 65
73515 66
73516 57
73517 51
73518 60
73519 70
73520 80
73521 68
73522 52
73523 49
73524 54
73525 66
73526 68
73527 64
73528 72
73529 60
73530 56
73531 57
73532 46
73533 66
73534 76
73535 64
73536 64
73537 75
73538 67
73539 53
73540 54
73541 65
73542 71
73543 55
73544 53
73545 61
73546 58
73547 59
73548 59
73549 57
73550 66
73551 65
73552 65
73553 63
73554 48
73555 54
73556 43
73557 63
73558 57
73559 64
73560 55
73561 64
73562 61
73563 49
73564 53
73565 55
73566 47
73567 62
73568 63
73569 71
73570 63
73571 64
73572 64
73573 61
73574 62
73575 56
73576 71
73577 62
73578 59
73579 52
73580 56
73581 62
73582 54
73583 63
73584 62
73585 58
73586 50
73587 58
73588 62
73589 61
73590 62
73591 60
73592 50
73593 52
73594 55
73595 42
73596 50
73597 57
73598 68
73599 59
73600 66
73601 54
73602 47
73603 46
73604 52
73605 54
73606 46
73607 54
73608 57
73609 67
73610 68
73611 58
73612 51
73613 71
73614 73
73615 60
73616 56
73617 52
73618 53
73619 59
73620 53
73621 56
73622 57
73623 42
73624 38
73625 41
73626 53
73627 61
73628 50
73629 53
73630 51
73631 52
73632 61
73633 59
73634 65
73635 69
73636 60
73637 44
73638 50
73639 50
73640 56
73641 61
73642 56
73643 49
73644 50
73645 70
73646 60
73647 54
73648 65
73649 55
73650 57
73651 56
73652 64
73653 50
73654 61
73655 51
73656 56
73657 59
73658 68
73659 61
73660 56
73661 60
73662 60
73663 57
73664 60
73665 63
73666 66
73667 57
73668 56
73669 60
73670 63
73671 67
73672 64
73673 65
73674 62
73675 64
73676 52
73677 38
73678 51
73679 61
73680 52
73681 67
73682 67
73683 56
73684 62
73685 69
73686 77
73687 68
73688 55
73689 59
73690 54
73691 65
73692 54
73693 63
73694 65
73695 74
73696 66
73697 61
73698 53
73699 63
73700 61
73701 75
73702 68
73703 60
73704 69
73705 59
73706 66
73707 63
73708 79
73709 67
73710 65
73711 63
73712 71
73713 72
73714 64
73715 63
73716 55
73717 61
73718 69
73719 63
73720 60
73721 59
73722 59
73723 56
73724 58
73725 60
73726 74
73727 57
73728 57
73729 56
73730 48
73731 52
73732 61
73733 64
73734 68
73735 72
73736 81
73737 63
73738 59
73739 53
73740 51
73741 61
73742 60
73743 65
73744 63
73745 66
73746 63
73747 56
73748 53
73749 62
73750 62
73751 54
73752 57
73753 59
73754 66
73755 63
73756 60
73757 60
73758 55
73759 61
73760 62
73761 65
73762 64
73763 60
73764 63
73765 56
73766 52
73767 57
73768 51
73769 50
73770 52
73771 52
73772 46
73773 61
73774 67
73775 62
73776 60
73777 58
73778 63
73779 58
73780 61
73781 61
73782 55
73783 41
73784 52
73785 58
73786 59
73787 61
73788 46
73789 38
73790 52
73791 61
73792 56
73793 58
73794 50
73795 63
73796 63
73797 60
73798 68
73799 71
73800 68
73801 59
73802 62
73803 63
73804 66
73805 62
73806 50
73807 60
73808 69
73809 60
73810 65
73811 66
73812 60
73813 43
73814 38
73815 49
73816 54
73817 59
73818 75
73819 58
73820 44
73821 43
73822 58
73823 61
73824 51
73825 67
73826 62
73827 62
73828 56
73829 59
73830 54
73831 50
73832 47
73833 39
73834 45
73835 50
73836 51
73837 36
73838 28
73839 45
73840 61
73841 66
73842 61
73843 68
73844 58
73845 63
73846 48
73847 42
73848 49
73849 64
73850 61
73851 65
73852 66
73853 63
73854 61
73855 54
73856 66
73857 50
73858 56
73859 71
73860 73
73861 68
73862 70
73863 63
73864 58
73865 60
73866 48
73867 59
73868 62
73869 55
73870 59
73871 62
73872 60
73873 56
73874 55
73875 43
73876 32
73877 49
73878 58
73879 68
73880 65
73881 66
73882 58
73883 57
73884 54
73885 34
73886 53
73887 51
73888 45
73889 55
73890 59
73891 63
73892 62
73893 59
73894 56
73895 57
73896 61
73897 69
73898 79
73899 62
73900 42
73901 49
73902 57
73903 62
73904 54
73905 48
73906 61
73907 59
73908 77
73909 62
73910 63
73911 58
73912 72
73913 64
73914 70
73915 61
73916 64
73917 56
73918 49
73919 55
73920 59
73921 60
73922 64
73923 56
73924 75
73925 62
73926 58
73927 57
73928 60
73929 61
73930 64
73931 64
73932 77
73933 77
73934 64
73935 62
73936 65
73937 55
73938 61
73939 58
73940 56
73941 52
73942 66
73943 61
73944 54
73945 49
73946 62
73947 62
73948 60
73949 68
73950 63
73951 72
73952 62
73953 62
73954 64
73955 50
73956 65
73957 58
73958 64
73959 55
73960 63
73961 59
73962 62
73963 74
73964 67
73965 56
73966 55
73967 56
73968 56
73969 49
73970 51
73971 65
73972 65
73973 70
73974 66
73975 65
73976 56
73977 47
73978 61
73979 60
73980 58
73981 52
73982 58
73983 59
73984 65
73985 62
73986 61
73987 60
73988 64
73989 61
73990 55
73991 51
73992 59
73993 64
73994 62
73995 56
73996 51
73997 50
73998 69
73999 56
74000 53
74001 56
74002 53
74003 59
74004 54
74005 59
74006 68
74007 51
74008 43
74009 58
74010 60
74011 64
74012 57
74013 56
74014 61
74015 59
74016 55
74017 70
74018 52
74019 46
74020 53
74021 52
74022 57
74023 61
74024 56
74025 63
74026 68
74027 66
74028 61
74029 47
74030 61
74031 63
74032 54
74033 55
74034 71
74035 78
74036 79
74037 64
74038 48
74039 62
74040 66
74041 65
74042 65
74043 70
74044 53
74045 58
74046 65
74047 66
74048 54
74049 60
74050 52
74051 59
74052 63
74053 59
74054 54
74055 56
74056 57
74057 69
74058 56
74059 53
74060 46
74061 61
74062 60
74063 52
74064 65
74065 68
74066 50
74067 65
74068 65
74069 62
74070 53
74071 51
74072 50
74073 52
74074 57
74075 66
74076 57
74077 50
74078 64
74079 52
74080 58
74081 63
74082 52
74083 56
74084 66
74085 69
74086 65
74087 55
74088 55
74089 60
74090 55
74091 44
74092 58
74093 63
74094 56
74095 61
74096 65
74097 50
74098 65
74099 66
74100 68
74101 59
74102 50
74103 55
74104 62
74105 63
74106 61
74107 62
74108 56
74109 53
74110 63
74111 62
74112 63
74113 56
74114 46
74115 52
74116 55
74117 62
74118 69
74119 57
74120 58
74121 58
74122 59
74123 56
74124 53
74125 65
74126 62
74127 56
74128 71
74129 68
74130 67
74131 68
74132 70
74133 67
74134 59
74135 61
74136 69
74137 65
74138 67
74139 64
74140 62
74141 57
74142 61
74143 64
74144 65
74145 55
74146 60
74147 49
74148 55
74149 51
74150 61
74151 59
74152 61
74153 77
74154 69
74155 64
74156 71
74157 54
74158 55
74159 63
74160 65
74161 60
74162 69
74163 63
74164 60
74165 58
74166 62
74167 74
74168 62
74169 61
74170 57
74171 63
74172 54
74173 54
74174 47
74175 57
74176 48
74177 53
74178 62
74179 66
74180 66
74181 52
74182 67
74183 66
74184 67
74185 70
74186 63
74187 49
74188 69
74189 65
74190 63
74191 57
74192 66
74193 59
74194 49
74195 57
74196 61
74197 62
74198 63
74199 56
74200 61
74201 49
74202 62
74203 69
74204 63
74205 62
74206 64
74207 56
74208 55
74209 56
74210 54
74211 56
74212 58
74213 53
74214 55
74215 41
74216 40
74217 51
74218 53
74219 62
74220 54
74221 52
74222 62
74223 58
74224 65
74225 67
74226 52
74227 42
74228 50
74229 57
74230 46
74231 61
74232 58
74233 58
74234 57
74235 48
74236 52
74237 54
74238 55
74239 65
74240 62
74241 51
74242 61
74243 70
74244 69
74245 69
74246 70
74247 67
74248 59
74249 55
74250 59
74251 74
74252 69
74253 52
74254 44
74255 40
74256 42
74257 58
74258 41
74259 58
74260 65
74261 62
74262 63
74263 76
74264 58
74265 47
74266 52
74267 53
74268 60
74269 61
74270 47
74271 61
74272 66
74273 57
74274 59
74275 56
74276 66
74277 67
74278 56
74279 65
74280 66
74281 59
74282 56
74283 62
74284 53
74285 56
74286 51
74287 57
74288 61
74289 61
74290 56
74291 62
74292 48
74293 54
74294 68
74295 76
74296 74
74297 60
74298 45
74299 62
74300 63
74301 63
74302 58
74303 64
74304 45
74305 46
74306 60
74307 62
74308 59
74309 66
74310 67
74311 59
74312 63
74313 61
74314 50
74315 53
74316 55
74317 56
74318 64
74319 63
74320 59
74321 55
74322 60
74323 63
74324 60
74325 65
74326 63
74327 58
74328 52
74329 61
74330 53
74331 59
74332 58
74333 52
74334 51
74335 60
74336 71
74337 61
74338 73
74339 71
74340 68
74341 70
74342 68
74343 69
74344 56
74345 66
74346 68
74347 74
74348 69
74349 77
74350 66
74351 62
74352 56
74353 58
74354 62
74355 65
74356 66
74357 74
74358 60
74359 63
74360 59
74361 58
74362 63
74363 48
74364 57
74365 55
74366 60
74367 66
74368 62
74369 63
74370 71
74371 66
74372 55
74373 59
74374 65
74375 53
74376 60
74377 57
74378 71
74379 64
74380 62
74381 53
74382 60
74383 65
74384 57
74385 55
74386 59
74387 60
74388 52
74389 62
74390 65
74391 67
74392 67
74393 67
74394 65
74395 71
74396 58
74397 62
74398 69
74399 68
74400 73
74401 63
74402 60
74403 56
74404 64
74405 57
74406 68
74407 62
74408 58
74409 63
74410 70
74411 57
74412 64
74413 59
74414 68
74415 61
74416 63
74417 59
74418 50
74419 66
74420 67
74421 48
74422 66
74423 79
74424 62
74425 59
74426 50
74427 43
74428 45
74429 48
74430 50
74431 63
74432 55
74433 63
74434 65
74435 61
74436 55
74437 50
74438 53
74439 57
74440 58
74441 53
74442 59
74443 66
74444 65
74445 59
74446 57
74447 63
74448 57
74449 60
74450 55
74451 57
74452 53
74453 72
74454 62
74455 49
74456 62
74457 60
74458 70
74459 57
74460 69
74461 65
74462 67
74463 61
74464 68
74465 58
74466 54
74467 56
74468 62
74469 58
74470 55
74471 58
74472 56
74473 56
74474 58
74475 51
74476 54
74477 58
74478 50
74479 49
74480 50
74481 64
74482 66
74483 62
74484 71
74485 56
74486 59
74487 59
74488 61
74489 71
74490 67
74491 66
74492 59
74493 60
74494 68
74495 59
74496 66
74497 72
74498 60
74499 62
74500 65
74501 64
74502 61
74503 57
74504 54
74505 63
74506 66
74507 61
74508 61
74509 70
74510 65
74511 75
74512 61
74513 64
74514 59
74515 63
74516 59
74517 58
74518 60
74519 67
74520 64
74521 69
74522 69
74523 71
74524 63
74525 59
74526 62
74527 67
74528 59
74529 63
74530 58
74531 70
74532 60
74533 59
74534 62
74535 62
74536 59
74537 53
74538 49
74539 52
74540 62
74541 70
74542 67
74543 71
74544 64
74545 63
74546 58
74547 54
74548 62
74549 66
74550 69
74551 68
74552 59
74553 60
74554 59
74555 61
74556 58
74557 55
74558 62
74559 70
74560 68
74561 61
74562 67
74563 58
74564 57
74565 65
74566 55
74567 60
74568 71
74569 58
74570 48
74571 51
74572 57
74573 66
74574 64
74575 72
74576 56
74577 49
74578 45
74579 58
74580 62
74581 57
74582 64
74583 54
74584 52
74585 54
74586 59
74587 68
74588 62
74589 57
74590 61
74591 58
74592 60
74593 62
74594 56
74595 62
74596 51
74597 42
74598 58
74599 52
74600 68
74601 62
74602 61
74603 68
74604 66
74605 68
74606 64
74607 53
74608 59
74609 56
74610 55
74611 55
74612 62
74613 66
74614 57
74615 59
74616 60
74617 60
74618 57
74619 46
74620 51
74621 57
74622 56
74623 53
74624 58
74625 39
74626 50
74627 47
74628 56
74629 63
74630 57
74631 65
74632 63
74633 72
74634 66
74635 51
74636 63
74637 60
74638 60
74639 65
74640 57
74641 62
74642 61
74643 60
74644 59
74645 54
74646 65
74647 61
74648 62
74649 69
74650 54
74651 72
74652 76
74653 78
74654 69
74655 57
74656 63
74657 55
74658 64
74659 70
74660 61
74661 50
74662 64
74663 70
74664 55
74665 65
74666 73
74667 62
74668 63
74669 74
74670 67
74671 66
74672 59
74673 48
74674 44
74675 41
74676 38
74677 45
74678 50
74679 51
74680 58
74681 57
74682 62
74683 66
74684 65
74685 72
74686 63
74687 52
74688 55
74689 49
74690 52
74691 71
74692 63
74693 67
74694 50
74695 48
74696 56
74697 61
74698 61
74699 51
74700 65
74701 67
74702 63
74703 56
74704 55
74705 55
74706 49
74707 58
74708 61
74709 67
74710 74
74711 56
74712 56
74713 66
74714 64
74715 64
74716 61
74717 54
74718 54
74719 49
74720 60
74721 59
74722 67
74723 63
74724 57
74725 50
74726 49
74727 61
74728 72
74729 69
74730 65
74731 65
74732 61
74733 68
74734 59
74735 64
74736 70
74737 68
74738 63
74739 67
74740 67
74741 65
74742 74
74743 61
74744 54
74745 57
74746 64
74747 60
74748 76
74749 67
74750 70
74751 70
74752 64
74753 53
74754 68
74755 66
74756 58
74757 56
74758 57
74759 60
74760 65
74761 52
74762 53
74763 55
74764 59
74765 74
74766 69
74767 63
74768 63
74769 53
74770 55
74771 62
74772 72
74773 64
74774 66
74775 56
74776 53
74777 43
74778 61
74779 69
74780 86
74781 70
74782 66
74783 61
74784 61
74785 73
74786 56
74787 53
74788 61
74789 67
74790 58
74791 53
74792 54
74793 57
74794 59
74795 59
74796 53
74797 59
74798 53
74799 39
74800 53
74801 54
74802 55
74803 61
74804 56
74805 50
74806 49
74807 45
74808 42
74809 38
74810 51
74811 58
74812 65
74813 58
74814 66
74815 72
74816 64
74817 61
74818 60
74819 53
74820 66
74821 70
74822 66
74823 65
74824 63
74825 61
74826 71
74827 56
74828 54
74829 60
74830 62
74831 56
74832 57
74833 65
74834 54
74835 60
74836 61
74837 57
74838 48
74839 45
74840 50
74841 59
74842 57
74843 63
74844 69
74845 68
74846 67
74847 61
74848 56
74849 72
74850 71
74851 66
74852 67
74853 56
74854 49
74855 55
74856 62
74857 75
74858 70
74859 72
74860 60
74861 59
74862 60
74863 58
74864 56
74865 58
74866 58
74867 58
74868 64
74869 65
74870 67
74871 68
74872 62
74873 61
74874 51
74875 43
74876 59
74877 74
74878 75
74879 57
74880 58
74881 44
74882 47
74883 48
74884 64
74885 55
74886 59
74887 56
74888 58
74889 76
74890 69
74891 54
74892 56
74893 59
74894 65
74895 68
74896 58
74897 56
74898 64
74899 61
74900 67
74901 50
74902 59
74903 43
74904 46
74905 49
74906 63
74907 80
74908 76
74909 64
74910 61
74911 62
74912 58
74913 47
74914 63
74915 52
74916 69
74917 67
74918 61
74919 49
74920 51
74921 53
74922 55
74923 59
74924 75
74925 76
74926 58
74927 58
74928 61
74929 59
74930 53
74931 43
74932 46
74933 55
74934 58
74935 54
74936 60
74937 54
74938 53
74939 45
74940 56
74941 58
74942 64
74943 59
74944 67
74945 61
74946 57
74947 56
74948 55
74949 57
74950 67
74951 56
74952 63
74953 63
74954 55
74955 47
74956 57
74957 63
74958 53
74959 50
74960 34
74961 49
74962 49
74963 50
74964 57
74965 55
74966 58
74967 52
74968 45
74969 64
74970 65
74971 61
74972 72
74973 60
74974 55
74975 51
74976 51
74977 47
74978 52
74979 51
74980 42
74981 52
74982 56
74983 62
74984 66
74985 64
74986 62
74987 57
74988 68
74989 66
74990 64
74991 53
74992 52
74993 56
74994 66
74995 61
74996 60
74997 59
74998 65
74999 67
75000 71
75001 63
75002 61
75003 70
75004 54
75005 60
75006 61
75007 63
75008 62
75009 52
75010 65
75011 67
75012 62
75013 63
75014 69
75015 56
75016 61
75017 64
75018 58
75019 39
75020 41
75021 58
75022 55
75023 49
75024 66
75025 70
75026 72
75027 84
75028 68
75029 59
75030 58
75031 61
75032 57
75033 63
75034 67
75035 58
75036 62
75037 52
75038 53
75039 57
75040 51
75041 64
75042 55
75043 52
75044 49
75045 56
75046 66
75047 63
75048 64
75049 56
75050 60
75051 50
75052 61
75053 73
75054 68
75055 63
75056 59
75057 63
75058 61
75059 73
75060 79
75061 76
75062 60
75063 60
75064 55
75065 61
75066 64
75067 63
75068 55
75069 56
75070 51
75071 46
75072 51
75073 53
75074 50
75075 53
75076 53
75077 59
75078 55
75079 63
75080 58
75081 50
75082 58
75083 67
75084 63
75085 77
75086 71
75087 52
75088 59
75089 65
75090 69
75091 53
75092 57
75093 63
75094 57
75095 71
75096 62
75097 53
75098 45
75099 46
75100 54
75101 60
75102 58
75103 63
75104 60
75105 59
75106 66
75107 70
75108 58
75109 56
75110 51
75111 53
75112 42
75113 57
75114 66
75115 64
75116 66
75117 69
75118 77
75119 66
75120 54
75121 48
75122 50
75123 55
75124 48
75125 61
75126 59
75127 62
75128 62
75129 68
75130 64
75131 59
75132 68
75133 69
75134 68
75135 66
75136 72
75137 73
75138 61
75139 60
75140 63
75141 60
75142 63
75143 54
75144 59
75145 73
75146 59
75147 61
75148 64
75149 59
75150 64
75151 68
75152 73
75153 71
75154 60
75155 48
75156 49
75157 55
75158 58
75159 52
75160 55
75161 56
75162 67
75163 77
75164 76
75165 71
75166 66
75167 63
75168 69
75169 75
75170 64
75171 60
75172 59
75173 56
75174 54
75175 57
75176 47
75177 59
75178 65
75179 66
75180 54
75181 59
75182 63
75183 64
75184 54
75185 49
75186 47
75187 54
75188 57
75189 70
75190 67
75191 65
75192 76
75193 76
75194 64
75195 72
75196 61
75197 59
75198 56
75199 47
75200 53
75201 55
75202 50
75203 51
75204 53
75205 65
75206 62
75207 69
75208 63
75209 53
75210 51
75211 48
75212 54
75213 61
75214 60
75215 59
75216 55
75217 70
75218 69
75219 71
75220 65
75221 57
75222 62
75223 59
75224 53
75225 61
75226 71
75227 67
75228 62
75229 59
75230 53
75231 50
75232 57
75233 55
75234 63
75235 57
75236 55
75237 64
75238 65
75239 68
75240 57
75241 56
75242 60
75243 58
75244 46
75245 50
75246 55
75247 63
75248 72
75249 62
75250 66
75251 75
75252 68
75253 64
75254 55
75255 58
75256 66
75257 67
75258 68
75259 62
75260 61
75261 51
75262 67
75263 51
75264 59
75265 65
75266 56
75267 52
75268 44
75269 54
75270 61
75271 69
75272 73
75273 67
75274 68
75275 72
75276 66
75277 69
75278 66
75279 65
75280 62
75281 54
75282 62
75283 68
75284 69
75285 75
75286 78
75287 65
75288 47
75289 41
75290 50
75291 61
75292 64
75293 69
75294 65
75295 62
75296 73
75297 76
75298 65
75299 55
75300 52
75301 49
75302 46
75303 51
75304 56
75305 55
75306 49
75307 36
75308 51
75309 52
75310 58
75311 60
75312 71
75313 66
75314 63
75315 61
75316 65
75317 58
75318 49
75319 47
75320 63
75321 59
75322 64
75323 53
75324 47
75325 48
75326 53
75327 41
75328 58
75329 59
75330 58
75331 64
75332 55
75333 58
75334 67
75335 66
75336 62
75337 54
75338 51
75339 59
75340 63
75341 63
75342 70
75343 71
75344 67
75345 62
75346 66
75347 63
75348 53
75349 60
75350 51
75351 63
75352 57
75353 66
75354 57
75355 58
75356 56
75357 50
75358 54
75359 66
75360 67
75361 73
75362 61
75363 63
75364 59
75365 65
75366 64
75367 65
75368 55
75369 54
75370 52
75371 43
75372 56
75373 54
75374 52
75375 58
75376 61
75377 55
75378 62
75379 63
75380 62
75381 69
75382 72
75383 69
75384 64
75385 67
75386 61
75387 56
75388 53
75389 54
75390 55
75391 68
75392 62
75393 62
75394 56
75395 66
75396 67
75397 62
75398 70
75399 64
75400 63
75401 67
75402 69
75403 61
75404 68
75405 68
75406 61
75407 56
75408 55
75409 57
75410 69
75411 65
75412 65
75413 48
75414 63
75415 62
75416 62
75417 58
75418 58
75419 56
75420 49
75421 61
75422 71
75423 62
75424 51
75425 49
75426 56
75427 66
75428 63
75429 66
75430 58
75431 51
75432 47
75433 44
75434 53
75435 62
75436 57
75437 65
75438 57
75439 70
75440 61
75441 59
75442 66
75443 58
75444 49
75445 46
75446 50
75447 62
75448 81
75449 81
75450 76
75451 66
75452 56
75453 66
75454 65
75455 57
75456 49
75457 59
75458 62
75459 47
75460 46
75461 47
75462 44
75463 49
75464 41
75465 36
75466 51
75467 63
75468 54
75469 56
75470 53
75471 50
75472 57
75473 46
75474 57
75475 60
75476 73
75477 62
75478 63
75479 63
75480 58
75481 64
75482 63
75483 56
75484 55
75485 51
75486 65
75487 63
75488 56
75489 57
75490 65
75491 58
75492 58
75493 55
75494 67
75495 62
75496 60
75497 57
75498 58
75499 48
75500 63
75501 67
75502 61
75503 63
75504 60
75505 54
75506 42
75507 45
75508 60
75509 60
75510 56
75511 54
75512 63
75513 60
75514 57
75515 52
75516 66
75517 60
75518 57
75519 61
75520 46
75521 44
75522 59
75523 65
75524 53
75525 56
75526 66
75527 63
75528 66
75529 57
75530 55
75531 49
75532 48
75533 57
75534 70
75535 62
75536 63
75537 64
75538 66
75539 65
75540 64
75541 60
75542 64
75543 70
75544 69
75545 67
75546 61
75547 60
75548 60
75549 59
75550 68
75551 70
75552 65
75553 56
75554 43
75555 53
75556 58
75557 57
75558 63
75559 60
75560 59
75561 72
75562 56
75563 57
75564 50
75565 51
75566 56
75567 60
75568 66
75569 61
75570 68
75571 64
75572 62
75573 64
75574 69
75575 72
75576 67
75577 64
75578 67
75579 60
75580 64
75581 68
75582 64
75583 53
75584 64
75585 72
75586 65
75587 60
75588 50
75589 61
75590 63
75591 59
75592 65
75593 46
75594 44
75595 45
75596 39
75597 48
75598 57
75599 59
75600 54
75601 42
75602 50
75603 51
75604 58
75605 56
75606 65
75607 74
75608 65
75609 60
75610 46
75611 48
75612 56
75613 37
75614 41
75615 56
75616 57
75617 66
75618 54
75619 59
75620 71
75621 66
75622 71
75623 62
75624 64
75625 72
75626 55
75627 54
75628 70
75629 58
75630 48
75631 58
75632 60
75633 65
75634 66
75635 56
75636 73
75637 69
75638 56
75639 58
75640 58
75641 54
75642 59
75643 65
75644 59
75645 71
75646 60
75647 61
75648 64
75649 60
75650 64
75651 67
75652 60
75653 57
75654 65
75655 56
75656 57
75657 56
75658 59
75659 62
75660 61
75661 55
75662 40
75663 42
75664 55
75665 59
75666 58
75667 60
75668 64
75669 63
75670 55
75671 56
75672 59
75673 64
75674 71
75675 63
75676 68
75677 57
75678 61
75679 62
75680 64
75681 61
75682 44
75683 55
75684 58
75685 56
75686 57
75687 70
75688 64
75689 73
75690 71
75691 57
75692 50
75693 52
75694 56
75695 50
75696 61
75697 68
75698 65
75699 61
75700 63
75701 62
75702 64
75703 67
75704 68
75705 74
75706 69
75707 63
75708 60
75709 60
75710 66
75711 67
75712 68
75713 68
75714 62
75715 61
75716 62
75717 61
75718 50
75719 66
75720 74
75721 57
75722 62
75723 65
75724 60
75725 69
75726 59
75727 59
75728 59
75729 62
75730 65
75731 67
75732 64
75733 63
75734 52
75735 72
75736 72
75737 65
75738 66
75739 70
75740 65
75741 63
75742 65
75743 59
75744 67
75745 69
75746 60
75747 60
75748 63
75749 62
75750 58
75751 60
75752 63
75753 61
75754 67
75755 47
75756 40
75757 54
75758 55
75759 55
75760 64
75761 57
75762 50
75763 53
75764 57
75765 59
75766 66
75767 58
75768 57
75769 58
75770 65
75771 70
75772 62
75773 53
75774 56
75775 48
75776 55
75777 74
75778 68
75779 67
75780 71
75781 64
75782 53
75783 45
75784 65
75785 61
75786 60
75787 61
75788 58
75789 65
75790 62
75791 44
75792 61
75793 57
75794 62
75795 68
75796 51
75797 56
75798 58
75799 53
75800 60
75801 63
75802 59
75803 65
75804 65
75805 64
75806 62
75807 58
75808 54
75809 65
75810 61
75811 60
75812 57
75813 56
75814 68
75815 75
75816 78
75817 75
75818 70
75819 64
75820 68
75821 61
75822 52
75823 57
75824 53
75825 60
75826 47
75827 49
75828 46
75829 52
75830 62
75831 59
75832 51
75833 42
75834 41
75835 48
75836 54
75837 56
75838 59
75839 60
75840 65
75841 59
75842 55
75843 51
75844 50
75845 44
75846 62
75847 61
75848 63
75849 53
75850 55
75851 54
75852 40
75853 39
75854 53
75855 61
75856 68
75857 58
75858 56
75859 55
75860 60
75861 58
75862 60
75863 54
75864 61
75865 71
75866 70
75867 63
75868 56
75869 63
75870 68
75871 56
75872 68
75873 66
75874 51
75875 59
75876 55
75877 69
75878 63
75879 61
75880 53
75881 49
75882 51
75883 53
75884 65
75885 57
75886 65
75887 56
75888 63
75889 68
75890 69
75891 62
75892 60
75893 61
75894 62
75895 57
75896 54
75897 56
75898 70
75899 65
75900 57
75901 52
75902 60
75903 66
75904 62
75905 61
75906 59
75907 55
75908 63
75909 62
75910 53
75911 60
75912 60
75913 62
75914 70
75915 60
75916 44
75917 44
75918 49
75919 54
75920 46
75921 58
75922 66
75923 72
75924 65
75925 71
75926 63
75927 61
75928 73
75929 67
75930 77
75931 62
75932 48
75933 55
75934 54
75935 68
75936 66
75937 67
75938 63
75939 65
75940 59
75941 60
75942 60
75943 51
75944 54
75945 50
75946 64
75947 82
75948 69
75949 58
75950 60
75951 52
75952 53
75953 59
75954 58
75955 56
75956 68
75957 63
75958 62
75959 62
75960 68
75961 70
75962 89
75963 86
75964 67
75965 55
75966 49
75967 53
75968 57
75969 50
75970 45
75971 48
75972 59
75973 60
75974 65
75975 65
75976 74
75977 68
75978 54
75979 53
75980 57
75981 55
75982 57
75983 70
75984 62
75985 64
75986 64
75987 56
75988 61
75989 59
75990 62
75991 49
75992 61
75993 77
75994 71
75995 61
75996 64
75997 59
75998 58
75999 59
76000 68
76001 74
76002 60
76003 68
76004 65
76005 62
76006 49
76007 55
76008 52
76009 58
76010 61
76011 50
76012 56
76013 59
76014 63
76015 59
76016 56
76017 65
76018 68
76019 53
76020 56
76021 68
76022 59
76023 63
76024 69
76025 60
76026 50
76027 55
76028 48
76029 62
76030 67
76031 68
76032 65
76033 66
76034 60
76035 61
76036 50
76037 60
76038 51
76039 43
76040 59
76041 64
76042 66
76043 69
76044 74
76045 69
76046 64
76047 63
76048 50
76049 67
76050 66
76051 64
76052 61
76053 64
76054 61
76055 71
76056 68
76057 60
76058 57
76059 64
76060 68
76061 64
76062 59
76063 62
76064 61
76065 58
76066 58
76067 65
76068 68
76069 65
76070 66
76071 67
76072 66
76073 63
76074 59
76075 62
76076 54
76077 63
76078 61
76079 64
76080 70
76081 66
76082 67
76083 62
76084 72
76085 62
76086 59
76087 66
76088 73
76089 66
76090 60
76091 57
76092 61
76093 60
76094 55
76095 59
76096 58
76097 50
76098 45
76099 56
76100 58
76101 57
76102 55
76103 68
76104 64
76105 69
76106 51
76107 62
76108 68
76109 61
76110 60
76111 66
76112 62
76113 55
76114 67
76115 61
76116 52
76117 53
76118 50
76119 66
76120 64
76121 64
76122 59
76123 62
76124 63
76125 68
76126 66
76127 58
76128 59
76129 60
76130 55
76131 45
76132 46
76133 51
76134 69
76135 58
76136 55
76137 39
76138 44
76139 58
76140 66
76141 62
76142 61
76143 52
76144 61
76145 59
76146 58
76147 64
76148 65
76149 61
76150 56
76151 55
76152 75
76153 65
76154 64
76155 63
76156 66
76157 59
76158 56
76159 61
76160 57
76161 55
76162 40
76163 35
76164 46
76165 55
76166 51
76167 50
76168 58
76169 60
76170 62
76171 62
76172 63
76173 64
76174 58
76175 53
76176 56
76177 65
76178 57
76179 56
76180 62
76181 57
76182 61
76183 55
76184 53
76185 60
76186 64
76187 70
76188 69
76189 60
76190 61
76191 54
76192 65
76193 57
76194 61
76195 66
76196 69
76197 61
76198 57
76199 66
76200 69
76201 55
76202 58
76203 59
76204 60
76205 66
76206 65
76207 62
76208 67
76209 64
76210 47
76211 58
76212 69
76213 67
76214 62
76215 64
76216 48
76217 51
76218 50
76219 53
76220 57
76221 59
76222 63
76223 77
76224 63
76225 62
76226 65
76227 68
76228 62
76229 65
76230 64
76231 59
76232 48
76233 61
76234 57
76235 64
76236 66
76237 66
76238 66
76239 63
76240 61
76241 59
76242 62
76243 59
76244 61
76245 57
76246 49
76247 55
76248 64
76249 70
76250 72
76251 66
76252 55
76253 57
76254 63
76255 60
76256 62
76257 60
76258 60
76259 67
76260 64
76261 61
76262 66
76263 59
76264 65
76265 70
76266 65
76267 70
76268 85
76269 78
76270 70
76271 66
76272 60
76273 58
76274 62
76275 60
76276 56
76277 57
76278 50
76279 64
76280 61
76281 65
76282 61
76283 68
76284 60
76285 57
76286 58
76287 63
76288 75
76289 75
76290 70
76291 60
76292 70
76293 50
76294 57
76295 60
76296 72
76297 69
76298 69
76299 58
76300 60
76301 71
76302 71
76303 73
76304 58
76305 62
76306 55
76307 48
76308 59
76309 71
76310 65
76311 62
76312 69
76313 70
76314 50
76315 57
76316 67
76317 60
76318 57
76319 47
76320 52
76321 54
76322 50
76323 54
76324 57
76325 69
76326 65
76327 62
76328 58
76329 50
76330 60
76331 58
76332 62
76333 67
76334 60
76335 53
76336 56
76337 60
76338 74
76339 69
76340 62
76341 64
76342 60
76343 62
76344 66
76345 58
76346 65
76347 70
76348 68
76349 66
76350 61
76351 46
76352 53
76353 61
76354 68
76355 77
76356 69
76357 68
76358 69
76359 64
76360 62
76361 57
76362 43
76363 54
76364 72
76365 65
76366 63
76367 54
76368 52
76369 59
76370 69
76371 71
76372 64
76373 63
76374 60
76375 56
76376 61
76377 60
76378 63
76379 59
76380 60
76381 50
76382 58
76383 41
76384 61
76385 74
76386 65
76387 56
76388 59
76389 65
76390 50
76391 55
76392 54
76393 59
76394 50
76395 51
76396 64
76397 60
76398 61
76399 66
76400 64
76401 53
76402 58
76403 50
76404 59
76405 63
76406 68
76407 69
76408 72
76409 78
76410 58
76411 68
76412 76
76413 69
76414 63
76415 58
76416 68
76417 56
76418 54
76419 63
76420 63
76421 59
76422 65
76423 53
76424 56
76425 67
76426 77
76427 63
76428 64
76429 58
76430 57
76431 56
76432 52
76433 57
76434 58
76435 48
76436 63
76437 59
76438 57
76439 51
76440 66
76441 55
76442 52
76443 50
76444 66
76445 63
76446 65
76447 68
76448 64
76449 57
76450 59
76451 62
76452 63
76453 65
76454 69
76455 57
76456 68
76457 58
76458 58
76459 67
76460 75
76461 64
76462 66
76463 63
76464 73
76465 60
76466 62
76467 69
76468 60
76469 61
76470 59
76471 63
76472 65
76473 58
76474 65
76475 60
76476 65
76477 54
76478 67
76479 59
76480 57
76481 56
76482 47
76483 57
76484 63
76485 65
76486 73
76487 66
76488 64
76489 62
76490 69
76491 55
76492 64
76493 58
76494 59
76495 61
76496 64
76497 54
76498 59
76499 66
76500 79
76501 69
76502 61
76503 64
76504 59
76505 52
76506 58
76507 54
76508 66
76509 60
76510 56
76511 56
76512 59
76513 64
76514 54
76515 38
76516 50
76517 59
76518 54
76519 56
76520 55
76521 61
76522 65
76523 66
76524 70
76525 66
76526 78
76527 83
76528 65
76529 54
76530 61
76531 59
76532 61
76533 62
76534 67
76535 58
76536 62
76537 64
76538 60
76539 55
76540 65
76541 60
76542 67
76543 65
76544 67
76545 64
76546 71
76547 62
76548 62
76549 62
76550 67
76551 65
76552 53
76553 44
76554 38
76555 33
76556 52
76557 51
76558 55
76559 46
76560 56
76561 58
76562 58
76563 54
76564 66
76565 75
76566 62
76567 58
76568 61
76569 60
76570 57
76571 56
76572 54
76573 60
76574 54
76575 66
76576 65
76577 56
76578 59
76579 60
76580 58
76581 66
76582 63
76583 55
76584 51
76585 50
76586 67
76587 60
76588 57
76589 53
76590 65
76591 67
76592 72
76593 64
76594 51
76595 57
76596 60
76597 67
76598 61
76599 69
76600 76
76601 69
76602 63
76603 64
76604 64
76605 61
76606 56
76607 60
76608 59
76609 63
76610 57
76611 70
76612 64
76613 50
76614 52
76615 60
76616 64
76617 61
76618 70
76619 70
76620 52
76621 52
76622 53
76623 50
76624 62
76625 65
76626 71
76627 64
76628 65
76629 62
76630 59
76631 55
76632 67
76633 66
76634 69
76635 64
76636 74
76637 69
76638 67
76639 55
76640 54
76641 51
76642 52
76643 57
76644 65
76645 67
76646 57
76647 67
76648 59
76649 66
76650 58
76651 70
76652 61
76653 67
76654 65
76655 63
76656 59
76657 56
76658 45
76659 55
76660 61
76661 61
76662 51
76663 47
76664 54
76665 70
76666 67
76667 63
76668 57
76669 64
76670 58
76671 67
76672 52
76673 61
76674 64
76675 58
76676 69
76677 56
76678 66
76679 68
76680 66
76681 57
76682 53
76683 57
76684 60
76685 70
76686 61
76687 58
76688 54
76689 58
76690 61
76691 56
76692 61
76693 63
76694 51
76695 67
76696 61
76697 61
76698 66
76699 56
76700 55
76701 64
76702 54
76703 68
76704 52
76705 56
76706 41
76707 52
76708 54
76709 63
76710 65
76711 60
76712 59
76713 58
76714 54
76715 62
76716 63
76717 68
76718 58
76719 63
76720 70
76721 66
76722 49
76723 47
76724 64
76725 66
76726 69
76727 67
76728 58
76729 60
76730 67
76731 66
76732 69
76733 64
76734 71
76735 60
76736 67
76737 62
76738 57
76739 63
76740 65
76741 76
76742 68
76743 51
76744 54
76745 52
76746 66
76747 55
76748 61
76749 58
76750 50
76751 49
76752 56
76753 57
76754 61
76755 68
76756 64
76757 50
76758 61
76759 64
76760 67
76761 57
76762 60
76763 65
76764 50
76765 49
76766 62
76767 66
76768 63
76769 66
76770 65
76771 49
76772 33
76773 41
76774 48
76775 53
76776 57
76777 73
76778 60
76779 59
76780 56
76781 52
76782 42
76783 40
76784 39
76785 42
76786 62
76787 61
76788 67
76789 51
76790 48
76791 37
76792 44
76793 53
76794 59
76795 56
76796 61
76797 63
76798 49
76799 53
76800 62
76801 59
76802 69
76803 68
76804 63
76805 58
76806 60
76807 59
76808 54
76809 41
76810 61
76811 61
76812 69
76813 61
76814 60
76815 47
76816 46
76817 44
76818 49
76819 57
76820 55
76821 53
76822 62
76823 66
76824 67
76825 76
76826 81
76827 74
76828 55
76829 61
76830 51
76831 49
76832 56
76833 55
76834 71
76835 68
76836 64
76837 65
76838 71
76839 74
76840 75
76841 62
76842 64
76843 66
76844 64
76845 56
76846 60
76847 67
76848 64
76849 75
76850 72
76851 53
76852 58
76853 58
76854 56
76855 62
76856 51
76857 61
76858 55
76859 57
76860 59
76861 61
76862 49
76863 64
76864 55
76865 69
76866 56
76867 60
76868 66
76869 61
76870 60
76871 62
76872 66
76873 61
76874 58
76875 64
76876 55
76877 57
76878 49
76879 62
76880 59
76881 63
76882 50
76883 51
76884 52
76885 48
76886 53
76887 53
76888 59
76889 60
76890 59
76891 60
76892 61
76893 62
76894 48
76895 55
76896 62
76897 61
76898 54
76899 72
76900 59
76901 61
76902 70
76903 68
76904 74
76905 54
76906 60
76907 62
76908 59
76909 62
76910 56
76911 45
76912 48
76913 52
76914 55
76915 61
76916 75
76917 58
76918 61
76919 58
76920 55
76921 52
76922 50
76923 66
76924 66
76925 57
76926 64
76927 69
76928 67
76929 64
76930 58
76931 59
76932 62
76933 53
76934 55
76935 50
76936 64
76937 60
76938 57
76939 60
76940 64
76941 66
76942 64
76943 54
76944 55
76945 57
76946 64
76947 57
76948 61
76949 58
76950 53
76951 52
76952 54
76953 69
76954 73
76955 57
76956 54
76957 64
76958 63
76959 60
76960 69
76961 53
76962 63
76963 56
76964 61
76965 66
76966 63
76967 58
76968 40
76969 32
76970 49
76971 46
76972 66
76973 70
76974 60
76975 54
76976 66
76977 64
76978 58
76979 53
76980 48
76981 47
76982 40
76983 46
76984 52
76985 60
76986 49
76987 47
76988 52
76989 62
76990 67
76991 70
76992 57
76993 66
76994 72
76995 84
76996 65
76997 52
76998 53
76999 55
77000 58
77001 60
77002 62
77003 68
77004 62
77005 67
77006 63
77007 63
77008 69
77009 61
77010 53
77011 51
77012 46
77013 64
77014 71
77015 58
77016 56
77017 72
77018 66
77019 61
77020 58
77021 49
77022 50
77023 56
77024 62
77025 51
77026 55
77027 53
77028 48
77029 50
77030 52
77031 60
77032 62
77033 65
77034 65
77035 62
77036 53
77037 56
77038 58
77039 63
77040 53
77041 44
77042 55
77043 57
77044 58
77045 54
77046 57
77047 42
77048 55
77049 65
77050 66
77051 57
77052 56
77053 48
77054 44
77055 49
77056 34
77057 50
77058 52
77059 54
77060 62
77061 64
77062 63
77063 69
77064 61
77065 57
77066 58
77067 64
77068 56
77069 59
77070 73
77071 72
77072 68
77073 69
77074 59
77075 58
77076 51
77077 48
77078 59
77079 59
77080 64
77081 59
77082 58
77083 60
77084 54
77085 51
77086 56
77087 67
77088 68
77089 68
77090 58
77091 64
77092 59
77093 73
77094 64
77095 65
77096 71
77097 58
77098 59
77099 62
77100 65
77101 62
77102 74
77103 63
77104 57
77105 57
77106 58
77107 59
77108 57
77109 59
77110 55
77111 61
77112 64
77113 67
77114 61
77115 64
77116 66
77117 67
77118 66
77119 65
77120 62
77121 66
77122 54
77123 55
77124 73
77125 63
77126 70
77127 57
77128 68
77129 53
77130 58
77131 61
77132 64
77133 58
77134 48
77135 64
77136 68
77137 77
77138 61
77139 66
77140 60
77141 60
77142 59
77143 60
77144 61
77145 62
77146 65
77147 67
77148 76
77149 68
77150 64
77151 58
77152 56
77153 68
77154 70
77155 60
77156 49
77157 59
77158 59
77159 57
77160 64
77161 55
77162 49
77163 61
77164 63
77165 68
77166 60
77167 74
77168 63
77169 67
77170 55
77171 58
77172 47
77173 50
77174 46
77175 50
77176 66
77177 61
77178 78
77179 71
77180 55
77181 66
77182 53
77183 55
77184 58
77185 57
77186 67
77187 58
77188 53
77189 61
77190 48
77191 55
77192 46
77193 40
77194 44
77195 51
77196 69
77197 60
77198 49
77199 61
77200 65
77201 66
77202 71
77203 79
77204 69
77205 75
77206 62
77207 60
77208 45
77209 54
77210 64
77211 75
77212 62
77213 68
77214 58
77215 69
77216 53
77217 56
77218 61
77219 60
77220 54
77221 40
77222 52
77223 55
77224 65
77225 68
77226 70
77227 55
77228 73
77229 63
77230 54
77231 59
77232 72
77233 61
77234 66
77235 71
77236 69
77237 59
77238 65
77239 68
77240 75
77241 66
77242 68
77243 65
77244 61
77245 54
77246 55
77247 63
77248 58
77249 59
77250 52
77251 61
77252 64
77253 54
77254 52
77255 56
77256 60
77257 50
77258 59
77259 65
77260 66
77261 58
77262 53
77263 61
77264 69
77265 66
77266 63
77267 58
77268 66
77269 68
77270 60
77271 60
77272 62
77273 50
77274 63
77275 62
77276 64
77277 72
77278 62
77279 69
77280 66
77281 60
77282 56
77283 50
77284 56
77285 57
77286 63
77287 68
77288 59
77289 67
77290 71
77291 62
77292 56
77293 60
77294 58
77295 60
77296 73
77297 76
77298 70
77299 87
77300 84
77301 79
77302 62
77303 66
77304 56
77305 51
77306 49
77307 57
77308 68
77309 63
77310 71
77311 62
77312 62
77313 62
77314 64
77315 65
77316 51
77317 58
77318 63
77319 61
77320 66
77321 61
77322 55
77323 58
77324 63
77325 54
77326 62
77327 58
77328 75
77329 67
77330 51
77331 58
77332 60
77333 54
77334 44
77335 56
77336 51
77337 52
77338 57
77339 57
77340 59
77341 55
77342 48
77343 61
77344 53
77345 56
77346 56
77347 56
77348 65
77349 62
77350 74
77351 62
77352 56
77353 53
77354 60
77355 59
77356 50
77357 45
77358 37
77359 27
77360 46
77361 58
77362 70
77363 55
77364 63
77365 65
77366 71
77367 59
77368 64
77369 66
77370 62
77371 66
77372 64
77373 65
77374 62
77375 71
77376 69
77377 67
77378 59
77379 58
77380 68
77381 67
77382 72
77383 54
77384 60
77385 66
77386 64
77387 65
77388 62
77389 67
77390 70
77391 71
77392 58
77393 60
77394 71
77395 58
77396 55
77397 53
77398 52
77399 48
77400 60
77401 55
77402 53
77403 69
77404 52
77405 44
77406 50
77407 64
77408 73
77409 65
77410 63
77411 66
77412 61
77413 57
77414 51
77415 49
77416 62
77417 67
77418 69
77419 64
77420 58
77421 57
77422 51
77423 64
77424 70
77425 61
77426 59
77427 50
77428 54
77429 47
77430 56
77431 49
77432 50
77433 51
77434 52
77435 49
77436 67
77437 62
77438 58
77439 68
77440 58
77441 51
77442 49
77443 55
77444 47
77445 65
77446 63
77447 53
77448 54
77449 58
77450 42
77451 54
77452 57
77453 60
77454 62
77455 51
77456 64
77457 67
77458 62
77459 52
77460 49
77461 53
77462 65
77463 61
77464 67
77465 60
77466 56
77467 60
77468 55
77469 58
77470 66
77471 61
77472 76
77473 57
77474 69
77475 54
77476 49
77477 48
77478 53
77479 55
77480 69
77481 58
77482 49
77483 66
77484 82
77485 66
77486 64
77487 66
77488 71
77489 72
77490 66
77491 67
77492 67
77493 62
77494 58
77495 73
77496 63
77497 60
77498 59
77499 52
77500 54
77501 49
77502 57
77503 59
77504 63
77505 56
77506 54
77507 49
77508 60
77509 69
77510 66
77511 55
77512 62
77513 50
77514 65
77515 69
77516 67
77517 66
77518 72
77519 62
77520 62
77521 58
77522 58
77523 46
77524 59
77525 59
77526 54
77527 65
77528 66
77529 53
77530 55
77531 62
77532 71
77533 69
77534 67
77535 69
77536 65
77537 57
77538 67
77539 58
77540 61
77541 71
77542 68
77543 55
77544 71
77545 64
77546 63
77547 50
77548 59
77549 69
77550 51
77551 47
77552 45
77553 56
77554 70
77555 64
77556 57
77557 47
77558 47
77559 55
77560 53
77561 67
77562 64
77563 62
77564 64
77565 55
77566 61
77567 61
77568 61
77569 61
77570 73
77571 78
77572 58
77573 53
77574 58
77575 48
77576 68
77577 61
77578 62
77579 60
77580 68
77581 53
77582 65
77583 80
77584 67
77585 62
77586 67
77587 56
77588 52
77589 47
77590 55
77591 69
77592 65
77593 52
77594 72
77595 67
77596 59
77597 60
77598 70
77599 56
77600 54
77601 56
77602 54
77603 66
77604 69
77605 72
77606 61
77607 55
77608 67
77609 68
77610 62
77611 64
77612 69
77613 78
77614 78
77615 77
77616 59
77617 65
77618 67
77619 71
77620 73
77621 62
77622 59
77623 52
77624 67
77625 70
77626 65
77627 54
77628 40
77629 23
77630 39
77631 51
77632 56
77633 63
77634 57
77635 64
77636 69
77637 62
77638 58
77639 67
77640 54
77641 65
77642 68
77643 73
77644 56
77645 63
77646 64
77647 57
77648 59
77649 56
77650 57
77651 47
77652 54
77653 61
77654 56
77655 61
77656 61
77657 47
77658 61
77659 64
77660 54
77661 49
77662 51
77663 53
77664 62
77665 69
77666 51
77667 70
77668 67
77669 61
77670 42
77671 45
77672 49
77673 66
77674 64
77675 61
77676 53
77677 71
77678 68
77679 51
77680 50
77681 63
77682 63
77683 62
77684 66
77685 56
77686 49
77687 59
77688 62
77689 62
77690 61
77691 66
77692 62
77693 71
77694 73
77695 64
77696 58
77697 56
77698 64
77699 60
77700 54
77701 65
77702 49
77703 54
77704 44
77705 63
77706 57
77707 53
77708 45
77709 40
77710 51
77711 66
77712 65
77713 58
77714 64
77715 64
77716 71
77717 69
77718 55
77719 58
77720 57
77721 63
77722 58
77723 62
77724 71
77725 57
77726 62
77727 55
77728 54
77729 44
77730 60
77731 67
77732 64
77733 61
77734 56
77735 59
77736 65
77737 55
77738 59
77739 55
77740 61
77741 50
77742 46
77743 30
77744 43
77745 56
77746 67
77747 66
77748 65
77749 66
77750 55
77751 60
77752 43
77753 44
77754 58
77755 61
77756 64
77757 55
77758 63
77759 46
77760 44
77761 60
77762 69
77763 62
77764 51
77765 63
77766 59
77767 55
77768 50
77769 54
77770 51
77771 52
77772 60
77773 60
77774 74
77775 59
77776 63
77777 60
77778 59
77779 62
77780 55
77781 70
77782 71
77783 64
77784 60
77785 61
77786 67
77787 65
77788 59
77789 58
77790 71
77791 61
77792 70
77793 68
77794 59
77795 56
77796 64
77797 66
77798 55
77799 62
77800 71
77801 68
77802 68
77803 64
77804 72
77805 75
77806 71
77807 77
77808 64
77809 68
77810 55
77811 58
77812 60
77813 65
77814 61
77815 55
77816 62
77817 63
77818 71
77819 60
77820 53
77821 55
77822 52
77823 68
77824 64
77825 65
77826 62
77827 60
77828 60
77829 59
77830 54
77831 62
77832 59
77833 60
77834 66
77835 59
77836 56
77837 64
77838 66
77839 62
77840 65
77841 67
77842 55
77843 69
77844 58
77845 62
77846 59
77847 51
77848 47
77849 42
77850 44
77851 54
77852 55
77853 55
77854 61
77855 61
77856 55
77857 57
77858 65
77859 63
77860 63
77861 80
77862 66
77863 56
77864 63
77865 59
77866 61
77867 73
77868 62
77869 64
77870 57
77871 58
77872 59
77873 43
77874 45
77875 50
77876 57
77877 62
77878 59
77879 64
77880 61
77881 60
77882 70
77883 75
77884 68
77885 63
77886 57
77887 62
77888 61
77889 59
77890 53
77891 59
77892 60
77893 65
77894 73
77895 69
77896 58
77897 62
77898 61
77899 63
77900 54
77901 63
77902 72
77903 66
77904 66
77905 68
77906 77
77907 59
77908 66
77909 66
77910 77
77911 68
77912 64
77913 68
77914 62
77915 50
77916 47
77917 45
77918 44
77919 48
77920 56
77921 64
77922 49
77923 48
77924 55
77925 59
77926 56
77927 71
77928 60
77929 54
77930 57
77931 59
77932 61
77933 73
77934 58
77935 52
77936 60
77937 59
77938 54
77939 50
77940 52
77941 55
77942 59
77943 57
77944 62
77945 61
77946 57
77947 53
77948 64
77949 60
77950 57
77951 59
77952 58
77953 48
77954 40
77955 43
77956 51
77957 62
77958 73
77959 62
77960 57
77961 60
77962 52
77963 56
77964 66
77965 72
77966 69
77967 59
77968 71
77969 60
77970 66
77971 70
77972 72
77973 70
77974 62
77975 59
77976 56
77977 54
77978 56
77979 52
77980 60
77981 67
77982 56
77983 55
77984 59
77985 59
77986 59
77987 53
77988 61
77989 69
77990 59
77991 52
77992 57
77993 51
77994 57
77995 64
77996 61
77997 68
77998 57
77999 61
78000 60
78001 66
78002 59
78003 55
78004 62
78005 55
78006 57
78007 59
78008 61
78009 60
78010 53
78011 61
78012 69
78013 73
78014 55
78015 54
78016 62
78017 52
78018 37
78019 41
78020 50
78021 63
78022 66
78023 75
78024 55
78025 54
78026 67
78027 59
78028 67
78029 56
78030 56
78031 65
78032 53
78033 52
78034 53
78035 65
78036 60
78037 58
78038 60
78039 50
78040 48
78041 56
78042 65
78043 55
78044 61
78045 47
78046 46
78047 57
78048 50
78049 44
78050 40
78051 47
78052 52
78053 56
78054 64
78055 69
78056 64
78057 59
78058 60
78059 53
78060 60
78061 63
78062 61
78063 60
78064 58
78065 48
78066 44
78067 56
78068 52
78069 57
78070 57
78071 63
78072 66
78073 65
78074 58
78075 62
78076 62
78077 49
78078 53
78079 66
78080 67
78081 59
78082 75
78083 60
78084 58
78085 63
78086 62
78087 68
78088 60
78089 52
78090 48
78091 54
78092 59
78093 66
78094 62
78095 63
78096 58
78097 68
78098 63
78099 61
78100 73
78101 67
78102 63
78103 65
78104 72
78105 68
78106 53
78107 70
78108 61
78109 45
78110 60
78111 56
78112 51
78113 62
78114 50
78115 60
78116 44
78117 47
78118 56
78119 51
78120 56
78121 61
78122 63
78123 48
78124 47
78125 53
78126 55
78127 60
78128 71
78129 57
78130 73
78131 74
78132 75
78133 58
78134 62
78135 68
78136 59
78137 66
78138 54
78139 48
78140 53
78141 62
78142 58
78143 54
78144 52
78145 53
78146 61
78147 64
78148 69
78149 59
78150 67
78151 68
78152 68
78153 50
78154 47
78155 52
78156 59
78157 71
78158 59
78159 54
78160 68
78161 65
78162 62
78163 64
78164 60
78165 55
78166 64
78167 63
78168 52
78169 55
78170 57
78171 55
78172 63
78173 64
78174 57
78175 64
78176 69
78177 62
78178 58
78179 58
78180 51
78181 62
78182 56
78183 59
78184 55
78185 71
78186 70
78187 71
78188 67
78189 64
78190 55
78191 64
78192 61
78193 67
78194 66
78195 62
78196 65
78197 66
78198 58
78199 56
78200 57
78201 54
78202 62
78203 63
78204 57
78205 53
78206 60
78207 54
78208 69
78209 70
78210 74
78211 68
78212 60
78213 61
78214 72
78215 61
78216 61
78217 54
78218 59
78219 58
78220 56
78221 43
78222 60
78223 53
78224 50
78225 54
78226 55
78227 67
78228 60
78229 67
78230 61
78231 55
78232 57
78233 61
78234 56
78235 59
78236 56
78237 58
78238 51
78239 45
78240 57
78241 63
78242 60
78243 69
78244 57
78245 61
78246 61
78247 63
78248 60
78249 53
78250 60
78251 60
78252 61
78253 60
78254 57
78255 58
78256 65
78257 61
78258 51
78259 67
78260 64
78261 56
78262 46
78263 54
78264 58
78265 64
78266 58
78267 56
78268 63
78269 66
78270 59
78271 69
78272 74
78273 75
78274 64
78275 58
78276 51
78277 67
78278 62
78279 70
78280 72
78281 62
78282 62
78283 65
78284 57
78285 53
78286 59
78287 54
78288 63
78289 60
78290 57
78291 64
78292 70
78293 62
78294 50
78295 64
78296 67
78297 63
78298 65
78299 63
78300 66
78301 62
78302 61
78303 54
78304 56
78305 58
78306 62
78307 65
78308 62
78309 59
78310 57
78311 59
78312 62
78313 53
78314 56
78315 53
78316 62
78317 70
78318 58
78319 53
78320 65
78321 67
78322 63
78323 57
78324 49
78325 58
78326 61
78327 61
78328 65
78329 64
78330 66
78331 59
78332 44
78333 41
78334 28
78335 40
78336 42
78337 45
78338 46
78339 49
78340 50
78341 52
78342 50
78343 58
78344 49
78345 64
78346 58
78347 66
78348 58
78349 54
78350 59
78351 54
78352 55
78353 54
78354 58
78355 61
78356 62
78357 69
78358 72
78359 61
78360 62
78361 54
78362 61
78363 64
78364 76
78365 61
78366 60
78367 48
78368 58
78369 52
78370 58
78371 64
78372 59
78373 65
78374 76
78375 76
78376 69
78377 53
78378 67
78379 67
78380 57
78381 59
78382 62
78383 69
78384 77
78385 61
78386 47
78387 65
78388 56
78389 67
78390 61
78391 67
78392 64
78393 70
78394 66
78395 68
78396 70
78397 56
78398 66
78399 67
78400 73
78401 65
78402 68
78403 65
78404 63
78405 60
78406 78
78407 63
78408 62
78409 72
78410 61
78411 60
78412 60
78413 61
78414 63
78415 59
78416 73
78417 62
78418 61
78419 57
78420 58
78421 64
78422 59
78423 69
78424 69
78425 57
78426 62
78427 60
78428 61
78429 65
78430 71
78431 65
78432 57
78433 63
78434 56
78435 63
78436 65
78437 75
78438 62
78439 51
78440 47
78441 53
78442 71
78443 73
78444 57
78445 64
78446 68
78447 67
78448 72
78449 65
78450 67
78451 62
78452 62
78453 53
78454 59
78455 74
78456 63
78457 61
78458 46
78459 41
78460 50
78461 51
78462 52
78463 60
78464 63
78465 51
78466 57
78467 42
78468 49
78469 56
78470 68
78471 61
78472 57
78473 54
78474 42
78475 59
78476 57
78477 58
78478 64
78479 55
78480 61
78481 48
78482 59
78483 59
78484 56
78485 50
78486 52
78487 59
78488 55
78489 58
78490 55
78491 56
78492 57
78493 60
78494 60
78495 63
78496 68
78497 58
78498 56
78499 55
78500 56
78501 55
78502 51
78503 50
78504 53
78505 56
78506 52
78507 47
78508 49
78509 62
78510 61
78511 65
78512 56
78513 56
78514 61
78515 60
78516 73
78517 67
78518 62
78519 59
78520 67
78521 57
78522 58
78523 63
78524 68
78525 61
78526 71
78527 70
78528 61
78529 56
78530 52
78531 54
78532 59
78533 63
78534 60
78535 64
78536 47
78537 46
78538 54
78539 67
78540 63
78541 51
78542 62
78543 67
78544 66
78545 62
78546 52
78547 65
78548 66
78549 50
78550 50
78551 34
78552 29
78553 41
78554 61
78555 72
78556 56
78557 60
78558 59
78559 56
78560 50
78561 51
78562 48
78563 55
78564 62
78565 60
78566 59
78567 60
78568 68
78569 62
78570 63
78571 64
78572 71
78573 63
78574 61
78575 70
78576 63
78577 60
78578 57
78579 52
78580 54
78581 55
78582 58
78583 62
78584 56
78585 51
78586 57
78587 69
78588 59
78589 52
78590 58
78591 59
78592 56
78593 57
78594 65
78595 67
78596 62
78597 54
78598 64
78599 63
78600 55
78601 47
78602 62
78603 60
78604 58
78605 66
78606 62
78607 56
78608 58
78609 65
78610 58
78611 54
78612 58
78613 63
78614 65
78615 64
78616 62
78617 64
78618 59
78619 65
78620 69
78621 58
78622 50
78623 51
78624 59
78625 74
78626 60
78627 66
78628 52
78629 58
78630 50
78631 47
78632 45
78633 57
78634 59
78635 55
78636 58
78637 65
78638 59
78639 50
78640 59
78641 65
78642 57
78643 65
78644 64
78645 57
78646 57
78647 60
78648 67
78649 59
78650 61
78651 55
78652 60
78653 67
78654 67
78655 65
78656 63
78657 69
78658 61
78659 73
78660 61
78661 71
78662 62
78663 63
78664 57
78665 49
78666 54
78667 65
78668 62
78669 54
78670 55
78671 66
78672 64
78673 61
78674 49
78675 47
78676 42
78677 47
78678 51
78679 53
78680 60
78681 65
78682 59
78683 64
78684 63
78685 82
78686 80
78687 70
78688 59
78689 64
78690 59
78691 57
78692 63
78693 61
78694 59
78695 69
78696 60
78697 71
78698 68
78699 62
78700 59
78701 54
78702 54
78703 62
78704 58
78705 55
78706 62
78707 65
78708 69
78709 67
78710 63
78711 59
78712 62
78713 68
78714 74
78715 67
78716 66
78717 65
78718 69
78719 60
78720 55
78721 56
78722 59
78723 58
78724 55
78725 48
78726 54
78727 55
78728 58
78729 66
78730 57
78731 52
78732 64
78733 61
78734 69
78735 58
78736 62
78737 57
78738 69
78739 63
78740 57
78741 62
78742 62
78743 55
78744 58
78745 62
78746 56
78747 54
78748 58
78749 52
78750 54
78751 60
78752 56
78753 48
78754 60
78755 47
78756 61
78757 56
78758 53
78759 60
78760 52
78761 40
78762 58
78763 55
78764 58
78765 58
78766 61
78767 61
78768 52
78769 45
78770 54
78771 55
78772 61
78773 68
78774 68
78775 71
78776 72
78777 57
78778 58
78779 65
78780 74
78781 56
78782 71
78783 65
78784 73
78785 67
78786 66
78787 68
78788 50
78789 47
78790 54
78791 59
78792 61
78793 65
78794 55
78795 64
78796 70
78797 60
78798 61
78799 71
78800 56
78801 55
78802 57
78803 62
78804 67
78805 63
78806 62
78807 66
78808 70
78809 58
78810 57
78811 61
78812 52
78813 47
78814 55
78815 63
78816 53
78817 65
78818 73
78819 68
78820 54
78821 55
78822 57
78823 65
78824 56
78825 47
78826 60
78827 59
78828 63
78829 55
78830 58
78831 65
78832 55
78833 66
78834 60
78835 58
78836 68
78837 65
78838 61
78839 50
78840 70
78841 62
78842 58
78843 51
78844 47
78845 44
78846 48
78847 54
78848 63
78849 60
78850 62
78851 55
78852 59
78853 53
78854 59
78855 68
78856 58
78857 59
78858 56
78859 60
78860 55
78861 52
78862 61
78863 60
78864 57
78865 58
78866 58
78867 63
78868 71
78869 64
78870 65
78871 65
78872 63
78873 54
78874 60
78875 59
78876 59
78877 63
78878 76
78879 57
78880 61
78881 72
78882 59
78883 49
78884 64
78885 63
78886 56
78887 68
78888 61
78889 56
78890 65
78891 61
78892 60
78893 61
78894 70
78895 62
78896 67
78897 65
78898 70
78899 68
78900 69
78901 71
78902 63
78903 55
78904 67
78905 57
78906 54
78907 46
78908 52
78909 59
78910 63
78911 70
78912 67
78913 63
78914 59
78915 58
78916 56
78917 54
78918 57
78919 56
78920 60
78921 52
78922 43
78923 63
78924 63
78925 60
78926 66
78927 71
78928 76
78929 64
78930 67
78931 64
78932 68
78933 82
78934 79
78935 63
78936 64
78937 66
78938 65
78939 71
78940 51
78941 46
78942 60
78943 68
78944 59
78945 63
78946 55
78947 69
78948 67
78949 49
78950 67
78951 66
78952 64
78953 61
78954 60
78955 47
78956 44
78957 55
78958 56
78959 59
78960 61
78961 54
78962 55
78963 58
78964 54
78965 61
78966 50
78967 59
78968 70
78969 58
78970 53
78971 65
78972 66
78973 58
78974 64
78975 59
78976 67
78977 50
78978 62
78979 75
78980 68
78981 55
78982 59
78983 53
78984 55
78985 51
78986 51
78987 55
78988 65
78989 59
78990 54
78991 53
78992 39
78993 52
78994 57
78995 58
78996 54
78997 64
78998 62
78999 63
79000 64
79001 58
79002 57
79003 61
79004 60
79005 61
79006 64
79007 62
79008 61
79009 66
79010 57
79011 63
79012 57
79013 61
79014 60
79015 48
79016 58
79017 56
79018 70
79019 71
79020 64
79021 60
79022 50
79023 51
79024 64
79025 55
79026 62
79027 69
79028 67
79029 57
79030 74
79031 74
79032 66
79033 57
79034 66
79035 56
79036 65
79037 57
79038 53
79039 50
79040 43
79041 59
79042 61
79043 56
79044 60
79045 59
79046 53
79047 73
79048 72
79049 59
79050 59
79051 57
79052 56
79053 47
79054 43
79055 42
79056 45
79057 59
79058 64
79059 70
79060 55
79061 53
79062 58
79063 46
79064 55
79065 63
79066 61
79067 60
79068 56
79069 65
79070 54
79071 43
79072 44
79073 54
79074 69
79075 66
79076 57
79077 66
79078 59
79079 58
79080 50
79081 52
79082 66
79083 61
79084 62
79085 56
79086 65
79087 70
79088 60
79089 64
79090 58
79091 54
79092 63
79093 61
79094 62
79095 67
79096 63
79097 49
79098 54
79099 63
79100 60
79101 52
79102 59
79103 39
79104 45
79105 49
79106 50
79107 60
79108 61
79109 54
79110 36
79111 30
79112 39
79113 44
79114 64
79115 67
79116 56
79117 61
79118 64
79119 61
79120 63
79121 64
79122 60
79123 64
79124 58
79125 54
79126 66
79127 75
79128 58
79129 53
79130 53
79131 70
79132 64
79133 54
79134 47
79135 49
79136 51
79137 70
79138 67
79139 59
79140 52
79141 35
79142 50
79143 61
79144 66
79145 73
79146 62
79147 58
79148 58
79149 53
79150 66
79151 65
79152 59
79153 62
79154 58
79155 64
79156 67
79157 69
79158 61
79159 58
79160 59
79161 59
79162 63
79163 65
79164 60
79165 59
79166 62
79167 56
79168 57
79169 54
79170 47
79171 52
79172 58
79173 60
79174 57
79175 66
79176 68
79177 69
79178 64
79179 64
79180 50
79181 52
79182 57
79183 54
79184 61
79185 56
79186 50
79187 51
79188 59
79189 65
79190 72
79191 64
79192 66
79193 62
79194 61
79195 74
79196 67
79197 55
79198 41
79199 51
79200 64
79201 58
79202 70
79203 72
79204 63
79205 53
79206 41
79207 44
79208 60
79209 79
79210 67
79211 63
79212 55
79213 54
79214 59
79215 59
79216 55
79217 51
79218 59
79219 65
79220 68
79221 56
79222 66
79223 70
79224 65
79225 67
79226 54
79227 54
79228 64
79229 58
79230 63
79231 55
79232 72
79233 77
79234 57
79235 66
79236 58
79237 66
79238 62
79239 69
79240 68
79241 59
79242 57
79243 73
79244 65
79245 57
79246 54
79247 62
79248 63
79249 57
79250 65
79251 54
79252 49
79253 51
79254 37
79255 40
79256 55
79257 52
79258 58
79259 52
79260 54
79261 70
79262 63
79263 52
79264 59
79265 65
79266 64
79267 70
79268 60
79269 61
79270 50
79271 49
79272 55
79273 47
79274 60
79275 61
79276 52
79277 61
79278 59
79279 65
79280 64
79281 60
79282 61
79283 55
79284 58
79285 69
79286 70
79287 76
79288 67
79289 55
79290 50
79291 63
79292 71
79293 63
79294 72
79295 68
79296 63
79297 54
79298 56
79299 62
79300 63
79301 66
79302 67
79303 63
79304 73
79305 74
79306 70
79307 65
79308 57
79309 55
79310 70
79311 61
79312 51
79313 42
79314 41
79315 38
79316 46
79317 54
79318 45
79319 60
79320 65
79321 72
79322 64
79323 54
79324 49
79325 63
79326 64
79327 59
79328 55
79329 46
79330 47
79331 54
79332 51
79333 62
79334 55
79335 62
79336 59
79337 71
79338 75
79339 56
79340 50
79341 62
79342 53
79343 40
79344 56
79345 57
79346 60
79347 64
79348 61
79349 59
79350 55
79351 51
79352 49
79353 65
79354 57
79355 58
79356 57
79357 67
79358 66
79359 56
79360 57
79361 60
79362 61
79363 63
79364 61
79365 56
79366 70
79367 69
79368 58
79369 59
79370 55
79371 54
79372 55
79373 57
79374 61
79375 56
79376 55
79377 69
79378 64
79379 61
79380 63
79381 69
79382 61
79383 58
79384 55
79385 44
79386 57
79387 71
79388 86
79389 80
79390 67
79391 64
79392 53
79393 61
79394 64
79395 70
79396 58
79397 50
79398 59
79399 58
79400 54
79401 59
79402 50
79403 40
79404 41
79405 42
79406 47
79407 51
79408 65
79409 66
79410 65
79411 78
79412 65
79413 69
79414 52
79415 45
79416 40
79417 56
79418 57
79419 61
79420 63
79421 69
79422 66
79423 57
79424 58
79425 68
79426 80
79427 73
79428 60
79429 62
79430 59
79431 60
79432 59
79433 66
79434 69
79435 68
79436 75
79437 59
79438 56
79439 53
79440 49
79441 65
79442 64
79443 67
79444 61
79445 56
79446 62
79447 64
79448 57
79449 67
79450 65
79451 67
79452 69
79453 65
79454 58
79455 68
79456 60
79457 62
79458 66
79459 63
79460 51
79461 32
79462 28
79463 39
79464 50
79465 57
79466 55
79467 68
79468 66
79469 70
79470 67
79471 59
79472 58
79473 65
79474 68
79475 55
79476 58
79477 65
79478 71
79479 60
79480 51
79481 38
79482 19
79483 35
79484 37
79485 40
79486 46
79487 54
79488 66
79489 74
79490 58
79491 49
79492 46
79493 59
79494 63
79495 61
79496 70
79497 61
79498 59
79499 59
79500 62
79501 46
79502 55
79503 69
79504 65
79505 66
79506 63
79507 63
79508 60
79509 50
79510 45
79511 57
79512 59
79513 66
79514 65
79515 52
79516 52
79517 51
79518 62
79519 77
79520 62
79521 59
79522 55
79523 58
79524 68
79525 66
79526 62
79527 59
79528 51
79529 64
79530 57
79531 51
79532 57
79533 71
79534 66
79535 57
79536 52
79537 52
79538 54
79539 62
79540 53
79541 70
79542 61
79543 56
79544 64
79545 72
79546 65
79547 67
79548 73
79549 66
79550 62
79551 61
79552 52
79553 50
79554 59
79555 40
79556 57
79557 55
79558 58
79559 57
79560 69
79561 63
79562 56
79563 66
79564 67
79565 65
79566 65
79567 59
79568 65
79569 70
79570 64
79571 60
79572 51
79573 69
79574 70
79575 59
79576 60
79577 68
79578 68
79579 59
79580 59
79581 66
79582 68
79583 70
79584 64
79585 66
79586 66
79587 68
79588 64
79589 72
79590 61
79591 50
79592 49
79593 44
79594 58
79595 59
79596 61
79597 72
79598 64
79599 62
79600 72
79601 60
79602 59
79603 72
79604 69
79605 67
79606 64
79607 58
79608 56
79609 63
79610 59
79611 65
79612 61
79613 56
79614 58
79615 69
79616 64
79617 57
79618 66
79619 63
79620 60
79621 58
79622 60
79623 58
79624 67
79625 63
79626 52
79627 65
79628 62
79629 64
79630 64
79631 58
79632 59
79633 61
79634 61
79635 68
79636 73
79637 70
79638 55
79639 50
79640 60
79641 68
79642 64
79643 59
79644 50
79645 49
79646 47
79647 59
79648 59
79649 45
79650 40
79651 51
79652 58
79653 61
79654 49
79655 58
79656 48
79657 45
79658 52
79659 60
79660 67
79661 71
79662 67
79663 70
79664 58
79665 56
79666 59
79667 66
79668 67
79669 52
79670 59
79671 63
79672 59
79673 67
79674 57
79675 63
79676 60
79677 53
79678 62
79679 66
79680 73
79681 69
79682 59
79683 68
79684 55
79685 64
79686 61
79687 64
79688 64
79689 61
79690 52
79691 67
79692 70
79693 65
79694 64
79695 55
79696 65
79697 57
79698 58
79699 57
79700 54
79701 61
79702 70
79703 58
79704 64
79705 67
79706 70
79707 53
79708 60
79709 57
79710 55
79711 50
79712 58
79713 66
79714 63
79715 67
79716 58
79717 51
79718 53
79719 64
79720 57
79721 65
79722 53
79723 55
79724 56
79725 63
79726 63
79727 68
79728 64
79729 69
79730 65
79731 58
79732 59
79733 71
79734 65
79735 62
79736 64
79737 59
79738 70
79739 68
79740 63
79741 56
79742 58
79743 50
79744 51
79745 60
79746 57
79747 59
79748 69
79749 60
79750 58
79751 56
79752 49
79753 58
79754 69
79755 68
79756 61
79757 70
79758 68
79759 63
79760 60
79761 68
79762 72
79763 67
79764 81
79765 80
79766 77
79767 77
79768 72
79769 60
79770 70
79771 53
79772 60
79773 57
79774 60
79775 59
79776 60
79777 55
79778 51
79779 59
79780 60
79781 52
79782 66
79783 64
79784 68
79785 64
79786 54
79787 55
79788 60
79789 64
79790 62
79791 60
79792 65
79793 70
79794 63
79795 67
79796 69
79797 61
79798 52
79799 52
79800 54
79801 56
79802 51
79803 67
79804 61
79805 66
79806 64
79807 59
79808 64
79809 62
79810 62
79811 64
79812 68
79813 53
79814 59
79815 52
79816 65
79817 66
79818 69
79819 71
79820 65
79821 63
79822 71
79823 60
79824 56
79825 55
79826 60
79827 58
79828 64
79829 60
79830 49
79831 42
79832 56
79833 62
79834 62
79835 55
79836 55
79837 58
79838 51
79839 50
79840 62
79841 57
79842 49
79843 59
79844 54
79845 64
79846 68
79847 62
79848 71
79849 69
79850 70
79851 58
79852 50
79853 45
79854 33
79855 42
79856 59
79857 56
79858 66
79859 59
79860 52
79861 50
79862 59
79863 69
79864 63
79865 62
79866 71
79867 68
79868 66
79869 66
79870 68
79871 63
79872 63
79873 70
79874 65
79875 67
79876 72
79877 64
79878 60
79879 62
79880 62
79881 63
79882 57
79883 55
79884 61
79885 54
79886 61
79887 47
79888 44
79889 54
79890 56
79891 59
79892 62
79893 61
79894 69
79895 71
79896 69
79897 63
79898 58
79899 62
79900 66
79901 63
79902 63
79903 62
79904 67
79905 57
79906 56
79907 63
79908 64
79909 64
79910 60
79911 55
79912 56
79913 49
79914 62
79915 69
79916 68
79917 60
79918 64
79919 65
79920 68
79921 62
79922 69
79923 61
79924 58
79925 61
79926 61
79927 64
79928 60
79929 63
79930 61
79931 50
79932 54
79933 60
79934 59
79935 54
79936 49
79937 51
79938 53
79939 62
79940 65
79941 67
79942 64
79943 67
79944 76
79945 63
79946 63
79947 69
79948 63
79949 75
79950 63
79951 69
79952 67
79953 59
79954 61
79955 65
79956 76
79957 84
79958 64
79959 67
79960 63
79961 66
79962 59
79963 66
79964 81
79965 71
79966 76
79967 62
79968 64
79969 56
79970 63
79971 48
79972 39
79973 45
79974 53
79975 57
79976 60
79977 57
79978 53
79979 61
79980 57
79981 69
79982 60
79983 44
79984 37
79985 41
79986 42
79987 53
79988 50
79989 51
79990 59
79991 52
79992 49
79993 47
79994 58
79995 57
79996 67
79997 65
79998 73
79999 67
80000 63
80001 59
80002 54
80003 57
80004 53
80005 53
80006 65
80007 68
80008 57
80009 48
80010 65
80011 62
80012 62
80013 56
80014 58
80015 57
80016 47
80017 55
80018 54
80019 54
80020 57
80021 69
80022 64
80023 70
80024 61
80025 63
80026 60
80027 66
80028 74
80029 62
80030 59
80031 63
80032 64
80033 55
80034 51
80035 47
80036 58
80037 53
80038 57
80039 59
80040 69
80041 63
80042 66
80043 60
80044 58
80045 68
80046 57
80047 55
80048 51
80049 39
80050 53
80051 55
80052 50
80053 58
80054 56
80055 68
80056 65
80057 75
80058 79
80059 70
80060 56
80061 67
80062 63
80063 60
80064 57
80065 61
80066 69
80067 65
80068 59
80069 56
80070 54
80071 55
80072 50
80073 59
80074 55
80075 52
80076 61
80077 53
80078 64
80079 51
80080 41
80081 46
80082 48
80083 57
80084 59
80085 61
80086 53
80087 55
80088 73
80089 68
80090 63
80091 60
80092 53
80093 56
80094 59
80095 56
80096 63
80097 62
80098 67
80099 61
80100 71
80101 64
80102 62
80103 71
80104 59
80105 67
80106 63
80107 60
80108 73
80109 64
80110 66
80111 54
80112 60
80113 62
80114 60
80115 51
80116 53
80117 58
80118 57
80119 57
80120 38
80121 46
80122 49
80123 53
80124 50
80125 58
80126 61
80127 69
80128 54
80129 55
80130 61
80131 51
80132 60
80133 57
80134 68
80135 66
80136 48
80137 50
80138 58
80139 65
80140 73
80141 69
80142 74
80143 65
80144 62
80145 46
80146 49
80147 52
80148 54
80149 56
80150 59
80151 56
80152 62
80153 50
80154 56
80155 58
80156 57
80157 53
80158 45
80159 49
80160 57
80161 62
80162 63
80163 68
80164 60
80165 64
80166 66
80167 66
80168 67
80169 67
80170 55
80171 53
80172 66
80173 66
80174 62
80175 68
80176 66
80177 77
80178 59
80179 57
80180 57
80181 52
80182 50
80183 62
80184 50
80185 38
80186 45
80187 55
80188 55
80189 56
80190 57
80191 58
80192 56
80193 71
80194 60
80195 55
80196 54
80197 52
80198 44
80199 47
80200 59
80201 62
80202 59
80203 68
80204 64
80205 62
80206 59
80207 54
80208 60
80209 62
80210 69
80211 55
80212 64
80213 60
80214 61
80215 67
80216 62
80217 58
80218 54
80219 58
80220 55
80221 61
80222 61
80223 59
80224 61
80225 61
80226 64
80227 62
80228 60
80229 59
80230 58
80231 50
80232 52
80233 51
80234 54
80235 71
80236 72
80237 61
80238 49
80239 61
80240 55
80241 61
80242 62
80243 55
80244 72
80245 64
80246 67
80247 54
80248 65
80249 64
80250 65
80251 55
80252 53
80253 54
80254 63
80255 58
80256 70
80257 52
80258 55
80259 58
80260 61
80261 61
80262 79
80263 67
80264 51
80265 68
80266 64
80267 63
80268 55
80269 62
80270 55
80271 68
80272 60
80273 68
80274 63
80275 58
80276 66
80277 60
80278 54
80279 57
80280 61
80281 59
80282 69
80283 61
80284 68
80285 65
80286 62
80287 62
80288 65
80289 67
80290 61
80291 49
80292 61
80293 51
80294 45
80295 49
80296 65
80297 60
80298 59
80299 43
80300 61
80301 68
80302 66
80303 57
80304 57
80305 59
80306 65
80307 66
80308 51
80309 32
80310 28
80311 24
80312 29
80313 48
80314 46
80315 38
80316 57
80317 56
80318 64
80319 63
80320 73
80321 69
80322 62
80323 56
80324 47
80325 38
80326 47
80327 51
80328 54
80329 54
80330 45
80331 49
80332 51
80333 59
80334 70
80335 63
80336 55
80337 60
80338 64
80339 52
80340 58
80341 64
80342 58
80343 60
80344 57
80345 53
80346 45
80347 56
80348 55
80349 67
80350 77
80351 70
80352 62
80353 52
80354 59
80355 57
80356 64
80357 50
80358 61
80359 67
80360 59
80361 47
80362 48
80363 61
80364 59
80365 58
80366 57
80367 58
80368 53
80369 61
80370 48
80371 47
80372 64
80373 60
80374 47
80375 53
80376 55
80377 70
80378 57
80379 60
80380 59
80381 52
80382 65
80383 51
80384 65
80385 65
80386 53
80387 50
80388 44
80389 61
80390 67
80391 65
80392 53
80393 57
80394 62
80395 65
80396 70
80397 65
80398 61
80399 57
80400 54
80401 38
80402 48
80403 56
80404 63
80405 62
80406 60
80407 60
80408 50
80409 57
80410 45
80411 61
80412 62
80413 64
80414 59
80415 43
80416 42
80417 41
80418 49
80419 64
80420 61
80421 66
80422 82
80423 63
80424 64
80425 72
80426 74
80427 59
80428 50
80429 55
80430 59
80431 51
80432 56
80433 52
80434 48
80435 42
80436 30
80437 34
80438 52
80439 54
80440 56
80441 63
80442 57
80443 51
80444 61
80445 59
80446 56
80447 65
80448 70
80449 69
80450 56
80451 54
80452 59
80453 66
80454 64
80455 67
80456 57
80457 55
80458 72
80459 74
80460 56
80461 55
80462 61
80463 64
80464 65
80465 57
80466 51
80467 59
80468 60
80469 51
80470 56
80471 45
80472 58
80473 63
80474 65
80475 61
80476 65
80477 61
80478 62
80479 69
80480 65
80481 73
80482 61
80483 63
80484 67
80485 62
80486 56
80487 53
80488 41
80489 36
80490 44
80491 60
80492 59
80493 66
80494 72
80495 73
80496 65
80497 61
80498 64
80499 66
80500 66
80501 53
80502 51
80503 49
80504 53
80505 62
80506 66
80507 58
80508 50
80509 41
80510 56
80511 55
80512 52
80513 54
80514 57
80515 51
80516 60
80517 49
80518 46
80519 39
80520 55
80521 63
80522 58
80523 66
80524 66
80525 58
80526 56
80527 63
80528 64
80529 55
80530 51
80531 56
80532 59
80533 65
80534 59
80535 45
80536 55
80537 57
80538 63
80539 67
80540 67
80541 57
80542 54
80543 55
80544 57
80545 46
80546 48
80547 56
80548 55
80549 52
80550 59
80551 60
80552 61
80553 63
80554 54
80555 43
80556 40
80557 43
80558 56
80559 48
80560 56
80561 61
80562 67
80563 55
80564 63
80565 68
80566 71
80567 63
80568 50
80569 49
80570 58
80571 59
80572 56
80573 47
80574 56
80575 56
80576 51
80577 63
80578 65
80579 59
80580 52
80581 50
80582 40
80583 44
80584 53
80585 65
80586 58
80587 59
80588 58
80589 53
80590 61
80591 56
80592 54
80593 50
80594 55
80595 66
80596 59
80597 58
80598 45
80599 55
80600 57
80601 59
80602 65
80603 60
80604 56
80605 62
80606 61
80607 57
80608 63
80609 50
80610 56
80611 60
80612 61
80613 59
80614 64
80615 71
80616 61
80617 57
80618 67
80619 68
80620 66
80621 62
80622 56
80623 65
80624 68
80625 61
80626 62
80627 67
80628 64
80629 65
80630 60
80631 63
80632 66
80633 66
80634 68
80635 58
80636 73
80637 58
80638 49
80639 67
80640 59
80641 53
80642 55
80643 65
80644 70
80645 76
80646 67
80647 57
80648 63
80649 69
80650 72
80651 73
80652 60
80653 60
80654 56
80655 54
80656 68
80657 57
80658 66
80659 63
80660 61
80661 49
80662 65
80663 55
80664 41
80665 38
80666 54
80667 58
80668 59
80669 62
80670 59
80671 61
80672 59
80673 58
80674 53
80675 58
80676 64
80677 54
80678 39
80679 45
80680 61
80681 63
80682 66
80683 52
80684 61
80685 64
80686 74
80687 55
80688 59
80689 62
80690 59
80691 52
80692 59
80693 58
80694 65
80695 66
80696 71
80697 59
80698 59
80699 54
80700 51
80701 60
80702 61
80703 58
80704 55
80705 56
80706 57
80707 56
80708 40
80709 41
80710 51
80711 53
80712 57
80713 57
80714 47
80715 52
80716 43
80717 44
80718 63
80719 61
80720 65
80721 66
80722 53
80723 65
80724 54
80725 48
80726 55
80727 49
80728 54
80729 61
80730 77
80731 68
80732 66
80733 63
80734 65
80735 78
80736 67
80737 73
80738 71
80739 64
80740 58
80741 61
80742 76
80743 83
80744 68
80745 51
80746 61
80747 62
80748 67
80749 65
80750 63
80751 50
80752 54
80753 67
80754 68
80755 71
80756 63
80757 61
80758 62
80759 56
80760 60
80761 64
80762 66
80763 69
80764 56
80765 49
80766 65
80767 64
80768 55
80769 61
80770 66
80771 53
80772 56
80773 55
80774 54
80775 65
80776 74
80777 72
80778 59
80779 64
80780 61
80781 60
80782 58
80783 65
80784 67
80785 53
80786 61
80787 49
80788 62
80789 64
80790 56
80791 61
80792 71
80793 65
80794 60
80795 49
80796 30
80797 47
80798 49
80799 66
80800 63
80801 66
80802 60
80803 64
80804 61
80805 62
80806 64
80807 63
80808 61
80809 59
80810 60
80811 63
80812 50
80813 55
80814 56
80815 53
80816 51
80817 51
80818 68
80819 60
80820 56
80821 64
80822 60
80823 59
80824 66
80825 62
80826 60
80827 63
80828 62
80829 58
80830 62
80831 58
80832 65
80833 60
80834 56
80835 50
80836 60
80837 61
80838 60
80839 62
80840 68
80841 62
80842 45
80843 53
80844 60
80845 69
80846 59
80847 71
80848 62
80849 60
80850 68
80851 71
80852 63
80853 50
80854 52
80855 57
80856 58
80857 64
80858 57
80859 53
80860 59
80861 71
80862 66
80863 59
80864 60
80865 70
80866 64
80867 56
80868 52
80869 61
80870 62
80871 57
80872 68
80873 60
80874 58
80875 56
80876 56
80877 50
80878 53
80879 62
80880 49
80881 59
80882 55
80883 58
80884 48
80885 62
80886 63
80887 59
80888 56
80889 50
80890 58
80891 62
80892 65
80893 63
80894 44
80895 47
80896 49
80897 50
80898 57
80899 54
80900 61
80901 54
80902 52
80903 54
80904 63
80905 62
80906 63
80907 62
80908 74
80909 71
80910 67
80911 61
80912 65
80913 55
80914 58
80915 59
80916 78
80917 82
80918 64
80919 66
80920 62
80921 58
80922 41
80923 50
80924 64
80925 65
80926 63
80927 51
80928 60
80929 70
80930 75
80931 64
80932 58
80933 62
80934 61
80935 58
80936 56
80937 61
80938 73
80939 61
80940 60
80941 59
80942 72
80943 55
80944 64
80945 60
80946 62
80947 56
80948 54
80949 56
80950 47
80951 65
80952 62
80953 60
80954 64
80955 61
80956 66
80957 55
80958 46
80959 51
80960 63
80961 65
80962 60
80963 56
80964 62
80965 66
80966 54
80967 56
80968 58
80969 57
80970 61
80971 74
80972 60
80973 73
80974 69
80975 61
80976 65
80977 65
80978 63
80979 52
80980 49
80981 64
80982 56
80983 59
80984 58
80985 60
80986 56
80987 54
80988 68
80989 59
80990 53
80991 58
80992 52
80993 56
80994 63
80995 60
80996 55
80997 64
80998 63
80999 59
81000 59
81001 60
81002 58
81003 62
81004 63
81005 68
81006 55
81007 53
81008 61
81009 58
81010 58
81011 57
81012 49
81013 55
81014 58
81015 57
81016 46
81017 63
81018 55
81019 57
81020 60
81021 59
81022 57
81023 54
81024 68
81025 55
81026 56
81027 62
81028 48
81029 54
81030 59
81031 52
81032 53
81033 59
81034 59
81035 53
81036 65
81037 57
81038 57
81039 57
81040 55
81041 62
81042 63
81043 49
81044 58
81045 52
81046 66
81047 66
81048 61
81049 56
81050 50
81051 49
81052 63
81053 64
81054 58
81055 59
81056 51
81057 60
81058 73
81059 68
81060 65
81061 61
81062 56
81063 61
81064 49
81065 67
81066 62
81067 68
81068 53
81069 50
81070 54
81071 55
81072 70
81073 59
81074 59
81075 52
81076 51
81077 52
81078 61
81079 66
81080 53
81081 55
81082 54
81083 70
81084 65
81085 69
81086 72
81087 60
81088 48
81089 49
81090 55
81091 60
81092 54
81093 63
81094 60
81095 63
81096 63
81097 73
81098 80
81099 85
81100 70
81101 62
81102 60
81103 63
81104 51
81105 43
81106 56
81107 67
81108 53
81109 55
81110 58
81111 68
81112 61
81113 63
81114 60
81115 64
81116 64
81117 60
81118 66
81119 65
81120 59
81121 57
81122 48
81123 55
81124 64
81125 59
81126 64
81127 69
81128 66
81129 63
81130 65
81131 77
81132 72
81133 77
81134 65
81135 62
81136 62
81137 57
81138 62
81139 57
81140 65
81141 61
81142 51
81143 53
81144 68
81145 62
81146 60
81147 63
81148 70
81149 61
81150 58
81151 62
81152 55
81153 61
81154 60
81155 66
81156 60
81157 68
81158 68
81159 56
81160 62
81161 64
81162 58
81163 73
81164 58
81165 43
81166 47
81167 52
81168 57
81169 64
81170 60
81171 55
81172 45
81173 49
81174 56
81175 62
81176 57
81177 66
81178 59
81179 57
81180 76
81181 63
81182 59
81183 54
81184 53
81185 55
81186 58
81187 56
81188 61
81189 62
81190 54
81191 52
81192 46
81193 56
81194 56
81195 64
81196 70
81197 66
81198 59
81199 57
81200 59
81201 57
81202 68
81203 75
81204 64
81205 70
81206 67
81207 55
81208 56
81209 54
81210 53
81211 69
81212 65
81213 55
81214 67
81215 55
81216 59
81217 49
81218 37
81219 35
81220 45
81221 57
81222 53
81223 61
81224 50
81225 56
81226 53
81227 57
81228 60
81229 60
81230 47
81231 46
81232 55
81233 66
81234 63
81235 64
81236 62
81237 64
81238 62
81239 53
81240 51
81241 55
81242 50
81243 59
81244 65
81245 55
81246 68
81247 59
81248 54
81249 51
81250 44
81251 50
81252 52
81253 70
81254 66
81255 65
81256 64
81257 56
81258 49
81259 48
81260 63
81261 66
81262 64
81263 69
81264 67
81265 56
81266 63
81267 68
81268 66
81269 65
81270 55
81271 57
81272 67
81273 60
81274 53
81275 67
81276 66
81277 67
81278 63
81279 61
81280 60
81281 55
81282 57
81283 55
81284 59
81285 66
81286 62
81287 59
81288 57
81289 57
81290 51
81291 57
81292 62
81293 64
81294 60
81295 69
81296 71
81297 62
81298 63
81299 62
81300 54
81301 53
81302 65
81303 57
81304 64
81305 52
81306 61
81307 61
81308 68
81309 61
81310 59
81311 55
81312 70
81313 71
81314 64
81315 77
81316 67
81317 61
81318 61
81319 57
81320 60
81321 54
81322 64
81323 64
81324 64
81325 57
81326 64
81327 65
81328 68
81329 74
81330 59
81331 53
81332 51
81333 40
81334 54
81335 61
81336 63
81337 50
81338 53
81339 65
81340 60
81341 65
81342 56
81343 57
81344 73
81345 66
81346 64
81347 60
81348 49
81349 52
81350 61
81351 62
81352 75
81353 71
81354 66
81355 61
81356 65
81357 58
81358 64
81359 61
81360 49
81361 58
81362 57
81363 52
81364 50
81365 57
81366 64
81367 54
81368 48
81369 64
81370 59
81371 65
81372 62
81373 54
81374 58
81375 56
81376 62
81377 63
81378 60
81379 54
81380 42
81381 47
81382 48
81383 53
81384 48
81385 49
81386 50
81387 59
81388 55
81389 51
81390 58
81391 62
81392 62
81393 62
81394 61
81395 56
81396 53
81397 57
81398 53
81399 68
81400 68
81401 72
81402 62
81403 57
81404 45
81405 61
81406 66
81407 67
81408 61
81409 60
81410 57
81411 61
81412 62
81413 61
81414 62
81415 45
81416 48
81417 67
81418 71
81419 80
81420 61
81421 68
81422 63
81423 62
81424 58
81425 60
81426 55
81427 54
81428 51
81429 60
81430 62
81431 58
81432 59
81433 61
81434 55
81435 48
81436 52
81437 67
81438 62
81439 78
81440 70
81441 72
81442 66
81443 62
81444 51
81445 64
81446 75
81447 56
81448 68
81449 62
81450 61
81451 56
81452 60
81453 62
81454 75
81455 66
81456 67
81457 65
81458 62
81459 59
81460 74
81461 70
81462 60
81463 63
81464 64
81465 56
81466 65
81467 59
81468 64
81469 62
81470 42
81471 48
81472 51
81473 65
81474 52
81475 63
81476 61
81477 63
81478 67
81479 56
81480 64
81481 62
81482 55
81483 49
81484 49
81485 44
81486 29
81487 36
81488 50
81489 60
81490 57
81491 66
81492 56
81493 47
81494 62
81495 73
81496 60
81497 55
81498 55
81499 58
81500 59
81501 51
81502 62
81503 60
81504 53
81505 63
81506 65
81507 62
81508 66
81509 59
81510 50
81511 51
81512 56
81513 49
81514 48
81515 53
81516 64
81517 69
81518 65
81519 61
81520 57
81521 43
81522 57
81523 61
81524 61
81525 61
81526 54
81527 66
81528 65
81529 63
81530 63
81531 62
81532 60
81533 52
81534 55
81535 66
81536 66
81537 64
81538 60
81539 55
81540 56
81541 63
81542 61
81543 53
81544 57
81545 62
81546 58
81547 67
81548 69
81549 67
81550 57
81551 58
81552 59
81553 49
81554 48
81555 65
81556 61
81557 65
81558 66
81559 63
81560 67
81561 69
81562 53
81563 51
81564 57
81565 68
81566 65
81567 67
81568 61
81569 52
81570 57
81571 65
81572 63
81573 58
81574 47
81575 62
81576 67
81577 61
81578 59
81579 61
81580 64
81581 73
81582 68
81583 71
81584 71
81585 56
81586 52
81587 54
81588 71
81589 69
81590 63
81591 63
81592 65
81593 63
81594 53
81595 51
81596 52
81597 60
81598 56
81599 54
81600 74
81601 74
81602 68
81603 67
81604 60
81605 68
81606 60
81607 54
81608 69
81609 70
81610 53
81611 52
81612 51
81613 65
81614 50
81615 36
81616 45
81617 65
81618 66
81619 57
81620 58
81621 74
81622 67
81623 55
81624 58
81625 73
81626 73
81627 71
81628 62
81629 56
81630 62
81631 63
81632 63
81633 60
81634 56
81635 67
81636 71
81637 62
81638 59
81639 46
81640 48
81641 40
81642 48
81643 59
81644 64
81645 50
81646 48
81647 48
81648 57
81649 54
81650 58
81651 57
81652 55
81653 67
81654 67
81655 59
81656 60
81657 59
81658 65
81659 57
81660 67
81661 64
81662 72
81663 61
81664 59
81665 67
81666 64
81667 66
81668 72
81669 62
81670 76
81671 71
81672 65
81673 62
81674 61
81675 65
81676 64
81677 50
81678 55
81679 57
81680 52
81681 59
81682 52
81683 59
81684 69
81685 62
81686 64
81687 54
81688 63
81689 57
81690 65
81691 64
81692 66
81693 56
81694 73
81695 86
81696 76
81697 68
81698 59
81699 62
81700 66
81701 64
81702 65
81703 62
81704 65
81705 63
81706 64
81707 52
81708 61
81709 63
81710 59
81711 65
81712 65
81713 62
81714 60
81715 65
81716 58
81717 68
81718 61
81719 58
81720 63
81721 58
81722 55
81723 61
81724 62
81725 66
81726 58
81727 59
81728 46
81729 65
81730 61
81731 63
81732 62
81733 69
81734 57
81735 54
81736 55
81737 59
81738 60
81739 46
81740 55
81741 59
81742 67
81743 62
81744 69
81745 53
81746 57
81747 72
81748 71
81749 66
81750 65
81751 61
81752 63
81753 65
81754 66
81755 58
81756 62
81757 68
81758 54
81759 53
81760 49
81761 65
81762 58
81763 59
81764 63
81765 75
81766 65
81767 60
81768 63
81769 55
81770 53
81771 51
81772 44
81773 37
81774 38
81775 50
81776 69
81777 56
81778 49
81779 44
81780 42
81781 50
81782 59
81783 58
81784 64
81785 55
81786 72
81787 69
81788 72
81789 69
81790 57
81791 75
81792 69
81793 69
81794 62
81795 63
81796 55
81797 60
81798 57
81799 65
81800 58
81801 67
81802 65
81803 66
81804 67
81805 69
81806 64
81807 71
81808 66
81809 62
81810 51
81811 54
81812 62
81813 76
81814 62
81815 63
81816 74
81817 66
81818 56
81819 57
81820 62
81821 59
81822 63
81823 52
81824 48
81825 57
81826 66
81827 70
81828 65
81829 60
81830 61
81831 60
81832 63
81833 64
81834 52
81835 54
81836 55
81837 60
81838 66
81839 79
81840 63
81841 47
81842 53
81843 38
81844 56
81845 69
81846 63
81847 58
81848 69
81849 68
81850 66
81851 58
81852 59
81853 59
81854 62
81855 56
81856 53
81857 46
81858 60
81859 61
81860 70
81861 65
81862 59
81863 58
81864 61
81865 55
81866 56
81867 59
81868 63
81869 61
81870 57
81871 60
81872 58
81873 67
81874 64
81875 46
81876 50
81877 66
81878 62
81879 58
81880 52
81881 52
81882 50
81883 57
81884 55
81885 54
81886 53
81887 46
81888 57
81889 64
81890 76
81891 62
81892 59
81893 60
81894 61
81895 72
81896 56
81897 65
81898 70
81899 73
81900 78
81901 73
81902 58
81903 68
81904 66
81905 56
81906 55
81907 50
81908 52
81909 66
81910 71
81911 64
81912 52
81913 59
81914 64
81915 64
81916 67
81917 62
81918 62
81919 57
81920 49
81921 50
81922 51
81923 58
81924 66
81925 64
81926 54
81927 63
81928 54
81929 47
81930 52
81931 53
81932 65
81933 70
81934 62
81935 56
81936 67
81937 68
81938 54
81939 50
81940 41
81941 49
81942 60
81943 53
81944 58
81945 56
81946 53
81947 55
81948 56
81949 55
81950 53
81951 59
81952 66
81953 72
81954 70
81955 58
81956 45
81957 43
81958 47
81959 57
81960 55
81961 56
81962 64
81963 68
81964 56
81965 59
81966 65
81967 62
81968 49
81969 60
81970 58
81971 57
81972 50
81973 59
81974 64
81975 52
81976 49
81977 58
81978 64
81979 57
81980 60
81981 59
81982 58
81983 61
81984 68
81985 65
81986 75
81987 66
81988 60
81989 62
81990 69
81991 63
81992 66
81993 71
81994 68
81995 60
81996 55
81997 55
81998 55
81999 68
82000 70
82001 73
82002 68
82003 61
82004 64
82005 67
82006 58
82007 60
82008 61
82009 62
82010 76
82011 71
82012 62
82013 58
82014 53
82015 63
82016 63
82017 75
82018 56
82019 60
82020 62
82021 71
82022 68
82023 51
82024 65
82025 54
82026 60
82027 55
82028 60
82029 71
82030 79
82031 79
82032 59
82033 55
82034 58
82035 60
82036 66
82037 56
82038 57
82039 53
82040 48
82041 55
82042 73
82043 69
82044 64
82045 58
82046 63
82047 56
82048 53
82049 60
82050 72
82051 57
82052 55
82053 43
82054 45
82055 46
82056 48
82057 51
82058 69
82059 70
82060 55
82061 64
82062 67
82063 67
82064 60
82065 72
82066 66
82067 62
82068 63
82069 56
82070 67
82071 62
82072 57
82073 58
82074 63
82075 56
82076 69
82077 61
82078 71
82079 63
82080 61
82081 57
82082 52
82083 57
82084 52
82085 49
82086 40
82087 48
82088 49
82089 50
82090 63
82091 55
82092 64
82093 63
82094 62
82095 69
82096 66
82097 61
82098 58
82099 42
82100 40
82101 43
82102 52
82103 62
82104 61
82105 63
82106 70
82107 59
82108 61
82109 58
82110 61
82111 69
82112 56
82113 57
82114 65
82115 61
82116 70
82117 63
82118 52
82119 48
82120 49
82121 50
82122 63
82123 64
82124 58
82125 64
82126 62
82127 49
82128 52
82129 52
82130 50
82131 48
82132 57
82133 60
82134 67
82135 70
82136 61
82137 60
82138 73
82139 73
82140 55
82141 58
82142 65
82143 63
82144 58
82145 66
82146 62
82147 74
82148 69
82149 59
82150 68
82151 72
82152 65
82153 64
82154 57
82155 56
82156 59
82157 55
82158 59
82159 64
82160 62
82161 61
82162 69
82163 62
82164 61
82165 57
82166 54
82167 66
82168 59
82169 54
82170 53
82171 50
82172 49
82173 48
82174 59
82175 64
82176 65
82177 58
82178 54
82179 53
82180 58
82181 63
82182 59
82183 59
82184 74
82185 68
82186 67
82187 47
82188 53
82189 65
82190 59
82191 49
82192 62
82193 63
82194 62
82195 61
82196 54
82197 53
82198 51
82199 53
82200 54
82201 57
82202 62
82203 67
82204 69
82205 63
82206 64
82207 52
82208 40
82209 55
82210 65
82211 67
82212 50
82213 56
82214 62
82215 76
82216 57
82217 53
82218 57
82219 58
82220 63
82221 67
82222 55
82223 39
82224 35
82225 44
82226 46
82227 55
82228 65
82229 58
82230 58
82231 47
82232 59
82233 51
82234 50
82235 67
82236 64
82237 61
82238 55
82239 38
82240 44
82241 62
82242 48
82243 50
82244 66
82245 71
82246 67
82247 53
82248 59
82249 69
82250 59
82251 57
82252 57
82253 41
82254 51
82255 46
82256 48
82257 63
82258 63
82259 56
82260 59
82261 58
82262 60
82263 64
82264 67
82265 70
82266 66
82267 61
82268 48
82269 60
82270 59
82271 60
82272 55
82273 54
82274 51
82275 61
82276 50
82277 60
82278 48
82279 57
82280 72
82281 65
82282 61
82283 60
82284 57
82285 58
82286 55
82287 49
82288 58
82289 67
82290 58
82291 58
82292 73
82293 68
82294 58
82295 46
82296 47
82297 49
82298 56
82299 58
82300 59
82301 63
82302 59
82303 65
82304 64
82305 55
82306 58
82307 68
82308 64
82309 66
82310 68
82311 68
82312 64
82313 63
82314 66
82315 61
82316 65
82317 58
82318 62
82319 71
82320 58
82321 54
82322 69
82323 64
82324 63
82325 69
82326 71
82327 77
82328 61
82329 68
82330 54
82331 53
82332 43
82333 51
82334 35
82335 37
82336 49
82337 50
82338 58
82339 67
82340 58
82341 65
82342 63
82343 72
82344 77
82345 66
82346 59
82347 63
82348 72
82349 73
82350 65
82351 70
82352 57
82353 62
82354 54
82355 61
82356 59
82357 69
82358 65
82359 50
82360 47
82361 60
82362 71
82363 66
82364 64
82365 53
82366 58
82367 54
82368 53
82369 50
82370 44
82371 53
82372 60
82373 54
82374 66
82375 70
82376 65
82377 58
82378 64
82379 64
82380 63
82381 65
82382 60
82383 63
82384 58
82385 61
82386 61
82387 54
82388 45
82389 41
82390 53
82391 57
82392 73
82393 64
82394 58
82395 50
82396 66
82397 77
82398 63
82399 65
82400 53
82401 57
82402 68
82403 66
82404 63
82405 59
82406 49
82407 53
82408 55
82409 60
82410 56
82411 53
82412 55
82413 55
82414 57
82415 64
82416 49
82417 47
82418 55
82419 50
82420 46
82421 50
82422 51
82423 46
82424 63
82425 57
82426 71
82427 57
82428 44
82429 54
82430 58
82431 54
82432 63
82433 61
82434 64
82435 71
82436 82
82437 69
82438 58
82439 61
82440 57
82441 71
82442 63
82443 52
82444 51
82445 43
82446 58
82447 63
82448 55
82449 55
82450 52
82451 52
82452 51
82453 53
82454 43
82455 44
82456 45
82457 44
82458 49
82459 56
82460 67
82461 57
82462 64
82463 61
82464 65
82465 71
82466 56
82467 66
82468 71
82469 56
82470 50
82471 63
82472 69
82473 62
82474 50
82475 65
82476 52
82477 50
82478 69
82479 65
82480 64
82481 56
82482 64
82483 52
82484 53
82485 49
82486 50
82487 52
82488 64
82489 58
82490 57
82491 52
82492 62
82493 58
82494 64
82495 69
82496 66
82497 69
82498 70
82499 70
82500 50
82501 58
82502 51
82503 61
82504 54
82505 52
82506 42
82507 49
82508 54
82509 67
82510 58
82511 60
82512 66
82513 63
82514 55
82515 63
82516 55
82517 58
82518 50
82519 58
82520 58
82521 55
82522 61
82523 58
82524 73
82525 70
82526 70
82527 55
82528 62
82529 54
82530 56
82531 60
82532 61
82533 63
82534 65
82535 56
82536 52
82537 57
82538 57
82539 50
82540 51
82541 50
82542 51
82543 59
82544 66
82545 73
82546 60
82547 60
82548 64
82549 49
82550 51
82551 66
82552 60
82553 57
82554 61
82555 61
82556 80
82557 71
82558 55
82559 54
82560 60
82561 77
82562 64
82563 58
82564 61
82565 57
82566 54
82567 50
82568 64
82569 57
82570 58
82571 55
82572 51
82573 40
82574 54
82575 57
82576 62
82577 47
82578 55
82579 49
82580 61
82581 55
82582 63
82583 64
82584 63
82585 65
82586 63
82587 55
82588 60
82589 68
82590 63
82591 60
82592 70
82593 57
82594 70
82595 59
82596 66
82597 59
82598 55
82599 72
82600 63
82601 82
82602 75
82603 71
82604 68
82605 56
82606 63
82607 57
82608 65
82609 64
82610 53
82611 64
82612 60
82613 62
82614 56
82615 53
82616 49
82617 60
82618 66
82619 52
82620 57
82621 72
82622 75
82623 68
82624 65
82625 71
82626 57
82627 60
82628 55
82629 53
82630 45
82631 48
82632 59
82633 50
82634 45
82635 37
82636 40
82637 38
82638 40
82639 57
82640 55
82641 53
82642 63
82643 61
82644 61
82645 62
82646 62
82647 65
82648 64
82649 51
82650 54
82651 46
82652 56
82653 54
82654 57
82655 62
82656 55
82657 60
82658 72
82659 65
82660 59
82661 68
82662 63
82663 71
82664 67
82665 55
82666 52
82667 65
82668 49
82669 53
82670 58
82671 61
82672 57
82673 67
82674 62
82675 59
82676 60
82677 61
82678 70
82679 60
82680 50
82681 55
82682 62
82683 52
82684 55
82685 59
82686 51
82687 50
82688 60
82689 65
82690 56
82691 55
82692 66
82693 60
82694 60
82695 41
82696 39
82697 54
82698 68
82699 68
82700 75
82701 66
82702 69
82703 59
82704 61
82705 57
82706 58
82707 60
82708 57
82709 69
82710 60
82711 51
82712 59
82713 61
82714 67
82715 62
82716 61
82717 62
82718 58
82719 63
82720 57
82721 65
82722 58
82723 54
82724 60
82725 66
82726 53
82727 63
82728 64
82729 63
82730 65
82731 74
82732 58
82733 56
82734 55
82735 55
82736 53
82737 47
82738 59
82739 68
82740 63
82741 73
82742 63
82743 54
82744 45
82745 36
82746 35
82747 53
82748 64
82749 63
82750 58
82751 57
82752 61
82753 70
82754 67
82755 65
82756 53
82757 60
82758 56
82759 57
82760 58
82761 54
82762 66
82763 55
82764 55
82765 56
82766 59
82767 60
82768 62
82769 53
82770 65
82771 63
82772 46
82773 51
82774 60
82775 61
82776 69
82777 63
82778 65
82779 60
82780 61
82781 54
82782 53
82783 56
82784 60
82785 62
82786 61
82787 65
82788 56
82789 71
82790 67
82791 57
82792 62
82793 68
82794 49
82795 57
82796 56
82797 65
82798 70
82799 63
82800 61
82801 59
82802 64
82803 62
82804 49
82805 59
82806 72
82807 59
82808 71
82809 65
82810 65
82811 59
82812 48
82813 45
82814 52
82815 68
82816 63
82817 46
82818 53
82819 60
82820 60
82821 58
82822 63
82823 55
82824 56
82825 57
82826 62
82827 72
82828 57
82829 56
82830 53
82831 57
82832 63
82833 57
82834 56
82835 63
82836 59
82837 63
82838 51
82839 59
82840 60
82841 48
82842 60
82843 68
82844 63
82845 71
82846 66
82847 50
82848 47
82849 53
82850 49
82851 61
82852 71
82853 66
82854 64
82855 63
82856 69
82857 68
82858 67
82859 57
82860 55
82861 67
82862 56
82863 45
82864 46
82865 58
82866 67
82867 70
82868 70
82869 71
82870 72
82871 75
82872 73
82873 80
82874 81
82875 64
82876 65
82877 70
82878 64
82879 60
82880 59
82881 60
82882 63
82883 67
82884 73
82885 75
82886 72
82887 65
82888 56
82889 58
82890 68
82891 63
82892 64
82893 59
82894 59
82895 57
82896 62
82897 59
82898 47
82899 50
82900 50
82901 57
82902 59
82903 60
82904 59
82905 65
82906 74
82907 57
82908 59
82909 65
82910 54
82911 57
82912 43
82913 59
82914 73
82915 75
82916 64
82917 68
82918 63
82919 60
82920 58
82921 55
82922 66
82923 71
82924 57
82925 56
82926 58
82927 59
82928 58
82929 64
82930 49
82931 39
82932 53
82933 68
82934 66
82935 83
82936 68
82937 74
82938 62
82939 59
82940 61
82941 58
82942 64
82943 76
82944 68
82945 56
82946 60
82947 65
82948 63
82949 74
82950 82
82951 66
82952 69
82953 60
82954 59
82955 61
82956 66
82957 76
82958 65
82959 67
82960 71
82961 69
82962 58
82963 44
82964 49
82965 54
82966 67
82967 52
82968 64
82969 64
82970 58
82971 59
82972 59
82973 44
82974 56
82975 46
82976 58
82977 66
82978 46
82979 56
82980 60
82981 63
82982 57
82983 46
82984 39
82985 47
82986 49
82987 46
82988 54
82989 58
82990 52
82991 62
82992 51
82993 49
82994 62
82995 64
82996 67
82997 74
82998 78
82999 64
83000 68
83001 73
83002 68
83003 71
83004 73
83005 80
83006 73
83007 71
83008 74
83009 64
83010 69
83011 64
83012 59
83013 57
83014 62
83015 53
83016 58
83017 55
83018 53
83019 44
83020 33
83021 41
83022 51
83023 60
83024 72
83025 71
83026 63
83027 59
83028 60
83029 75
83030 67
83031 62
83032 63
83033 63
83034 57
83035 62
83036 56
83037 45
83038 52
83039 53
83040 61
83041 68
83042 68
83043 55
83044 68
83045 58
83046 69
83047 69
83048 56
83049 67
83050 59
83051 69
83052 54
83053 59
83054 62
83055 66
83056 55
83057 50
83058 62
83059 64
83060 64
83061 61
83062 58
83063 51
83064 45
83065 52
83066 62
83067 64
83068 71
83069 69
83070 63
83071 60
83072 54
83073 62
83074 59
83075 71
83076 80
83077 71
83078 62
83079 55
83080 64
83081 47
83082 57
83083 58
83084 53
83085 55
83086 49
83087 61
83088 60
83089 62
83090 59
83091 60
83092 59
83093 62
83094 51
83095 64
83096 72
83097 68
83098 51
83099 44
83100 39
83101 45
83102 49
83103 61
83104 68
83105 65
83106 56
83107 53
83108 64
83109 53
83110 58
83111 61
83112 61
83113 62
83114 57
83115 58
83116 63
83117 65
83118 67
83119 60
83120 64
83121 68
83122 58
83123 66
83124 60
83125 65
83126 76
83127 58
83128 55
83129 74
83130 61
83131 62
83132 64
83133 63
83134 61
83135 54
83136 63
83137 66
83138 63
83139 64
83140 62
83141 61
83142 59
83143 57
83144 48
83145 61
83146 52
83147 63
83148 69
83149 59
83150 61
83151 66
83152 61
83153 68
83154 55
83155 66
83156 66
83157 64
83158 59
83159 52
83160 55
83161 58
83162 57
83163 64
83164 60
83165 50
83166 52
83167 53
83168 48
83169 53
83170 55
83171 51
83172 53
83173 63
83174 66
83175 68
83176 70
83177 61
83178 57
83179 57
83180 61
83181 71
83182 66
83183 68
83184 72
83185 69
83186 64
83187 53
83188 60
83189 61
83190 64
83191 68
83192 67
83193 66
83194 65
83195 61
83196 49
83197 48
83198 63
83199 50
83200 54
83201 61
83202 65
83203 69
83204 74
83205 59
83206 64
83207 59
83208 62
83209 60
83210 64
83211 58
83212 67
83213 75
83214 64
83215 64
83216 66
83217 57
83218 60
83219 54
83220 46
83221 43
83222 59
83223 55
83224 57
83225 52
83226 54
83227 56
83228 63
83229 65
83230 54
83231 56
83232 55
83233 50
83234 51
83235 49
83236 62
83237 64
83238 55
83239 57
83240 60
83241 57
83242 55
83243 61
83244 70
83245 54
83246 59
83247 66
83248 67
83249 60
83250 58
83251 52
83252 68
83253 60
83254 66
83255 70
83256 62
83257 60
83258 47
83259 51
83260 65
83261 83
83262 74
83263 57
83264 52
83265 65
83266 68
83267 66
83268 61
83269 57
83270 54
83271 51
83272 56
83273 55
83274 59
83275 66
83276 70
83277 80
83278 68
83279 57
83280 68
83281 57
83282 56
83283 63
83284 67
83285 57
83286 77
83287 76
83288 57
83289 59
83290 57
83291 56
83292 67
83293 58
83294 62
83295 58
83296 63
83297 59
83298 65
83299 54
83300 58
83301 57
83302 70
83303 54
83304 47
83305 40
83306 31
83307 46
83308 55
83309 58
83310 69
83311 57
83312 63
83313 53
83314 49
83315 47
83316 49
83317 51
83318 70
83319 57
83320 62
83321 64
83322 66
83323 59
83324 64
83325 56
83326 62
83327 63
83328 44
83329 50
83330 60
83331 75
83332 67
83333 63
83334 62
83335 55
83336 50
83337 60
83338 54
83339 62
83340 61
83341 69
83342 73
83343 56
83344 53
83345 48
83346 61
83347 60
83348 58
83349 61
83350 58
83351 74
83352 70
83353 64
83354 62
83355 53
83356 57
83357 52
83358 64
83359 71
83360 59
83361 65
83362 69
83363 53
83364 50
83365 53
83366 66
83367 58
83368 64
83369 63
83370 66
83371 49
83372 54
83373 57
83374 52
83375 56
83376 63
83377 66
83378 71
83379 67
83380 70
83381 68
83382 55
83383 56
83384 61
83385 63
83386 67
83387 62
83388 64
83389 52
83390 58
83391 59
83392 58
83393 63
83394 77
83395 66
83396 67
83397 57
83398 58
83399 60
83400 68
83401 54
83402 68
83403 70
83404 63
83405 61
83406 54
83407 51
83408 51
83409 50
83410 58
83411 62
83412 64
83413 55
83414 53
83415 58
83416 61
83417 60
83418 59
83419 62
83420 69
83421 66
83422 58
83423 51
83424 59
83425 58
83426 57
83427 54
83428 64
83429 61
83430 51
83431 55
83432 59
83433 57
83434 67
83435 53
83436 66
83437 68
83438 65
83439 63
83440 60
83441 61
83442 70
83443 67
83444 61
83445 60
83446 66
83447 70
83448 65
83449 56
83450 46
83451 45
83452 53
83453 55
83454 59
83455 57
83456 63
83457 71
83458 60
83459 54
83460 48
83461 43
83462 42
83463 47
83464 60
83465 62
83466 59
83467 56
83468 58
83469 61
83470 65
83471 69
83472 54
83473 51
83474 55
83475 54
83476 65
83477 62
83478 50
83479 48
83480 51
83481 52
83482 36
83483 35
83484 52
83485 53
83486 58
83487 62
83488 68
83489 63
83490 64
83491 51
83492 58
83493 57
83494 62
83495 63
83496 72
83497 67
83498 58
83499 59
83500 59
83501 68
83502 68
83503 56
83504 55
83505 52
83506 52
83507 62
83508 52
83509 54
83510 53
83511 53
83512 48
83513 65
83514 59
83515 63
83516 56
83517 50
83518 56
83519 62
83520 77
83521 72
83522 57
83523 58
83524 59
83525 62
83526 66
83527 58
83528 69
83529 57
83530 63
83531 68
83532 66
83533 70
83534 61
83535 57
83536 60
83537 64
83538 59
83539 49
83540 42
83541 55
83542 63
83543 64
83544 62
83545 62
83546 54
83547 57
83548 73
83549 60
83550 63
83551 70
83552 60
83553 51
83554 48
83555 53
83556 49
83557 62
83558 66
83559 61
83560 68
83561 67
83562 59
83563 53
83564 60
83565 73
83566 55
83567 53
83568 67
83569 74
83570 62
83571 64
83572 63
83573 59
83574 59
83575 64
83576 67
83577 65
83578 57
83579 59
83580 54
83581 60
83582 55
83583 54
83584 64
83585 59
83586 49
83587 54
83588 49
83589 51
83590 54
83591 66
83592 63
83593 61
83594 75
83595 68
83596 54
83597 59
83598 50
83599 54
83600 56
83601 49
83602 48
83603 52
83604 61
83605 69
83606 60
83607 63
83608 59
83609 53
83610 61
83611 55
83612 46
83613 48
83614 52
83615 60
83616 58
83617 61
83618 68
83619 53
83620 54
83621 48
83622 53
83623 61
83624 69
83625 56
83626 51
83627 56
83628 61
83629 63
83630 76
83631 63
83632 59
83633 62
83634 55
83635 60
83636 61
83637 57
83638 66
83639 53
83640 57
83641 64
83642 63
83643 68
83644 56
83645 59
83646 65
83647 55
83648 60
83649 61
83650 60
83651 41
83652 50
83653 55
83654 57
83655 51
83656 51
83657 61
83658 50
83659 55
83660 56
83661 59
83662 57
83663 62
83664 75
83665 78
83666 74
83667 59
83668 64
83669 61
83670 51
83671 62
83672 67
83673 60
83674 49
83675 50
83676 48
83677 58
83678 56
83679 55
83680 46
83681 66
83682 61
83683 55
83684 59
83685 63
83686 58
83687 64
83688 54
83689 53
83690 54
83691 66
83692 59
83693 58
83694 60
83695 60
83696 59
83697 68
83698 64
83699 70
83700 51
83701 49
83702 56
83703 66
83704 62
83705 58
83706 51
83707 50
83708 62
83709 54
83710 56
83711 55
83712 65
83713 55
83714 59
83715 54
83716 58
83717 55
83718 50
83719 64
83720 59
83721 62
83722 60
83723 62
83724 68
83725 66
83726 64
83727 60
83728 57
83729 60
83730 57
83731 52
83732 56
83733 53
83734 65
83735 64
83736 59
83737 68
83738 80
83739 62
83740 63
83741 63
83742 61
83743 64
83744 55
83745 59
83746 66
83747 59
83748 56
83749 61
83750 59
83751 54
83752 48
83753 39
83754 59
83755 61
83756 62
83757 63
83758 69
83759 63
83760 57
83761 56
83762 54
83763 50
83764 48
83765 56
83766 54
83767 57
83768 57
83769 56
83770 56
83771 44
83772 43
83773 44
83774 46
83775 49
83776 51
83777 70
83778 74
83779 75
83780 74
83781 72
83782 70
83783 53
83784 61
83785 62
83786 66
83787 62
83788 51
83789 54
83790 56
83791 64
83792 59
83793 61
83794 62
83795 50
83796 47
83797 60
83798 56
83799 58
83800 43
83801 56
83802 62
83803 68
83804 57
83805 53
83806 63
83807 54
83808 47
83809 66
83810 65
83811 52
83812 59
83813 64
83814 66
83815 58
83816 57
83817 56
83818 57
83819 68
83820 72
83821 67
83822 65
83823 65
83824 56
83825 56
83826 58
83827 61
83828 49
83829 57
83830 44
83831 54
83832 44
83833 60
83834 62
83835 58
83836 52
83837 49
83838 46
83839 53
83840 48
83841 63
83842 59
83843 50
83844 47
83845 67
83846 54
83847 64
83848 65
83849 67
83850 62
83851 63
83852 48
83853 54
83854 56
83855 69
83856 73
83857 59
83858 51
83859 53
83860 55
83861 50
83862 59
83863 60
83864 58
83865 62
83866 60
83867 49
83868 55
83869 61
83870 55
83871 63
83872 66
83873 65
83874 64
83875 68
83876 68
83877 63
83878 61
83879 67
83880 60
83881 68
83882 73
83883 69
83884 52
83885 50
83886 38
83887 54
83888 60
83889 67
83890 61
83891 51
83892 66
83893 62
83894 53
83895 55
83896 59
83897 61
83898 66
83899 75
83900 72
83901 53
83902 52
83903 57
83904 58
83905 54
83906 55
83907 69
83908 67
83909 65
83910 47
83911 50
83912 52
83913 54
83914 52
83915 60
83916 78
83917 69
83918 56
83919 52
83920 57
83921 60
83922 49
83923 54
83924 64
83925 76
83926 58
83927 73
83928 61
83929 56
83930 55
83931 58
83932 55
83933 62
83934 56
83935 59
83936 51
83937 50
83938 61
83939 63
83940 62
83941 60
83942 59
83943 67
83944 60
83945 54
83946 41
83947 46
83948 53
83949 46
83950 66
83951 52
83952 54
83953 55
83954 59
83955 57
83956 66
83957 67
83958 60
83959 57
83960 48
83961 45
83962 45
83963 59
83964 65
83965 78
83966 78
83967 73
83968 71
83969 66
83970 55
83971 49
83972 56
83973 57
83974 54
83975 60
83976 61
83977 63
83978 50
83979 59
83980 68
83981 68
83982 71
83983 64
83984 64
83985 53
83986 55
83987 57
83988 47
83989 57
83990 52
83991 60
83992 63
83993 62
83994 65
83995 67
83996 69
83997 57
83998 42
83999 58
84000 62
84001 59
84002 50
84003 63
84004 56
84005 66
84006 61
84007 63
84008 68
84009 61
84010 58
84011 63
84012 50
84013 48
84014 46
84015 59
84016 60
84017 53
84018 68
84019 67
84020 70
84021 76
84022 71
84023 65
84024 72
84025 64
84026 55
84027 49
84028 48
84029 57
84030 59
84031 53
84032 56
84033 61
84034 57
84035 64
84036 58
84037 54
84038 70
84039 78
84040 73
84041 68
84042 54
84043 70
84044 60
84045 57
84046 69
84047 68
84048 68
84049 62
84050 61
84051 56
84052 52
84053 53
84054 57
84055 58
84056 53
84057 56
84058 63
84059 69
84060 57
84061 61
84062 63
84063 53
84064 55
84065 62
84066 63
84067 48
84068 49
84069 59
84070 61
84071 62
84072 67
84073 66
84074 63
84075 65
84076 59
84077 59
84078 66
84079 67
84080 59
84081 55
84082 56
84083 73
84084 66
84085 51
84086 44
84087 52
84088 63
84089 61
84090 64
84091 55
84092 59
84093 60
84094 53
84095 70
84096 59
84097 64
84098 66
84099 73
84100 61
84101 64
84102 55
84103 60
84104 58
84105 55
84106 54
84107 58
84108 63
84109 64
84110 68
84111 77
84112 63
84113 55
84114 60
84115 58
84116 59
84117 64
84118 68
84119 59
84120 62
84121 59
84122 47
84123 43
84124 62
84125 66
84126 54
84127 55
84128 64
84129 63
84130 66
84131 63
84132 64
84133 60
84134 62
84135 76
84136 66
84137 62
84138 59
84139 56
84140 63
84141 60
84142 52
84143 55
84144 61
84145 62
84146 58
84147 62
84148 63
84149 66
84150 69
84151 61
84152 70
84153 69
84154 73
84155 68
84156 69
84157 62
84158 66
84159 58
84160 56
84161 51
84162 42
84163 37
84164 45
84165 47
84166 54
84167 68
84168 70
84169 61
84170 63
84171 62
84172 59
84173 67
84174 60
84175 56
84176 62
84177 69
84178 60
84179 69
84180 66
84181 71
84182 71
84183 67
84184 60
84185 52
84186 57
84187 61
84188 67
84189 59
84190 72
84191 66
84192 61
84193 53
84194 52
84195 56
84196 73
84197 63
84198 65
84199 60
84200 65
84201 61
84202 63
84203 61
84204 66
84205 68
84206 78
84207 65
84208 67
84209 65
84210 62
84211 57
84212 57
84213 66
84214 50
84215 62
84216 69
84217 64
84218 77
84219 75
84220 64
84221 62
84222 60
84223 71
84224 64
84225 54
84226 53
84227 34
84228 39
84229 43
84230 46
84231 48
84232 57
84233 59
84234 42
84235 54
84236 56
84237 53
84238 54
84239 48
84240 53
84241 63
84242 49
84243 60
84244 69
84245 68
84246 69
84247 56
84248 60
84249 56
84250 61
84251 61
84252 59
84253 46
84254 56
84255 68
84256 65
84257 67
84258 63
84259 75
84260 55
84261 60
84262 62
84263 64
84264 59
84265 44
84266 62
84267 61
84268 74
84269 62
84270 64
84271 53
84272 50
84273 53
84274 59
84275 57
84276 52
84277 70
84278 61
84279 71
84280 64
84281 62
84282 65
84283 57
84284 63
84285 75
84286 72
84287 70
84288 71
84289 61
84290 52
84291 53
84292 54
84293 53
84294 56
84295 54
84296 53
84297 67
84298 68
84299 56
84300 49
84301 51
84302 60
84303 69
84304 62
84305 58
84306 73
84307 68
84308 62
84309 68
84310 68
84311 64
84312 59
84313 65
84314 60
84315 59
84316 62
84317 61
84318 60
84319 62
84320 59
84321 60
84322 62
84323 66
84324 60
84325 59
84326 55
84327 49
84328 63
84329 72
84330 74
84331 67
84332 66
84333 77
84334 65
84335 52
84336 53
84337 66
84338 71
84339 68
84340 66
84341 60
84342 49
84343 49
84344 46
84345 51
84346 65
84347 55
84348 57
84349 72
84350 72
84351 75
84352 65
84353 52
84354 55
84355 60
84356 59
84357 65
84358 63
84359 61
84360 61
84361 68
84362 71
84363 65
84364 63
84365 63
84366 59
84367 66
84368 62
84369 61
84370 66
84371 63
84372 60
84373 43
84374 44
84375 46
84376 48
84377 59
84378 53
84379 57
84380 67
84381 56
84382 55
84383 56
84384 63
84385 70
84386 62
84387 61
84388 52
84389 56
84390 46
84391 54
84392 57
84393 65
84394 66
84395 61
84396 65
84397 62
84398 43
84399 62
84400 50
84401 50
84402 60
84403 59
84404 69
84405 62
84406 53
84407 62
84408 61
84409 67
84410 72
84411 68
84412 56
84413 59
84414 64
84415 69
84416 63
84417 58
84418 63
84419 58
84420 54
84421 52
84422 61
84423 51
84424 60
84425 63
84426 58
84427 63
84428 63
84429 64
84430 65
84431 55
84432 51
84433 53
84434 42
84435 60
84436 54
84437 47
84438 50
84439 70
84440 62
84441 57
84442 63
84443 68
84444 62
84445 64
84446 66
84447 67
84448 72
84449 67
84450 55
84451 57
84452 62
84453 71
84454 66
84455 55
84456 56
84457 55
84458 49
84459 47
84460 66
84461 71
84462 72
84463 63
84464 67
84465 51
84466 49
84467 56
84468 59
84469 50
84470 58
84471 59
84472 63
84473 59
84474 53
84475 69
84476 69
84477 70
84478 71
84479 65
84480 63
84481 62
84482 59
84483 63
84484 44
84485 55
84486 58
84487 66
84488 66
84489 65
84490 58
84491 71
84492 61
84493 63
84494 67
84495 60
84496 57
84497 62
84498 66
84499 60
84500 60
84501 62
84502 64
84503 73
84504 83
84505 64
84506 66
84507 58
84508 56
84509 38
84510 50
84511 64
84512 63
84513 76
84514 71
84515 65
84516 61
84517 58
84518 68
84519 66
84520 64
84521 58
84522 57
84523 65
84524 63
84525 57
84526 40
84527 56
84528 58
84529 69
84530 68
84531 61
84532 56
84533 55
84534 60
84535 52
84536 49
84537 68
84538 74
84539 69
84540 67
84541 69
84542 55
84543 57
84544 59
84545 64
84546 58
84547 63
84548 69
84549 64
84550 55
84551 62
84552 56
84553 68
84554 65
84555 45
84556 63
84557 68
84558 65
84559 66
84560 52
84561 58
84562 48
84563 52
84564 64
84565 61
84566 62
84567 59
84568 59
84569 64
84570 57
84571 56
84572 59
84573 62
84574 68
84575 77
84576 66
84577 65
84578 59
84579 48
84580 52
84581 59
84582 61
84583 74
84584 71
84585 60
84586 61
84587 59
84588 62
84589 76
84590 61
84591 59
84592 58
84593 59
84594 48
84595 41
84596 31
84597 29
84598 35
84599 50
84600 65
84601 65
84602 55
84603 38
84604 39
84605 49
84606 64
84607 49
84608 58
84609 60
84610 73
84611 69
84612 54
84613 46
84614 49
84615 57
84616 60
84617 66
84618 59
84619 50
84620 49
84621 51
84622 63
84623 55
84624 66
84625 69
84626 56
84627 57
84628 59
84629 50
84630 60
84631 70
84632 71
84633 60
84634 57
84635 67
84636 68
84637 78
84638 68
84639 66
84640 61
84641 52
84642 56
84643 57
84644 60
84645 50
84646 52
84647 54
84648 55
84649 48
84650 57
84651 63
84652 64
84653 58
84654 57
84655 69
84656 61
84657 72
84658 59
84659 60
84660 44
84661 47
84662 55
84663 60
84664 73
84665 72
84666 67
84667 63
84668 72
84669 69
84670 62
84671 63
84672 71
84673 58
84674 61
84675 70
84676 60
84677 79
84678 72
84679 63
84680 62
84681 60
84682 65
84683 62
84684 61
84685 63
84686 60
84687 63
84688 55
84689 63
84690 49
84691 59
84692 71
84693 56
84694 60
84695 55
84696 61
84697 65
84698 60
84699 56
84700 67
84701 72
84702 62
84703 48
84704 42
84705 47
84706 47
84707 58
84708 67
84709 60
84710 62
84711 58
84712 71
84713 62
84714 78
84715 71
84716 63
84717 51
84718 56
84719 61
84720 68
84721 64
84722 62
84723 63
84724 59
84725 55
84726 48
84727 52
84728 59
84729 58
84730 64
84731 70
84732 72
84733 58
84734 57
84735 51
84736 64
84737 64
84738 59
84739 62
84740 71
84741 59
84742 60
84743 43
84744 53
84745 53
84746 54
84747 66
84748 64
84749 81
84750 64
84751 62
84752 65
84753 59
84754 59
84755 53
84756 57
84757 69
84758 57
84759 58
84760 61
84761 50
84762 54
84763 54
84764 43
84765 42
84766 42
84767 47
84768 66
84769 62
84770 61
84771 55
84772 67
84773 58
84774 58
84775 49
84776 60
84777 66
84778 64
84779 59
84780 50
84781 59
84782 56
84783 67
84784 62
84785 65
84786 56
84787 71
84788 58
84789 57
84790 58
84791 56
84792 55
84793 58
84794 63
84795 59
84796 66
84797 57
84798 54
84799 50
84800 61
84801 74
84802 67
84803 60
84804 70
84805 55
84806 62
84807 73
84808 64
84809 58
84810 48
84811 46
84812 48
84813 49
84814 64
84815 65
84816 59
84817 62
84818 67
84819 62
84820 72
84821 80
84822 71
84823 69
84824 76
84825 71
84826 74
84827 67
84828 66
84829 60
84830 61
84831 62
84832 65
84833 66
84834 64
84835 62
84836 60
84837 58
84838 57
84839 66
84840 71
84841 60
84842 58
84843 68
84844 73
84845 64
84846 50
84847 48
84848 43
84849 29
84850 32
84851 47
84852 53
84853 54
84854 64
84855 60
84856 73
84857 60
84858 63
84859 66
84860 57
84861 63
84862 55
84863 59
84864 61
84865 66
84866 64
84867 72
84868 67
84869 60
84870 68
84871 57
84872 65
84873 53
84874 48
84875 53
84876 65
84877 70
84878 58
84879 60
84880 53
84881 45
84882 47
84883 62
84884 58
84885 60
84886 62
84887 61
84888 67
84889 71
84890 63
84891 58
84892 63
84893 64
84894 62
84895 57
84896 56
84897 66
84898 69
84899 62
84900 59
84901 53
84902 48
84903 45
84904 58
84905 67
84906 57
84907 42
84908 45
84909 52
84910 59
84911 61
84912 65
84913 60
84914 59
84915 57
84916 67
84917 62
84918 71
84919 61
84920 56
84921 58
84922 55
84923 48
84924 52
84925 41
84926 35
84927 53
84928 52
84929 62
84930 65
84931 63
84932 53
84933 47
84934 45
84935 54
84936 57
84937 60
84938 65
84939 61
84940 73
84941 60
84942 70
84943 65
84944 59
84945 62
84946 46
84947 44
84948 58
84949 66
84950 55
84951 62
84952 60
84953 57
84954 51
84955 55
84956 57
84957 56
84958 57
84959 48
84960 51
84961 52
84962 52
84963 49
84964 56
84965 63
84966 67
84967 66
84968 56
84969 62
84970 63
84971 54
84972 47
84973 43
84974 42
84975 56
84976 48
84977 47
84978 60
84979 72
84980 71
84981 72
84982 65
84983 77
84984 62
84985 73
84986 75
84987 57
84988 60
84989 64
84990 58
84991 56
84992 51
84993 68
84994 62
84995 63
84996 65
84997 67
84998 53
84999 64
85000 65
85001 65
85002 60
85003 55
85004 62
85005 58
85006 61
85007 69
85008 63
85009 58
85010 57
85011 55
85012 51
85013 55
85014 57
85015 56
85016 66
85017 61
85018 65
85019 61
85020 58
85021 38
85022 44
85023 51
85024 62
85025 68
85026 66
85027 55
85028 46
85029 35
85030 29
85031 18
85032 15
85033 18
85034 22
85035 30
85036 40
85037 55
85038 64
85039 59
85040 69
85041 60
85042 70
85043 68
85044 53
85045 60
85046 71
85047 68
85048 78
85049 59
85050 65
85051 57
85052 54
85053 49
85054 69
85055 70
85056 69
85057 71
85058 67
85059 58
85060 68
85061 61
85062 61
85063 70
85064 64
85065 66
85066 67
85067 69
85068 73
85069 62
85070 70
85071 60
85072 62
85073 54
85074 53
85075 47
85076 35
85077 51
85078 52
85079 58
85080 51
85081 58
85082 67
85083 66
85084 68
85085 69
85086 71
85087 57
85088 51
85089 50
85090 52
85091 61
85092 64
85093 59
85094 64
85095 65
85096 53
85097 58
85098 72
85099 60
85100 53
85101 56
85102 61
85103 55
85104 60
85105 60
85106 68
85107 63
85108 57
85109 62
85110 53
85111 59
85112 65
85113 72
85114 61
85115 59
85116 60
85117 63
85118 63
85119 65
85120 67
85121 53
85122 61
85123 43
85124 57
85125 74
85126 61
85127 51
85128 55
85129 59
85130 52
85131 53
85132 52
85133 57
85134 56
85135 56
85136 63
85137 63
85138 70
85139 71
85140 59
85141 54
85142 62
85143 59
85144 62
85145 59
85146 63
85147 73
85148 67
85149 68
85150 66
85151 55
85152 57
85153 61
85154 68
85155 71
85156 69
85157 59
85158 69
85159 79
85160 61
85161 58
85162 69
85163 65
85164 52
85165 55
85166 67
85167 56
85168 57
85169 48
85170 52
85171 57
85172 65
85173 63
85174 55
85175 59
85176 64
85177 56
85178 65
85179 74
85180 65
85181 64
85182 64
85183 69
85184 68
85185 62
85186 54
85187 61
85188 63
85189 62
85190 63
85191 65
85192 65
85193 61
85194 66
85195 76
85196 60
85197 60
85198 58
85199 60
85200 62
85201 56
85202 63
85203 62
85204 56
85205 63
85206 61
85207 64
85208 60
85209 63
85210 51
85211 45
85212 46
85213 49
85214 55
85215 56
85216 56
85217 56
85218 66
85219 61
85220 65
85221 63
85222 66
85223 72
85224 69
85225 65
85226 54
85227 48
85228 63
85229 56
85230 58
85231 56
85232 61
85233 63
85234 62
85235 69
85236 71
85237 59
85238 64
85239 50
85240 53
85241 48
85242 57
85243 55
85244 50
85245 52
85246 44
85247 32
85248 48
85249 53
85250 58
85251 63
85252 57
85253 56
85254 56
85255 57
85256 57
85257 56
85258 72
85259 58
85260 68
85261 54
85262 61
85263 63
85264 57
85265 62
85266 67
85267 55
85268 61
85269 65
85270 68
85271 60
85272 62
85273 64
85274 48
85275 67
85276 56
85277 53
85278 54
85279 60
85280 62
85281 71
85282 58
85283 39
85284 49
85285 52
85286 63
85287 58
85288 63
85289 62
85290 53
85291 56
85292 76
85293 62
85294 59
85295 51
85296 49
85297 57
85298 53
85299 63
85300 55
85301 54
85302 50
85303 57
85304 59
85305 61
85306 56
85307 57
85308 63
85309 63
85310 65
85311 64
85312 63
85313 68
85314 66
85315 67
85316 66
85317 68
85318 67
85319 49
85320 54
85321 58
85322 59
85323 63
85324 66
85325 53
85326 62
85327 70
85328 57
85329 41
85330 47
85331 58
85332 62
85333 59
85334 60
85335 54
85336 73
85337 73
85338 53
85339 51
85340 68
85341 67
85342 63
85343 79
85344 68
85345 69
85346 57
85347 63
85348 70
85349 71
85350 69
85351 56
85352 65
85353 77
85354 63
85355 66
85356 58
85357 52
85358 62
85359 63
85360 64
85361 69
85362 58
85363 62
85364 63
85365 62
85366 55
85367 49
85368 58
85369 67
85370 61
85371 71
85372 60
85373 64
85374 60
85375 62
85376 54
85377 53
85378 48
85379 58
85380 44
85381 59
85382 60
85383 56
85384 59
85385 60
85386 57
85387 69
85388 69
85389 67
85390 62
85391 66
85392 79
85393 83
85394 71
85395 68
85396 63
85397 54
85398 52
85399 55
85400 53
85401 51
85402 43
85403 60
85404 66
85405 71
85406 65
85407 63
85408 67
85409 62
85410 57
85411 69
85412 61
85413 55
85414 48
85415 58
85416 57
85417 53
85418 49
85419 47
85420 53
85421 60
85422 66
85423 66
85424 68
85425 71
85426 72
85427 57
85428 51
85429 49
85430 67
85431 66
85432 52
85433 59
85434 69
85435 62
85436 64
85437 67
85438 68
85439 54
85440 67
85441 52
85442 49
85443 53
85444 56
85445 56
85446 65
85447 64
85448 66
85449 63
85450 60
85451 66
85452 58
85453 64
85454 62
85455 68
85456 59
85457 66
85458 62
85459 52
85460 57
85461 57
85462 67
85463 71
85464 65
85465 63
85466 54
85467 63
85468 59
85469 50
85470 49
85471 51
85472 56
85473 49
85474 59
85475 61
85476 56
85477 55
85478 52
85479 60
85480 61
85481 60
85482 54
85483 63
85484 45
85485 44
85486 56
85487 57
85488 56
85489 61
85490 54
85491 58
85492 54
85493 55
85494 51
85495 63
85496 58
85497 64
85498 65
85499 60
85500 50
85501 52
85502 65
85503 63
85504 58
85505 44
85506 46
85507 51
85508 64
85509 65
85510 65
85511 72
85512 54
85513 54
85514 50
85515 51
85516 42
85517 55
85518 57
85519 61
85520 47
85521 58
85522 53
85523 56
85524 57
85525 57
85526 64
85527 64
85528 55
85529 58
85530 77
85531 73
85532 60
85533 66
85534 80
85535 67
85536 61
85537 52
85538 57
85539 55
85540 66
85541 56
85542 64
85543 56
85544 56
85545 61
85546 57
85547 46
85548 52
85549 45
85550 60
85551 65
85552 67
85553 71
85554 59
85555 59
85556 67
85557 50
85558 38
85559 47
85560 56
85561 60
85562 61
85563 56
85564 53
85565 34
85566 50
85567 53
85568 70
85569 57
85570 61
85571 55
85572 67
85573 73
85574 66
85575 55
85576 63
85577 64
85578 66
85579 57
85580 60
85581 64
85582 52
85583 50
85584 56
85585 61
85586 60
85587 53
85588 63
85589 53
85590 46
85591 61
85592 73
85593 70
85594 72
85595 76
85596 65
85597 69
85598 70
85599 62
85600 68
85601 67
85602 58
85603 57
85604 58
85605 65
85606 69
85607 53
85608 45
85609 58
85610 64
85611 53
85612 53
85613 62
85614 59
85615 64
85616 62
85617 69
85618 68
85619 59
85620 63
85621 53
85622 65
85623 68
85624 64
85625 62
85626 56
85627 65
85628 64
85629 54
85630 50
85631 66
85632 62
85633 54
85634 63
85635 57
85636 53
85637 44
85638 41
85639 56
85640 56
85641 55
85642 54
85643 50
85644 64
85645 62
85646 66
85647 66
85648 61
85649 60
85650 58
85651 42
85652 53
85653 56
85654 66
85655 61
85656 65
85657 57
85658 60
85659 67
85660 69
85661 65
85662 61
85663 63
85664 58
85665 68
85666 62
85667 64
85668 50
85669 58
85670 65
85671 67
85672 62
85673 70
85674 59
85675 61
85676 61
85677 63
85678 52
85679 51
85680 62
85681 60
85682 45
85683 52
85684 50
85685 38
85686 45
85687 51
85688 42
85689 54
85690 55
85691 68
85692 67
85693 67
85694 68
85695 63
85696 63
85697 71
85698 72
85699 76
85700 59
85701 54
85702 49
85703 48
85704 58
85705 69
85706 62
85707 52
85708 54
85709 58
85710 63
85711 53
85712 49
85713 48
85714 43
85715 58
85716 66
85717 65
85718 60
85719 52
85720 42
85721 58
85722 61
85723 54
85724 63
85725 60
85726 64
85727 74
85728 65
85729 59
85730 66
85731 70
85732 63
85733 66
85734 65
85735 57
85736 55
85737 60
85738 65
85739 47
85740 52
85741 55
85742 49
85743 52
85744 64
85745 65
85746 59
85747 64
85748 67
85749 62
85750 61
85751 74
85752 64
85753 63
85754 64
85755 73
85756 55
85757 55
85758 56
85759 68
85760 61
85761 71
85762 65
85763 54
85764 48
85765 61
85766 55
85767 59
85768 52
85769 62
85770 55
85771 63
85772 69
85773 62
85774 68
85775 56
85776 70
85777 57
85778 58
85779 57
85780 66
85781 65
85782 69
85783 70
85784 67
85785 63
85786 60
85787 67
85788 66
85789 66
85790 65
85791 64
85792 62
85793 59
85794 62
85795 59
85796 72
85797 58
85798 56
85799 62
85800 56
85801 64
85802 57
85803 55
85804 61
85805 58
85806 65
85807 72
85808 66
85809 62
85810 58
85811 50
85812 61
85813 74
85814 73
85815 63
85816 57
85817 59
85818 44
85819 45
85820 52
85821 65
85822 53
85823 41
85824 54
85825 55
85826 57
85827 60
85828 55
85829 71
85830 60
85831 67
85832 66
85833 55
85834 56
85835 54
85836 59
85837 60
85838 60
85839 62
85840 61
85841 70
85842 64
85843 54
85844 53
85845 52
85846 45
85847 54
85848 62
85849 66
85850 65
85851 69
85852 67
85853 74
85854 83
85855 70
85856 64
85857 53
85858 58
85859 63
85860 60
85861 59
85862 55
85863 48
85864 56
85865 64
85866 67
85867 59
85868 52
85869 60
85870 66
85871 60
85872 58
85873 59
85874 62
85875 57
85876 64
85877 64
85878 56
85879 57
85880 54
85881 55
85882 51
85883 58
85884 62
85885 59
85886 58
85887 56
85888 61
85889 63
85890 61
85891 61
85892 62
85893 58
85894 60
85895 61
85896 57
85897 44
85898 48
85899 54
85900 60
85901 55
85902 63
85903 63
85904 64
85905 57
85906 63
85907 54
85908 44
85909 46
85910 63
85911 66
85912 61
85913 63
85914 58
85915 59
85916 54
85917 61
85918 62
85919 72
85920 61
85921 55
85922 59
85923 58
85924 58
85925 56
85926 66
85927 69
85928 62
85929 66
85930 64
85931 65
85932 72
85933 74
85934 68
85935 70
85936 67
85937 72
85938 53
85939 55
85940 57
85941 64
85942 60
85943 68
85944 63
85945 58
85946 57
85947 53
85948 68
85949 55
85950 52
85951 60
85952 59
85953 61
85954 70
85955 58
85956 52
85957 65
85958 59
85959 58
85960 59
85961 58
85962 53
85963 61
85964 52
85965 64
85966 55
85967 51
85968 58
85969 67
85970 68
85971 64
85972 64
85973 70
85974 70
85975 55
85976 62
85977 53
85978 57
85979 63
85980 57
85981 63
85982 66
85983 56
85984 53
85985 42
85986 31
85987 41
85988 54
85989 56
85990 46
85991 51
85992 53
85993 60
85994 58
85995 54
85996 55
85997 64
85998 61
85999 62
86000 64
86001 63
86002 56
86003 64
86004 63
86005 68
86006 58
86007 48
86008 46
86009 39
86010 56
86011 57
86012 66
86013 68
86014 63
86015 68
86016 63
86017 54
86018 55
86019 58
86020 63
86021 70
86022 65
86023 63
86024 68
86025 55
86026 60
86027 60
86028 59
86029 60
86030 62
86031 53
86032 63
86033 60
86034 58
86035 50
86036 58
86037 69
86038 70
86039 60
86040 63
86041 62
86042 58
86043 72
86044 68
86045 74
86046 61
86047 65
86048 68
86049 72
86050 55
86051 58
86052 69
86053 65
86054 63
86055 61
86056 68
86057 72
86058 58
86059 51
86060 52
86061 56
86062 70
86063 56
86064 69
86065 51
86066 50
86067 63
86068 72
86069 64
86070 47
86071 54
86072 57
86073 58
86074 68
86075 56
86076 53
86077 50
86078 54
86079 59
86080 56
86081 59
86082 54
86083 39
86084 47
86085 59
86086 66
86087 58
86088 55
86089 64
86090 65
86091 49
86092 68
86093 65
86094 57
86095 64
86096 67
86097 65
86098 66
86099 55
86100 58
86101 57
86102 52
86103 53
86104 53
86105 58
86106 49
86107 53
86108 57
86109 56
86110 61
86111 65
86112 57
86113 68
86114 53
86115 58
86116 49
86117 64
86118 66
86119 70
86120 51
86121 65
86122 68
86123 61
86124 64
86125 68
86126 67
86127 61
86128 52
86129 44
86130 35
86131 51
86132 57
86133 57
86134 40
86135 55
86136 58
86137 64
86138 54
86139 46
86140 49
86141 67
86142 58
86143 52
86144 54
86145 52
86146 54
86147 51
86148 65
86149 59
86150 52
86151 64
86152 62
86153 67
86154 66
86155 49
86156 53
86157 56
86158 58
86159 57
86160 49
86161 48
86162 51
86163 58
86164 60
86165 65
86166 76
86167 65
86168 72
86169 71
86170 64
86171 65
86172 74
86173 63
86174 52
86175 55
86176 55
86177 67
86178 76
86179 80
86180 60
86181 45
86182 51
86183 60
86184 56
86185 65
86186 56
86187 59
86188 59
86189 59
86190 63
86191 62
86192 61
86193 60
86194 69
86195 68
86196 61
86197 55
86198 54
86199 48
86200 55
86201 54
86202 45
86203 47
86204 49
86205 68
86206 76
86207 63
86208 59
86209 58
86210 61
86211 62
86212 66
86213 67
86214 69
86215 66
86216 55
86217 60
86218 68
86219 72
86220 61
86221 69
86222 61
86223 54
86224 63
86225 58
86226 54
86227 60
86228 57
86229 62
86230 52
86231 51
86232 46
86233 61
86234 59
86235 60
86236 55
86237 58
86238 75
86239 67
86240 65
86241 62
86242 60
86243 60
86244 64
86245 66
86246 70
86247 65
86248 49
86249 60
86250 55
86251 57
86252 65
86253 60
86254 65
86255 65
86256 77
86257 62
86258 71
86259 65
86260 72
86261 55
86262 60
86263 61
86264 61
86265 45
86266 64
86267 52
86268 56
86269 63
86270 58
86271 58
86272 68
86273 72
86274 56
86275 57
86276 65
86277 47
86278 44
86279 50
86280 53
86281 55
86282 66
86283 72
86284 79
86285 72
86286 57
86287 49
86288 56
86289 72
86290 72
86291 73
86292 60
86293 63
86294 60
86295 57
86296 56
86297 53
86298 41
86299 48
86300 50
86301 63
86302 51
86303 52
86304 56
86305 55
86306 56
86307 59
86308 63
86309 75
86310 57
86311 54
86312 35
86313 37
86314 49
86315 60
86316 77
86317 61
86318 50
86319 46
86320 45
86321 61
86322 66
86323 64
86324 65
86325 62
86326 54
86327 60
86328 49
86329 65
86330 62
86331 58
86332 57
86333 62
86334 65
86335 62
86336 48
86337 52
86338 53
86339 59
86340 57
86341 53
86342 43
86343 50
86344 53
86345 64
86346 74
86347 55
86348 52
86349 50
86350 43
86351 52
86352 54
86353 65
86354 62
86355 61
86356 70
86357 63
86358 63
86359 67
86360 71
86361 63
86362 65
86363 60
86364 65
86365 65
86366 65
86367 58
86368 55
86369 54
86370 60
86371 61
86372 55
86373 62
86374 61
86375 52
86376 63
86377 66
86378 47
86379 60
86380 68
86381 63
86382 55
86383 59
86384 60
86385 47
86386 49
86387 56
86388 64
86389 57
86390 57
86391 61
86392 67
86393 66
86394 65
86395 66
86396 68
86397 77
86398 69
86399 71
86400 63
86401 57
86402 52
86403 62
86404 61
86405 60
86406 53
86407 58
86408 60
86409 61
86410 57
86411 54
86412 53
86413 62
86414 70
86415 64
86416 54
86417 64
86418 69
86419 57
86420 61
86421 64
86422 68
86423 48
86424 61
86425 65
86426 62
86427 59
86428 58
86429 60
86430 65
86431 61
86432 60
86433 66
86434 70
86435 71
86436 69
86437 58
86438 59
86439 63
86440 67
86441 55
86442 62
86443 66
86444 57
86445 60
86446 63
86447 62
86448 52
86449 54
86450 52
86451 56
86452 65
86453 72
86454 68
86455 63
86456 65
86457 62
86458 59
86459 64
86460 60
86461 73
86462 68
86463 61
86464 63
86465 73
86466 61
86467 66
86468 62
86469 52
86470 52
86471 58
86472 65
86473 60
86474 61
86475 56
86476 59
86477 54
86478 65
86479 64
86480 83
86481 66
86482 64
86483 62
86484 64
86485 67
86486 69
86487 58
86488 57
86489 46
86490 58
86491 67
86492 66
86493 65
86494 69
86495 51
86496 63
86497 56
86498 55
86499 62
86500 49
86501 52
86502 55
86503 53
86504 60
86505 61
86506 50
86507 52
86508 62
86509 58
86510 53
86511 56
86512 53
86513 59
86514 55
86515 51
86516 54
86517 50
86518 55
86519 63
86520 67
86521 54
86522 57
86523 66
86524 61
86525 55
86526 66
86527 64
86528 68
86529 58
86530 56
86531 55
86532 64
86533 76
86534 72
86535 54
86536 58
86537 60
86538 53
86539 65
86540 58
86541 62
86542 63
86543 64
86544 47
86545 53
86546 56
86547 56
86548 53
86549 61
86550 66
86551 67
86552 53
86553 59
86554 55
86555 56
86556 47
86557 49
86558 57
86559 58
86560 57
86561 57
86562 51
86563 67
86564 58
86565 65
86566 55
86567 62
86568 58
86569 66
86570 60
86571 62
86572 69
86573 60
86574 61
86575 66
86576 66
86577 71
86578 59
86579 58
86580 63
86581 61
86582 61
86583 59
86584 57
86585 50
86586 64
86587 54
86588 65
86589 68
86590 56
86591 60
86592 51
86593 50
86594 58
86595 57
86596 65
86597 62
86598 57
86599 55
86600 59
86601 60
86602 55
86603 68
86604 62
86605 56
86606 53
86607 48
86608 62
86609 66
86610 63
86611 60
86612 58
86613 68
86614 56
86615 65
86616 62
86617 64
86618 56
86619 57
86620 52
86621 54
86622 59
86623 60
86624 63
86625 56
86626 71
86627 56
86628 71
86629 53
86630 61
86631 62
86632 76
86633 66
86634 73
86635 64
86636 55
86637 52
86638 44
86639 42
86640 45
86641 58
86642 57
86643 44
86644 50
86645 59
86646 50
86647 56
86648 66
86649 57
86650 61
86651 57
86652 55
86653 44
86654 58
86655 52
86656 47
86657 56
86658 53
86659 65
86660 64
86661 67
86662 60
86663 59
86664 59
86665 54
86666 57
86667 59
86668 58
86669 65
86670 65
86671 58
86672 59
86673 67
86674 66
86675 62
86676 68
86677 66
86678 55
86679 61
86680 51
86681 55
86682 66
86683 68
86684 65
86685 57
86686 65
86687 67
86688 66
86689 71
86690 78
86691 75
86692 55
86693 47
86694 43
86695 46
86696 50
86697 57
86698 51
86699 53
86700 61
86701 69
86702 68
86703 49
86704 51
86705 57
86706 57
86707 59
86708 59
86709 54
86710 62
86711 65
86712 57
86713 49
86714 60
86715 59
86716 47
86717 64
86718 62
86719 50
86720 43
86721 57
86722 56
86723 53
86724 66
86725 61
86726 52
86727 63
86728 60
86729 72
86730 61
86731 62
86732 56
86733 53
86734 45
86735 44
86736 41
86737 43
86738 51
86739 70
86740 61
86741 70
86742 60
86743 53
86744 41
86745 57
86746 61
86747 70
86748 68
86749 57
86750 61
86751 62
86752 56
86753 55
86754 67
86755 65
86756 58
86757 50
86758 53
86759 57
86760 56
86761 38
86762 35
86763 44
86764 56
86765 59
86766 54
86767 55
86768 52
86769 62
86770 64
86771 52
86772 44
86773 56
86774 56
86775 50
86776 51
86777 66
86778 59
86779 57
86780 63
86781 62
86782 65
86783 65
86784 62
86785 55
86786 52
86787 61
86788 74
86789 66
86790 67
86791 58
86792 44
86793 58
86794 69
86795 58
86796 52
86797 48
86798 66
86799 56
86800 60
86801 63
86802 59
86803 64
86804 56
86805 52
86806 60
86807 58
86808 49
86809 57
86810 59
86811 58
86812 75
86813 59
86814 54
86815 59
86816 61
86817 60
86818 61
86819 67
86820 63
86821 64
86822 78
86823 68
86824 51
86825 53
86826 58
86827 68
86828 68
86829 65
86830 63
86831 64
86832 47
86833 51
86834 56
86835 52
86836 48
86837 43
86838 52
86839 55
86840 59
86841 60
86842 61
86843 66
86844 73
86845 65
86846 60
86847 60
86848 58
86849 51
86850 62
86851 65
86852 61
86853 50
86854 56
86855 49
86856 58
86857 66
86858 56
86859 52
86860 50
86861 59
86862 44
86863 57
86864 64
86865 57
86866 46
86867 50
86868 67
86869 69
86870 63
86871 58
86872 54
86873 57
86874 66
86875 62
86876 55
86877 48
86878 44
86879 59
86880 71
86881 72
86882 71
86883 64
86884 57
86885 48
86886 66
86887 55
86888 47
86889 63
86890 64
86891 70
86892 72
86893 60
86894 58
86895 64
86896 64
86897 58
86898 55
86899 54
86900 64
86901 67
86902 69
86903 72
86904 52
86905 49
86906 66
86907 70
86908 66
86909 63
86910 69
86911 64
86912 67
86913 59
86914 62
86915 63
86916 50
86917 66
86918 63
86919 66
86920 48
86921 55
86922 71
86923 63
86924 70
86925 65
86926 66
86927 67
86928 61
86929 61
86930 60
86931 70
86932 62
86933 57
86934 55
86935 51
86936 55
86937 63
86938 51
86939 60
86940 63
86941 61
86942 61
86943 76
86944 66
86945 60
86946 57
86947 68
86948 57
86949 61
86950 60
86951 55
86952 44
86953 63
86954 54
86955 70
86956 56
86957 44
86958 47
86959 53
86960 54
86961 62
86962 63
86963 66
86964 65
86965 57
86966 45
86967 47
86968 46
86969 42
86970 54
86971 56
86972 57
86973 59
86974 67
86975 70
86976 86
86977 70
86978 54
86979 49
86980 58
86981 58
86982 46
86983 33
86984 47
86985 59
86986 60
86987 54
86988 48
86989 49
86990 59
86991 72
86992 62
86993 67
86994 58
86995 60
86996 57
86997 65
86998 65
86999 60
87000 60
87001 62
87002 48
87003 40
87004 51
87005 63
87006 65
87007 56
87008 60
87009 64
87010 60
87011 63
87012 61
87013 77
87014 67
87015 63
87016 78
87017 68
87018 63
87019 57
87020 54
87021 54
87022 50
87023 46
87024 49
87025 50
87026 52
87027 55
87028 54
87029 62
87030 61
87031 67
87032 57
87033 61
87034 59
87035 64
87036 59
87037 72
87038 64
87039 66
87040 67
87041 72
87042 62
87043 56
87044 50
87045 48
87046 41
87047 51
87048 57
87049 48
87050 57
87051 60
87052 65
87053 57
87054 67
87055 70
87056 52
87057 56
87058 63
87059 63
87060 64
87061 51
87062 49
87063 59
87064 53
87065 70
87066 72
87067 65
87068 62
87069 61
87070 58
87071 56
87072 51
87073 60
87074 71
87075 74
87076 55
87077 43
87078 51
87079 59
87080 60
87081 62
87082 68
87083 60
87084 63
87085 62
87086 61
87087 56
87088 40
87089 52
87090 62
87091 74
87092 66
87093 64
87094 70
87095 60
87096 64
87097 59
87098 56
87099 57
87100 39
87101 42
87102 47
87103 65
87104 62
87105 71
87106 54
87107 55
87108 44
87109 39
87110 41
87111 50
87112 67
87113 66
87114 67
87115 68
87116 59
87117 68
87118 67
87119 72
87120 54
87121 63
87122 64
87123 64
87124 44
87125 25
87126 45
87127 47
87128 57
87129 59
87130 65
87131 72
87132 62
87133 59
87134 50
87135 53
87136 63
87137 66
87138 70
87139 54
87140 62
87141 69
87142 64
87143 75
87144 58
87145 54
87146 56
87147 57
87148 62
87149 64
87150 67
87151 58
87152 60
87153 61
87154 56
87155 69
87156 69
87157 66
87158 64
87159 66
87160 66
87161 55
87162 54
87163 61
87164 63
87165 54
87166 62
87167 57
87168 60
87169 57
87170 52
87171 51
87172 60
87173 61
87174 57
87175 51
87176 57
87177 61
87178 63
87179 68
87180 57
87181 61
87182 44
87183 38
87184 50
87185 55
87186 63
87187 59
87188 59
87189 52
87190 60
87191 59
87192 55
87193 63
87194 63
87195 63
87196 70
87197 59
87198 71
87199 83
87200 69
87201 66
87202 62
87203 45
87204 54
87205 58
87206 58
87207 69
87208 72
87209 63
87210 67
87211 58
87212 48
87213 43
87214 57
87215 52
87216 67
87217 50
87218 63
87219 64
87220 70
87221 59
87222 41
87223 55
87224 59
87225 60
87226 51
87227 45
87228 60
87229 57
87230 63
87231 60
87232 57
87233 60
87234 61
87235 72
87236 66
87237 69
87238 66
87239 57
87240 48
87241 49
87242 51
87243 49
87244 38
87245 46
87246 61
87247 74
87248 64
87249 53
87250 53
87251 55
87252 68
87253 69
87254 66
87255 60
87256 54
87257 59
87258 71
87259 73
87260 65
87261 62
87262 51
87263 47
87264 61
87265 75
87266 56
87267 56
87268 65
87269 66
87270 65
87271 59
87272 71
87273 64
87274 61
87275 60
87276 66
87277 61
87278 51
87279 58
87280 59
87281 68
87282 65
87283 60
87284 58
87285 48
87286 46
87287 49
87288 58
87289 61
87290 61
87291 53
87292 49
87293 59
87294 63
87295 65
87296 61
87297 58
87298 48
87299 48
87300 47
87301 64
87302 65
87303 79
87304 75
87305 61
87306 65
87307 56
87308 65
87309 62
87310 64
87311 60
87312 66
87313 66
87314 71
87315 65
87316 69
87317 66
87318 63
87319 64
87320 57
87321 65
87322 53
87323 51
87324 52
87325 57
87326 69
87327 70
87328 61
87329 63
87330 67
87331 72
87332 56
87333 61
87334 64
87335 69
87336 70
87337 62
87338 72
87339 67
87340 73
87341 74
87342 73
87343 64
87344 65
87345 66
87346 61
87347 56
87348 53
87349 51
87350 50
87351 49
87352 51
87353 60
87354 63
87355 59
87356 69
87357 65
87358 59
87359 58
87360 67
87361 65
87362 50
87363 68
87364 61
87365 54
87366 53
87367 67
87368 67
87369 61
87370 66
87371 56
87372 68
87373 62
87374 50
87375 47
87376 51
87377 43
87378 38
87379 47
87380 63
87381 71
87382 58
87383 76
87384 77
87385 65
87386 53
87387 68
87388 66
87389 60
87390 56
87391 43
87392 38
87393 52
87394 72
87395 63
87396 55
87397 44
87398 64
87399 59
87400 52
87401 53
87402 50
87403 59
87404 59
87405 51
87406 50
87407 54
87408 60
87409 55
87410 49
87411 52
87412 62
87413 61
87414 52
87415 59
87416 53
87417 43
87418 40
87419 41
87420 57
87421 59
87422 50
87423 52
87424 53
87425 62
87426 65
87427 62
87428 57
87429 50
87430 50
87431 63
87432 71
87433 56
87434 48
87435 49
87436 57
87437 60
87438 63
87439 56
87440 62
87441 58
87442 62
87443 53
87444 66
87445 59
87446 62
87447 62
87448 66
87449 70
87450 60
87451 53
87452 47
87453 53
87454 59
87455 64
87456 62
87457 61
87458 54
87459 61
87460 69
87461 71
87462 75
87463 66
87464 59
87465 49
87466 53
87467 59
87468 65
87469 61
87470 61
87471 56
87472 57
87473 57
87474 59
87475 53
87476 49
87477 66
87478 57
87479 61
87480 58
87481 64
87482 65
87483 57
87484 58
87485 65
87486 64
87487 68
87488 63
87489 64
87490 60
87491 58
87492 62
87493 60
87494 61
87495 63
87496 65
87497 65
87498 63
87499 61
87500 60
87501 62
87502 54
87503 66
87504 59
87505 72
87506 65
87507 76
87508 64
87509 67
87510 61
87511 53
87512 72
87513 61
87514 54
87515 56
87516 57
87517 49
87518 48
87519 58
87520 62
87521 73
87522 71
87523 67
87524 75
87525 63
87526 57
87527 62
87528 67
87529 55
87530 53
87531 64
87532 66
87533 64
87534 57
87535 58
87536 56
87537 66
87538 54
87539 60
87540 62
87541 59
87542 53
87543 67
87544 57
87545 62
87546 68
87547 60
87548 64
87549 65
87550 56
87551 48
87552 52
87553 57
87554 54
87555 62
87556 61
87557 64
87558 56
87559 58
87560 57
87561 60
87562 68
87563 61
87564 51
87565 49
87566 51
87567 55
87568 54
87569 64
87570 66
87571 72
87572 62
87573 67
87574 54
87575 55
87576 65
87577 59
87578 61
87579 67
87580 51
87581 62
87582 63
87583 64
87584 61
87585 67
87586 64
87587 69
87588 66
87589 60
87590 62
87591 57
87592 56
87593 58
87594 63
87595 65
87596 63
87597 59
87598 62
87599 53
87600 69
87601 56
87602 58
87603 63
87604 62
87605 65
87606 59
87607 50
87608 61
87609 67
87610 60
87611 61
87612 55
87613 54
87614 54
87615 52
87616 54
87617 70
87618 52
87619 48
87620 57
87621 60
87622 59
87623 52
87624 55
87625 44
87626 54
87627 59
87628 58
87629 54
87630 59
87631 55
87632 54
87633 42
87634 51
87635 61
87636 64
87637 64
87638 54
87639 62
87640 75
87641 59
87642 56
87643 70
87644 69
87645 71
87646 58
87647 62
87648 66
87649 74
87650 70
87651 57
87652 63
87653 61
87654 59
87655 59
87656 49
87657 62
87658 59
87659 67
87660 68
87661 67
87662 69
87663 66
87664 51
87665 54
87666 63
87667 59
87668 53
87669 64
87670 69
87671 61
87672 66
87673 69
87674 64
87675 57
87676 65
87677 64
87678 65
87679 59
87680 60
87681 61
87682 67
87683 63
87684 60
87685 61
87686 41
87687 61
87688 64
87689 66
87690 66
87691 65
87692 59
87693 59
87694 58
87695 66
87696 67
87697 70
87698 59
87699 60
87700 61
87701 59
87702 65
87703 65
87704 64
87705 69
87706 72
87707 67
87708 58
87709 58
87710 39
87711 33
87712 46
87713 54
87714 57
87715 64
87716 59
87717 53
87718 55
87719 50
87720 55
87721 50
87722 54
87723 64
87724 67
87725 64
87726 73
87727 65
87728 61
87729 52
87730 65
87731 61
87732 49
87733 43
87734 46
87735 48
87736 56
87737 48
87738 55
87739 49
87740 47
87741 62
87742 63
87743 57
87744 60
87745 65
87746 69
87747 75
87748 73
87749 71
87750 67
87751 55
87752 56
87753 58
87754 62
87755 52
87756 62
87757 62
87758 70
87759 58
87760 54
87761 54
87762 54
87763 61
87764 53
87765 55
87766 58
87767 53
87768 61
87769 56
87770 46
87771 51
87772 55
87773 57
87774 63
87775 68
87776 62
87777 62
87778 63
87779 62
87780 46
87781 55
87782 61
87783 66
87784 66
87785 55
87786 66
87787 62
87788 48
87789 61
87790 69
87791 55
87792 60
87793 68
87794 67
87795 65
87796 61
87797 69
87798 63
87799 62
87800 59
87801 61
87802 68
87803 57
87804 52
87805 64
87806 65
87807 63
87808 72
87809 59
87810 74
87811 66
87812 69
87813 69
87814 62
87815 59
87816 54
87817 68
87818 73
87819 61
87820 56
87821 68
87822 65
87823 73
87824 65
87825 58
87826 63
87827 64
87828 59
87829 64
87830 62
87831 52
87832 61
87833 64
87834 69
87835 62
87836 79
87837 72
87838 56
87839 59
87840 70
87841 67
87842 67
87843 64
87844 65
87845 59
87846 57
87847 60
87848 59
87849 67
87850 63
87851 47
87852 52
87853 61
87854 52
87855 61
87856 57
87857 41
87858 45
87859 55
87860 59
87861 62
87862 57
87863 57
87864 52
87865 58
87866 57
87867 63
87868 59
87869 60
87870 59
87871 61
87872 64
87873 62
87874 60
87875 53
87876 42
87877 41
87878 54
87879 59
87880 63
87881 52
87882 58
87883 63
87884 63
87885 66
87886 60
87887 58
87888 57
87889 59
87890 53
87891 63
87892 63
87893 52
87894 46
87895 55
87896 53
87897 63
87898 54
87899 56
87900 52
87901 56
87902 55
87903 44
87904 48
87905 61
87906 55
87907 58
87908 60
87909 48
87910 58
87911 55
87912 65
87913 73
87914 79
87915 67
87916 73
87917 64
87918 58
87919 69
87920 54
87921 65
87922 68
87923 65
87924 64
87925 53
87926 63
87927 56
87928 65
87929 63
87930 53
87931 58
87932 62
87933 61
87934 60
87935 55
87936 62
87937 70
87938 56
87939 51
87940 47
87941 40
87942 47
87943 60
87944 61
87945 63
87946 65
87947 52
87948 49
87949 48
87950 60
87951 63
87952 60
87953 62
87954 59
87955 68
87956 74
87957 69
87958 65
87959 63
87960 63
87961 62
87962 53
87963 60
87964 56
87965 66
87966 64
87967 44
87968 51
87969 48
87970 58
87971 63
87972 64
87973 65
87974 66
87975 48
87976 46
87977 59
87978 59
87979 63
87980 54
87981 70
87982 64
87983 62
87984 60
87985 55
87986 60
87987 60
87988 63
87989 56
87990 58
87991 67
87992 71
87993 65
87994 55
87995 55
87996 50
87997 56
87998 68
87999 57
88000 55
88001 54
88002 65
88003 55
88004 58
88005 61
88006 56
88007 57
88008 53
88009 48
88010 43
88011 59
88012 47
88013 34
88014 42
88015 56
88016 62
88017 58
88018 65
88019 55
88020 40
88021 49
88022 63
88023 64
88024 58
88025 64
88026 62
88027 61
88028 67
88029 62
88030 58
88031 62
88032 59
88033 66
88034 65
88035 65
88036 59
88037 63
88038 60
88039 62
88040 58
88041 66
88042 59
88043 66
88044 58
88045 57
88046 57
88047 64
88048 51
88049 60
88050 67
88051 57
88052 57
88053 58
88054 71
88055 65
88056 69
88057 71
88058 65
88059 63
88060 62
88061 59
88062 71
88063 65
88064 60
88065 62
88066 53
88067 42
88068 44
88069 51
88070 66
88071 53
88072 55
88073 62
88074 69
88075 79
88076 61
88077 56
88078 44
88079 61
88080 64
88081 56
88082 49
88083 59
88084 58
88085 45
88086 47
88087 55
88088 54
88089 57
88090 55
88091 60
88092 54
88093 52
88094 48
88095 61
88096 52
88097 55
88098 73
88099 63
88100 55
88101 56
88102 52
88103 69
88104 75
88105 66
88106 55
88107 62
88108 66
88109 57
88110 59
88111 48
88112 58
88113 53
88114 52
88115 64
88116 63
88117 58
88118 66
88119 65
88120 71
88121 62
88122 61
88123 60
88124 51
88125 58
88126 60
88127 66
88128 66
88129 59
88130 56
88131 55
88132 56
88133 47
88134 67
88135 68
88136 58
88137 50
88138 48
88139 57
88140 67
88141 69
88142 63
88143 61
88144 47
88145 65
88146 65
88147 57
88148 66
88149 51
88150 45
88151 56
88152 58
88153 53
88154 55
88155 56
88156 58
88157 70
88158 68
88159 69
88160 65
88161 63
88162 60
88163 54
88164 58
88165 46
88166 56
88167 60
88168 61
88169 73
88170 60
88171 58
88172 64
88173 65
88174 53
88175 69
88176 60
88177 51
88178 49
88179 57
88180 53
88181 56
88182 61
88183 53
88184 70
88185 68
88186 59
88187 58
88188 60
88189 53
88190 49
88191 34
88192 44
88193 45
88194 43
88195 53
88196 57
88197 61
88198 69
88199 61
88200 56
88201 69
88202 82
88203 65
88204 75
88205 64
88206 56
88207 59
88208 73
88209 61
88210 56
88211 58
88212 54
88213 50
88214 60
88215 55
88216 58
88217 47
88218 31
88219 27
88220 35
88221 51
88222 39
88223 48
88224 58
88225 56
88226 57
88227 56
88228 69
88229 55
88230 35
88231 38
88232 40
88233 59
88234 59
88235 61
88236 65
88237 64
88238 63
88239 61
88240 62
88241 53
88242 60
88243 64
88244 67
88245 65
88246 67
88247 57
88248 53
88249 46
88250 43
88251 34
88252 51
88253 61
88254 57
88255 54
88256 61
88257 61
88258 72
88259 59
88260 49
88261 59
88262 53
88263 56
88264 73
88265 66
88266 64
88267 60
88268 64
88269 69
88270 71
88271 71
88272 63
88273 70
88274 75
88275 68
88276 55
88277 51
88278 60
88279 48
88280 43
88281 48
88282 63
88283 67
88284 63
88285 60
88286 59
88287 64
88288 58
88289 60
88290 58
88291 60
88292 59
88293 49
88294 63
88295 64
88296 73
88297 61
88298 68
88299 82
88300 69
88301 66
88302 61
88303 63
88304 67
88305 57
88306 63
88307 60
88308 57
88309 51
88310 53
88311 65
88312 62
88313 62
88314 59
88315 52
88316 53
88317 56
88318 57
88319 54
88320 65
88321 59
88322 61
88323 51
88324 43
88325 47
88326 40
88327 29
88328 36
88329 51
88330 57
88331 50
88332 61
88333 64
88334 63
88335 65
88336 73
88337 63
88338 63
88339 50
88340 60
88341 65
88342 49
88343 60
88344 57
88345 59
88346 72
88347 71
88348 67
88349 63
88350 50
88351 63
88352 56
88353 60
88354 77
88355 80
88356 69
88357 72
88358 65
88359 56
88360 61
88361 68
88362 70
88363 69
88364 57
88365 55
88366 63
88367 68
88368 64
88369 63
88370 60
88371 57
88372 51
88373 41
88374 49
88375 65
88376 71
88377 52
88378 53
88379 66
88380 60
88381 61
88382 59
88383 56
88384 51
88385 62
88386 55
88387 58
88388 63
88389 55
88390 54
88391 49
88392 52
88393 59
88394 58
88395 44
88396 46
88397 57
88398 51
88399 54
88400 60
88401 57
88402 64
88403 66
88404 68
88405 61
88406 59
88407 54
88408 69
88409 50
88410 43
88411 54
88412 63
88413 57
88414 63
88415 82
88416 83
88417 66
88418 68
88419 63
88420 56
88421 39
88422 53
88423 54
88424 53
88425 51
88426 44
88427 56
88428 39
88429 37
88430 54
88431 62
88432 70
88433 65
88434 59
88435 58
88436 60
88437 61
88438 62
88439 54
88440 49
88441 55
88442 64
88443 58
88444 60
88445 64
88446 63
88447 51
88448 50
88449 57
88450 57
88451 63
88452 67
88453 61
88454 67
88455 53
88456 65
88457 55
88458 54
88459 51
88460 47
88461 62
88462 58
88463 62
88464 55
88465 60
88466 57
88467 67
88468 60
88469 59
88470 72
88471 61
88472 59
88473 71
88474 64
88475 64
88476 71
88477 60
88478 46
88479 53
88480 59
88481 61
88482 60
88483 67
88484 63
88485 55
88486 62
88487 65
88488 53
88489 70
88490 51
88491 66
88492 58
88493 62
88494 62
88495 56
88496 58
88497 59
88498 55
88499 59
88500 62
88501 65
88502 62
88503 67
88504 74
88505 65
88506 52
88507 47
88508 63
88509 71
88510 60
88511 53
88512 51
88513 47
88514 40
88515 54
88516 69
88517 62
88518 68
88519 59
88520 57
88521 46
88522 39
88523 50
88524 64
88525 63
88526 58
88527 61
88528 59
88529 62
88530 62
88531 68
88532 59
88533 66
88534 74
88535 71
88536 57
88537 61
88538 69
88539 63
88540 63
88541 66
88542 61
88543 57
88544 57
88545 57
88546 58
88547 54
88548 50
88549 38
88550 34
88551 33
88552 30
88553 42
88554 52
88555 63
88556 59
88557 65
88558 68
88559 62
88560 45
88561 44
88562 37
88563 53
88564 57
88565 58
88566 58
88567 66
88568 67
88569 62
88570 61
88571 65
88572 61
88573 62
88574 61
88575 65
88576 66
88577 61
88578 59
88579 57
88580 56
88581 56
88582 68
88583 67
88584 64
88585 60
88586 59
88587 57
88588 53
88589 60
88590 61
88591 73
88592 60
88593 57
88594 56
88595 65
88596 47
88597 61
88598 62
88599 64
88600 63
88601 75
88602 67
88603 75
88604 75
88605 65
88606 58
88607 61
88608 64
88609 68
88610 73
88611 59
88612 54
88613 56
88614 64
88615 67
88616 78
88617 65
88618 66
88619 63
88620 55
88621 61
88622 70
88623 74
88624 63
88625 61
88626 76
88627 72
88628 56
88629 73
88630 63
88631 61
88632 56
88633 55
88634 48
88635 40
88636 52
88637 55
88638 67
88639 64
88640 57
88641 60
88642 53
88643 55
88644 64
88645 63
88646 69
88647 67
88648 60
88649 61
88650 66
88651 62
88652 59
88653 67
88654 60
88655 72
88656 56
88657 69
88658 62
88659 62
88660 60
88661 54
88662 52
88663 41
88664 58
88665 55
88666 58
88667 60
88668 57
88669 54
88670 50
88671 55
88672 59
88673 73
88674 67
88675 72
88676 60
88677 61
88678 60
88679 54
88680 61
88681 57
88682 51
88683 55
88684 62
88685 60
88686 69
88687 58
88688 67
88689 55
88690 53
88691 60
88692 53
88693 58
88694 70
88695 61
88696 51
88697 58
88698 65
88699 63
88700 71
88701 63
88702 71
88703 57
88704 61
88705 65
88706 65
88707 56
88708 60
88709 61
88710 69
88711 75
88712 66
88713 70
88714 61
88715 48
88716 63
88717 68
88718 65
88719 62
88720 55
88721 53
88722 59
88723 50
88724 47
88725 59
88726 70
88727 68
88728 67
88729 68
88730 65
88731 63
88732 66
88733 57
88734 46
88735 54
88736 62
88737 61
88738 57
88739 67
88740 64
88741 57
88742 54
88743 49
88744 54
88745 53
88746 56
88747 67
88748 66
88749 58
88750 58
88751 62
88752 63
88753 65
88754 62
88755 61
88756 61
88757 60
88758 64
88759 60
88760 61
88761 65
88762 71
88763 60
88764 58
88765 59
88766 44
88767 57
88768 58
88769 69
88770 61
88771 61
88772 56
88773 59
88774 62
88775 59
88776 57
88777 63
88778 67
88779 49
88780 55
88781 60
88782 65
88783 51
88784 60
88785 65
88786 58
88787 58
88788 66
88789 61
88790 55
88791 50
88792 60
88793 78
88794 65
88795 66
88796 60
88797 60
88798 61
88799 67
88800 53
88801 55
88802 60
88803 61
88804 52
88805 63
88806 70
88807 67
88808 58
88809 57
88810 55
88811 65
88812 55
88813 54
88814 57
88815 47
88816 61
88817 54
88818 53
88819 69
88820 73
88821 68
88822 70
88823 80
88824 64
88825 56
88826 58
88827 54
88828 51
88829 56
88830 53
88831 68
88832 69
88833 50
88834 66
88835 63
88836 57
88837 43
88838 54
88839 62
88840 50
88841 55
88842 62
88843 54
88844 62
88845 57
88846 62
88847 56
88848 59
88849 60
88850 63
88851 61
88852 63
88853 75
88854 75
88855 71
88856 60
88857 69
88858 62
88859 61
88860 54
88861 57
88862 56
88863 65
88864 61
88865 69
88866 59
88867 59
88868 52
88869 65
88870 66
88871 70
88872 64
88873 60
88874 61
88875 57
88876 66
88877 67
88878 53
88879 57
88880 58
88881 68
88882 60
88883 60
88884 64
88885 71
88886 60
88887 67
88888 54
88889 63
88890 63
88891 69
88892 52
88893 47
88894 49
88895 69
88896 64
88897 61
88898 67
88899 70
88900 68
88901 64
88902 66
88903 55
88904 59
88905 61
88906 66
88907 59
88908 60
88909 73
88910 57
88911 67
88912 65
88913 48
88914 44
88915 44
88916 39
88917 51
88918 52
88919 58
88920 58
88921 60
88922 59
88923 56
88924 64
88925 65
88926 56
88927 47
88928 49
88929 67
88930 75
88931 62
88932 61
88933 66
88934 63
88935 59
88936 63
88937 65
88938 66
88939 62
88940 51
88941 63
88942 59
88943 57
88944 54
88945 55
88946 59
88947 63
88948 69
88949 68
88950 62
88951 60
88952 63
88953 76
88954 69
88955 59
88956 65
88957 61
88958 61
88959 73
88960 65
88961 68
88962 69
88963 63
88964 66
88965 67
88966 64
88967 64
88968 59
88969 58
88970 55
88971 67
88972 65
88973 59
88974 56
88975 70
88976 67
88977 58
88978 69
88979 65
88980 70
88981 66
88982 69
88983 63
88984 68
88985 64
88986 55
88987 73
88988 70
88989 62
88990 59
88991 60
88992 73
88993 66
88994 68
88995 57
88996 57
88997 52
88998 62
88999 57
89000 58
89001 57
89002 53
89003 60
89004 63
89005 64
89006 72
89007 59
89008 54
89009 65
89010 69
89011 63
89012 73
89013 62
89014 60
89015 64
89016 62
89017 63
89018 55
89019 50
89020 44
89021 60
89022 52
89023 56
89024 50
89025 48
89026 49
89027 53
89028 63
89029 62
89030 57
89031 60
89032 51
89033 69
89034 70
89035 74
89036 57
89037 50
89038 49
89039 57
89040 58
89041 60
89042 58
89043 62
89044 63
89045 56
89046 57
89047 52
89048 56
89049 59
89050 54
89051 52
89052 54
89053 56
89054 60
89055 64
89056 61
89057 64
89058 63
89059 69
89060 64
89061 67
89062 57
89063 53
89064 56
89065 60
89066 62
89067 58
89068 55
89069 56
89070 50
89071 48
89072 61
89073 65
89074 60
89075 67
89076 54
89077 40
89078 48
89079 66
89080 62
89081 73
89082 65
89083 74
89084 60
89085 53
89086 61
89087 62
89088 52
89089 41
89090 58
89091 44
89092 57
89093 60
89094 63
89095 66
89096 62
89097 53
89098 59
89099 66
89100 62
89101 53
89102 58
89103 58
89104 62
89105 62
89106 64
89107 68
89108 62
89109 72
89110 67
89111 56
89112 51
89113 65
89114 66
89115 68
89116 74
89117 64
89118 66
89119 56
89120 63
89121 64
89122 60
89123 54
89124 48
89125 60
89126 61
89127 47
89128 54
89129 60
89130 71
89131 57
89132 58
89133 62
89134 59
89135 49
89136 67
89137 66
89138 61
89139 57
89140 57
89141 59
89142 56
89143 59
89144 60
89145 56
89146 62
89147 60
89148 57
89149 62
89150 55
89151 58
89152 49
89153 45
89154 54
89155 53
89156 57
89157 54
89158 51
89159 50
89160 52
89161 61
89162 61
89163 62
89164 64
89165 61
89166 62
89167 59
89168 61
89169 67
89170 67
89171 59
89172 64
89173 56
89174 49
89175 59
89176 70
89177 64
89178 56
89179 62
89180 67
89181 68
89182 63
89183 63
89184 65
89185 65
89186 56
89187 39
89188 45
89189 63
89190 64
89191 55
89192 42
89193 54
89194 51
89195 55
89196 56
89197 63
89198 63
89199 54
89200 57
89201 71
89202 71
89203 58
89204 66
89205 59
89206 62
89207 62
89208 74
89209 64
89210 56
89211 64
89212 67
89213 53
89214 61
89215 60
89216 66
89217 67
89218 58
89219 60
89220 67
89221 59
89222 59
89223 52
89224 56
89225 63
89226 69
89227 55
89228 54
89229 43
89230 40
89231 47
89232 53
89233 59
89234 60
89235 59
89236 65
89237 55
89238 64
89239 62
89240 66
89241 67
89242 67
89243 70
89244 72
89245 65
89246 54
89247 59
89248 64
89249 66
89250 59
89251 57
89252 55
89253 58
89254 68
89255 67
89256 72
89257 62
89258 62
89259 57
89260 51
89261 65
89262 67
89263 66
89264 71
89265 69
89266 60
89267 57
89268 55
89269 58
89270 59
89271 67
89272 51
89273 59
89274 65
89275 76
89276 67
89277 55
89278 57
89279 59
89280 63
89281 58
89282 64
89283 61
89284 67
89285 60
89286 58
89287 42
89288 48
89289 56
89290 69
89291 68
89292 68
89293 58
89294 42
89295 59
89296 71
89297 73
89298 69
89299 61
89300 65
89301 62
89302 60
89303 55
89304 62
89305 61
89306 58
89307 56
89308 63
89309 62
89310 61
89311 63
89312 53
89313 49
89314 54
89315 57
89316 57
89317 56
89318 61
89319 64
89320 54
89321 51
89322 58
89323 62
89324 58
89325 64
89326 64
89327 68
89328 61
89329 65
89330 63
89331 61
89332 68
89333 68
89334 56
89335 66
89336 66
89337 65
89338 58
89339 67
89340 56
89341 64
89342 60
89343 57
89344 64
89345 62
89346 63
89347 59
89348 49
89349 45
89350 44
89351 56
89352 66
89353 71
89354 63
89355 67
89356 70
89357 73
89358 66
89359 64
89360 58
89361 62
89362 62
89363 69
89364 61
89365 64
89366 66
89367 71
89368 70
89369 65
89370 57
89371 56
89372 55
89373 63
89374 59
89375 49
89376 45
89377 46
89378 52
89379 49
89380 61
89381 62
89382 65
89383 61
89384 59
89385 64
89386 58
89387 58
89388 71
89389 61
89390 44
89391 47
89392 57
89393 67
89394 67
89395 63
89396 66
89397 62
89398 69
89399 56
89400 45
89401 53
89402 56
89403 46
89404 57
89405 61
89406 69
89407 69
89408 67
89409 56
89410 56
89411 59
89412 76
89413 76
89414 59
89415 64
89416 66
89417 64
89418 59
89419 61
89420 58
89421 58
89422 59
89423 56
89424 57
89425 59
89426 63
89427 45
89428 53
89429 51
89430 63
89431 67
89432 51
89433 50
89434 65
89435 74
89436 63
89437 48
89438 68
89439 65
89440 67
89441 65
89442 55
89443 60
89444 52
89445 62
89446 63
89447 61
89448 61
89449 54
89450 59
89451 64
89452 59
89453 61
89454 63
89455 49
89456 50
89457 58
89458 56
89459 59
89460 67
89461 62
89462 68
89463 58
89464 55
89465 57
89466 47
89467 50
89468 49
89469 43
89470 47
89471 50
89472 55
89473 53
89474 34
89475 43
89476 52
89477 57
89478 56
89479 46
89480 60
89481 54
89482 47
89483 45
89484 25
89485 27
89486 38
89487 55
89488 39
89489 45
89490 64
89491 67
89492 58
89493 59
89494 57
89495 66
89496 61
89497 63
89498 53
89499 54
89500 53
89501 61
89502 59
89503 57
89504 75
89505 63
89506 56
89507 58
89508 46
89509 38
89510 47
89511 50
89512 57
89513 68
89514 58
89515 66
89516 62
89517 52
89518 51
89519 67
89520 60
89521 56
89522 54
89523 55
89524 63
89525 64
89526 60
89527 66
89528 67
89529 70
89530 62
89531 59
89532 51
89533 62
89534 59
89535 67
89536 66
89537 51
89538 52
89539 57
89540 60
89541 62
89542 42
89543 52
89544 69
89545 79
89546 71
89547 70
89548 68
89549 56
89550 52
89551 53
89552 66
89553 59
89554 60
89555 63
89556 61
89557 57
89558 47
89559 60
89560 58
89561 54
89562 60
89563 63
89564 60
89565 56
89566 62
89567 68
89568 57
89569 63
89570 64
89571 65
89572 59
89573 51
89574 64
89575 59
89576 62
89577 64
89578 57
89579 67
89580 71
89581 69
89582 65
89583 64
89584 46
89585 53
89586 60
89587 51
89588 55
89589 67
89590 74
89591 68
89592 57
89593 62
89594 66
89595 63
89596 65
89597 61
89598 61
89599 54
89600 49
89601 66
89602 65
89603 67
89604 57
89605 57
89606 60
89607 46
89608 59
89609 58
89610 70
89611 59
89612 67
89613 69
89614 59
89615 64
89616 58
89617 70
89618 52
89619 49
89620 58
89621 61
89622 73
89623 71
89624 61
89625 63
89626 59
89627 57
89628 54
89629 51
89630 53
89631 66
89632 73
89633 61
89634 62
89635 69
89636 74
89637 63
89638 67
89639 67
89640 66
89641 63
89642 51
89643 58
89644 45
89645 63
89646 66
89647 67
89648 59
89649 66
89650 56
89651 50
89652 56
89653 59
89654 58
89655 57
89656 57
89657 56
89658 62
89659 47
89660 60
89661 49
89662 48
89663 29
89664 24
89665 28
89666 46
89667 48
89668 52
89669 69
89670 62
89671 59
89672 61
89673 57
89674 50
89675 58
89676 70
89677 60
89678 52
89679 53
89680 69
89681 66
89682 63
89683 67
89684 63
89685 59
89686 66
89687 67
89688 70
89689 58
89690 65
89691 59
89692 59
89693 61
89694 74
89695 72
89696 56
89697 61
89698 58
89699 61
89700 69
89701 73
89702 71
89703 70
89704 61
89705 59
89706 68
89707 77
89708 67
89709 65
89710 68
89711 61
89712 59
89713 54
89714 66
89715 61
89716 62
89717 60
89718 48
89719 50
89720 63
89721 60
89722 67
89723 65
89724 64
89725 49
89726 41
89727 42
89728 55
89729 43
89730 49
89731 58
89732 60
89733 66
89734 69
89735 65
89736 65
89737 60
89738 69
89739 59
89740 65
89741 69
89742 64
89743 53
89744 61
89745 60
89746 57
89747 60
89748 55
89749 53
89750 64
89751 64
89752 63
89753 66
89754 68
89755 67
89756 63
89757 57
89758 43
89759 45
89760 56
89761 55
89762 50
89763 48
89764 60
89765 52
89766 61
89767 71
89768 61
89769 62
89770 69
89771 67
89772 79
89773 73
89774 69
89775 59
89776 72
89777 62
89778 61
89779 60
89780 53
89781 46
89782 54
89783 57
89784 58
89785 51
89786 62
89787 68
89788 61
89789 66
89790 69
89791 67
89792 58
89793 58
89794 62
89795 58
89796 64
89797 74
89798 68
89799 52
89800 47
89801 58
89802 59
89803 59
89804 56
89805 65
89806 70
89807 74
89808 71
89809 61
89810 71
89811 65
89812 63
89813 55
89814 66
89815 72
89816 62
89817 53
89818 69
89819 66
89820 58
89821 61
89822 57
89823 58
89824 74
89825 59
89826 58
89827 57
89828 70
89829 67
89830 76
89831 65
89832 63
89833 59
89834 52
89835 66
89836 63
89837 67
89838 65
89839 67
89840 61
89841 58
89842 63
89843 52
89844 61
89845 62
89846 51
89847 57
89848 56
89849 50
89850 51
89851 53
89852 61
89853 55
89854 49
89855 63
89856 60
89857 53
89858 50
89859 46
89860 41
89861 58
89862 67
89863 73
89864 71
89865 63
89866 55
89867 60
89868 69
89869 70
89870 70
89871 59
89872 55
89873 62
89874 65
89875 66
89876 61
89877 45
89878 43
89879 30
89880 34
89881 35
89882 47
89883 54
89884 70
89885 76
89886 69
89887 64
89888 60
89889 52
89890 53
89891 59
89892 58
89893 58
89894 53
89895 64
89896 72
89897 57
89898 62
89899 63
89900 62
89901 63
89902 68
89903 68
89904 60
89905 65
89906 61
89907 55
89908 59
89909 52
89910 60
89911 60
89912 58
89913 64
89914 51
89915 56
89916 60
89917 61
89918 62
89919 61
89920 64
89921 61
89922 56
89923 55
89924 62
89925 61
89926 53
89927 54
89928 69
89929 65
89930 57
89931 68
89932 59
89933 54
89934 50
89935 49
89936 50
89937 61
89938 64
89939 50
89940 60
89941 70
89942 60
89943 58
89944 53
89945 63
89946 55
89947 70
89948 61
89949 69
89950 59
89951 66
89952 77
89953 71
89954 60
89955 49
89956 56
89957 57
89958 54
89959 52
89960 50
89961 58
89962 70
89963 63
89964 64
89965 63
89966 62
89967 47
89968 53
89969 58
89970 60
89971 67
89972 57
89973 50
89974 55
89975 61
89976 52
89977 62
89978 63
89979 63
89980 57
89981 54
89982 58
89983 59
89984 66
89985 58
89986 61
89987 66
89988 74
89989 65
89990 51
89991 45
89992 43
89993 45
89994 54
89995 60
89996 49
89997 68
89998 66
89999 63
90000 70
90001 61
90002 56
90003 54
90004 45
90005 51
90006 56
90007 58
90008 61
90009 58
90010 56
90011 55
90012 66
90013 52
90014 55
90015 64
90016 66
90017 58
90018 75
90019 64
90020 54
90021 59
90022 58
90023 62
90024 57
90025 62
90026 58
90027 55
90028 54
90029 50
90030 59
90031 61
90032 75
90033 74
90034 69
90035 60
90036 60
90037 59
90038 51
90039 71
90040 69
90041 59
90042 57
90043 68
90044 60
90045 78
90046 72
90047 74
90048 66
90049 49
90050 39
90051 56
90052 55
90053 50
90054 63
90055 58
90056 60
90057 62
90058 60
90059 61
90060 58
90061 55
90062 54
90063 58
90064 54
90065 59
90066 50
90067 65
90068 55
90069 50
90070 64
90071 63
90072 67
90073 69
90074 63
90075 62
90076 63
90077 66
90078 70
90079 68
90080 72
90081 60
90082 59
90083 67
90084 59
90085 56
90086 51
90087 59
90088 60
90089 63
90090 51
90091 56
90092 65
90093 60
90094 61
90095 55
90096 44
90097 51
90098 60
90099 78
90100 63
90101 65
90102 70
90103 61
90104 66
90105 59
90106 61
90107 54
90108 50
90109 53
90110 62
90111 68
90112 65
90113 68
90114 72
90115 80
90116 67
90117 69
90118 62
90119 59
90120 57
90121 53
90122 44
90123 45
90124 48
90125 49
90126 64
90127 55
90128 58
90129 61
90130 61
90131 71
90132 63
90133 66
90134 61
90135 57
90136 53
90137 45
90138 54
90139 39
90140 50
90141 56
90142 62
90143 57
90144 67
90145 50
90146 57
90147 74
90148 71
90149 66
90150 58
90151 53
90152 50
90153 48
90154 58
90155 61
90156 65
90157 64
90158 62
90159 67
90160 58
90161 64
90162 69
90163 53
90164 60
90165 64
90166 60
90167 69
90168 65
90169 48
90170 61
90171 67
90172 60
90173 64
90174 57
90175 61
90176 58
90177 69
90178 67
90179 61
90180 68
90181 58
90182 65
90183 58
90184 63
90185 65
90186 75
90187 55
90188 50
90189 48
90190 62
90191 64
90192 62
90193 55
90194 60
90195 57
90196 54
90197 56
90198 49
90199 50
90200 48
90201 56
90202 63
90203 56
90204 72
90205 64
90206 65
90207 69
90208 73
90209 66
90210 65
90211 67
90212 53
90213 38
90214 57
90215 52
90216 64
90217 58
90218 57
90219 56
90220 54
90221 44
90222 54
90223 56
90224 62
90225 66
90226 66
90227 61
90228 59
90229 56
90230 70
90231 70
90232 67
90233 72
90234 71
90235 54
90236 65
90237 75
90238 69
90239 74
90240 63
90241 67
90242 58
90243 59
90244 59
90245 56
90246 65
90247 55
90248 61
90249 61
90250 62
90251 62
90252 69
90253 62
90254 65
90255 74
90256 65
90257 55
90258 62
90259 55
90260 58
90261 51
90262 45
90263 47
90264 49
90265 57
90266 47
90267 56
90268 42
90269 44
90270 64
90271 66
90272 68
90273 67
90274 65
90275 63
90276 65
90277 61
90278 69
90279 70
90280 62
90281 42
90282 46
90283 48
90284 61
90285 58
90286 45
90287 47
90288 51
90289 60
90290 60
90291 66
90292 65
90293 64
90294 62
90295 57
90296 69
90297 52
90298 58
90299 63
90300 77
90301 65
90302 68
90303 70
90304 69
90305 61
90306 58
90307 61
90308 57
90309 71
90310 66
90311 69
90312 60
90313 54
90314 58
90315 60
90316 68
90317 63
90318 57
90319 60
90320 63
90321 54
90322 38
90323 46
90324 50
90325 52
90326 49
90327 52
90328 57
90329 55
90330 56
90331 61
90332 61
90333 55
90334 57
90335 68
90336 59
90337 55
90338 67
90339 54
90340 43
90341 56
90342 55
90343 63
90344 44
90345 54
90346 55
90347 62
90348 72
90349 75
90350 66
90351 57
90352 56
90353 60
90354 60
90355 69
90356 57
90357 60
90358 57
90359 58
90360 69
90361 62
90362 55
90363 61
90364 55
90365 59
90366 67
90367 60
90368 57
90369 55
90370 61
90371 62
90372 60
90373 61
90374 52
90375 62
90376 68
90377 65
90378 53
90379 56
90380 59
90381 56
90382 61
90383 54
90384 61
90385 59
90386 66
90387 58
90388 58
90389 64
90390 65
90391 66
90392 72
90393 60
90394 54
90395 60
90396 59
90397 60
90398 58
90399 50
90400 66
90401 72
90402 70
90403 71
90404 75
90405 74
90406 57
90407 72
90408 63
90409 56
90410 63
90411 54
90412 61
90413 65
90414 54
90415 60
90416 69
90417 65
90418 66
90419 63
90420 63
90421 65
90422 50
90423 60
90424 56
90425 56
90426 51
90427 48
90428 68
90429 62
90430 56
90431 59
90432 59
90433 63
90434 77
90435 66
90436 61
90437 57
90438 49
90439 62
90440 54
90441 60
90442 62
90443 70
90444 63
90445 58
90446 56
90447 62
90448 60
90449 61
90450 53
90451 48
90452 63
90453 70
90454 64
90455 54
90456 55
90457 60
90458 74
90459 59
90460 50
90461 57
90462 55
90463 66
90464 55
90465 52
90466 36
90467 43
90468 58
90469 70
90470 64
90471 69
90472 58
90473 52
90474 46
90475 63
90476 70
90477 63
90478 61
90479 56
90480 54
90481 41
90482 54
90483 56
90484 60
90485 57
90486 52
90487 64
90488 59
90489 57
90490 62
90491 67
90492 64
90493 58
90494 48
90495 56
90496 66
90497 69
90498 67
90499 69
90500 65
90501 64
90502 47
90503 51
90504 52
90505 53
90506 69
90507 68
90508 67
90509 62
90510 63
90511 49
90512 47
90513 37
90514 32
90515 51
90516 60
90517 63
90518 56
90519 43
90520 47
90521 46
90522 44
90523 48
90524 52
90525 50
90526 52
90527 54
90528 39
90529 31
90530 28
90531 42
90532 43
90533 56
90534 53
90535 43
90536 60
90537 71
90538 71
90539 56
90540 57
90541 58
90542 60
90543 74
90544 63
90545 71
90546 63
90547 46
90548 64
90549 66
90550 53
90551 55
90552 48
90553 59
90554 61
90555 65
90556 63
90557 66
90558 68
90559 65
90560 62
90561 61
90562 59
90563 57
90564 65
90565 66
90566 54
90567 54
90568 56
90569 51
90570 57
90571 60
90572 59
90573 68
90574 59
90575 58
90576 49
90577 54
90578 68
90579 60
90580 55
90581 60
90582 58
90583 61
90584 70
90585 56
90586 51
90587 53
90588 67
90589 61
90590 59
90591 66
90592 57
90593 57
90594 66
90595 61
90596 49
90597 62
90598 64
90599 61
90600 55
90601 65
90602 63
90603 64
90604 63
90605 77
90606 71
90607 59
90608 67
90609 65
90610 62
90611 66
90612 58
90613 64
90614 67
90615 53
90616 61
90617 62
90618 63
90619 63
90620 59
90621 59
90622 65
90623 66
90624 58
90625 64
90626 60
90627 52
90628 58
90629 59
90630 76
90631 69
90632 59
90633 57
90634 64
90635 57
90636 57
90637 61
90638 70
90639 65
90640 63
90641 68
90642 53
90643 48
90644 58
90645 51
90646 59
90647 53
90648 51
90649 56
90650 58
90651 55
90652 67
90653 68
90654 72
90655 60
90656 50
90657 57
90658 58
90659 65
90660 68
90661 71
90662 59
90663 61
90664 64
90665 57
90666 69
90667 63
90668 70
90669 71
90670 76
90671 64
90672 67
90673 65
90674 47
90675 49
90676 64
90677 52
90678 65
90679 70
90680 61
90681 69
90682 63
90683 61
90684 60
90685 64
90686 65
90687 71
90688 57
90689 58
90690 62
90691 70
90692 62
90693 48
90694 52
90695 60
90696 57
90697 71
90698 68
90699 75
90700 67
90701 67
90702 74
90703 75
90704 68
90705 72
90706 63
90707 64
90708 59
90709 46
90710 52
90711 46
90712 54
90713 47
90714 50
90715 60
90716 57
90717 56
90718 60
90719 63
90720 62
90721 68
90722 64
90723 57
90724 62
90725 60
90726 64
90727 57
90728 56
90729 63
90730 64
90731 57
90732 63
90733 62
90734 63
90735 60
90736 53
90737 57
90738 57
90739 73
90740 56
90741 66
90742 61
90743 70
90744 58
90745 60
90746 55
90747 67
90748 63
90749 55
90750 53
90751 63
90752 48
90753 61
90754 56
90755 63
90756 54
90757 57
90758 60
90759 72
90760 71
90761 63
90762 57
90763 54
90764 64
90765 53
90766 55
90767 62
90768 64
90769 63
90770 60
90771 56
90772 56
90773 60
90774 60
90775 61
90776 54
90777 64
90778 56
90779 56
90780 66
90781 65
90782 73
90783 67
90784 53
90785 67
90786 63
90787 66
90788 55
90789 58
90790 51
90791 46
90792 53
90793 58
90794 65
90795 65
90796 61
90797 69
90798 62
90799 62
90800 61
90801 55
90802 61
90803 68
90804 67
90805 69
90806 70
90807 67
90808 64
90809 62
90810 55
90811 51
90812 56
90813 57
90814 54
90815 51
90816 51
90817 69
90818 80
90819 60
90820 59
90821 55
90822 48
90823 51
90824 54
90825 57
90826 61
90827 61
90828 70
90829 55
90830 41
90831 51
90832 48
90833 57
90834 64
90835 62
90836 62
90837 60
90838 66
90839 57
90840 59
90841 48
90842 34
90843 33
90844 31
90845 38
90846 53
90847 57
90848 50
90849 46
90850 57
90851 66
90852 72
90853 62
90854 50
90855 62
90856 64
90857 60
90858 56
90859 51
90860 57
90861 52
90862 44
90863 43
90864 57
90865 57
90866 53
90867 59
90868 59
90869 56
90870 61
90871 58
90872 63
90873 58
90874 52
90875 62
90876 62
90877 71
90878 59
90879 58
90880 51
90881 56
90882 72
90883 72
90884 58
90885 47
90886 67
90887 62
90888 64
90889 65
90890 45
90891 61
90892 63
90893 62
90894 56
90895 56
90896 62
90897 66
90898 66
90899 65
90900 62
90901 62
90902 68
90903 62
90904 48
90905 48
90906 49
90907 53
90908 59
90909 58
90910 58
90911 53
90912 70
90913 62
90914 61
90915 58
90916 56
90917 64
90918 64
90919 72
90920 62
90921 54
90922 66
90923 63
90924 46
90925 63
90926 55
90927 54
90928 59
90929 52
90930 66
90931 65
90932 64
90933 58
90934 57
90935 63
90936 67
90937 58
90938 66
90939 66
90940 61
90941 62
90942 63
90943 62
90944 53
90945 48
90946 44
90947 58
90948 61
90949 50
90950 58
90951 72
90952 80
90953 75
90954 65
90955 70
90956 66
90957 72
90958 61
90959 59
90960 54
90961 53
90962 50
90963 52
90964 54
90965 55
90966 63
90967 60
90968 54
90969 60
90970 58
90971 54
90972 60
90973 56
90974 40
90975 58
90976 63
90977 64
90978 74
90979 58
90980 55
90981 55
90982 52
90983 57
90984 64
90985 68
90986 62
90987 64
90988 64
90989 60
90990 53
90991 52
90992 51
90993 47
90994 45
90995 53
90996 56
90997 60
90998 63
90999 72
91000 66
91001 67
91002 71
91003 61
91004 62
91005 72
91006 69
91007 64
91008 71
91009 63
91010 49
91011 61
91012 52
91013 60
91014 64
91015 67
91016 56
91017 57
91018 74
91019 65
91020 63
91021 55
91022 51
91023 62
91024 67
91025 51
91026 61
91027 65
91028 61
91029 68
91030 72
91031 72
91032 64
91033 61
91034 48
91035 53
91036 54
91037 57
91038 39
91039 53
91040 55
91041 64
91042 52
91043 55
91044 58
91045 68
91046 58
91047 63
91048 56
91049 61
91050 51
91051 55
91052 63
91053 65
91054 58
91055 57
91056 66
91057 62
91058 62
91059 65
91060 63
91061 62
91062 59
91063 62
91064 63
91065 63
91066 66
91067 63
91068 53
91069 61
91070 64
91071 62
91072 65
91073 54
91074 50
91075 64
91076 53
91077 46
91078 44
91079 37
91080 44
91081 51
91082 58
91083 65
91084 71
91085 64
91086 60
91087 57
91088 56
91089 47
91090 52
91091 52
91092 44
91093 59
91094 61
91095 68
91096 56
91097 48
91098 47
91099 58
91100 60
91101 65
91102 69
91103 59
91104 61
91105 69
91106 67
91107 73
91108 61
91109 60
91110 49
91111 53
91112 56
91113 46
91114 61
91115 47
91116 42
91117 59
91118 60
91119 62
91120 55
91121 56
91122 65
91123 55
91124 54
91125 61
91126 58
91127 48
91128 68
91129 71
91130 61
91131 52
91132 58
91133 56
91134 65
91135 55
91136 56
91137 58
91138 52
91139 59
91140 61
91141 60
91142 56
91143 70
91144 65
91145 77
91146 69
91147 58
91148 56
91149 70
91150 58
91151 66
91152 52
91153 62
91154 65
91155 73
91156 67
91157 68
91158 73
91159 73
91160 69
91161 59
91162 66
91163 63
91164 47
91165 61
91166 58
91167 54
91168 62
91169 59
91170 52
91171 58
91172 58
91173 48
91174 59
91175 60
91176 62
91177 63
91178 53
91179 50
91180 61
91181 70
91182 57
91183 53
91184 55
91185 60
91186 47
91187 59
91188 65
91189 58
91190 59
91191 55
91192 57
91193 59
91194 71
91195 67
91196 53
91197 50
91198 62
91199 66
91200 67
91201 63
91202 57
91203 62
91204 65
91205 65
91206 53
91207 57
91208 63
91209 64
91210 64
91211 59
91212 61
91213 68
91214 70
91215 77
91216 67
91217 67
91218 62
91219 58
91220 65
91221 64
91222 67
91223 70
91224 67
91225 69
91226 64
91227 65
91228 52
91229 53
91230 68
91231 64
91232 60
91233 52
91234 50
91235 63
91236 69
91237 59
91238 64
91239 58
91240 60
91241 64
91242 70
91243 63
91244 61
91245 74
91246 60
91247 65
91248 61
91249 60
91250 62
91251 55
91252 50
91253 50
91254 65
91255 74
91256 64
91257 62
91258 56
91259 63
91260 64
91261 50
91262 53
91263 57
91264 55
91265 52
91266 44
91267 43
91268 34
91269 35
91270 42
91271 55
91272 48
91273 46
91274 50
91275 53
91276 54
91277 65
91278 64
91279 69
91280 68
91281 61
91282 66
91283 59
91284 65
91285 72
91286 74
91287 78
91288 65
91289 66
91290 61
91291 67
91292 71
91293 72
91294 58
91295 66
91296 60
91297 52
91298 65
91299 57
91300 67
91301 48
91302 64
91303 62
91304 65
91305 67
91306 64
91307 53
91308 58
91309 45
91310 46
91311 57
91312 56
91313 60
91314 59
91315 56
91316 53
91317 56
91318 55
91319 58
91320 73
91321 72
91322 59
91323 53
91324 63
91325 55
91326 65
91327 62
91328 59
91329 68
91330 58
91331 57
91332 64
91333 68
91334 62
91335 64
91336 81
91337 66
91338 72
91339 66
91340 63
91341 61
91342 55
91343 61
91344 61
91345 50
91346 48
91347 55
91348 61
91349 60
91350 67
91351 64
91352 56
91353 66
91354 72
91355 64
91356 69
91357 73
91358 63
91359 66
91360 49
91361 52
91362 55
91363 60
91364 50
91365 42
91366 52
91367 48
91368 54
91369 51
91370 57
91371 51
91372 58
91373 55
91374 57
91375 54
91376 58
91377 62
91378 64
91379 59
91380 53
91381 55
91382 56
91383 50
91384 51
91385 55
91386 50
91387 66
91388 51
91389 53
91390 66
91391 62
91392 52
91393 46
91394 51
91395 54
91396 56
91397 57
91398 61
91399 56
91400 59
91401 44
91402 51
91403 62
91404 65
91405 57
91406 61
91407 52
91408 37
91409 41
91410 45
91411 52
91412 52
91413 37
91414 35
91415 37
91416 38
91417 50
91418 55
91419 60
91420 57
91421 58
91422 65
91423 61
91424 62
91425 67
91426 56
91427 61
91428 62
91429 74
91430 67
91431 68
91432 62
91433 54
91434 52
91435 54
91436 54
91437 63
91438 53
91439 73
91440 59
91441 65
91442 59
91443 56
91444 58
91445 50
91446 49
91447 65
91448 60
91449 46
91450 45
91451 33
91452 50
91453 55
91454 60
91455 58
91456 68
91457 59
91458 60
91459 62
91460 58
91461 59
91462 64
91463 68
91464 58
91465 50
91466 51
91467 50
91468 66
91469 62
91470 52
91471 59
91472 61
91473 49
91474 69
91475 51
91476 49
91477 52
91478 56
91479 67
91480 62
91481 74
91482 62
91483 82
91484 70
91485 52
91486 60
91487 63
91488 64
91489 65
91490 62
91491 55
91492 60
91493 55
91494 57
91495 55
91496 64
91497 76
91498 74
91499 61
91500 60
91501 48
91502 62
91503 68
91504 65
91505 68
91506 67
91507 62
91508 71
91509 72
91510 64
91511 55
91512 55
91513 56
91514 63
91515 49
91516 59
91517 64
91518 77
91519 63
91520 65
91521 66
91522 59
91523 63
91524 65
91525 52
91526 61
91527 57
91528 64
91529 55
91530 65
91531 57
91532 55
91533 59
91534 66
91535 68
91536 65
91537 67
91538 56
91539 56
91540 47
91541 48
91542 58
91543 60
91544 61
91545 58
91546 59
91547 52
91548 47
91549 59
91550 52
91551 51
91552 64
91553 63
91554 70
91555 66
91556 60
91557 62
91558 58
91559 50
91560 69
91561 66
91562 68
91563 64
91564 63
91565 69
91566 70
91567 63
91568 59
91569 58
91570 62
91571 54
91572 47
91573 50
91574 58
91575 69
91576 63
91577 65
91578 67
91579 64
91580 70
91581 54
91582 64
91583 49
91584 53
91585 55
91586 66
91587 69
91588 67
91589 66
91590 58
91591 62
91592 69
91593 66
91594 77
91595 70
91596 58
91597 59
91598 61
91599 56
91600 49
91601 57
91602 59
91603 62
91604 64
91605 68
91606 62
91607 47
91608 53
91609 51
91610 59
91611 58
91612 57
91613 57
91614 59
91615 63
91616 67
91617 64
91618 70
91619 62
91620 62
91621 66
91622 68
91623 73
91624 59
91625 59
91626 63
91627 61
91628 66
91629 65
91630 47
91631 48
91632 57
91633 62
91634 64
91635 52
91636 60
91637 45
91638 52
91639 59
91640 63
91641 76
91642 79
91643 59
91644 58
91645 49
91646 57
91647 56
91648 58
91649 61
91650 63
91651 52
91652 58
91653 60
91654 51
91655 48
91656 53
91657 61
91658 54
91659 53
91660 61
91661 59
91662 62
91663 63
91664 61
91665 65
91666 66
91667 72
91668 71
91669 58
91670 59
91671 62
91672 59
91673 55
91674 50
91675 58
91676 55
91677 53
91678 54
91679 41
91680 49
91681 54
91682 58
91683 55
91684 61
91685 62
91686 56
91687 69
91688 55
91689 54
91690 47
91691 52
91692 59
91693 68
91694 64
91695 68
91696 55
91697 67
91698 51
91699 53
91700 57
91701 61
91702 61
91703 67
91704 63
91705 60
91706 40
91707 54
91708 58
91709 56
91710 55
91711 58
91712 70
91713 65
91714 60
91715 74
91716 65
91717 52
91718 56
91719 45
91720 47
91721 54
91722 61
91723 63
91724 65
91725 69
91726 58
91727 64
91728 61
91729 56
91730 63
91731 59
91732 59
91733 46
91734 58
91735 53
91736 47
91737 41
91738 60
91739 61
91740 66
91741 70
91742 60
91743 62
91744 57
91745 43
91746 59
91747 60
91748 60
91749 47
91750 47
91751 57
91752 60
91753 62
91754 71
91755 63
91756 44
91757 46
91758 50
91759 54
91760 56
91761 63
91762 61
91763 63
91764 45
91765 41
91766 59
91767 62
91768 54
91769 53
91770 50
91771 37
91772 39
91773 44
91774 49
91775 65
91776 59
91777 61
91778 59
91779 64
91780 60
91781 54
91782 51
91783 60
91784 54
91785 61
91786 70
91787 65
91788 67
91789 68
91790 62
91791 54
91792 56
91793 52
91794 50
91795 61
91796 59
91797 41
91798 42
91799 44
91800 56
91801 52
91802 54
91803 57
91804 56
91805 48
91806 53
91807 59
91808 57
91809 55
91810 60
91811 70
91812 62
91813 58
91814 51
91815 54
91816 64
91817 58
91818 50
91819 48
91820 53
91821 60
91822 57
91823 52
91824 53
91825 63
91826 56
91827 50
91828 55
91829 59
91830 63
91831 64
91832 57
91833 56
91834 58
91835 61
91836 61
91837 55
91838 62
91839 64
91840 64
91841 61
91842 68
91843 53
91844 67
91845 81
91846 72
91847 54
91848 55
91849 59
91850 63
91851 56
91852 57
91853 56
91854 49
91855 57
91856 64
91857 58
91858 52
91859 47
91860 56
91861 53
91862 55
91863 53
91864 56
91865 52
91866 53
91867 50
91868 59
91869 62
91870 58
91871 59
91872 53
91873 68
91874 62
91875 55
91876 64
91877 57
91878 58
91879 52
91880 55
91881 69
91882 54
91883 60
91884 71
91885 58
91886 73
91887 59
91888 57
91889 61
91890 51
91891 57
91892 53
91893 49
91894 56
91895 61
91896 66
91897 64
91898 64
91899 61
91900 64
91901 67
91902 70
91903 60
91904 62
91905 42
91906 56
91907 59
91908 58
91909 54
91910 70
91911 68
91912 67
91913 69
91914 66
91915 59
91916 51
91917 56
91918 56
91919 49
91920 58
91921 52
91922 58
91923 51
91924 59
91925 67
91926 67
91927 69
91928 69
91929 65
91930 62
91931 53
91932 45
91933 48
91934 49
91935 61
91936 58
91937 69
91938 56
91939 65
91940 61
91941 69
91942 79
91943 63
91944 65
91945 73
91946 72
91947 65
91948 61
91949 45
91950 55
91951 57
91952 64
91953 58
91954 52
91955 50
91956 58
91957 55
91958 58
91959 56
91960 59
91961 60
91962 68
91963 58
91964 54
91965 58
91966 64
91967 68
91968 66
91969 58
91970 65
91971 59
91972 69
91973 57
91974 55
91975 60
91976 69
91977 52
91978 41
91979 54
91980 55
91981 56
91982 64
91983 68
91984 61
91985 78
91986 64
91987 55
91988 53
91989 45
91990 53
91991 68
91992 59
91993 62
91994 62
91995 65
91996 62
91997 56
91998 54
91999 60
92000 63
92001 58
92002 49
92003 57
92004 58
92005 60
92006 58
92007 60
92008 66
92009 57
92010 50
92011 53
92012 65
92013 66
92014 57
92015 60
92016 63
92017 75
92018 57
92019 56
92020 41
92021 55
92022 57
92023 76
92024 91
92025 83
92026 65
92027 48
92028 52
92029 56
92030 66
92031 62
92032 63
92033 62
92034 67
92035 66
92036 51
92037 49
92038 55
92039 68
92040 63
92041 61
92042 52
92043 61
92044 58
92045 63
92046 71
92047 68
92048 71
92049 63
92050 63
92051 54
92052 47
92053 52
92054 66
92055 68
92056 67
92057 69
92058 66
92059 65
92060 54
92061 59
92062 60
92063 56
92064 57
92065 60
92066 65
92067 65
92068 61
92069 61
92070 60
92071 62
92072 64
92073 65
92074 55
92075 52
92076 58
92077 70
92078 74
92079 76
92080 70
92081 62
92082 48
92083 41
92084 59
92085 53
92086 68
92087 66
92088 55
92089 53
92090 50
92091 58
92092 65
92093 69
92094 60
92095 59
92096 62
92097 54
92098 58
92099 64
92100 69
92101 54
92102 52
92103 52
92104 53
92105 63
92106 53
92107 57
92108 63
92109 71
92110 85
92111 70
92112 64
92113 65
92114 64
92115 67
92116 66
92117 67
92118 60
92119 46
92120 58
92121 51
92122 38
92123 40
92124 44
92125 54
92126 61
92127 57
92128 64
92129 62
92130 58
92131 55
92132 69
92133 63
92134 49
92135 48
92136 61
92137 53
92138 57
92139 58
92140 63
92141 58
92142 62
92143 50
92144 51
92145 53
92146 59
92147 58
92148 56
92149 71
92150 65
92151 63
92152 56
92153 57
92154 49
92155 65
92156 63
92157 64
92158 50
92159 39
92160 47
92161 60
92162 63
92163 62
92164 58
92165 65
92166 61
92167 61
92168 70
92169 59
92170 72
92171 65
92172 60
92173 72
92174 58
92175 59
92176 68
92177 64
92178 53
92179 57
92180 61
92181 68
92182 54
92183 50
92184 45
92185 50
92186 48
92187 62
92188 69
92189 66
92190 58
92191 50
92192 61
92193 64
92194 65
92195 62
92196 59
92197 57
92198 54
92199 54
92200 63
92201 62
92202 59
92203 68
92204 63
92205 59
92206 57
92207 58
92208 66
92209 72
92210 73
92211 58
92212 59
92213 59
92214 65
92215 65
92216 52
92217 56
92218 52
92219 66
92220 58
92221 59
92222 39
92223 52
92224 54
92225 55
92226 64
92227 65
92228 63
92229 59
92230 71
92231 57
92232 55
92233 66
92234 54
92235 66
92236 68
92237 64
92238 55
92239 64
92240 61
92241 56
92242 60
92243 62
92244 62
92245 63
92246 58
92247 65
92248 66
92249 68
92250 65
92251 65
92252 50
92253 46
92254 53
92255 69
92256 62
92257 68
92258 60
92259 63
92260 62
92261 57
92262 58
92263 55
92264 53
92265 56
92266 50
92267 54
92268 64
92269 59
92270 56
92271 57
92272 53
92273 46
92274 44
92275 49
92276 47
92277 54
92278 52
92279 68
92280 68
92281 58
92282 50
92283 66
92284 63
92285 61
92286 62
92287 53
92288 54
92289 60
92290 56
92291 59
92292 56
92293 66
92294 69
92295 68
92296 64
92297 57
92298 67
92299 57
92300 59
92301 63
92302 63
92303 58
92304 56
92305 62
92306 68
92307 68
92308 62
92309 61
92310 66
92311 57
92312 53
92313 54
92314 55
92315 62
92316 64
92317 51
92318 50
92319 56
92320 61
92321 71
92322 64
92323 76
92324 71
92325 69
92326 71
92327 73
92328 65
92329 61
92330 44
92331 54
92332 56
92333 59
92334 57
92335 66
92336 51
92337 57
92338 65
92339 54
92340 61
92341 58
92342 57
92343 59
92344 71
92345 59
92346 55
92347 59
92348 66
92349 73
92350 73
92351 64
92352 78
92353 58
92354 61
92355 66
92356 60
92357 70
92358 73
92359 66
92360 59
92361 68
92362 68
92363 58
92364 60
92365 63
92366 64
92367 59
92368 55
92369 68
92370 62
92371 76
92372 62
92373 63
92374 61
92375 55
92376 60
92377 55
92378 57
92379 57
92380 50
92381 50
92382 57
92383 64
92384 59
92385 65
92386 67
92387 53
92388 50
92389 63
92390 55
92391 46
92392 47
92393 56
92394 55
92395 64
92396 66
92397 67
92398 61
92399 55
92400 64
92401 62
92402 56
92403 50
92404 48
92405 58
92406 61
92407 63
92408 58
92409 57
92410 61
92411 54
92412 55
92413 58
92414 53
92415 48
92416 57
92417 59
92418 61
92419 59
92420 61
92421 63
92422 54
92423 51
92424 63
92425 64
92426 66
92427 71
92428 72
92429 65
92430 61
92431 63
92432 64
92433 57
92434 65
92435 71
92436 63
92437 49
92438 58
92439 50
92440 59
92441 56
92442 63
92443 66
92444 52
92445 38
92446 33
92447 49
92448 45
92449 56
92450 58
92451 65
92452 55
92453 54
92454 64
92455 64
92456 62
92457 57
92458 63
92459 54
92460 57
92461 60
92462 61
92463 52
92464 64
92465 55
92466 54
92467 59
92468 53
92469 49
92470 41
92471 43
92472 51
92473 57
92474 59
92475 57
92476 60
92477 65
92478 66
92479 68
92480 61
92481 67
92482 63
92483 66
92484 65
92485 58
92486 50
92487 43
92488 52
92489 59
92490 66
92491 51
92492 66
92493 55
92494 51
92495 58
92496 58
92497 55
92498 49
92499 63
92500 64
92501 61
92502 59
92503 64
92504 59
92505 66
92506 67
92507 80
92508 69
92509 55
92510 57
92511 73
92512 61
92513 65
92514 62
92515 64
92516 63
92517 65
92518 71
92519 72
92520 70
92521 57
92522 53
92523 47
92524 58
92525 57
92526 63
92527 70
92528 59
92529 59
92530 72
92531 77
92532 70
92533 50
92534 58
92535 56
92536 60
92537 56
92538 68
92539 61
92540 60
92541 59
92542 67
92543 63
92544 63
92545 61
92546 49
92547 53
92548 54
92549 62
92550 63
92551 60
92552 65
92553 60
92554 58
92555 66
92556 54
92557 50
92558 56
92559 60
92560 61
92561 67
92562 59
92563 57
92564 56
92565 62
92566 66
92567 73
92568 58
92569 73
92570 57
92571 54
92572 63
92573 70
92574 61
92575 53
92576 66
92577 61
92578 52
92579 57
92580 55
92581 54
92582 58
92583 57
92584 50
92585 41
92586 61
92587 74
92588 61
92589 56
92590 47
92591 57
92592 53
92593 65
92594 60
92595 66
92596 67
92597 62
92598 56
92599 64
92600 62
92601 65
92602 61
92603 52
92604 65
92605 50
92606 62
92607 61
92608 56
92609 59
92610 62
92611 57
92612 66
92613 58
92614 47
92615 43
92616 60
92617 61
92618 67
92619 68
92620 63
92621 58
92622 70
92623 67
92624 73
92625 66
92626 63
92627 59
92628 50
92629 54
92630 58
92631 75
92632 70
92633 54
92634 70
92635 57
92636 52
92637 50
92638 58
92639 61
92640 54
92641 67
92642 61
92643 47
92644 63
92645 62
92646 57
92647 52
92648 49
92649 54
92650 57
92651 62
92652 63
92653 72
92654 66
92655 70
92656 62
92657 61
92658 66
92659 66
92660 65
92661 63
92662 65
92663 62
92664 63
92665 61
92666 47
92667 55
92668 61
92669 52
92670 58
92671 65
92672 62
92673 69
92674 59
92675 56
92676 54
92677 55
92678 60
92679 71
92680 59
92681 55
92682 61
92683 64
92684 63
92685 46
92686 60
92687 54
92688 52
92689 57
92690 58
92691 47
92692 59
92693 67
92694 52
92695 47
92696 45
92697 63
92698 60
92699 73
92700 65
92701 61
92702 50
92703 42
92704 50
92705 57
92706 69
92707 62
92708 54
92709 56
92710 40
92711 43
92712 59
92713 60
92714 58
92715 65
92716 52
92717 47
92718 59
92719 74
92720 63
92721 66
92722 57
92723 55
92724 56
92725 51
92726 61
92727 58
92728 62
92729 58
92730 42
92731 45
92732 49
92733 57
92734 67
92735 55
92736 61
92737 62
92738 54
92739 66
92740 52
92741 49
92742 62
92743 63
92744 68
92745 73
92746 68
92747 81
92748 67
92749 77
92750 63
92751 50
92752 63
92753 63
92754 71
92755 65
92756 73
92757 56
92758 58
92759 55
92760 60
92761 61
92762 70
92763 70
92764 60
92765 49
92766 53
92767 61
92768 58
92769 70
92770 72
92771 72
92772 59
92773 56
92774 55
92775 52
92776 54
92777 55
92778 55
92779 52
92780 51
92781 42
92782 45
92783 57
92784 64
92785 65
92786 65
92787 68
92788 62
92789 64
92790 55
92791 52
92792 58
92793 62
92794 47
92795 54
92796 53
92797 58
92798 49
92799 62
92800 57
92801 58
92802 58
92803 59
92804 64
92805 69
92806 60
92807 57
92808 56
92809 54
92810 61
92811 58
92812 57
92813 56
92814 58
92815 54
92816 50
92817 59
92818 77
92819 74
92820 74
92821 66
92822 57
92823 72
92824 78
92825 58
92826 52
92827 59
92828 63
92829 59
92830 56
92831 63
92832 62
92833 60
92834 69
92835 74
92836 56
92837 61
92838 66
92839 69
92840 59
92841 47
92842 41
92843 56
92844 68
92845 53
92846 47
92847 56
92848 59
92849 64
92850 68
92851 60
92852 59
92853 65
92854 58
92855 52
92856 56
92857 47
92858 54
92859 62
92860 58
92861 51
92862 48
92863 44
92864 41
92865 56
92866 58
92867 61
92868 45
92869 46
92870 57
92871 63
92872 52
92873 52
92874 54
92875 61
92876 68
92877 67
92878 58
92879 52
92880 35
92881 27
92882 23
92883 36
92884 47
92885 67
92886 58
92887 70
92888 50
92889 62
92890 67
92891 53
92892 57
92893 56
92894 50
92895 53
92896 72
92897 65
92898 52
92899 60
92900 62
92901 67
92902 63
92903 58
92904 66
92905 60
92906 61
92907 70
92908 59
92909 60
92910 64
92911 51
92912 59
92913 63
92914 69
92915 71
92916 58
92917 50
92918 44
92919 46
92920 62
92921 67
92922 66
92923 67
92924 66
92925 66
92926 54
92927 44
92928 63
92929 57
92930 65
92931 63
92932 61
92933 57
92934 62
92935 66
92936 60
92937 64
92938 62
92939 60
92940 47
92941 54
92942 63
92943 70
92944 63
92945 61
92946 70
92947 61
92948 50
92949 58
92950 52
92951 61
92952 55
92953 63
92954 66
92955 72
92956 65
92957 62
92958 54
92959 53
92960 71
92961 81
92962 93
92963 85
92964 78
92965 61
92966 73
92967 69
92968 65
92969 65
92970 64
92971 71
92972 52
92973 63
92974 55
92975 53
92976 52
92977 49
92978 50
92979 65
92980 62
92981 52
92982 54
92983 57
92984 59
92985 63
92986 67
92987 66
92988 53
92989 52
92990 46
92991 43
92992 50
92993 54
92994 58
92995 60
92996 54
92997 46
92998 59
92999 61
93000 65
93001 61
93002 60
93003 60
93004 71
93005 70
93006 81
93007 66
93008 58
93009 59
93010 61
93011 62
93012 64
93013 63
93014 59
93015 62
93016 51
93017 35
93018 43
93019 56
93020 63
93021 67
93022 62
93023 68
93024 60
93025 57
93026 54
93027 66
93028 71
93029 69
93030 54
93031 65
93032 63
93033 62
93034 58
93035 64
93036 74
93037 69
93038 80
93039 61
93040 63
93041 51
93042 62
93043 68
93044 53
93045 51
93046 63
93047 68
93048 61
93049 71
93050 63
93051 69
93052 56
93053 64
93054 62
93055 52
93056 68
93057 64
93058 59
93059 64
93060 57
93061 62
93062 65
93063 60
93064 49
93065 60
93066 66
93067 63
93068 62
93069 60
93070 60
93071 61
93072 61
93073 69
93074 65
93075 68
93076 56
93077 56
93078 66
93079 55
93080 59
93081 74
93082 64
93083 62
93084 64
93085 55
93086 73
93087 56
93088 56
93089 61
93090 57
93091 52
93092 60
93093 54
93094 51
93095 52
93096 55
93097 67
93098 65
93099 60
93100 69
93101 74
93102 62
93103 59
93104 63
93105 60
93106 47
93107 57
93108 56
93109 53
93110 55
93111 68
93112 56
93113 63
93114 71
93115 67
93116 59
93117 60
93118 53
93119 66
93120 69
93121 66
93122 86
93123 86
93124 66
93125 67
93126 71
93127 68
93128 76
93129 67
93130 66
93131 63
93132 43
93133 46
93134 54
93135 57
93136 67
93137 61
93138 61
93139 62
93140 66
93141 66
93142 67
93143 62
93144 63
93145 57
93146 51
93147 50
93148 48
93149 57
93150 69
93151 78
93152 61
93153 58
93154 67
93155 57
93156 48
93157 51
93158 60
93159 56
93160 65
93161 60
93162 55
93163 58
93164 51
93165 64
93166 62
93167 54
93168 57
93169 59
93170 65
93171 73
93172 60
93173 59
93174 55
93175 68
93176 68
93177 54
93178 53
93179 59
93180 63
93181 58
93182 60
93183 68
93184 68
93185 82
93186 65
93187 66
93188 53
93189 63
93190 72
93191 67
93192 61
93193 64
93194 60
93195 56
93196 66
93197 62
93198 58
93199 61
93200 47
93201 61
93202 65
93203 64
93204 60
93205 77
93206 63
93207 59
93208 62
93209 58
93210 58
93211 54
93212 49
93213 36
93214 39
93215 49
93216 67
93217 58
93218 63
93219 68
93220 66
93221 63
93222 55
93223 51
93224 58
93225 57
93226 61
93227 65
93228 61
93229 62
93230 58
93231 57
93232 54
93233 55
93234 57
93235 58
93236 47
93237 63
93238 77
93239 66
93240 56
93241 55
93242 51
93243 60
93244 65
93245 67
93246 75
93247 69
93248 67
93249 60
93250 61
93251 60
93252 53
93253 52
93254 53
93255 60
93256 56
93257 67
93258 64
93259 66
93260 56
93261 43
93262 45
93263 62
93264 59
93265 64
93266 66
93267 65
93268 65
93269 58
93270 57
93271 63
93272 59
93273 62
93274 63
93275 44
93276 53
93277 63
93278 64
93279 60
93280 65
93281 63
93282 61
93283 59
93284 63
93285 49
93286 60
93287 68
93288 60
93289 61
93290 54
93291 70
93292 67
93293 65
93294 57
93295 65
93296 75
93297 55
93298 66
93299 67
93300 64
93301 54
93302 62
93303 73
93304 59
93305 74
93306 62
93307 60
93308 67
93309 61
93310 65
93311 64
93312 56
93313 57
93314 60
93315 59
93316 67
93317 58
93318 70
93319 72
93320 58
93321 55
93322 54
93323 55
93324 61
93325 59
93326 56
93327 57
93328 63
93329 72
93330 60
93331 60
93332 62
93333 64
93334 61
93335 60
93336 62
93337 56
93338 62
93339 63
93340 67
93341 60
93342 70
93343 67
93344 62
93345 66
93346 61
93347 58
93348 68
93349 86
93350 69
93351 68
93352 61
93353 61
93354 64
93355 59
93356 72
93357 68
93358 62
93359 61
93360 64
93361 54
93362 69
93363 61
93364 51
93365 53
93366 57
93367 62
93368 65
93369 63
93370 53
93371 64
93372 51
93373 64
93374 68
93375 63
93376 53
93377 51
93378 54
93379 62
93380 59
93381 54
93382 48
93383 41
93384 59
93385 49
93386 47
93387 46
93388 49
93389 66
93390 71
93391 65
93392 65
93393 67
93394 59
93395 56
93396 57
93397 59
93398 71
93399 67
93400 66
93401 72
93402 76
93403 73
93404 61
93405 63
93406 58
93407 59
93408 60
93409 67
93410 64
93411 54
93412 58
93413 54
93414 63
93415 54
93416 66
93417 61
93418 56
93419 53
93420 45
93421 60
93422 55
93423 53
93424 56
93425 49
93426 57
93427 63
93428 58
93429 60
93430 50
93431 36
93432 42
93433 55
93434 54
93435 66
93436 65
93437 67
93438 65
93439 51
93440 50
93441 70
93442 69
93443 59
93444 71
93445 68
93446 65
93447 59
93448 56
93449 76
93450 73
93451 67
93452 54
93453 41
93454 35
93455 46
93456 53
93457 68
93458 73
93459 68
93460 78
93461 74
93462 66
93463 63
93464 63
93465 53
93466 50
93467 63
93468 65
93469 60
93470 59
93471 53
93472 55
93473 62
93474 71
93475 57
93476 55
93477 53
93478 58
93479 60
93480 63
93481 67
93482 57
93483 66
93484 80
93485 77
93486 72
93487 64
93488 65
93489 63
93490 68
93491 60
93492 63
93493 57
93494 61
93495 60
93496 58
93497 62
93498 58
93499 53
93500 49
93501 67
93502 64
93503 57
93504 58
93505 59
93506 54
93507 60
93508 70
93509 60
93510 59
93511 60
93512 64
93513 75
93514 80
93515 85
93516 74
93517 59
93518 56
93519 61
93520 57
93521 66
93522 65
93523 60
93524 53
93525 59
93526 63
93527 61
93528 70
93529 54
93530 51
93531 60
93532 57
93533 69
93534 64
93535 56
93536 59
93537 60
93538 64
93539 58
93540 59
93541 68
93542 61
93543 64
93544 59
93545 60
93546 61
93547 62
93548 67
93549 61
93550 56
93551 43
93552 63
93553 61
93554 69
93555 69
93556 64
93557 71
93558 61
93559 56
93560 59
93561 55
93562 57
93563 62
93564 54
93565 70
93566 62
93567 71
93568 58
93569 64
93570 60
93571 51
93572 45
93573 57
93574 59
93575 59
93576 53
93577 66
93578 54
93579 63
93580 68
93581 64
93582 63
93583 68
93584 55
93585 60
93586 62
93587 76
93588 63
93589 58
93590 59
93591 48
93592 39
93593 47
93594 52
93595 52
93596 51
93597 64
93598 57
93599 60
93600 65
93601 56
93602 69
93603 52
93604 63
93605 72
93606 66
93607 50
93608 59
93609 60
93610 66
93611 56
93612 60
93613 53
93614 55
93615 60
93616 67
93617 68
93618 62
93619 53
93620 57
93621 47
93622 54
93623 59
93624 48
93625 59
93626 64
93627 62
93628 59
93629 57
93630 62
93631 60
93632 62
93633 62
93634 70
93635 66
93636 46
93637 52
93638 63
93639 60
93640 57
93641 65
93642 71
93643 57
93644 60
93645 64
93646 54
93647 55
93648 66
93649 66
93650 72
93651 57
93652 47
93653 46
93654 63
93655 70
93656 75
93657 59
93658 50
93659 60
93660 54
93661 42
93662 45
93663 46
93664 53
93665 48
93666 63
93667 66
93668 70
93669 59
93670 64
93671 58
93672 70
93673 72
93674 61
93675 62
93676 63
93677 71
93678 68
93679 62
93680 59
93681 61
93682 52
93683 58
93684 63
93685 64
93686 57
93687 54
93688 50
93689 57
93690 43
93691 27
93692 30
93693 39
93694 46
93695 48
93696 48
93697 58
93698 63
93699 61
93700 63
93701 64
93702 62
93703 61
93704 50
93705 48
93706 60
93707 58
93708 57
93709 61
93710 65
93711 63
93712 62
93713 57
93714 59
93715 58
93716 68
93717 62
93718 70
93719 64
93720 59
93721 57
93722 45
93723 51
93724 55
93725 61
93726 63
93727 68
93728 66
93729 52
93730 56
93731 68
93732 69
93733 63
93734 61
93735 62
93736 58
93737 59
93738 61
93739 48
93740 54
93741 65
93742 69
93743 66
93744 62
93745 59
93746 54
93747 59
93748 59
93749 69
93750 69
93751 60
93752 58
93753 54
93754 59
93755 58
93756 57
93757 62
93758 71
93759 61
93760 58
93761 53
93762 55
93763 50
93764 49
93765 59
93766 58
93767 69
93768 53
93769 60
93770 64
93771 54
93772 55
93773 49
93774 44
93775 43
93776 56
93777 62
93778 63
93779 65
93780 62
93781 60
93782 54
93783 62
93784 65
93785 64
93786 64
93787 68
93788 56
93789 59
93790 66
93791 46
93792 61
93793 56
93794 67
93795 53
93796 59
93797 56
93798 50
93799 61
93800 52
93801 66
93802 59
93803 53
93804 54
93805 69
93806 83
93807 74
93808 61
93809 55
93810 64
93811 61
93812 59
93813 52
93814 45
93815 46
93816 54
93817 54
93818 62
93819 62
93820 43
93821 52
93822 52
93823 64
93824 57
93825 53
93826 51
93827 48
93828 59
93829 57
93830 58
93831 60
93832 57
93833 59
93834 72
93835 62
93836 63
93837 66
93838 76
93839 61
93840 69
93841 67
93842 67
93843 64
93844 59
93845 60
93846 57
93847 50
93848 52
93849 64
93850 65
93851 52
93852 56
93853 61
93854 66
93855 50
93856 54
93857 68
93858 72
93859 64
93860 59
93861 61
93862 60
93863 63
93864 61
93865 53
93866 59
93867 56
93868 62
93869 64
93870 58
93871 56
93872 58
93873 65
93874 57
93875 63
93876 62
93877 63
93878 67
93879 68
93880 66
93881 71
93882 72
93883 63
93884 48
93885 47
93886 57
93887 60
93888 65
93889 56
93890 65
93891 67
93892 60
93893 51
93894 64
93895 48
93896 51
93897 59
93898 62
93899 70
93900 72
93901 59
93902 56
93903 51
93904 46
93905 49
93906 37
93907 57
93908 58
93909 58
93910 52
93911 52
93912 61
93913 65
93914 67
93915 69
93916 69
93917 56
93918 67
93919 68
93920 61
93921 61
93922 70
93923 63
93924 61
93925 60
93926 56
93927 69
93928 63
93929 61
93930 68
93931 55
93932 61
93933 53
93934 48
93935 61
93936 61
93937 52
93938 49
93939 64
93940 63
93941 65
93942 58
93943 51
93944 54
93945 72
93946 76
93947 67
93948 62
93949 69
93950 51
93951 32
93952 43
93953 60
93954 64
93955 59
93956 60
93957 53
93958 72
93959 66
93960 79
93961 64
93962 65
93963 62
93964 66
93965 60
93966 62
93967 54
93968 53
93969 59
93970 59
93971 59
93972 61
93973 59
93974 60
93975 60
93976 67
93977 62
93978 66
93979 52
93980 55
93981 65
93982 70
93983 58
93984 51
93985 53
93986 64
93987 58
93988 46
93989 48
93990 43
93991 45
93992 57
93993 53
93994 64
93995 65
93996 62
93997 64
93998 56
93999 65
94000 53
94001 63
94002 71
94003 66
94004 77
94005 68
94006 65
94007 60
94008 62
94009 60
94010 48
94011 44
94012 54
94013 55
94014 63
94015 74
94016 58
94017 67
94018 64
94019 67
94020 61
94021 53
94022 53
94023 55
94024 59
94025 52
94026 54
94027 56
94028 58
94029 56
94030 52
94031 56
94032 73
94033 70
94034 63
94035 61
94036 59
94037 60
94038 61
94039 51
94040 47
94041 58
94042 59
94043 59
94044 52
94045 49
94046 52
94047 53
94048 68
94049 72
94050 63
94051 65
94052 58
94053 65
94054 61
94055 58
94056 61
94057 54
94058 51
94059 56
94060 62
94061 68
94062 53
94063 52
94064 62
94065 71
94066 67
94067 59
94068 60
94069 57
94070 49
94071 44
94072 45
94073 45
94074 55
94075 48
94076 54
94077 49
94078 64
94079 63
94080 52
94081 46
94082 40
94083 59
94084 68
94085 65
94086 58
94087 55
94088 54
94089 49
94090 52
94091 54
94092 59
94093 68
94094 67
94095 73
94096 81
94097 62
94098 62
94099 64
94100 50
94101 50
94102 55
94103 54
94104 57
94105 58
94106 52
94107 47
94108 45
94109 60
94110 63
94111 59
94112 48
94113 68
94114 71
94115 62
94116 61
94117 63
94118 66
94119 52
94120 40
94121 46
94122 61
94123 54
94124 61
94125 76
94126 75
94127 78
94128 69
94129 54
94130 66
94131 53
94132 65
94133 69
94134 52
94135 49
94136 44
94137 39
94138 36
94139 17
94140 37
94141 57
94142 54
94143 55
94144 52
94145 55
94146 64
94147 64
94148 58
94149 49
94150 47
94151 55
94152 73
94153 68
94154 50
94155 58
94156 62
94157 70
94158 65
94159 61
94160 70
94161 76
94162 71
94163 56
94164 52
94165 53
94166 66
94167 63
94168 62
94169 62
94170 44
94171 56
94172 55
94173 61
94174 58
94175 54
94176 55
94177 46
94178 64
94179 66
94180 64
94181 72
94182 73
94183 62
94184 69
94185 69
94186 59
94187 55
94188 65
94189 70
94190 64
94191 64
94192 63
94193 62
94194 63
94195 64
94196 67
94197 58
94198 74
94199 66
94200 66
94201 65
94202 58
94203 51
94204 53
94205 57
94206 51
94207 67
94208 69
94209 70
94210 66
94211 60
94212 63
94213 56
94214 52
94215 53
94216 54
94217 57
94218 64
94219 59
94220 64
94221 53
94222 61
94223 65
94224 75
94225 80
94226 82
94227 80
94228 63
94229 60
94230 64
94231 62
94232 59
94233 65
94234 77
94235 80
94236 71
94237 53
94238 48
94239 43
94240 42
94241 54
94242 60
94243 57
94244 62
94245 60
94246 51
94247 47
94248 52
94249 47
94250 56
94251 57
94252 65
94253 73
94254 69
94255 57
94256 50
94257 68
94258 65
94259 73
94260 62
94261 65
94262 55
94263 61
94264 55
94265 62
94266 61
94267 64
94268 67
94269 56
94270 45
94271 60
94272 72
94273 67
94274 71
94275 59
94276 62
94277 67
94278 60
94279 66
94280 58
94281 59
94282 64
94283 58
94284 60
94285 59
94286 71
94287 55
94288 59
94289 53
94290 50
94291 42
94292 55
94293 57
94294 55
94295 46
94296 47
94297 50
94298 48
94299 53
94300 68
94301 58
94302 58
94303 50
94304 57
94305 59
94306 62
94307 55
94308 63
94309 59
94310 70
94311 60
94312 54
94313 50
94314 58
94315 55
94316 66
94317 62
94318 63
94319 59
94320 52
94321 60
94322 60
94323 68
94324 69
94325 78
94326 71
94327 60
94328 68
94329 70
94330 62
94331 57
94332 75
94333 62
94334 66
94335 68
94336 49
94337 44
94338 57
94339 69
94340 57
94341 52
94342 48
94343 41
94344 45
94345 49
94346 57
94347 68
94348 68
94349 64
94350 59
94351 44
94352 31
94353 49
94354 55
94355 65
94356 60
94357 57
94358 67
94359 68
94360 67
94361 56
94362 52
94363 57
94364 50
94365 57
94366 58
94367 54
94368 37
94369 51
94370 55
94371 62
94372 63
94373 69
94374 67
94375 63
94376 50
94377 38
94378 43
94379 50
94380 66
94381 58
94382 54
94383 60
94384 53
94385 48
94386 62
94387 63
94388 62
94389 59
94390 60
94391 69
94392 72
94393 55
94394 46
94395 50
94396 42
94397 54
94398 55
94399 59
94400 61
94401 41
94402 39
94403 35
94404 53
94405 55
94406 51
94407 54
94408 68
94409 66
94410 65
94411 64
94412 62
94413 59
94414 53
94415 52
94416 36
94417 46
94418 64
94419 63
94420 59
94421 55
94422 58
94423 70
94424 62
94425 54
94426 57
94427 69
94428 68
94429 66
94430 70
94431 66
94432 63
94433 68
94434 59
94435 57
94436 61
94437 44
94438 55
94439 58
94440 67
94441 69
94442 55
94443 52
94444 44
94445 61
94446 57
94447 56
94448 62
94449 63
94450 70
94451 58
94452 72
94453 59
94454 66
94455 65
94456 66
94457 58
94458 62
94459 53
94460 63
94461 61
94462 68
94463 66
94464 69
94465 60
94466 55
94467 59
94468 54
94469 43
94470 52
94471 66
94472 67
94473 66
94474 61
94475 54
94476 53
94477 58
94478 65
94479 62
94480 54
94481 58
94482 59
94483 58
94484 65
94485 52
94486 60
94487 65
94488 60
94489 74
94490 65
94491 65
94492 57
94493 58
94494 61
94495 70
94496 67
94497 62
94498 59
94499 55
94500 41
94501 56
94502 71
94503 63
94504 62
94505 66
94506 70
94507 65
94508 65
94509 67
94510 61
94511 67
94512 65
94513 64
94514 59
94515 63
94516 77
94517 74
94518 72
94519 64
94520 57
94521 53
94522 58
94523 59
94524 60
94525 54
94526 51
94527 59
94528 64
94529 72
94530 57
94531 66
94532 69
94533 72
94534 59
94535 58
94536 54
94537 68
94538 65
94539 63
94540 61
94541 56
94542 58
94543 67
94544 60
94545 56
94546 66
94547 61
94548 62
94549 50
94550 65
94551 52
94552 53
94553 49
94554 50
94555 51
94556 63
94557 58
94558 59
94559 66
94560 53
94561 46
94562 62
94563 64
94564 60
94565 61
94566 64
94567 50
94568 68
94569 61
94570 69
94571 65
94572 62
94573 67
94574 61
94575 63
94576 71
94577 56
94578 56
94579 59
94580 48
94581 61
94582 68
94583 70
94584 58
94585 50
94586 56
94587 61
94588 52
94589 46
94590 40
94591 45
94592 54
94593 56
94594 61
94595 65
94596 64
94597 63
94598 67
94599 58
94600 61
94601 59
94602 57
94603 69
94604 73
94605 68
94606 68
94607 65
94608 72
94609 61
94610 63
94611 61
94612 56
94613 58
94614 57
94615 48
94616 58
94617 63
94618 67
94619 68
94620 55
94621 44
94622 45
94623 42
94624 34
94625 48
94626 59
94627 56
94628 55
94629 56
94630 70
94631 57
94632 55
94633 66
94634 61
94635 64
94636 61
94637 64
94638 67
94639 75
94640 58
94641 57
94642 52
94643 61
94644 61
94645 58
94646 53
94647 60
94648 62
94649 67
94650 62
94651 60
94652 67
94653 64
94654 65
94655 65
94656 62
94657 63
94658 60
94659 55
94660 53
94661 50
94662 64
94663 69
94664 74
94665 58
94666 62
94667 71
94668 62
94669 55
94670 53
94671 69
94672 73
94673 70
94674 64
94675 62
94676 50
94677 57
94678 68
94679 66
94680 62
94681 64
94682 65
94683 76
94684 61
94685 65
94686 56
94687 63
94688 64
94689 64
94690 65
94691 69
94692 56
94693 55
94694 61
94695 66
94696 60
94697 66
94698 67
94699 66
94700 59
94701 63
94702 48
94703 47
94704 66
94705 73
94706 62
94707 60
94708 60
94709 64
94710 61
94711 59
94712 46
94713 60
94714 58
94715 52
94716 57
94717 56
94718 74
94719 62
94720 58
94721 57
94722 61
94723 72
94724 61
94725 64
94726 56
94727 59
94728 72
94729 69
94730 72
94731 67
94732 69
94733 67
94734 65
94735 67
94736 63
94737 65
94738 50
94739 47
94740 46
94741 56
94742 62
94743 57
94744 53
94745 57
94746 55
94747 56
94748 66
94749 65
94750 68
94751 64
94752 62
94753 54
94754 55
94755 60
94756 59
94757 65
94758 53
94759 61
94760 65
94761 70
94762 67
94763 69
94764 63
94765 46
94766 51
94767 56
94768 59
94769 68
94770 61
94771 64
94772 62
94773 53
94774 55
94775 53
94776 52
94777 61
94778 58
94779 63
94780 61
94781 61
94782 63
94783 72
94784 64
94785 72
94786 68
94787 69
94788 70
94789 69
94790 54
94791 52
94792 56
94793 66
94794 71
94795 59
94796 55
94797 72
94798 66
94799 61
94800 66
94801 62
94802 53
94803 61
94804 62
94805 67
94806 64
94807 67
94808 64
94809 62
94810 65
94811 62
94812 60
94813 52
94814 35
94815 44
94816 53
94817 47
94818 56
94819 47
94820 39
94821 41
94822 52
94823 53
94824 47
94825 52
94826 57
94827 58
94828 65
94829 67
94830 62
94831 61
94832 65
94833 63
94834 56
94835 62
94836 65
94837 60
94838 51
94839 54
94840 55
94841 57
94842 52
94843 59
94844 64
94845 74
94846 70
94847 62
94848 51
94849 49
94850 51
94851 61
94852 56
94853 61
94854 60
94855 56
94856 50
94857 54
94858 58
94859 56
94860 58
94861 61
94862 55
94863 71
94864 69
94865 67
94866 60
94867 57
94868 54
94869 45
94870 64
94871 61
94872 46
94873 39
94874 43
94875 53
94876 56
94877 55
94878 50
94879 49
94880 68
94881 54
94882 61
94883 49
94884 46
94885 54
94886 48
94887 52
94888 49
94889 50
94890 61
94891 61
94892 64
94893 58
94894 67
94895 66
94896 64
94897 63
94898 53
94899 54
94900 50
94901 46
94902 49
94903 60
94904 66
94905 64
94906 60
94907 58
94908 57
94909 66
94910 58
94911 58
94912 48
94913 46
94914 57
94915 47
94916 64
94917 57
94918 68
94919 73
94920 58
94921 57
94922 55
94923 54
94924 69
94925 57
94926 67
94927 60
94928 56
94929 65
94930 64
94931 52
94932 66
94933 62
94934 60
94935 66
94936 55
94937 57
94938 58
94939 68
94940 64
94941 63
94942 54
94943 51
94944 49
94945 46
94946 56
94947 58
94948 58
94949 46
94950 43
94951 50
94952 55
94953 53
94954 66
94955 66
94956 59
94957 58
94958 63
94959 63
94960 51
94961 50
94962 64
94963 54
94964 51
94965 36
94966 39
94967 48
94968 50
94969 61
94970 68
94971 53
94972 69
94973 64
94974 50
94975 55
94976 59
94977 49
94978 58
94979 66
94980 68
94981 65
94982 53
94983 63
94984 58
94985 60
94986 59
94987 65
94988 68
94989 66
94990 57
94991 49
94992 57
94993 65
94994 62
94995 67
94996 67
94997 54
94998 70
94999 63
95000 59
95001 57
95002 61
95003 72
95004 61
95005 60
95006 65
95007 68
95008 60
95009 67
95010 63
95011 73
95012 58
95013 55
95014 66
95015 59
95016 50
95017 62
95018 61
95019 47
95020 64
95021 60
95022 52
95023 57
95024 59
95025 50
95026 58
95027 48
95028 54
95029 59
95030 54
95031 61
95032 46
95033 53
95034 54
95035 60
95036 65
95037 61
95038 57
95039 54
95040 52
95041 61
95042 69
95043 62
95044 65
95045 62
95046 60
95047 60
95048 52
95049 40
95050 49
95051 57
95052 60
95053 64
95054 68
95055 70
95056 59
95057 61
95058 62
95059 58
95060 57
95061 52
95062 60
95063 56
95064 59
95065 56
95066 57
95067 53
95068 64
95069 63
95070 60
95071 63
95072 62
95073 58
95074 57
95075 69
95076 59
95077 60
95078 66
95079 68
95080 80
95081 60
95082 59
95083 57
95084 56
95085 59
95086 55
95087 53
95088 59
95089 57
95090 47
95091 54
95092 66
95093 68
95094 70
95095 59
95096 64
95097 68
95098 65
95099 70
95100 63
95101 64
95102 75
95103 73
95104 70
95105 73
95106 74
95107 66
95108 78
95109 60
95110 61
95111 49
95112 33
95113 21
95114 19
95115 34
95116 54
95117 54
95118 60
95119 59
95120 77
95121 58
95122 62
95123 56
95124 70
95125 59
95126 63
95127 56
95128 54
95129 53
95130 51
95131 59
95132 59
95133 56
95134 59
95135 62
95136 58
95137 57
95138 52
95139 60
95140 59
95141 59
95142 51
95143 56
95144 52
95145 59
95146 58
95147 65
95148 51
95149 43
95150 56
95151 55
95152 64
95153 68
95154 58
95155 68
95156 65
95157 60
95158 51
95159 64
95160 64
95161 58
95162 62
95163 64
95164 59
95165 64
95166 63
95167 54
95168 62
95169 71
95170 51
95171 56
95172 56
95173 53
95174 50
95175 59
95176 69
95177 60
95178 54
95179 48
95180 52
95181 64
95182 62
95183 58
95184 63
95185 50
95186 55
95187 57
95188 58
95189 52
95190 62
95191 77
95192 69
95193 67
95194 63
95195 74
95196 74
95197 62
95198 66
95199 74
95200 65
95201 65
95202 65
95203 72
95204 63
95205 53
95206 64
95207 47
95208 67
95209 61
95210 58
95211 76
95212 66
95213 62
95214 72
95215 68
95216 61
95217 59
95218 67
95219 53
95220 65
95221 67
95222 59
95223 55
95224 73
95225 64
95226 59
95227 43
95228 50
95229 66
95230 62
95231 68
95232 60
95233 52
95234 56
95235 54
95236 55
95237 61
95238 52
95239 61
95240 66
95241 58
95242 56
95243 47
95244 51
95245 53
95246 55
95247 44
95248 56
95249 65
95250 66
95251 67
95252 58
95253 61
95254 59
95255 52
95256 62
95257 54
95258 53
95259 61
95260 50
95261 51
95262 58
95263 48
95264 36
95265 39
95266 38
95267 43
95268 44
95269 47
95270 57
95271 63
95272 59
95273 65
95274 60
95275 55
95276 69
95277 68
95278 51
95279 53
95280 55
95281 54
95282 55
95283 52
95284 58
95285 75
95286 67
95287 69
95288 56
95289 58
95290 59
95291 58
95292 58
95293 40
95294 46
95295 48
95296 51
95297 57
95298 68
95299 59
95300 68
95301 69
95302 56
95303 65
95304 48
95305 51
95306 62
95307 60
95308 66
95309 47
95310 61
95311 63
95312 60
95313 55
95314 50
95315 37
95316 31
95317 24
95318 39
95319 54
95320 69
95321 65
95322 70
95323 57
95324 45
95325 41
95326 45
95327 59
95328 72
95329 67
95330 55
95331 64
95332 61
95333 54
95334 54
95335 53
95336 64
95337 63
95338 60
95339 51
95340 52
95341 56
95342 59
95343 54
95344 58
95345 62
95346 68
95347 65
95348 63
95349 51
95350 62
95351 60
95352 65
95353 54
95354 56
95355 64
95356 57
95357 54
95358 53
95359 62
95360 63
95361 66
95362 57
95363 58
95364 54
95365 64
95366 65
95367 52
95368 57
95369 54
95370 67
95371 56
95372 62
95373 64
95374 60
95375 64
95376 54
95377 55
95378 59
95379 63
95380 65
95381 63
95382 63
95383 62
95384 51
95385 57
95386 62
95387 69
95388 62
95389 65
95390 52
95391 51
95392 57
95393 64
95394 52
95395 64
95396 64
95397 63
95398 63
95399 65
95400 69
95401 69
95402 53
95403 48
95404 56
95405 57
95406 61
95407 57
95408 59
95409 60
95410 58
95411 64
95412 64
95413 66
95414 59
95415 56
95416 57
95417 63
95418 64
95419 63
95420 58
95421 54
95422 67
95423 61
95424 66
95425 64
95426 61
95427 58
95428 51
95429 68
95430 68
95431 58
95432 67
95433 65
95434 57
95435 58
95436 67
95437 59
95438 53
95439 39
95440 53
95441 58
95442 65
95443 62
95444 62
95445 51
95446 46
95447 56
95448 53
95449 66
95450 67
95451 53
95452 58
95453 59
95454 66
95455 68
95456 65
95457 70
95458 67
95459 66
95460 72
95461 62
95462 72
95463 77
95464 64
95465 58
95466 48
95467 65
95468 53
95469 52
95470 63
95471 67
95472 71
95473 70
95474 63
95475 55
95476 73
95477 70
95478 61
95479 50
95480 63
95481 58
95482 68
95483 69
95484 69
95485 61
95486 72
95487 73
95488 64
95489 66
95490 61
95491 74
95492 60
95493 61
95494 57
95495 46
95496 47
95497 48
95498 51
95499 59
95500 53
95501 56
95502 58
95503 65
95504 70
95505 66
95506 63
95507 52
95508 68
95509 70
95510 62
95511 73
95512 65
95513 74
95514 60
95515 44
95516 57
95517 69
95518 60
95519 61
95520 60
95521 63
95522 56
95523 70
95524 73
95525 61
95526 53
95527 47
95528 59
95529 61
95530 61
95531 57
95532 52
95533 66
95534 78
95535 62
95536 65
95537 64
95538 76
95539 61
95540 63
95541 56
95542 42
95543 28
95544 31
95545 39
95546 56
95547 60
95548 56
95549 54
95550 54
95551 56
95552 61
95553 62
95554 63
95555 67
95556 61
95557 45
95558 38
95559 36
95560 46
95561 49
95562 60
95563 64
95564 59
95565 61
95566 73
95567 73
95568 67
95569 63
95570 74
95571 57
95572 52
95573 55
95574 64
95575 59
95576 63
95577 60
95578 55
95579 49
95580 54
95581 62
95582 54
95583 57
95584 61
95585 55
95586 65
95587 62
95588 52
95589 53
95590 65
95591 61
95592 70
95593 55
95594 50
95595 53
95596 56
95597 61
95598 62
95599 65
95600 71
95601 74
95602 68
95603 63
95604 64
95605 58
95606 54
95607 59
95608 61
95609 67
95610 59
95611 61
95612 61
95613 60
95614 59
95615 58
95616 52
95617 58
95618 65
95619 60
95620 55
95621 52
95622 63
95623 50
95624 55
95625 55
95626 68
95627 54
95628 69
95629 58
95630 57
95631 51
95632 55
95633 57
95634 52
95635 64
95636 72
95637 67
95638 65
95639 49
95640 51
95641 54
95642 69
95643 51
95644 55
95645 57
95646 62
95647 63
95648 61
95649 53
95650 61
95651 45
95652 50
95653 69
95654 59
95655 62
95656 60
95657 40
95658 48
95659 57
95660 64
95661 76
95662 71
95663 63
95664 66
95665 66
95666 58
95667 69
95668 69
95669 71
95670 67
95671 63
95672 51
95673 66
95674 58
95675 56
95676 63
95677 56
95678 66
95679 56
95680 48
95681 63
95682 68
95683 65
95684 58
95685 49
95686 46
95687 57
95688 52
95689 53
95690 59
95691 60
95692 74
95693 69
95694 62
95695 63
95696 59
95697 58
95698 59
95699 62
95700 60
95701 62
95702 63
95703 58
95704 63
95705 66
95706 64
95707 66
95708 63
95709 60
95710 49
95711 53
95712 65
95713 60
95714 62
95715 57
95716 56
95717 49
95718 65
95719 58
95720 58
95721 57
95722 53
95723 58
95724 61
95725 55
95726 54
95727 57
95728 50
95729 54
95730 48
95731 51
95732 61
95733 59
95734 55
95735 64
95736 61
95737 62
95738 56
95739 46
95740 42
95741 44
95742 59
95743 63
95744 65
95745 66
95746 58
95747 57
95748 63
95749 67
95750 49
95751 53
95752 63
95753 57
95754 56
95755 57
95756 59
95757 63
95758 51
95759 45
95760 59
95761 58
95762 67
95763 62
95764 55
95765 61
95766 60
95767 63
95768 59
95769 60
95770 62
95771 65
95772 59
95773 58
95774 57
95775 55
95776 51
95777 59
95778 64
95779 56
95780 53
95781 57
95782 61
95783 63
95784 60
95785 63
95786 60
95787 57
95788 48
95789 50
95790 51
95791 61
95792 60
95793 54
95794 66
95795 70
95796 70
95797 72
95798 59
95799 49
95800 51
95801 68
95802 72
95803 70
95804 54
95805 57
95806 56
95807 66
95808 55
95809 61
95810 60
95811 62
95812 60
95813 64
95814 70
95815 60
95816 64
95817 63
95818 58
95819 52
95820 67
95821 67
95822 70
95823 54
95824 73
95825 61
95826 62
95827 66
95828 63
95829 58
95830 56
95831 57
95832 59
95833 67
95834 69
95835 68
95836 61
95837 55
95838 62
95839 57
95840 66
95841 61
95842 67
95843 62
95844 59
95845 60
95846 63
95847 58
95848 57
95849 64
95850 59
95851 64
95852 61
95853 56
95854 57
95855 50
95856 64
95857 59
95858 62
95859 66
95860 63
95861 66
95862 69
95863 64
95864 63
95865 65
95866 60
95867 71
95868 57
95869 65
95870 46
95871 54
95872 56
95873 61
95874 66
95875 71
95876 71
95877 60
95878 54
95879 53
95880 55
95881 62
95882 64
95883 67
95884 66
95885 66
95886 72
95887 70
95888 55
95889 66
95890 59
95891 56
95892 60
95893 56
95894 58
95895 55
95896 45
95897 61
95898 62
95899 57
95900 53
95901 62
95902 67
95903 51
95904 54
95905 62
95906 62
95907 68
95908 65
95909 70
95910 65
95911 64
95912 60
95913 59
95914 48
95915 66
95916 54
95917 52
95918 50
95919 56
95920 51
95921 58
95922 63
95923 67
95924 63
95925 64
95926 64
95927 56
95928 67
95929 52
95930 51
95931 52
95932 60
95933 54
95934 61
95935 62
95936 66
95937 73
95938 60
95939 52
95940 50
95941 51
95942 44
95943 59
95944 65
95945 65
95946 64
95947 60
95948 59
95949 60
95950 56
95951 54
95952 50
95953 56
95954 62
95955 63
95956 66
95957 66
95958 58
95959 46
95960 40
95961 52
95962 59
95963 71
95964 59
95965 70
95966 76
95967 63
95968 54
95969 61
95970 62
95971 57
95972 52
95973 68
95974 59
95975 61
95976 63
95977 55
95978 62
95979 59
95980 66
95981 60
95982 65
95983 55
95984 48
95985 49
95986 55
95987 56
95988 55
95989 61
95990 62
95991 62
95992 57
95993 58
95994 70
95995 64
95996 61
95997 58
95998 72
95999 67
96000 62
96001 66
96002 63
96003 63
96004 75
96005 63
96006 64
96007 65
96008 58
96009 60
96010 48
96011 55
96012 56
96013 60
96014 50
96015 53
96016 50
96017 48
96018 66
96019 68
96020 68
96021 61
96022 62
96023 58
96024 73
96025 65
96026 56
96027 55
96028 67
96029 55
96030 65
96031 56
96032 50
96033 65
96034 73
96035 62
96036 67
96037 59
96038 54
96039 48
96040 60
96041 57
96042 63
96043 69
96044 69
96045 53
96046 65
96047 60
96048 59
96049 57
96050 69
96051 68
96052 66
96053 58
96054 55
96055 56
96056 63
96057 71
96058 59
96059 63
96060 61
96061 65
96062 68
96063 67
96064 61
96065 59
96066 52
96067 34
96068 44
96069 54
96070 56
96071 61
96072 64
96073 58
96074 60
96075 61
96076 51
96077 66
96078 60
96079 65
96080 63
96081 60
96082 58
96083 66
96084 68
96085 66
96086 59
96087 63
96088 53
96089 60
96090 66
96091 69
96092 52
96093 58
96094 50
96095 55
96096 71
96097 56
96098 64
96099 58
96100 56
96101 53
96102 49
96103 57
96104 61
96105 68
96106 57
96107 61
96108 54
96109 56
96110 42
96111 41
96112 59
96113 54
96114 56
96115 70
96116 58
96117 47
96118 48
96119 50
96120 64
96121 61
96122 53
96123 67
96124 52
96125 44
96126 60
96127 60
96128 59
96129 55
96130 69
96131 68
96132 49
96133 50
96134 51
96135 61
96136 66
96137 73
96138 58
96139 52
96140 60
96141 69
96142 63
96143 50
96144 48
96145 50
96146 60
96147 62
96148 56
96149 60
96150 63
96151 49
96152 48
96153 49
96154 57
96155 58
96156 59
96157 73
96158 56
96159 61
96160 59
96161 62
96162 54
96163 61
96164 64
96165 60
96166 60
96167 63
96168 58
96169 61
96170 76
96171 62
96172 58
96173 56
96174 55
96175 63
96176 67
96177 61
96178 63
96179 60
96180 52
96181 56
96182 60
96183 59
96184 60
96185 66
96186 56
96187 61
96188 64
96189 66
96190 76
96191 74
96192 55
96193 55
96194 64
96195 48
96196 64
96197 76
96198 58
96199 66
96200 73
96201 57
96202 50
96203 65
96204 56
96205 56
96206 57
96207 66
96208 64
96209 56
96210 61
96211 56
96212 48
96213 52
96214 65
96215 60
96216 64
96217 70
96218 59
96219 59
96220 62
96221 64
96222 69
96223 67
96224 56
96225 71
96226 56
96227 66
96228 55
96229 61
96230 64
96231 63
96232 64
96233 66
96234 68
96235 51
96236 68
96237 69
96238 70
96239 65
96240 69
96241 58
96242 61
96243 56
96244 56
96245 60
96246 68
96247 71
96248 71
96249 56
96250 64
96251 62
96252 59
96253 69
96254 52
96255 58
96256 48
96257 45
96258 41
96259 52
96260 56
96261 59
96262 62
96263 59
96264 70
96265 60
96266 55
96267 63
96268 61
96269 76
96270 57
96271 64
96272 66
96273 58
96274 59
96275 59
96276 60
96277 61
96278 53
96279 65
96280 57
96281 55
96282 46
96283 48
96284 55
96285 65
96286 71
96287 66
96288 61
96289 54
96290 50
96291 42
96292 54
96293 63
96294 61
96295 63
96296 74
96297 59
96298 52
96299 51
96300 59
96301 70
96302 63
96303 53
96304 46
96305 50
96306 58
96307 61
96308 70
96309 55
96310 54
96311 57
96312 47
96313 53
96314 60
96315 58
96316 49
96317 59
96318 59
96319 59
96320 62
96321 62
96322 53
96323 54
96324 74
96325 72
96326 67
96327 58
96328 60
96329 64
96330 64
96331 58
96332 47
96333 52
96334 44
96335 47
96336 60
96337 65
96338 57
96339 58
96340 60
96341 65
96342 84
96343 89
96344 71
96345 63
96346 60
96347 56
96348 66
96349 54
96350 64
96351 55
96352 54
96353 66
96354 65
96355 57
96356 65
96357 71
96358 62
96359 56
96360 59
96361 64
96362 55
96363 48
96364 49
96365 56
96366 54
96367 50
96368 64
96369 66
96370 67
96371 61
96372 64
96373 59
96374 71
96375 54
96376 53
96377 57
96378 47
96379 56
96380 65
96381 68
96382 68
96383 65
96384 62
96385 53
96386 69
96387 70
96388 67
96389 72
96390 75
96391 55
96392 60
96393 65
96394 62
96395 57
96396 60
96397 45
96398 62
96399 70
96400 65
96401 65
96402 58
96403 50
96404 55
96405 64
96406 62
96407 62
96408 68
96409 63
96410 58
96411 45
96412 41
96413 42
96414 45
96415 58
96416 45
96417 51
96418 59
96419 62
96420 64
96421 52
96422 62
96423 53
96424 56
96425 65
96426 72
96427 65
96428 62
96429 69
96430 63
96431 62
96432 63
96433 57
96434 68
96435 66
96436 65
96437 69
96438 59
96439 61
96440 64
96441 59
96442 65
96443 54
96444 44
96445 51
96446 53
96447 59
96448 54
96449 69
96450 64
96451 59
96452 54
96453 58
96454 77
96455 66
96456 60
96457 51
96458 69
96459 74
96460 67
96461 66
96462 62
96463 69
96464 64
96465 47
96466 38
96467 48
96468 52
96469 62
96470 61
96471 69
96472 62
96473 55
96474 67
96475 72
96476 57
96477 61
96478 65
96479 71
96480 62
96481 53
96482 52
96483 56
96484 42
96485 52
96486 61
96487 49
96488 53
96489 62
96490 56
96491 47
96492 57
96493 57
96494 50
96495 58
96496 60
96497 48
96498 58
96499 73
96500 69
96501 59
96502 72
96503 62
96504 60
96505 53
96506 48
96507 60
96508 66
96509 56
96510 66
96511 53
96512 55
96513 54
96514 62
96515 53
96516 43
96517 41
96518 45
96519 50
96520 51
96521 60
96522 45
96523 53
96524 57
96525 55
96526 56
96527 63
96528 63
96529 46
96530 37
96531 47
96532 51
96533 61
96534 69
96535 57
96536 46
96537 60
96538 55
96539 54
96540 59
96541 63
96542 62
96543 65
96544 55
96545 71
96546 65
96547 54
96548 64
96549 62
96550 54
96551 54
96552 62
96553 51
96554 67
96555 53
96556 52
96557 53
96558 66
96559 57
96560 59
96561 59
96562 63
96563 56
96564 59
96565 59
96566 51
96567 46
96568 56
96569 53
96570 65
96571 59
96572 56
96573 54
96574 50
96575 58
96576 63
96577 60
96578 47
96579 46
96580 50
96581 35
96582 32
96583 24
96584 40
96585 42
96586 51
96587 62
96588 62
96589 54
96590 58
96591 57
96592 64
96593 52
96594 52
96595 63
96596 67
96597 65
96598 64
96599 74
96600 64
96601 62
96602 53
96603 58
96604 58
96605 71
96606 64
96607 52
96608 62
96609 53
96610 64
96611 63
96612 50
96613 53
96614 60
96615 63
96616 62
96617 55
96618 56
96619 57
96620 70
96621 60
96622 59
96623 68
96624 59
96625 66
96626 61
96627 65
96628 61
96629 64
96630 49
96631 53
96632 60
96633 66
96634 69
96635 78
96636 67
96637 51
96638 50
96639 54
96640 61
96641 70
96642 54
96643 59
96644 74
96645 65
96646 62
96647 66
96648 74
96649 70
96650 59
96651 64
96652 72
96653 70
96654 53
96655 58
96656 59
96657 53
96658 60
96659 60
96660 61
96661 58
96662 61
96663 73
96664 62
96665 60
96666 65
96667 54
96668 63
96669 69
96670 57
96671 59
96672 55
96673 60
96674 64
96675 70
96676 76
96677 56
96678 65
96679 66
96680 51
96681 37
96682 56
96683 65
96684 64
96685 60
96686 51
96687 54
96688 63
96689 59
96690 62
96691 51
96692 48
96693 50
96694 49
96695 52
96696 56
96697 63
96698 61
96699 61
96700 62
96701 60
96702 67
96703 61
96704 52
96705 51
96706 46
96707 65
96708 62
96709 59
96710 60
96711 63
96712 63
96713 55
96714 63
96715 61
96716 64
96717 64
96718 62
96719 73
96720 69
96721 58
96722 54
96723 62
96724 61
96725 50
96726 46
96727 51
96728 54
96729 56
96730 51
96731 56
96732 67
96733 68
96734 67
96735 66
96736 61
96737 50
96738 45
96739 55
96740 50
96741 63
96742 60
96743 53
96744 54
96745 56
96746 58
96747 58
96748 53
96749 58
96750 52
96751 60
96752 58
96753 57
96754 44
96755 50
96756 63
96757 79
96758 67
96759 81
96760 71
96761 62
96762 64
96763 56
96764 61
96765 57
96766 56
96767 53
96768 66
96769 65
96770 55
96771 55
96772 64
96773 63
96774 66
96775 64
96776 53
96777 46
96778 57
96779 57
96780 60
96781 58
96782 54
96783 60
96784 61
96785 69
96786 69
96787 59
96788 43
96789 56
96790 63
96791 64
96792 47
96793 55
96794 64
96795 64
96796 61
96797 58
96798 68
96799 67
96800 62
96801 61
96802 47
96803 63
96804 47
96805 60
96806 57
96807 63
96808 53
96809 49
96810 53
96811 59
96812 50
96813 55
96814 60
96815 62
96816 61
96817 62
96818 49
96819 62
96820 59
96821 58
96822 44
96823 52
96824 58
96825 60
96826 58
96827 52
96828 46
96829 53
96830 54
96831 59
96832 60
96833 61
96834 68
96835 65
96836 57
96837 58
96838 57
96839 61
96840 65
96841 66
96842 52
96843 55
96844 62
96845 57
96846 54
96847 63
96848 71
96849 66
96850 57
96851 52
96852 54
96853 64
96854 51
96855 49
96856 50
96857 64
96858 63
96859 53
96860 60
96861 53
96862 49
96863 51
96864 49
96865 57
96866 67
96867 66
96868 55
96869 64
96870 58
96871 56
96872 53
96873 63
96874 65
96875 56
96876 52
96877 69
96878 55
96879 58
96880 55
96881 63
96882 70
96883 66
96884 51
96885 65
96886 72
96887 60
96888 53
96889 52
96890 58
96891 61
96892 65
96893 67
96894 58
96895 58
96896 57
96897 62
96898 65
96899 65
96900 69
96901 67
96902 55
96903 60
96904 61
96905 60
96906 50
96907 35
96908 48
96909 63
96910 58
96911 66
96912 61
96913 64
96914 61
96915 55
96916 60
96917 60
96918 54
96919 72
96920 55
96921 64
96922 63
96923 69
96924 56
96925 55
96926 67
96927 58
96928 65
96929 64
96930 68
96931 73
96932 79
96933 61
96934 70
96935 67
96936 64
96937 71
96938 74
96939 70
96940 68
96941 75
96942 58
96943 55
96944 54
96945 53
96946 62
96947 53
96948 68
96949 82
96950 62
96951 57
96952 54
96953 63
96954 61
96955 66
96956 65
96957 61
96958 63
96959 70
96960 61
96961 60
96962 58
96963 63
96964 50
96965 65
96966 75
96967 64
96968 75
96969 66
96970 64
96971 55
96972 41
96973 36
96974 54
96975 59
96976 69
96977 61
96978 61
96979 57
96980 64
96981 57
96982 55
96983 54
96984 51
96985 53
96986 70
96987 70
96988 71
96989 66
96990 66
96991 58
96992 62
96993 69
96994 58
96995 57
96996 57
96997 59
96998 54
96999 64
97000 66
97001 65
97002 60
97003 54
97004 62
97005 66
97006 67
97007 57
97008 52
97009 48
97010 58
97011 66
97012 54
97013 60
97014 72
97015 70
97016 62
97017 63
97018 64
97019 63
97020 61
97021 70
97022 71
97023 64
97024 54
97025 59
97026 63
97027 60
97028 63
97029 64
97030 68
97031 56
97032 52
97033 58
97034 61
97035 65
97036 63
97037 66
97038 57
97039 60
97040 58
97041 57
97042 56
97043 58
97044 68
97045 63
97046 45
97047 57
97048 58
97049 66
97050 65
97051 59
97052 64
97053 71
97054 60
97055 55
97056 57
97057 62
97058 61
97059 60
97060 55
97061 72
97062 68
97063 63
97064 62
97065 68
97066 59
97067 56
97068 60
97069 56
97070 64
97071 61
97072 68
97073 58
97074 65
97075 52
97076 50
97077 57
97078 57
97079 65
97080 66
97081 67
97082 60
97083 59
97084 64
97085 60
97086 69
97087 64
97088 60
97089 61
97090 63
97091 62
97092 52
97093 57
97094 61
97095 65
97096 55
97097 54
97098 56
97099 56
97100 36
97101 46
97102 51
97103 54
97104 60
97105 69
97106 83
97107 66
97108 73
97109 64
97110 65
97111 60
97112 63
97113 67
97114 65
97115 59
97116 67
97117 66
97118 62
97119 57
97120 54
97121 62
97122 63
97123 55
97124 63
97125 74
97126 82
97127 85
97128 68
97129 62
97130 62
97131 68
97132 59
97133 54
97134 61
97135 55
97136 56
97137 57
97138 61
97139 60
97140 62
97141 68
97142 63
97143 61
97144 64
97145 61
97146 58
97147 67
97148 60
97149 62
97150 63
97151 52
97152 46
97153 30
97154 23
97155 30
97156 35
97157 43
97158 47
97159 57
97160 59
97161 60
97162 72
97163 58
97164 64
97165 64
97166 75
97167 68
97168 54
97169 57
97170 43
97171 40
97172 45
97173 54
97174 56
97175 67
97176 55
97177 54
97178 67
97179 67
97180 66
97181 73
97182 66
97183 60
97184 64
97185 58
97186 50
97187 54
97188 65
97189 60
97190 56
97191 58
97192 61
97193 67
97194 64
97195 68
97196 57
97197 59
97198 67
97199 54
97200 55
97201 57
97202 48
97203 50
97204 53
97205 65
97206 68
97207 68
97208 64
97209 67
97210 74
97211 62
97212 67
97213 51
97214 56
97215 66
97216 65
97217 62
97218 74
97219 64
97220 69
97221 62
97222 72
97223 60
97224 55
97225 61
97226 56
97227 61
97228 65
97229 75
97230 66
97231 61
97232 70
97233 56
97234 62
97235 58
97236 55
97237 70
97238 69
97239 66
97240 78
97241 68
97242 57
97243 61
97244 50
97245 47
97246 53
97247 61
97248 61
97249 56
97250 58
97251 65
97252 67
97253 63
97254 49
97255 54
97256 63
97257 61
97258 74
97259 66
97260 67
97261 59
97262 54
97263 57
97264 59
97265 55
97266 59
97267 63
97268 67
97269 59
97270 66
97271 62
97272 60
97273 60
97274 65
97275 58
97276 57
97277 50
97278 42
97279 48
97280 68
97281 77
97282 74
97283 63
97284 62
97285 50
97286 70
97287 84
97288 68
97289 63
97290 56
97291 65
97292 62
97293 61
97294 58
97295 63
97296 67
97297 48
97298 49
97299 62
97300 63
97301 67
97302 69
97303 76
97304 64
97305 64
97306 64
97307 51
97308 55
97309 56
97310 56
97311 60
97312 61
97313 74
97314 71
97315 60
97316 73
97317 60
97318 58
97319 57
97320 60
97321 79
97322 68
97323 66
97324 55
97325 64
97326 61
97327 60
97328 71
97329 61
97330 59
97331 67
97332 64
97333 65
97334 59
97335 45
97336 56
97337 54
97338 63
97339 72
97340 66
97341 62
97342 81
97343 68
97344 55
97345 55
97346 51
97347 60
97348 62
97349 66
97350 55
97351 63
97352 60
97353 47
97354 50
97355 65
97356 64
97357 69
97358 60
97359 50
97360 40
97361 49
97362 60
97363 59
97364 55
97365 54
97366 74
97367 72
97368 65
97369 51
97370 62
97371 60
97372 53
97373 60
97374 63
97375 62
97376 70
97377 58
97378 58
97379 55
97380 62
97381 64
97382 58
97383 66
97384 53
97385 44
97386 63
97387 57
97388 66
97389 50
97390 53
97391 61
97392 63
97393 56
97394 60
97395 62
97396 58
97397 59
97398 57
97399 63
97400 61
97401 61
97402 63
97403 60
97404 57
97405 66
97406 51
97407 62
97408 60
97409 68
97410 67
97411 64
97412 61
97413 60
97414 63
97415 55
97416 55
97417 53
97418 71
97419 60
97420 58
97421 57
97422 59
97423 66
97424 57
97425 63
97426 62
97427 60
97428 61
97429 52
97430 57
97431 52
97432 53
97433 49
97434 45
97435 39
97436 38
97437 44
97438 52
97439 58
97440 54
97441 63
97442 62
97443 61
97444 55
97445 54
97446 37
97447 35
97448 30
97449 41
97450 45
97451 52
97452 61
97453 57
97454 60
97455 56
97456 72
97457 69
97458 65
97459 64
97460 66
97461 72
97462 55
97463 65
97464 69
97465 63
97466 54
97467 61
97468 69
97469 63
97470 70
97471 69
97472 66
97473 60
97474 64
97475 59
97476 41
97477 50
97478 60
97479 55
97480 60
97481 60
97482 58
97483 70
97484 62
97485 62
97486 60
97487 71
97488 66
97489 58
97490 66
97491 63
97492 61
97493 61
97494 52
97495 44
97496 36
97497 46
97498 61
97499 68
97500 69
97501 79
97502 60
97503 66
97504 67
97505 73
97506 59
97507 61
97508 62
97509 58
97510 62
97511 63
97512 61
97513 63
97514 67
97515 55
97516 53
97517 55
97518 64
97519 61
97520 56
97521 58
97522 64
97523 48
97524 57
97525 58
97526 44
97527 50
97528 58
97529 67
97530 65
97531 70
97532 62
97533 57
97534 59
97535 65
97536 64
97537 67
97538 57
97539 63
97540 45
97541 46
97542 54
97543 53
97544 62
97545 60
97546 57
97547 51
97548 61
97549 57
97550 59
97551 51
97552 53
97553 56
97554 54
97555 69
97556 63
97557 64
97558 53
97559 59
97560 56
97561 56
97562 54
97563 59
97564 68
97565 58
97566 63
97567 63
97568 62
97569 59
97570 58
97571 52
97572 59
97573 69
97574 60
97575 48
97576 47
97577 64
97578 67
97579 64
97580 65
97581 59
97582 57
97583 48
97584 49
97585 52
97586 42
97587 52
97588 70
97589 69
97590 57
97591 61
97592 54
97593 68
97594 67
97595 60
97596 52
97597 65
97598 69
97599 69
97600 55
97601 62
97602 66
97603 65
97604 65
97605 62
97606 60
97607 63
97608 62
97609 74
97610 61
97611 53
97612 73
97613 67
97614 57
97615 53
97616 68
97617 55
97618 62
97619 70
97620 62
97621 65
97622 75
97623 64
97624 52
97625 49
97626 58
97627 63
97628 68
97629 75
97630 58
97631 60
97632 70
97633 56
97634 62
97635 63
97636 61
97637 61
97638 56
97639 60
97640 72
97641 65
97642 66
97643 56
97644 55
97645 48
97646 56
97647 64
97648 63
97649 61
97650 64
97651 52
97652 46
97653 62
97654 64
97655 62
97656 59
97657 62
97658 75
97659 74
97660 65
97661 58
97662 63
97663 62
97664 55
97665 60
97666 54
97667 68
97668 59
97669 61
97670 58
97671 55
97672 53
97673 56
97674 49
97675 47
97676 53
97677 56
97678 46
97679 43
97680 47
97681 56
97682 54
97683 59
97684 57
97685 57
97686 65
97687 55
97688 57
97689 66
97690 62
97691 65
97692 69
97693 61
97694 54
97695 50
97696 60
97697 69
97698 77
97699 61
97700 61
97701 58
97702 59
97703 61
97704 69
97705 64
97706 63
97707 60
97708 68
97709 56
97710 49
97711 51
97712 59
97713 60
97714 51
97715 45
97716 42
97717 53
97718 62
97719 58
97720 58
97721 60
97722 62
97723 51
97724 49
97725 58
97726 50
97727 49
97728 53
97729 59
97730 60
97731 68
97732 58
97733 54
97734 58
97735 57
97736 60
97737 61
97738 63
97739 66
97740 57
97741 59
97742 61
97743 56
97744 58
97745 59
97746 57
97747 49
97748 58
97749 64
97750 63
97751 62
97752 57
97753 59
97754 56
97755 65
97756 70
97757 81
97758 67
97759 61
97760 59
97761 60
97762 64
97763 56
97764 60
97765 58
97766 58
97767 68
97768 59
97769 69
97770 60
97771 63
97772 61
97773 65
97774 65
97775 76
97776 63
97777 66
97778 74
97779 65
97780 69
97781 66
97782 54
97783 51
97784 59
97785 67
97786 60
97787 58
97788 59
97789 59
97790 68
97791 51
97792 60
97793 66
97794 54
97795 59
97796 67
97797 73
97798 63
97799 67
97800 71
97801 67
97802 54
97803 45
97804 49
97805 60
97806 72
97807 65
97808 72
97809 64
97810 62
97811 66
97812 55
97813 56
97814 55
97815 65
97816 62
97817 57
97818 51
97819 43
97820 40
97821 39
97822 58
97823 55
97824 59
97825 66
97826 52
97827 51
97828 50
97829 61
97830 62
97831 63
97832 57
97833 62
97834 61
97835 69
97836 73
97837 60
97838 54
97839 48
97840 57
97841 52
97842 42
97843 41
97844 55
97845 56
97846 59
97847 54
97848 43
97849 47
97850 52
97851 59
97852 63
97853 68
97854 71
97855 61
97856 62
97857 68
97858 61
97859 56
97860 57
97861 59
97862 58
97863 66
97864 51
97865 49
97866 60
97867 57
97868 60
97869 72
97870 65
97871 66
97872 53
97873 59
97874 62
97875 70
97876 61
97877 64
97878 65
97879 64
97880 60
97881 56
97882 59
97883 52
97884 60
97885 59
97886 56
97887 54
97888 67
97889 79
97890 62
97891 63
97892 69
97893 63
97894 62
97895 64
97896 58
97897 63
97898 72
97899 69
97900 60
97901 55
97902 54
97903 50
97904 63
97905 57
97906 65
97907 70
97908 59
97909 61
97910 54
97911 57
97912 60
97913 57
97914 61
97915 60
97916 58
97917 58
97918 74
97919 65
97920 64
97921 62
97922 64
97923 63
97924 64
97925 63
97926 46
97927 44
97928 53
97929 47
97930 49
97931 56
97932 59
97933 65
97934 66
97935 64
97936 61
97937 47
97938 66
97939 62
97940 60
97941 55
97942 61
97943 60
97944 55
97945 54
97946 56
97947 58
97948 66
97949 63
97950 49
97951 58
97952 60
97953 51
97954 65
97955 58
97956 66
97957 58
97958 59
97959 65
97960 56
97961 68
97962 53
97963 45
97964 54
97965 61
97966 63
97967 60
97968 65
97969 66
97970 52
97971 54
97972 40
97973 54
97974 59
97975 56
97976 53
97977 60
97978 70
97979 72
97980 53
97981 54
97982 61
97983 47
97984 64
97985 71
97986 62
97987 61
97988 66
97989 61
97990 63
97991 65
97992 62
97993 66
97994 59
97995 74
97996 65
97997 54
97998 64
97999 56
98000 51
98001 63
98002 59
98003 53
98004 63
98005 59
98006 70
98007 59
98008 63
98009 55
98010 59
98011 60
98012 52
98013 67
98014 76
98015 61
98016 66
98017 59
98018 61
98019 64
98020 66
98021 65
98022 61
98023 56
98024 54
98025 62
98026 58
98027 48
98028 60
98029 63
98030 59
98031 55
98032 52
98033 43
98034 23
98035 20
98036 17
98037 19
98038 24
98039 28
98040 47
98041 51
98042 61
98043 58
98044 51
98045 55
98046 46
98047 47
98048 55
98049 57
98050 61
98051 62
98052 69
98053 59
98054 55
98055 60
98056 51
98057 57
98058 50
98059 57
98060 68
98061 67
98062 59
98063 67
98064 51
98065 55
98066 58
98067 69
98068 63
98069 70
98070 63
98071 52
98072 57
98073 64
98074 59
98075 59
98076 61
98077 51
98078 58
98079 50
98080 40
98081 49
98082 52
98083 60
98084 65
98085 56
98086 61
98087 60
98088 53
98089 61
98090 66
98091 61
98092 59
98093 61
98094 61
98095 52
98096 55
98097 66
98098 64
98099 67
98100 63
98101 58
98102 59
98103 60
98104 63
98105 62
98106 48
98107 58
98108 55
98109 60
98110 66
98111 55
98112 67
98113 69
98114 72
98115 76
98116 59
98117 60
98118 60
98119 57
98120 73
98121 67
98122 66
98123 75
98124 63
98125 55
98126 59
98127 60
98128 65
98129 55
98130 59
98131 69
98132 63
98133 53
98134 55
98135 61
98136 71
98137 66
98138 63
98139 57
98140 53
98141 44
98142 43
98143 44
98144 56
98145 63
98146 63
98147 59
98148 50
98149 56
98150 57
98151 65
98152 67
98153 80
98154 78
98155 59
98156 66
98157 68
98158 64
98159 62
98160 58
98161 64
98162 65
98163 65
98164 69
98165 61
98166 58
98167 61
98168 57
98169 52
98170 47
98171 48
98172 64
98173 66
98174 62
98175 63
98176 61
98177 66
98178 65
98179 63
98180 61
98181 65
98182 67
98183 59
98184 45
98185 50
98186 67
98187 65
98188 53
98189 46
98190 43
98191 39
98192 52
98193 53
98194 55
98195 61
98196 57
98197 61
98198 61
98199 71
98200 65
98201 48
98202 56
98203 57
98204 67
98205 60
98206 56
98207 58
98208 64
98209 67
98210 62
98211 62
98212 59
98213 59
98214 53
98215 56
98216 54
98217 58
98218 65
98219 58
98220 55
98221 62
98222 71
98223 66
98224 55
98225 60
98226 66
98227 56
98228 58
98229 55
98230 61
98231 49
98232 52
98233 49
98234 67
98235 61
98236 74
98237 69
98238 65
98239 61
98240 59
98241 73
98242 73
98243 54
98244 59
98245 60
98246 59
98247 53
98248 57
98249 66
98250 63
98251 57
98252 60
98253 53
98254 66
98255 63
98256 64
98257 63
98258 61
98259 76
98260 64
98261 60
98262 60
98263 55
98264 52
98265 62
98266 55
98267 68
98268 61
98269 70
98270 64
98271 60
98272 70
98273 69
98274 68
98275 65
98276 63
98277 60
98278 58
98279 54
98280 55
98281 48
98282 54
98283 42
98284 48
98285 56
98286 60
98287 60
98288 58
98289 61
98290 63
98291 61
98292 68
98293 60
98294 67
98295 64
98296 59
98297 49
98298 52
98299 63
98300 49
98301 44
98302 28
98303 41
98304 43
98305 55
98306 68
98307 61
98308 58
98309 62
98310 49
98311 59
98312 70
98313 67
98314 73
98315 67
98316 63
98317 59
98318 65
98319 64
98320 75
98321 76
98322 72
98323 55
98324 58
98325 60
98326 57
98327 53
98328 61
98329 60
98330 63
98331 53
98332 62
98333 69
98334 52
98335 64
98336 63
98337 56
98338 60
98339 62
98340 58
98341 61
98342 59
98343 57
98344 60
98345 57
98346 46
98347 50
98348 39
98349 48
98350 51
98351 53
98352 44
98353 45
98354 54
98355 63
98356 60
98357 68
98358 67
98359 69
98360 54
98361 54
98362 45
98363 49
98364 54
98365 60
98366 69
98367 59
98368 56
98369 62
98370 47
98371 48
98372 64
98373 75
98374 57
98375 61
98376 57
98377 53
98378 56
98379 58
98380 54
98381 66
98382 62
98383 66
98384 47
98385 66
98386 64
98387 62
98388 56
98389 59
98390 55
98391 48
98392 58
98393 61
98394 68
98395 51
98396 55
98397 65
98398 62
98399 60
98400 60
98401 59
98402 61
98403 59
98404 69
98405 66
98406 64
98407 57
98408 65
98409 74
98410 60
98411 64
98412 63
98413 58
98414 63
98415 57
98416 46
98417 32
98418 33
98419 42
98420 62
98421 57
98422 60
98423 62
98424 69
98425 59
98426 52
98427 61
98428 61
98429 49
98430 51
98431 53
98432 61
98433 64
98434 62
98435 61
98436 58
98437 42
98438 40
98439 60
98440 62
98441 65
98442 64
98443 68
98444 64
98445 67
98446 59
98447 59
98448 54
98449 48
98450 53
98451 55
98452 60
98453 49
98454 46
98455 44
98456 42
98457 52
98458 50
98459 48
98460 53
98461 68
98462 67
98463 63
98464 57
98465 65
98466 61
98467 48
98468 63
98469 62
98470 56
98471 42
98472 58
98473 56
98474 62
98475 63
98476 60
98477 65
98478 62
98479 57
98480 62
98481 51
98482 56
98483 52
98484 38
98485 44
98486 52
98487 60
98488 42
98489 54
98490 44
98491 29
98492 26
98493 44
98494 45
98495 48
98496 57
98497 67
98498 54
98499 48
98500 41
98501 51
98502 54
98503 68
98504 70
98505 63
98506 43
98507 40
98508 38
98509 32
98510 27
98511 34
98512 40
98513 45
98514 55
98515 55
98516 60
98517 67
98518 58
98519 61
98520 64
98521 68
98522 62
98523 57
98524 57
98525 53
98526 50
98527 55
98528 61
98529 77
98530 75
98531 61
98532 49
98533 51
98534 62
98535 52
98536 55
98537 60
98538 41
98539 56
98540 68
98541 59
98542 62
98543 64
98544 55
98545 62
98546 61
98547 55
98548 54
98549 52
98550 61
98551 67
98552 64
98553 54
98554 61
98555 65
98556 62
98557 56
98558 54
98559 69
98560 61
98561 58
98562 62
98563 57
98564 57
98565 58
98566 70
98567 55
98568 61
98569 56
98570 64
98571 65
98572 63
98573 62
98574 63
98575 68
98576 63
98577 53
98578 57
98579 64
98580 60
98581 65
98582 72
98583 59
98584 61
98585 65
98586 70
98587 75
98588 67
98589 61
98590 55
98591 56
98592 52
98593 71
98594 58
98595 56
98596 47
98597 57
98598 66
98599 55
98600 61
98601 64
98602 74
98603 57
98604 64
98605 65
98606 62
98607 70
98608 75
98609 67
98610 62
98611 75
98612 57
98613 61
98614 64
98615 63
98616 69
98617 67
98618 65
98619 70
98620 55
98621 63
98622 69
98623 68
98624 51
98625 56
98626 58
98627 58
98628 50
98629 44
98630 52
98631 48
98632 56
98633 51
98634 48
98635 55
98636 53
98637 56
98638 68
98639 57
98640 65
98641 60
98642 56
98643 54
98644 56
98645 51
98646 49
98647 56
98648 67
98649 72
98650 53
98651 54
98652 63
98653 68
98654 71
98655 61
98656 64
98657 55
98658 71
98659 63
98660 54
98661 61
98662 68
98663 69
98664 67
98665 65
98666 58
98667 59
98668 63
98669 63
98670 67
98671 53
98672 55
98673 46
98674 39
98675 34
98676 32
98677 50
98678 66
98679 61
98680 66
98681 61
98682 62
98683 71
98684 71
98685 66
98686 64
98687 58
98688 57
98689 71
98690 78
98691 64
98692 51
98693 61
98694 63
98695 50
98696 47
98697 42
98698 56
98699 60
98700 60
98701 59
98702 63
98703 65
98704 66
98705 61
98706 62
98707 60
98708 58
98709 57
98710 51
98711 67
98712 61
98713 68
98714 60
98715 53
98716 48
98717 47
98718 62
98719 61
98720 53
98721 59
98722 58
98723 56
98724 52
98725 49
98726 55
98727 55
98728 65
98729 59
98730 51
98731 57
98732 72
98733 67
98734 64
98735 63
98736 67
98737 62
98738 68
98739 65
98740 69
98741 63
98742 63
98743 63
98744 55
98745 67
98746 62
98747 58
98748 70
98749 77
98750 62
98751 57
98752 50
98753 62
98754 47
98755 50
98756 69
98757 60
98758 65
98759 54
98760 53
98761 61
98762 65
98763 66
98764 51
98765 65
98766 68
98767 66
98768 56
98769 57
98770 45
98771 49
98772 52
98773 57
98774 61
98775 63
98776 65
98777 60
98778 56
98779 65
98780 60
98781 66
98782 67
98783 67
98784 68
98785 55
98786 58
98787 69
98788 85
98789 79
98790 68
98791 49
98792 52
98793 68
98794 70
98795 73
98796 67
98797 66
98798 64
98799 56
98800 44
98801 39
98802 59
98803 69
98804 63
98805 59
98806 60
98807 68
98808 65
98809 54
98810 57
98811 63
98812 64
98813 65
98814 61
98815 52
98816 39
98817 57
98818 57
98819 60
98820 57
98821 54
98822 57
98823 71
98824 67
98825 62
98826 54
98827 52
98828 60
98829 63
98830 60
98831 53
98832 59
98833 64
98834 61
98835 62
98836 58
98837 61
98838 65
98839 60
98840 57
98841 71
98842 65
98843 63
98844 62
98845 75
98846 60
98847 56
98848 68
98849 57
98850 70
98851 62
98852 60
98853 71
98854 59
98855 53
98856 59
98857 61
98858 58
98859 61
98860 64
98861 61
98862 65
98863 59
98864 59
98865 60
98866 57
98867 37
98868 38
98869 53
98870 59
98871 55
98872 64
98873 61
98874 55
98875 62
98876 67
98877 72
98878 69
98879 59
98880 62
98881 56
98882 54
98883 58
98884 48
98885 47
98886 48
98887 64
98888 68
98889 62
98890 54
98891 68
98892 72
98893 68
98894 67
98895 63
98896 75
98897 62
98898 68
98899 63
98900 71
98901 68
98902 66
98903 65
98904 60
98905 65
98906 60
98907 59
98908 73
98909 60
98910 76
98911 70
98912 59
98913 57
98914 65
98915 66
98916 69
98917 70
98918 68
98919 55
98920 71
98921 67
98922 61
98923 55
98924 62
98925 64
98926 67
98927 60
98928 60
98929 57
98930 70
98931 61
98932 60
98933 55
98934 66
98935 65
98936 65
98937 59
98938 62
98939 57
98940 61
98941 67
98942 69
98943 64
98944 52
98945 47
98946 49
98947 58
98948 57
98949 53
98950 59
98951 66
98952 51
98953 57
98954 58
98955 64
98956 63
98957 48
98958 41
98959 54
98960 65
98961 53
98962 63
98963 68
98964 63
98965 54
98966 58
98967 67
98968 63
98969 57
98970 52
98971 66
98972 63
98973 66
98974 60
98975 50
98976 66
98977 63
98978 56
98979 44
98980 57
98981 42
98982 48
98983 49
98984 64
98985 54
98986 62
98987 58
98988 59
98989 59
98990 72
98991 64
98992 58
98993 60
98994 65
98995 60
98996 53
98997 52
98998 49
98999 60
99000 61
99001 60
99002 54
99003 66
99004 72
99005 70
99006 59
99007 70
99008 66
99009 61
99010 60
99011 65
99012 63
99013 49
99014 67
99015 65
99016 73
99017 59
99018 77
99019 79
99020 63
99021 69
99022 66
99023 62
99024 66
99025 68
99026 62
99027 68
99028 79
99029 70
99030 69
99031 64
99032 53
99033 53
99034 44
99035 47
99036 49
99037 59
99038 57
99039 60
99040 68
99041 78
99042 59
99043 64
99044 66
99045 59
99046 70
99047 69
99048 63
99049 50
99050 45
99051 54
99052 59
99053 61
99054 50
99055 63
99056 68
99057 60
99058 67
99059 54
99060 67
99061 54
99062 52
99063 40
99064 39
99065 43
99066 49
99067 47
99068 66
99069 82
99070 73
99071 60
99072 69
99073 56
99074 62
99075 62
99076 64
99077 64
99078 68
99079 52
99080 55
99081 58
99082 58
99083 49
99084 55
99085 56
99086 57
99087 61
99088 57
99089 52
99090 58
99091 61
99092 75
99093 61
99094 71
99095 66
99096 68
99097 63
99098 72
99099 66
99100 62
99101 59
99102 56
99103 53
99104 58
99105 46
99106 47
99107 56
99108 56
99109 70
99110 68
99111 60
99112 61
99113 59
99114 54
99115 58
99116 63
99117 59
99118 62
99119 69
99120 63
99121 63
99122 65
99123 58
99124 55
99125 60
99126 58
99127 57
99128 53
99129 60
99130 71
99131 52
99132 58
99133 62
99134 62
99135 59
99136 58
99137 65
99138 66
99139 60
99140 69
99141 63
99142 51
99143 55
99144 52
99145 63
99146 66
99147 60
99148 59
99149 61
99150 59
99151 64
99152 60
99153 57
99154 54
99155 52
99156 50
99157 50
99158 61
99159 54
99160 60
99161 60
99162 67
99163 72
99164 56
99165 59
99166 66
99167 66
99168 67
99169 61
99170 70
99171 63
99172 58
99173 43
99174 58
99175 63
99176 57
99177 67
99178 49
99179 40
99180 43
99181 46
99182 54
99183 68
99184 56
99185 55
99186 49
99187 52
99188 61
99189 63
99190 67
99191 52
99192 50
99193 63
99194 70
99195 65
99196 61
99197 59
99198 65
99199 64
99200 58
99201 58
99202 55
99203 57
99204 57
99205 60
99206 60
99207 54
99208 61
99209 51
99210 42
99211 56
99212 75
99213 62
99214 53
99215 56
99216 63
99217 65
99218 56
99219 61
99220 62
99221 54
99222 68
99223 62
99224 64
99225 56
99226 55
99227 58
99228 62
99229 53
99230 67
99231 59
99232 62
99233 55
99234 52
99235 50
99236 39
99237 43
99238 60
99239 61
99240 58
99241 67
99242 61
99243 68
99244 61
99245 63
99246 59
99247 70
99248 67
99249 70
99250 62
99251 58
99252 56
99253 67
99254 70
99255 57
99256 68
99257 73
99258 53
99259 62
99260 43
99261 54
99262 67
99263 53
99264 65
99265 57
99266 64
99267 46
99268 54
99269 55
99270 65
99271 65
99272 62
99273 56
99274 49
99275 68
99276 64
99277 59
99278 68
99279 59
99280 60
99281 66
99282 70
99283 62
99284 59
99285 60
99286 56
99287 69
99288 71
99289 70
99290 68
99291 59
99292 57
99293 47
99294 58
99295 53
99296 62
99297 67
99298 71
99299 73
99300 62
99301 63
99302 53
99303 62
99304 55
99305 70
99306 51
99307 59
99308 61
99309 52
99310 59
99311 78
99312 69
99313 56
99314 52
99315 54
99316 63
99317 62
99318 63
99319 59
99320 70
99321 62
99322 52
99323 55
99324 54
99325 50
99326 55
99327 57
99328 52
99329 57
99330 66
99331 53
99332 52
99333 61
99334 70
99335 60
99336 51
99337 49
99338 51
99339 60
99340 69
99341 64
99342 74
99343 64
99344 63
99345 51
99346 43
99347 42
99348 56
99349 63
99350 64
99351 65
99352 66
99353 79
99354 73
99355 67
99356 66
99357 68
99358 62
99359 64
99360 54
99361 55
99362 58
99363 51
99364 53
99365 72
99366 60
99367 66
99368 63
99369 57
99370 56
99371 56
99372 67
99373 66
99374 58
99375 46
99376 50
99377 62
99378 57
99379 70
99380 68
99381 63
99382 79
99383 76
99384 67
99385 69
99386 60
99387 46
99388 45
99389 50
99390 63
99391 64
99392 73
99393 76
99394 73
99395 76
99396 62
99397 66
99398 65
99399 54
99400 59
99401 63
99402 68
99403 68
99404 60
99405 66
99406 62
99407 44
99408 34
99409 41
99410 44
99411 60
99412 55
99413 49
99414 43
99415 54
99416 68
99417 60
99418 63
99419 56
99420 60
99421 67
99422 56
99423 59
99424 58
99425 52
99426 48
99427 35
99428 29
99429 35
99430 37
99431 39
99432 47
99433 46
99434 49
99435 69
99436 61
99437 60
99438 63
99439 50
99440 57
99441 67
99442 59
99443 63
99444 66
99445 56
99446 47
99447 64
99448 59
99449 58
99450 59
99451 48
99452 50
99453 50
99454 63
99455 61
99456 51
99457 56
99458 64
99459 60
99460 54
99461 56
99462 56
99463 49
99464 55
99465 60
99466 64
99467 59
99468 55
99469 57
99470 63
99471 53
99472 63
99473 60
99474 57
99475 58
99476 72
99477 64
99478 55
99479 60
99480 62
99481 61
99482 60
99483 55
99484 51
99485 47
99486 49
99487 47
99488 61
99489 67
99490 69
99491 63
99492 66
99493 64
99494 52
99495 64
99496 57
99497 65
99498 63
99499 56
99500 40
99501 45
99502 65
99503 67
99504 51
99505 34
99506 42
99507 51
99508 49
99509 38
99510 53
99511 57
99512 65
99513 61
99514 56
99515 61
99516 52
99517 54
99518 53
99519 54
99520 56
99521 70
99522 61
99523 63
99524 71
99525 77
99526 62
99527 63
99528 66
99529 54
99530 53
99531 67
99532 62
99533 62
99534 59
99535 56
99536 64
99537 51
99538 49
99539 57
99540 59
99541 48
99542 56
99543 57
99544 58
99545 60
99546 68
99547 67
99548 66
99549 58
99550 60
99551 70
99552 75
99553 66
99554 65
99555 59
99556 55
99557 71
99558 61
99559 61
99560 60
99561 68
99562 57
99563 56
99564 57
99565 70
99566 64
99567 52
99568 48
99569 48
99570 30
99571 48
99572 60
99573 57
99574 60
99575 62
99576 69
99577 72
99578 64
99579 69
99580 67
99581 55
99582 70
99583 75
99584 65
99585 59
99586 54
99587 67
99588 55
99589 62
99590 64
99591 59
99592 57
99593 66
99594 62
99595 67
99596 63
99597 66
99598 70
99599 55
99600 70
99601 56
99602 60
99603 67
99604 65
99605 52
99606 60
99607 56
99608 69
99609 52
99610 59
99611 57
99612 57
99613 60
99614 61
99615 59
99616 59
99617 54
99618 50
99619 63
99620 48
99621 57
99622 57
99623 55
99624 56
99625 54
99626 60
99627 59
99628 47
99629 57
99630 64
99631 66
99632 64
99633 63
99634 53
99635 56
99636 69
99637 62
99638 57
99639 69
99640 61
99641 57
99642 54
99643 56
99644 57
99645 65
99646 67
99647 59
99648 54
99649 67
99650 63
99651 63
99652 61
99653 63
99654 63
99655 65
99656 62
99657 64
99658 57
99659 68
99660 67
99661 66
99662 51
99663 64
99664 60
99665 78
99666 66
99667 64
99668 53
99669 70
99670 57
99671 73
99672 61
99673 58
99674 59
99675 62
99676 61
99677 52
99678 66
99679 58
99680 54
99681 48
99682 65
99683 63
99684 46
99685 43
99686 47
99687 58
99688 62
99689 64
99690 52
99691 40
99692 33
99693 47
99694 52
99695 56
99696 58
99697 49
99698 60
99699 58
99700 59
99701 67
99702 64
99703 54
99704 61
99705 64
99706 63
99707 74
99708 62
99709 61
99710 41
99711 37
99712 44
99713 53
99714 58
99715 59
99716 63
99717 63
99718 53
99719 60
99720 68
99721 61
99722 70
99723 57
99724 63
99725 67
99726 62
99727 56
99728 61
99729 63
99730 62
99731 67
99732 64
99733 72
99734 66
99735 61
99736 65
99737 65
99738 77
99739 74
99740 70
99741 65
99742 69
99743 52
99744 48
99745 60
99746 55
99747 50
99748 41
99749 46
99750 47
99751 65
99752 73
99753 58
99754 62
99755 61
99756 58
99757 45
99758 49
99759 55
99760 42
99761 61
99762 59
99763 67
99764 57
99765 63
99766 47
99767 45
99768 59
99769 63
99770 56
99771 56
99772 60
99773 65
99774 71
99775 69
99776 58
99777 62
99778 69
99779 60
99780 64
99781 61
99782 65
99783 66
99784 78
99785 77
99786 64
99787 50
99788 53
99789 56
99790 38
99791 39
99792 49
99793 57
99794 46
99795 39
99796 51
99797 52
99798 62
99799 63
99800 51
99801 62
99802 63
99803 65
99804 56
99805 58
99806 66
99807 64
99808 65
99809 63
99810 54
99811 54
99812 62
99813 65
99814 68
99815 67
99816 76
99817 65
99818 66
99819 55
99820 69
99821 61
99822 64
99823 78
99824 73
99825 55
99826 52
99827 51
99828 61
99829 64
99830 68
99831 60
99832 65
99833 70
99834 57
99835 71
99836 63
99837 58
99838 68
99839 61
99840 54
99841 58
99842 67
99843 64
99844 49
99845 54
99846 51
99847 63
99848 63
99849 47
99850 48
99851 49
99852 67
99853 59
99854 61
99855 66
99856 65
99857 74
99858 61
99859 49
99860 44
99861 43
99862 49
99863 56
99864 57
99865 67
99866 76
99867 64
99868 57
99869 63
99870 56
99871 57
99872 64
99873 60
99874 63
99875 60
99876 52
99877 49
99878 55
99879 65
99880 67
99881 54
99882 53
99883 52
99884 58
99885 58
99886 57
99887 61
99888 70
99889 62
99890 64
99891 60
99892 56
99893 61
99894 59
99895 61
99896 65
99897 73
99898 57
99899 54
99900 48
99901 54
99902 66
99903 68
99904 50
99905 51
99906 41
99907 33
99908 34
99909 35
99910 36
99911 47
99912 61
99913 64
99914 71
99915 62
99916 60
99917 52
99918 66
99919 68
99920 73
99921 67
99922 53
99923 56
99924 62
99925 64
99926 65
99927 59
99928 63
99929 62
99930 57
99931 55
99932 58
99933 44
99934 53
99935 64
99936 55
99937 57
99938 60
99939 65
99940 64
99941 60
99942 64
99943 55
99944 64
99945 52
99946 63
99947 63
99948 60
99949 62
99950 58
99951 60
99952 65
99953 62
99954 57
99955 64
99956 65
99957 66
99958 68
99959 66
99960 62
99961 49
99962 58
99963 64
99964 56
99965 57
99966 60
99967 58
99968 61
99969 64
99970 46
99971 57
99972 63
99973 55
99974 61
99975 55
99976 57
99977 56
99978 60
99979 57
99980 64
99981 59
99982 39
99983 53
99984 64
99985 53
99986 60
99987 64
99988 57
99989 66
99990 69
99991 65
99992 62
99993 58
99994 60
99995 55
99996 41
99997 44
99998 50
99999 36

Execution Time: 139.408 ms
